Name of Membranes,Type of Membranes,NAME of TrOCs,SMILEs,Pure water flux (L·m-2·h-1),Pressure (bar),pH,Temperature (oC),Filtration duration (h),TrOC concentration (mg/L),MW (Da),MWCO (Da),Min projection (nm),Max projection (nm),Molecular radius (nm),Pore radius (nm),pKa1 ,Zeta potential (mV),log Kow,Contact angle (°),Molecular charge,Charge product,log D ,TrOC Rejection (%),Reference
NF90,NF,Benzylparaben,Oc1ccc(cc1)C(=O)OCc2ccccc2,56.33802816901409,8.0,7.0,20.0,12.0,0.2,228.246999999999,180,0.411,0.693,0.3332865116555292,0.34,8.2,-27.29,3.56,64.0,-0.05935094310276767,1.619687237274529,3.56,33.0,A highly selective surface coating for enhanced membrane rejection ofendocrine disrupting compounds: Mechanistic insights andimplications
NF90,NF,Propylparaben,CCCOC(=O)c1ccc(O)cc1,56.33802816901409,8.0,7.0,20.0,12.0,0.2,180.202999999999,180,0.392,0.62,0.3147609105910112,0.34,8.5,-27.29,3.04,64.0,-0.0306534300317155,0.8365321055655159,3.04,49.0,A highly selective surface coating for enhanced membrane rejection ofendocrine disrupting compounds: Mechanistic insights andimplications
NF90,NF,Ethylparaben,CCOC(=O)c1ccc(O)cc1,56.33802816901409,8.0,7.0,20.0,12.0,0.2,166.176,180,0.402,0.576,0.2668263877613856,0.34,8.34,-27.29,2.47,64.0,-0.04371084773568398,1.192869034706816,2.47,50.0,A highly selective surface coating for enhanced membrane rejection ofendocrine disrupting compounds: Mechanistic insights andimplications
NF90,NF,Bisphenol A,CC(C)(c1ccc(O)cc1)c2ccc(O)cc2,56.33802816901409,8.0,7.0,20.0,12.0,0.2,228.291,180,0.453,0.562,0.3381552020183159,0.34,9.6,-27.29,3.32,64.0,-0.002505592667285735,0.06837762389022771,3.32,97.0,A highly selective surface coating for enhanced membrane rejection ofendocrine disrupting compounds: Mechanistic insights andimplications
NF270,NF,Benzylparaben,Oc1ccc(cc1)C(=O)OCc2ccccc2,134.0,10.0,7.0,20.0,12.0,0.2,228.246999999999,330,0.411,0.693,0.3332865116555292,0.42,8.2,-42.7,3.56,40.2,-0.05935094310276767,2.53428527048818,3.56,19.5489,A One-Step Rapid Assembly of Thin Film Coating Using Green Coordination Complexes for Enhanced Removal of Trace Organic Contaminants by Membranes 
NF270,NF,Ethylparaben,CCOC(=O)c1ccc(O)cc1,134.0,10.0,7.0,20.0,12.0,0.2,166.176,330,0.402,0.576,0.2668263877613856,0.42,8.34,-42.7,2.47,40.2,-0.04371084773568398,1.866453198313706,2.47,19.8496,A One-Step Rapid Assembly of Thin Film Coating Using Green Coordination Complexes for Enhanced Removal of Trace Organic Contaminants by Membranes 
NF270,NF,Propylparaben,CCCOC(=O)c1ccc(O)cc1,134.0,10.0,7.0,20.0,12.0,0.2,180.202999999999,330,0.392,0.62,0.3147609105910112,0.42,8.5,-42.7,3.04,40.2,-0.0306534300317155,1.308901462354252,3.04,21.203,A One-Step Rapid Assembly of Thin Film Coating Using Green Coordination Complexes for Enhanced Removal of Trace Organic Contaminants by Membranes 
NF270,NF,Methylparaben,COC(=O)c1ccc(O)cc1,134.0,10.0,7.0,20.0,12.0,0.2,152.149,330,0.339,0.5509999999999999,0.2754787664970557,0.42,8.5,-42.7,1.96,40.2,-0.0306534300317155,1.308901462354252,1.96,21.5038,A One-Step Rapid Assembly of Thin Film Coating Using Green Coordination Complexes for Enhanced Removal of Trace Organic Contaminants by Membranes 
NF270,NF,Sulfadiazine,Nc1ccc(cc1)[S](=O)(=O)Nc2ncccn2,134.0,10.0,7.0,20.0,12.0,0.2,250.283,330,0.453,0.612,0.3093115947296739,0.42,6.36,-42.7,-0.09,40.2,-0.8136122105055866,34.74124138858855,-0.09,81.6541,A One-Step Rapid Assembly of Thin Film Coating Using Green Coordination Complexes for Enhanced Removal of Trace Organic Contaminants by Membranes 
NF270,NF,Sulfamethoxazole,Cc1onc(N[S](=O)(=O)c2ccc(N)cc2)c1,134.0,10.0,7.0,20.0,12.0,0.2,253.283,330,0.54,0.588,0.3153427582941809,0.42,1.6,-42.7,0.89,40.2,-1.952265506856825,83.36173714278644,-0.2219804901159829,82.406,A One-Step Rapid Assembly of Thin Film Coating Using Green Coordination Complexes for Enhanced Removal of Trace Organic Contaminants by Membranes 
NF270,NF,Sulfamethazine,Cc1cc(C)nc(N[S](=O)(=O)c2ccc(N)cc2)n1,134.0,10.0,7.0,20.0,12.0,0.2,278.337,330,0.49,0.704,0.3369726188920903,0.42,2.65,-42.7,0.89,40.2,-0.9995563875055626,42.68105774648753,0.89,91.4286,A One-Step Rapid Assembly of Thin Film Coating Using Green Coordination Complexes for Enhanced Removal of Trace Organic Contaminants by Membranes 
NF270,NF,Norfloxacin,CCN1C=C(C(O)=O)C(=O)c2cc(F)c(cc12)N3CCNCC3,134.0,10.0,7.0,20.0,12.0,0.2,319.336,330,0.516,0.744,0.3854363846657497,0.42,6.34,-42.7,-1.03,40.2,0.8359071041684609,-35.69323334799329,-3.137803008127174,95.0376,A One-Step Rapid Assembly of Thin Film Coating Using Green Coordination Complexes for Enhanced Removal of Trace Organic Contaminants by Membranes 
NF270,NF,Ofloxacin,CC1COc2c(N3CCN(C)CC3)c(F)cc4C(=O)C(=CN1c24)C(O)=O,134.0,10.0,7.0,20.0,12.0,0.2,361.373,330,0.5269999999999999,0.82,0.3917959416357574,0.42,5.97,-42.7,-0.39,40.2,0.8891019191364646,-37.96465194712705,-2.024779808486416,95.188,A One-Step Rapid Assembly of Thin Film Coating Using Green Coordination Complexes for Enhanced Removal of Trace Organic Contaminants by Membranes 
SW30XLE,RO,Acetic acid,CC(O)=O,34.1,15.5,3.0,25.0,0.5,2000.0,60.052,96,0.275,0.327,0.1645091332997442,0.4031806108897714,4.76,-15.0,2.14,55.0,-0.01708117154679347,0.2562175732019021,2.096071680565682,78.4,A Path to Ultraselectivity: Support Layer Properties To Maximize Performance of Biomimetic Desalination Membranes 
SW30XLE,RO,Propanoic Acid ,CCC(O)=O,34.1,15.5,3.0,25.0,0.5,2000.0,74.079,96,0.271,0.365,0.1923494989067949,0.4031806108897714,4.88,-15.0,0.33,55.0,-0.01301104836375208,0.1951657254562812,0.3059554321846757,91.03,A Path to Ultraselectivity: Support Layer Properties To Maximize Performance of Biomimetic Desalination Membranes 
SW30XLE,RO,Butyric acid,CCCC(O)=O,34.1,15.5,3.0,25.0,0.5,2000.0,88.1059999999999,96,0.269,0.442,0.2181268562235432,0.4031806108897714,4.82,-15.0,0.79,55.0,-0.01490994138932863,0.2236491208399295,0.7620673564314462,96.5,A Path to Ultraselectivity: Support Layer Properties To Maximize Performance of Biomimetic Desalination Membranes 
SW30XLE,RO,4-Hydroxybenzoic Acid ,OC(=O)c1ccc(O)cc1,34.1,15.5,3.0,25.0,0.5,20.0,138.121999999999,96,0.363,0.505,0.2218143011323027,0.4031806108897714,4.54,-15.0,1.58,55.0,-0.02803186715169652,0.4204780072754478,1.52282481216321,98.3,A Path to Ultraselectivity: Support Layer Properties To Maximize Performance of Biomimetic Desalination Membranes 
SW30XLE,RO,Cinnamic Acid,OC(=O)C=Cc1ccccc1,34.1,15.5,3.0,25.0,0.5,20.0,148.161,96,0.351,0.5589999999999999,0.2623450417673386,0.4031806108897714,4.34,-15.0,2.13,55.0,-0.04371084773568398,0.6556627160352596,2.043119789299707,98.6,A Path to Ultraselectivity: Support Layer Properties To Maximize Performance of Biomimetic Desalination Membranes 
SW30XLE,RO,Thymol,CC(C)c1ccc(C)cc1O,34.1,15.5,3.0,25.0,0.5,20.0,150.220999999999,100,0.37,0.526,0.2981575116824355,0.4031806108897714,10.62,-33.0,3.3,55.0,-2.398832861475502e-08,7.916148442869157e-07,3.3,99.7,A Path to Ultraselectivity: Support Layer Properties To Maximize Performance of Biomimetic Desalination Membranes 
SW30XLE,RO,Methanol,CO,34.1,15.5,7.0,25.0,0.5,2000.0,32.042,100,0.22,0.262,0.1314571764816764,0.4031806108897714,15.3,-15.0,-0.77,55.0,-5.011872311153847e-09,7.51780846673077e-08,-0.77,20.0,A Path to Ultraselectivity: Support Layer Properties To Maximize Performance of Biomimetic Desalination Membranes 
SW30XLE,RO,Ethanol,CCO,34.1,15.5,7.0,25.0,0.5,2000.0,46.069,100,0.239,0.323,0.1660514265336832,0.4031806108897714,15.9,-15.0,-0.31,55.0,-1.258925410209269e-09,1.888388115313904e-08,-0.31,68.7,A Path to Ultraselectivity: Support Layer Properties To Maximize Performance of Biomimetic Desalination Membranes 
SW30XLE,RO,Urea,NC(N)=O,34.1,15.5,7.0,25.0,0.5,2000.0,60.056,100,0.287,0.319,0.1427714850451199,0.4031806108897714,0.1,-15.0,-2.11,55.0,-0.9999998741074746,14.99999811161212,-3.735003100236046,73.8,A Path to Ultraselectivity: Support Layer Properties To Maximize Performance of Biomimetic Desalination Membranes 
SW30XLE,RO,Boric Acid,OB(O)O,34.1,15.5,7.0,25.0,0.5,200.0,61.833,100,0.274,0.32,0.138377216963343,0.4031806108897714,9.24,-15.0,0.175,55.0,-0.005721475717090379,0.0858221357563557,0.175,83.5,A Path to Ultraselectivity: Support Layer Properties To Maximize Performance of Biomimetic Desalination Membranes 
SW30XLE,RO,"1,2-ethanediol",OCCO,34.1,15.5,7.0,25.0,0.5,2000.0,62.068,100,0.26,0.375,0.161491645492611,0.4031806108897714,15.1,-33.0,-1.36,55.0,-7.943282284147075e-09,2.621283153768535e-07,-1.36,85.6,A Path to Ultraselectivity: Support Layer Properties To Maximize Performance of Biomimetic Desalination Membranes 
SW30XLE,RO,1-Butanol ,CCCCO,34.1,15.5,7.0,25.0,0.5,2000.0,74.1229999999999,100,0.282,0.449,0.2174646504944923,0.4031806108897714,16.1,-33.0,0.88,55.0,-7.943282340933199e-10,2.621283172507956e-08,0.88,94.7,A Path to Ultraselectivity: Support Layer Properties To Maximize Performance of Biomimetic Desalination Membranes 
SW30XLE,RO,"1,3-Propandiol",OCCCO,34.1,15.5,7.0,25.0,0.5,2000.0,76.095,100,0.267,0.437,0.1901241173782564,0.4031806108897714,14.8,-33.0,-1.04,55.0,-1.584893167342244e-08,5.230147452229404e-07,-1.04,96.5,A Path to Ultraselectivity: Support Layer Properties To Maximize Performance of Biomimetic Desalination Membranes 
SW30XLE,RO,"1,4-Butanediol",OCCCCO,34.1,15.5,7.0,25.0,0.5,2000.0,90.122,100,0.27,0.503,0.2132670893313563,0.4031806108897714,14.5,-33.0,-0.83,55.0,-3.162277560168373e-08,1.043551594855563e-06,-0.83,98.0,A Path to Ultraselectivity: Support Layer Properties To Maximize Performance of Biomimetic Desalination Membranes 
SW30XLE,RO,"1,4-Dioxane",C1COCCO1,34.1,15.5,7.0,25.0,0.5,200.0,88.106,100,0.293,0.362,0.2083579725259492,0.4031806108897714,14.0,-33.0,-0.27,55.0,0.0,0.0,-0.27,98.4,A Path to Ultraselectivity: Support Layer Properties To Maximize Performance of Biomimetic Desalination Membranes 
SW30XLE,RO,"1,5-Pentanediol",OCCCCCO,34.1,15.5,7.0,25.0,0.5,2000.0,104.149,100,0.289,0.567,0.2358473440785226,0.4031806108897714,14.83,-33.0,-0.1,55.0,-1.479108366290587e-08,4.881057608758935e-07,-0.1,98.7,A Path to Ultraselectivity: Support Layer Properties To Maximize Performance of Biomimetic Desalination Membranes 
SW30XLE,RO,Cinnamic Acid,OC(=O)C=Cc1ccccc1,34.1,15.5,7.0,25.0,0.5,20.0,148.161,100,0.351,0.5589999999999999,0.2623450417673386,0.4031806108897714,4.34,-33.0,2.13,55.0,-0.9978170142285467,32.92796146954204,0.1467268097675862,98.9,A Path to Ultraselectivity: Support Layer Properties To Maximize Performance of Biomimetic Desalination Membranes 
SW30XLE,RO,Glycerol,OCC(O)CO,34.1,15.5,7.0,25.0,0.5,2000.0,92.094,100,0.301,0.438,0.1899123866414896,0.4031806108897714,14.4,-33.0,-1.76,55.0,-3.981071547045644e-08,1.313753610525063e-06,-1.76,99.2,A Path to Ultraselectivity: Support Layer Properties To Maximize Performance of Biomimetic Desalination Membranes 
SW30XLE,RO,4-Hydroxybenzoic Acid ,OC(=O)c1ccc(O)cc1,34.1,15.5,7.0,25.0,0.5,20.0,138.121999999999,100,0.363,0.505,0.2218143011323027,0.4031806108897714,4.54,-33.0,1.58,55.0,-0.9965446125969272,32.88597221569859,-0.4526018636087117,99.2,A Path to Ultraselectivity: Support Layer Properties To Maximize Performance of Biomimetic Desalination Membranes 
SW30XLE,RO,Erythritol,OC[C@@H](O)[C@@H](O)CO,34.1,15.5,7.0,25.0,0.5,2000.0,122.119999999999,100,0.336,0.472,0.2077294751387896,0.4031806108897714,13.903,-33.0,-2.29,55.0,-1.250258873902973e-07,4.125854283879811e-06,-2.29,99.6,A Path to Ultraselectivity: Support Layer Properties To Maximize Performance of Biomimetic Desalination Membranes 
SW30XLE,RO,Thymol,CC(C)c1ccc(C)cc1O,34.1,15.5,7.0,25.0,0.5,20.0,150.220999999999,100,0.37,0.526,0.2981575116824355,0.4031806108897714,10.62,-33.0,3.3,55.0,-0.0002398257617087477,0.007914250136388674,3.3,99.7,A Path to Ultraselectivity: Support Layer Properties To Maximize Performance of Biomimetic Desalination Membranes 
SW30XLE,RO,Xylitol,OC[C@@H](O)[C@H](O)[C@@H](O)CO,34.1,15.5,7.0,25.0,0.5,2000.0,152.146,100,0.337,0.518,0.2463766830114021,0.4031806108897714,11.3,-33.0,-2.56,55.0,-5.011621160218179e-05,0.001653834982871999,-2.56,99.7,A Path to Ultraselectivity: Support Layer Properties To Maximize Performance of Biomimetic Desalination Membranes 
SW30XLE,RO,Glucose,OC[C@@H](O)[C@@H](O)[C@H](O)[C@@H](O)C=O,34.1,15.5,7.0,25.0,0.5,2000.0,180.156,100,0.401,0.481,0.2515616313767203,0.4031806108897714,12.45,-33.0,-3.24,55.0,-3.548121303126307e-06,0.0001170880030031681,-3.24,99.7,A Path to Ultraselectivity: Support Layer Properties To Maximize Performance of Biomimetic Desalination Membranes 
SW30XLE,RO,Mannitol,OC[C@@H](O)[C@@H](O)[C@H](O)[C@H](O)CO,34.1,15.5,7.0,25.0,0.5,2000.0,182.172,100,0.354,0.5389999999999999,0.2556385612803581,0.4031806108897714,13.5,-33.0,-3.1,55.0,-3.162276660168689e-07,1.043551297855668e-05,-3.1,99.7,A Path to Ultraselectivity: Support Layer Properties To Maximize Performance of Biomimetic Desalination Membranes 
XLE,RO,Cinnamic Acid,OC(=O)C=Cc1ccccc1,47.902,8.6,3.0,25.0,0.5,20.0,148.161,96,0.351,0.5589999999999999,0.2623450417673386,0.3,4.34,-15.0,2.13,66.3,-0.04371084773568398,0.6556627160352596,2.043119789299707,94.4,A Path to Ultraselectivity: Support Layer Properties To Maximize Performance of Biomimetic Desalination Membranes 
XLE,RO,4-Hydroxybenzoic Acid ,OC(=O)c1ccc(O)cc1,47.902,8.6,3.0,25.0,0.5,20.0,138.121999999999,96,0.363,0.505,0.2218143011323027,0.3,4.54,-15.0,1.58,66.3,-0.02803186715169652,0.4204780072754478,1.52282481216321,95.4,A Path to Ultraselectivity: Support Layer Properties To Maximize Performance of Biomimetic Desalination Membranes 
XLE,RO,Thymol,CC(C)c1ccc(C)cc1O,47.902,8.6,3.0,25.0,0.5,20.0,150.220999999999,100,0.37,0.526,0.2981575116824355,0.3,10.62,-33.0,3.3,66.3,-2.398832861475502e-08,7.916148442869157e-07,3.3,98.9,A Path to Ultraselectivity: Support Layer Properties To Maximize Performance of Biomimetic Desalination Membranes 
XLE,RO,Methanol,CO,47.902,8.6,7.0,25.0,0.5,2000.0,32.042,96,0.22,0.262,0.1314571764816764,0.3,15.3,-15.0,-0.77,65.0,-5.011872311153847e-09,7.51780846673077e-08,-0.77,21.0,A Path to Ultraselectivity: Support Layer Properties To Maximize Performance of Biomimetic Desalination Membranes 
XLE,RO,Ethanol,CCO,47.902,8.6,7.0,25.0,0.5,2000.0,46.069,96,0.239,0.323,0.1660514265336832,0.3,15.9,-15.0,-0.31,65.0,-1.258925410209269e-09,1.888388115313904e-08,-0.31,50.7,A Path to Ultraselectivity: Support Layer Properties To Maximize Performance of Biomimetic Desalination Membranes 
XLE,RO,Boric Acid,OB(O)O,47.902,8.6,7.0,25.0,0.5,200.0,61.833,96,0.274,0.32,0.138377216963343,0.3,9.24,-15.0,0.175,65.0,-0.005721475717090379,0.0858221357563557,0.175,69.3,A Path to Ultraselectivity: Support Layer Properties To Maximize Performance of Biomimetic Desalination Membranes 
XLE,RO,1-Butanol ,CCCCO,47.902,8.6,7.0,25.0,0.5,2000.0,74.1229999999999,96,0.282,0.449,0.2174646504944923,0.3,16.1,-15.0,0.88,65.0,-7.943282340933199e-10,1.19149235113998e-08,0.88,87.8,A Path to Ultraselectivity: Support Layer Properties To Maximize Performance of Biomimetic Desalination Membranes 
XLE,RO,Isopropanol,CC(C)O,47.902,8.6,7.0,25.0,0.5,2000.0,60.096,96,0.295,0.336,0.1953570494677862,0.3,17.1,-15.0,0.05,65.0,-7.943282346611806e-11,1.191492351991771e-09,0.05,93.9,A Path to Ultraselectivity: Support Layer Properties To Maximize Performance of Biomimetic Desalination Membranes 
XLE,RO,"1,4-Dioxane",C1COCCO1,47.902,8.6,7.0,25.0,0.5,200.0,88.106,96,0.293,0.362,0.2083579725259492,0.3,14.0,-15.0,-0.27,65.0,0.0,0.0,-0.27,96.5,A Path to Ultraselectivity: Support Layer Properties To Maximize Performance of Biomimetic Desalination Membranes 
XLE,RO,2-Butanol,CCC(C)O,47.902,8.6,7.0,25.0,0.5,2000.0,74.1229999999999,96,0.299,0.397,0.2180305442040108,0.3,17.6,-15.0,0.61,65.0,-2.511886431446471e-11,3.767829647169706e-10,0.61,97.2,A Path to Ultraselectivity: Support Layer Properties To Maximize Performance of Biomimetic Desalination Membranes 
XLE,RO,Glycerol,OCC(O)CO,47.902,8.6,7.0,25.0,0.5,2000.0,92.094,96,0.301,0.438,0.1899123866414896,0.3,14.4,-15.0,-1.76,65.0,-3.981071547045644e-08,5.971607320568466e-07,-1.76,97.9,A Path to Ultraselectivity: Support Layer Properties To Maximize Performance of Biomimetic Desalination Membranes 
XLE,RO,Cinnamic Acid,OC(=O)C=Cc1ccccc1,47.902,8.6,7.0,25.0,0.5,20.0,148.161,100,0.351,0.5589999999999999,0.2623450417673386,0.3,4.34,-15.0,2.13,65.0,-0.9978170142285467,14.9672552134282,0.1467268097675862,99.0,A Path to Ultraselectivity: Support Layer Properties To Maximize Performance of Biomimetic Desalination Membranes 
XLE,RO,Thymol,CC(C)c1ccc(C)cc1O,47.902,8.6,7.0,25.0,0.5,20.0,150.220999999999,100,0.37,0.526,0.2981575116824355,0.3,10.62,-15.0,3.3,65.0,-0.0002398257617087477,0.003597386425631215,3.3,99.1,A Path to Ultraselectivity: Support Layer Properties To Maximize Performance of Biomimetic Desalination Membranes 
XLE,RO,4-Hydroxybenzoic Acid ,OC(=O)c1ccc(O)cc1,47.902,8.6,7.0,25.0,0.5,20.0,138.121999999999,100,0.363,0.505,0.2218143011323027,0.3,4.54,-15.0,1.58,65.0,-0.9965446125969272,14.94816918895391,-0.4526018636087117,99.3,A Path to Ultraselectivity: Support Layer Properties To Maximize Performance of Biomimetic Desalination Membranes 
XLE,RO,Glucose,OC[C@@H](O)[C@@H](O)[C@H](O)[C@@H](O)C=O,47.902,8.6,7.0,25.0,0.5,2000.0,180.156,100,0.401,0.481,0.2515616313767203,0.3,12.45,-15.0,-3.24,65.0,-3.548121303126307e-06,5.322181954689461e-05,-3.24,99.4,A Path to Ultraselectivity: Support Layer Properties To Maximize Performance of Biomimetic Desalination Membranes 
TS80,NF,Ethanol,CCO,22.5,5.0,7.5,20.0,96.0,0.002,46.069,200,0.239,0.323,0.1660514265336832,0.42,15.9,-32.7,-0.31,37.5,-3.981071689686035e-09,1.301810442527333e-07,-0.31,8.7,A Semi-Quantitative Method for Prediction of the Rejection of Uncharged Organic Micropollutants with Nanofiltration
TS80,NF,2-Ethoxyethanol,CCOCCO,22.5,5.0,7.5,20.0,96.0,0.002,90.122,200,0.275,0.507,0.2248910777536578,0.42,14.8,-32.7,-0.32,37.5,-5.011872085084068e-08,1.63888217182249e-06,-0.32,21.0,A Semi-Quantitative Method for Prediction of the Rejection of Uncharged Organic Micropollutants with Nanofiltration
TS80,NF,2-(1H)-Quinoline,C1=CC(=O)NC=C1 ,22.5,5.0,7.5,20.0,96.0,0.002,95.1009999999999,200,0.447,0.601,0.1826188954623013,0.42,12.02,-32.7,1.26,37.5,-3.019860522072228e-05,0.0009874943907176186,1.26,21.5,A Semi-Quantitative Method for Prediction of the Rejection of Uncharged Organic Micropollutants with Nanofiltration
TS80,NF,2-Methoxyethanol,COCCO,22.5,5.0,7.5,20.0,96.0,0.002,76.095,200,0.253,0.441,0.199477756295778,0.42,14.8,-32.7,-0.77,37.5,-5.011872085084068e-08,1.63888217182249e-06,-0.77,31.7,A Semi-Quantitative Method for Prediction of the Rejection of Uncharged Organic Micropollutants with Nanofiltration
TS80,NF,Bisphenol A,CC(C)(c1ccc(O)cc1)c2ccc(O)cc2,22.5,5.0,7.5,20.0,96.0,0.002,228.291,200,0.453,0.562,0.3381552020183159,0.42,9.6,-32.7,3.32,37.5,-0.007880683850330288,0.2576983619058004,3.32,37.5,A Semi-Quantitative Method for Prediction of the Rejection of Uncharged Organic Micropollutants with Nanofiltration
TS80,NF,N-(4-Methoxyphenyl)acetamide,COc1ccc(NC(C)=O)cc1,22.5,5.0,7.5,20.0,96.0,0.002,165.192,200,0.374,0.643,0.2884580071503136,0.42,14.53,-32.7,1.03,37.5,-9.332542137006399e-08,3.051741278801092e-06,1.03,38.3,A Semi-Quantitative Method for Prediction of the Rejection of Uncharged Organic Micropollutants with Nanofiltration
TS80,NF,Linuron,CON(C)C(=O)Nc1ccc(Cl)c(Cl)c1,22.5,5.0,7.5,20.0,96.0,0.002,249.096999999999,200,0.398,0.639,0.3121424816914341,0.42,12.13,-32.7,3.2,37.5,-2.344173862520751e-05,0.0007665448530442857,3.2,53.4,A Semi-Quantitative Method for Prediction of the Rejection of Uncharged Organic Micropollutants with Nanofiltration
TS80,NF,Glycerol,OCC(O)CO,22.5,5.0,7.5,20.0,96.0,0.002,92.094,200,0.301,0.438,0.1899123866414896,0.42,14.4,-32.7,-1.76,37.5,-1.258925253304866e-07,4.116685578306912e-06,-1.76,79.0,A Semi-Quantitative Method for Prediction of the Rejection of Uncharged Organic Micropollutants with Nanofiltration
TS80,NF,Methyl tert-butyl ether,COC(C)(C)C,22.5,5.0,7.5,20.0,96.0,0.002,88.1499999999999,200,0.337,0.388,0.254705251794037,0.42,-3.7,-32.7,0.94,37.5,-0.9999999999936904,32.69999999979368,1.330000000122125,89.6,A Semi-Quantitative Method for Prediction of the Rejection of Uncharged Organic Micropollutants with Nanofiltration
TS80,NF,Estrone,C[C@]12CC[C@H]3[C@@H](CCc4cc(O)ccc34)[C@@H]1CCC2=O,22.5,5.0,7.5,20.0,96.0,0.002,270.372,200,0.406,0.682,0.3667832440887863,0.42,10.25,-32.7,3.13,37.5,-0.001775122745809757,0.05804651378797906,3.13,90.0,A Semi-Quantitative Method for Prediction of the Rejection of Uncharged Organic Micropollutants with Nanofiltration
TS80,NF,Lindane,ClC1C(Cl)C(Cl)C(Cl)C(Cl)C1Cl,22.5,5.0,7.5,20.0,96.0,0.002,290.832,200,0.425,0.452,0.300833238226254,0.42,14.0,-32.7,3.72,37.5,0.0,0.0,3.72,90.8,A Semi-Quantitative Method for Prediction of the Rejection of Uncharged Organic Micropollutants with Nanofiltration
TS80,NF,Monomethyl phthalate,COC(=O)c1ccccc1C([O-])=O,22.5,5.0,7.5,20.0,96.0,0.002,179.150999999999,200,0.438,0.544,0.2795281600682279,0.42,3.32,-32.7,1.13,37.5,-0.9999339350200692,32.69783967515627,1.059576274961112,93.5,A Semi-Quantitative Method for Prediction of the Rejection of Uncharged Organic Micropollutants with Nanofiltration
TS80,NF,N-acetyl-L-tyrosine,CC(=O)N[C@@H](Cc1ccc(O)cc1)C(O)=O,22.5,5.0,7.5,20.0,96.0,0.002,223.227999999999,200,0.412,0.673,0.3166111372899026,0.42,3.15,-32.7,1.32,37.5,-0.9999553336359582,32.69853940989584,-2.905636906643616,93.6,A Semi-Quantitative Method for Prediction of the Rejection of Uncharged Organic Micropollutants with Nanofiltration
TS80,NF,Dikegulac,O.CC1(C)OC[C@@H]2O[C@]3(OC(C)(C)O[C@H]3[C@@H]2O1)C(O)=O,22.5,5.0,7.5,20.0,96.0,0.002,292.284,200,0.455,0.61,0.3728726726004132,0.42,1.77,-32.7,1.35,37.5,-0.9999981379163306,32.69993910986401,-1.950318700935339,94.5,A Semi-Quantitative Method for Prediction of the Rejection of Uncharged Organic Micropollutants with Nanofiltration
TS80,NF,Glucose,OC[C@@H](O)[C@@H](O)[C@H](O)[C@@H](O)C=O,22.5,5.0,7.5,20.0,96.0,0.002,180.156,200,0.401,0.481,0.2515616313767203,0.42,12.45,-32.7,-3.24,37.5,-1.122005865189099e-05,0.0003668959179168354,-3.24,98.1,A Semi-Quantitative Method for Prediction of the Rejection of Uncharged Organic Micropollutants with Nanofiltration
TS80,NF,Sucrose,OC[C@H]1O[C@H](O[C@]2(CO)O[C@H](CO)[C@@H](O)[C@@H]2O)[C@H](O)[C@@H](O)[C@@H]1O,22.5,5.0,7.5,20.0,96.0,0.002,342.297,200,0.529,0.584,0.364593311558198,0.42,12.62,-32.7,-3.7,37.5,-7.585718206734624e-06,0.0002480529853602223,-3.7,98.5,A Semi-Quantitative Method for Prediction of the Rejection of Uncharged Organic Micropollutants with Nanofiltration
NF270,NF,Atrazine,CCNc1nc(Cl)nc(NC(C)C)n1,76.0,5.0,7.0,25.0,0.5,0.01,215.688,96,0.479,0.636,0.3212151828521403,0.42,1.7,-42.7,2.61,28.0,-0.9999949881527824,42.69978599412381,2.660003760889863,73.79,A systematic study on triazine retention by fouled with humic substances NF/ULPRO membranes
NF90,NF,Atrazine,CCNc1nc(Cl)nc(NC(C)C)n1,42.4,5.0,7.0,25.0,0.5,0.01,215.688,180,0.479,0.636,0.3212151828521403,0.34,1.7,-27.29,2.61,62.0,-0.9999949881527824,27.28986322668943,2.660003760889863,80.99,A systematic study on triazine retention by fouled with humic substances NF/ULPRO membranes
XLE,RO,Atrazine,CCNc1nc(Cl)nc(NC(C)C)n1,43.0,5.0,7.0,25.0,0.5,0.01,215.688,330,0.479,0.636,0.3212151828521403,0.3,1.7,-33.0,2.61,65.0,-0.9999949881527824,32.99983460904182,2.660003760889863,82.59,A systematic study on triazine retention by fouled with humic substances NF/ULPRO membranes
NF,NF,Albendazole,CCCSc1ccc2nc(NC(=O)OC)[nH]c2c1,75.38,10.0,7.0,20.0,5.0,10.0,265.337999999999,96,0.369,0.907,0.3518497129640126,0.43,6.9,-5.48,2.7,53.8,-0.5573116337622925,3.054067753017363,2.994151264189379,46.5351,Adsorption of hydrophilic and hydrophobic pharmaceuticals on RO/NF membranes: Identification of interactions using FTIR
NF,NF,Albendazole,CCCSc1ccc2nc(NC(=O)OC)[nH]c2c1,75.38,10.0,7.0,20.0,4.0,10.0,265.337999999999,96,0.369,0.907,0.3518497129640126,0.43,6.9,-5.48,2.7,53.8,-0.5573116337622925,3.054067753017363,2.994151264189379,62.37669999999999,Adsorption of hydrophilic and hydrophobic pharmaceuticals on RO/NF membranes: Identification of interactions using FTIR
NF,NF,Albendazole,CCCSc1ccc2nc(NC(=O)OC)[nH]c2c1,75.38,10.0,7.0,20.0,3.0,10.0,265.337999999999,96,0.369,0.907,0.3518497129640126,0.43,6.9,-5.48,2.7,53.8,-0.5573116337622925,3.054067753017363,2.994151264189379,70.9575,Adsorption of hydrophilic and hydrophobic pharmaceuticals on RO/NF membranes: Identification of interactions using FTIR
NF,NF,Albendazole,CCCSc1ccc2nc(NC(=O)OC)[nH]c2c1,75.38,10.0,7.0,20.0,2.0,10.0,265.337999999999,96,0.369,0.907,0.3518497129640126,0.43,6.9,-5.48,2.7,53.8,-0.5573116337622925,3.054067753017363,2.994151264189379,73.2678,Adsorption of hydrophilic and hydrophobic pharmaceuticals on RO/NF membranes: Identification of interactions using FTIR
NF,NF,Albendazole,CCCSc1ccc2nc(NC(=O)OC)[nH]c2c1,75.38,10.0,7.0,20.0,1.0,10.0,265.337999999999,96,0.369,0.907,0.3518497129640126,0.43,6.9,-5.48,2.7,53.8,-0.5573116337622925,3.054067753017363,2.994151264189379,78.5483,Adsorption of hydrophilic and hydrophobic pharmaceuticals on RO/NF membranes: Identification of interactions using FTIR
NF,NF,Albendazole,CCCSc1ccc2nc(NC(=O)OC)[nH]c2c1,75.38,10.0,7.0,20.0,0.5,10.0,265.337999999999,96,0.369,0.907,0.3518497129640126,0.43,6.9,-5.48,2.7,53.8,-0.5573116337622925,3.054067753017363,2.994151264189379,83.8288,Adsorption of hydrophilic and hydrophobic pharmaceuticals on RO/NF membranes: Identification of interactions using FTIR
NF,NF,Hydrocortisone,C[C@]12CCC(=O)C=C1CC[C@H]3[C@@H]4CC[C@](O)(C(=O)CO)[C@@]4(C)C[C@H](O)[C@H]23,75.38,10.0,7.0,20.0,0.5,10.0,362.466,96,0.445,0.753,0.4058140559527056,0.43,12.58,-5.48,1.61,53.8,-2.630261073603865e-06,1.441383068334918e-05,1.61,90.42949999999999,Adsorption of hydrophilic and hydrophobic pharmaceuticals on RO/NF membranes: Identification of interactions using FTIR
NF,NF,Hydrocortisone,C[C@]12CCC(=O)C=C1CC[C@H]3[C@@H]4CC[C@](O)(C(=O)CO)[C@@]4(C)C[C@H](O)[C@H]23,75.38,10.0,7.0,20.0,1.0,10.0,362.466,96,0.445,0.753,0.4058140559527056,0.43,12.58,-5.48,1.61,53.8,-2.630261073603865e-06,1.441383068334918e-05,1.61,90.42949999999999,Adsorption of hydrophilic and hydrophobic pharmaceuticals on RO/NF membranes: Identification of interactions using FTIR
NF,NF,Hydrocortisone,C[C@]12CCC(=O)C=C1CC[C@H]3[C@@H]4CC[C@](O)(C(=O)CO)[C@@]4(C)C[C@H](O)[C@H]23,75.38,10.0,7.0,20.0,2.0,10.0,362.466,96,0.445,0.753,0.4058140559527056,0.43,12.58,-5.48,1.61,53.8,-2.630261073603865e-06,1.441383068334918e-05,1.61,91.08949999999999,Adsorption of hydrophilic and hydrophobic pharmaceuticals on RO/NF membranes: Identification of interactions using FTIR
NF,NF,Hydrocortisone,C[C@]12CCC(=O)C=C1CC[C@H]3[C@@H]4CC[C@](O)(C(=O)CO)[C@@]4(C)C[C@H](O)[C@H]23,75.38,10.0,7.0,20.0,4.0,10.0,362.466,96,0.445,0.753,0.4058140559527056,0.43,12.58,-5.48,1.61,53.8,-2.630261073603865e-06,1.441383068334918e-05,1.61,92.40969999999999,Adsorption of hydrophilic and hydrophobic pharmaceuticals on RO/NF membranes: Identification of interactions using FTIR
NF,NF,Hydrocortisone,C[C@]12CCC(=O)C=C1CC[C@H]3[C@@H]4CC[C@](O)(C(=O)CO)[C@@]4(C)C[C@H](O)[C@H]23,75.38,10.0,7.0,20.0,5.0,10.0,362.466,96,0.445,0.753,0.4058140559527056,0.43,12.58,-5.48,1.61,53.8,-2.630261073603865e-06,1.441383068334918e-05,1.61,92.40969999999999,Adsorption of hydrophilic and hydrophobic pharmaceuticals on RO/NF membranes: Identification of interactions using FTIR
NF,NF,Hydrocortisone,C[C@]12CCC(=O)C=C1CC[C@H]3[C@@H]4CC[C@](O)(C(=O)CO)[C@@]4(C)C[C@H](O)[C@H]23,75.38,10.0,7.0,20.0,3.0,10.0,362.466,96,0.445,0.753,0.4058140559527056,0.43,12.58,-5.48,1.61,53.8,-2.630261073603865e-06,1.441383068334918e-05,1.61,92.7397,Adsorption of hydrophilic and hydrophobic pharmaceuticals on RO/NF membranes: Identification of interactions using FTIR
NF,NF,Sulfaguanidine,NC(N)=N[S](=O)(=O)c1ccc(N)cc1,75.38,10.0,7.0,20.0,0.5,10.0,214.25,96,0.419,0.564,0.2711983427558518,0.43,11.25,-5.48,-0.7,53.8,-5.623097041919266e-05,0.0003081457178971758,-0.7,38.2843,Adsorption of hydrophilic and hydrophobic pharmaceuticals on RO/NF membranes: Identification of interactions using FTIR
NF,NF,Sulfaguanidine,NC(N)=N[S](=O)(=O)c1ccc(N)cc1,75.38,10.0,7.0,20.0,2.0,10.0,214.25,96,0.419,0.564,0.2711983427558518,0.43,11.25,-5.48,-0.7,53.8,-5.623097041919266e-05,0.0003081457178971758,-0.7,39.6044,Adsorption of hydrophilic and hydrophobic pharmaceuticals on RO/NF membranes: Identification of interactions using FTIR
NF,NF,Sulfaguanidine,NC(N)=N[S](=O)(=O)c1ccc(N)cc1,75.38,10.0,7.0,20.0,1.0,10.0,214.25,96,0.419,0.564,0.2711983427558518,0.43,11.25,-5.48,-0.7,53.8,-5.623097041919266e-05,0.0003081457178971758,-0.7,41.91459999999999,Adsorption of hydrophilic and hydrophobic pharmaceuticals on RO/NF membranes: Identification of interactions using FTIR
NF,NF,Sulfaguanidine,NC(N)=N[S](=O)(=O)c1ccc(N)cc1,75.38,10.0,7.0,20.0,3.0,10.0,214.25,96,0.419,0.564,0.2711983427558518,0.43,11.25,-5.48,-0.7,53.8,-5.623097041919266e-05,0.0003081457178971758,-0.7,44.2248,Adsorption of hydrophilic and hydrophobic pharmaceuticals on RO/NF membranes: Identification of interactions using FTIR
NF,NF,Sulfaguanidine,NC(N)=N[S](=O)(=O)c1ccc(N)cc1,75.38,10.0,7.0,20.0,5.0,10.0,214.25,96,0.419,0.564,0.2711983427558518,0.43,11.25,-5.48,-0.7,53.8,-5.623097041919266e-05,0.0003081457178971758,-0.7,45.545,Adsorption of hydrophilic and hydrophobic pharmaceuticals on RO/NF membranes: Identification of interactions using FTIR
NF,NF,Sulfaguanidine,NC(N)=N[S](=O)(=O)c1ccc(N)cc1,75.38,10.0,7.0,20.0,4.0,10.0,214.25,96,0.419,0.564,0.2711983427558518,0.43,11.25,-5.48,-0.7,53.8,-5.623097041919266e-05,0.0003081457178971758,-0.7,45.875,Adsorption of hydrophilic and hydrophobic pharmaceuticals on RO/NF membranes: Identification of interactions using FTIR
NF270,NF,Albendazole,CCCSc1ccc2nc(NC(=O)OC)[nH]c2c1,149.01,10.0,7.0,20.0,5.0,10.0,265.337999999999,330,0.445,0.753,0.3518497129640126,0.42,6.9,-42.7,2.7,73.16,-0.5573116337622925,23.79720676164989,2.994151264189379,42.57500000000002,Adsorption of hydrophilic and hydrophobic pharmaceuticals on RO/NF membranes: Identification of interactions using FTIR
NF270,NF,Albendazole,CCCSc1ccc2nc(NC(=O)OC)[nH]c2c1,149.01,10.0,7.0,20.0,4.0,10.0,265.337999999999,330,0.369,0.907,0.3518497129640126,0.42,6.9,-42.7,2.7,73.16,-0.5573116337622925,23.79720676164989,2.994151264189379,55.11600000000001,Adsorption of hydrophilic and hydrophobic pharmaceuticals on RO/NF membranes: Identification of interactions using FTIR
NF270,NF,Albendazole,CCCSc1ccc2nc(NC(=O)OC)[nH]c2c1,149.01,10.0,7.0,20.0,3.0,10.0,265.337999999999,330,0.369,0.907,0.3518497129640126,0.42,6.9,-42.7,2.7,73.16,-0.5573116337622925,23.79720676164989,2.994151264189379,66.33700000000002,Adsorption of hydrophilic and hydrophobic pharmaceuticals on RO/NF membranes: Identification of interactions using FTIR
NF270,NF,Albendazole,CCCSc1ccc2nc(NC(=O)OC)[nH]c2c1,149.01,10.0,7.0,20.0,2.0,10.0,265.337999999999,330,0.369,0.907,0.3518497129640126,0.42,6.9,-42.7,2.7,73.16,-0.5573116337622925,23.79720676164989,2.994151264189379,70.958,Adsorption of hydrophilic and hydrophobic pharmaceuticals on RO/NF membranes: Identification of interactions using FTIR
NF270,NF,Albendazole,CCCSc1ccc2nc(NC(=O)OC)[nH]c2c1,149.01,10.0,7.0,20.0,1.0,10.0,265.337999999999,330,0.369,0.907,0.3518497129640126,0.42,6.9,-42.7,2.7,73.16,-0.5573116337622925,23.79720676164989,2.994151264189379,79.53800000000001,Adsorption of hydrophilic and hydrophobic pharmaceuticals on RO/NF membranes: Identification of interactions using FTIR
NF270,NF,Albendazole,CCCSc1ccc2nc(NC(=O)OC)[nH]c2c1,149.01,10.0,7.0,20.0,0.5,10.0,265.337999999999,330,0.369,0.907,0.3518497129640126,0.42,6.9,-42.7,2.7,73.16,-0.5573116337622925,23.79720676164989,2.994151264189379,87.459,Adsorption of hydrophilic and hydrophobic pharmaceuticals on RO/NF membranes: Identification of interactions using FTIR
NF270,NF,Hydrocortisone,C[C@]12CCC(=O)C=C1CC[C@H]3[C@@H]4CC[C@](O)(C(=O)CO)[C@@]4(C)C[C@H](O)[C@H]23,149.01,10.0,7.0,20.0,1.0,10.0,362.466,330,0.445,0.753,0.4058140559527056,0.42,12.58,-42.7,1.61,73.16,-2.630261073603865e-06,0.000112312147842885,1.61,82.179,Adsorption of hydrophilic and hydrophobic pharmaceuticals on RO/NF membranes: Identification of interactions using FTIR
NF270,NF,Hydrocortisone,C[C@]12CCC(=O)C=C1CC[C@H]3[C@@H]4CC[C@](O)(C(=O)CO)[C@@]4(C)C[C@H](O)[C@H]23,149.01,10.0,7.0,20.0,2.0,10.0,362.466,330,0.445,0.753,0.4058140559527056,0.42,12.58,-42.7,1.61,73.16,-2.630261073603865e-06,0.000112312147842885,1.61,82.50900000000001,Adsorption of hydrophilic and hydrophobic pharmaceuticals on RO/NF membranes: Identification of interactions using FTIR
NF270,NF,Hydrocortisone,C[C@]12CCC(=O)C=C1CC[C@H]3[C@@H]4CC[C@](O)(C(=O)CO)[C@@]4(C)C[C@H](O)[C@H]23,149.01,10.0,7.0,20.0,3.0,10.0,362.466,330,0.445,0.753,0.4058140559527056,0.42,12.58,-42.7,1.61,73.16,-2.630261073603865e-06,0.000112312147842885,1.61,82.50900000000001,Adsorption of hydrophilic and hydrophobic pharmaceuticals on RO/NF membranes: Identification of interactions using FTIR
NF270,NF,Hydrocortisone,C[C@]12CCC(=O)C=C1CC[C@H]3[C@@H]4CC[C@](O)(C(=O)CO)[C@@]4(C)C[C@H](O)[C@H]23,149.01,10.0,7.0,20.0,0.5,10.0,362.466,330,0.445,0.753,0.4058140559527056,0.42,12.58,-42.7,1.61,73.16,-2.630261073603865e-06,0.000112312147842885,1.61,83.16900000000001,Adsorption of hydrophilic and hydrophobic pharmaceuticals on RO/NF membranes: Identification of interactions using FTIR
NF270,NF,Hydrocortisone,C[C@]12CCC(=O)C=C1CC[C@H]3[C@@H]4CC[C@](O)(C(=O)CO)[C@@]4(C)C[C@H](O)[C@H]23,149.01,10.0,7.0,20.0,4.0,10.0,362.466,330,0.445,0.753,0.4058140559527056,0.42,12.58,-42.7,1.61,73.16,-2.630261073603865e-06,0.000112312147842885,1.61,84.489,Adsorption of hydrophilic and hydrophobic pharmaceuticals on RO/NF membranes: Identification of interactions using FTIR
NF270,NF,Hydrocortisone,C[C@]12CCC(=O)C=C1CC[C@H]3[C@@H]4CC[C@](O)(C(=O)CO)[C@@]4(C)C[C@H](O)[C@H]23,149.01,10.0,7.0,20.0,5.0,10.0,362.466,330,0.445,0.753,0.4058140559527056,0.42,12.58,-42.7,1.61,73.16,-2.630261073603865e-06,0.000112312147842885,1.61,86.13900000000001,Adsorption of hydrophilic and hydrophobic pharmaceuticals on RO/NF membranes: Identification of interactions using FTIR
NF270,NF,Sulfaguanidine,NC(N)=N[S](=O)(=O)c1ccc(N)cc1,149.01,10.0,7.0,20.0,4.0,10.0,214.25,330,0.419,0.564,0.2711983427558518,0.42,11.25,-42.7,-0.7,73.16,-5.623097041919266e-05,0.002401062436899527,-0.7,7.261000000000024,Adsorption of hydrophilic and hydrophobic pharmaceuticals on RO/NF membranes: Identification of interactions using FTIR
NF270,NF,Sulfaguanidine,NC(N)=N[S](=O)(=O)c1ccc(N)cc1,149.01,10.0,7.0,20.0,2.0,10.0,214.25,330,0.419,0.564,0.2711983427558518,0.42,11.25,-42.7,-0.7,73.16,-5.623097041919266e-05,0.002401062436899527,-0.7,8.581000000000017,Adsorption of hydrophilic and hydrophobic pharmaceuticals on RO/NF membranes: Identification of interactions using FTIR
NF270,NF,Sulfaguanidine,NC(N)=N[S](=O)(=O)c1ccc(N)cc1,149.01,10.0,7.0,20.0,0.5,10.0,214.25,330,0.419,0.564,0.2711983427558518,0.42,11.25,-42.7,-0.7,73.16,-5.623097041919266e-05,0.002401062436899527,-0.7,9.570999999999998,Adsorption of hydrophilic and hydrophobic pharmaceuticals on RO/NF membranes: Identification of interactions using FTIR
NF270,NF,Sulfaguanidine,NC(N)=N[S](=O)(=O)c1ccc(N)cc1,149.01,10.0,7.0,20.0,1.0,10.0,214.25,330,0.419,0.564,0.2711983427558518,0.42,11.25,-42.7,-0.7,73.16,-5.623097041919266e-05,0.002401062436899527,-0.7,9.570999999999998,Adsorption of hydrophilic and hydrophobic pharmaceuticals on RO/NF membranes: Identification of interactions using FTIR
NF270,NF,Sulfaguanidine,NC(N)=N[S](=O)(=O)c1ccc(N)cc1,149.01,10.0,7.0,20.0,3.0,10.0,214.25,330,0.419,0.564,0.2711983427558518,0.42,11.25,-42.7,-0.7,73.16,-5.623097041919266e-05,0.002401062436899527,-0.7,14.19200000000001,Adsorption of hydrophilic and hydrophobic pharmaceuticals on RO/NF membranes: Identification of interactions using FTIR
NF270,NF,Sulfaguanidine,NC(N)=N[S](=O)(=O)c1ccc(N)cc1,149.01,10.0,7.0,20.0,5.0,10.0,214.25,330,0.419,0.564,0.2711983427558518,0.42,11.25,-42.7,-0.7,73.16,-5.623097041919266e-05,0.002401062436899527,-0.7,15.18200000000002,Adsorption of hydrophilic and hydrophobic pharmaceuticals on RO/NF membranes: Identification of interactions using FTIR
XLE,RO,Albendazole,CCCSc1ccc2nc(NC(=O)OC)[nH]c2c1,86.03,10.0,7.0,20.0,5.0,10.0,265.337999999999,305,0.369,0.907,0.3518497129640126,0.3,6.9,-33.0,2.7,59.59,-0.5573116337622925,18.39128391415565,2.994151264189379,55.1155,Adsorption of hydrophilic and hydrophobic pharmaceuticals on RO/NF membranes: Identification of interactions using FTIR
XLE,RO,Albendazole,CCCSc1ccc2nc(NC(=O)OC)[nH]c2c1,86.03,10.0,7.0,20.0,4.0,10.0,265.337999999999,305,0.369,0.907,0.3518497129640126,0.3,6.9,-33.0,2.7,59.59,-0.5573116337622925,18.39128391415565,2.994151264189379,68.6469,Adsorption of hydrophilic and hydrophobic pharmaceuticals on RO/NF membranes: Identification of interactions using FTIR
XLE,RO,Albendazole,CCCSc1ccc2nc(NC(=O)OC)[nH]c2c1,86.03,10.0,7.0,20.0,3.0,10.0,265.337999999999,305,0.369,0.907,0.3518497129640126,0.3,6.9,-33.0,2.7,59.59,-0.5573116337622925,18.39128391415565,2.994151264189379,78.2178,Adsorption of hydrophilic and hydrophobic pharmaceuticals on RO/NF membranes: Identification of interactions using FTIR
XLE,RO,Albendazole,CCCSc1ccc2nc(NC(=O)OC)[nH]c2c1,86.03,10.0,7.0,20.0,2.0,10.0,265.337999999999,305,0.369,0.907,0.3518497129640126,0.3,6.9,-33.0,2.7,59.59,-0.5573116337622925,18.39128391415565,2.994151264189379,79.2079,Adsorption of hydrophilic and hydrophobic pharmaceuticals on RO/NF membranes: Identification of interactions using FTIR
XLE,RO,Albendazole,CCCSc1ccc2nc(NC(=O)OC)[nH]c2c1,86.03,10.0,7.0,20.0,0.5,10.0,265.337999999999,305,0.369,0.907,0.3518497129640126,0.3,6.9,-33.0,2.7,59.59,-0.5573116337622925,18.39128391415565,2.994151264189379,82.1782,Adsorption of hydrophilic and hydrophobic pharmaceuticals on RO/NF membranes: Identification of interactions using FTIR
XLE,RO,Albendazole,CCCSc1ccc2nc(NC(=O)OC)[nH]c2c1,86.03,10.0,7.0,20.0,1.0,10.0,265.337999999999,305,0.369,0.907,0.3518497129640126,0.3,6.9,-33.0,2.7,59.59,-0.5573116337622925,18.39128391415565,2.994151264189379,83.1683,Adsorption of hydrophilic and hydrophobic pharmaceuticals on RO/NF membranes: Identification of interactions using FTIR
XLE,RO,Hydrocortisone,C[C@]12CCC(=O)C=C1CC[C@H]3[C@@H]4CC[C@](O)(C(=O)CO)[C@@]4(C)C[C@H](O)[C@H]23,86.03,10.0,7.0,20.0,1.0,10.0,362.466,305,0.445,0.753,0.4058140559527056,0.3,12.58,-33.0,1.61,59.59,-2.630261073603865e-06,8.679861542892754e-05,1.61,95.7096,Adsorption of hydrophilic and hydrophobic pharmaceuticals on RO/NF membranes: Identification of interactions using FTIR
XLE,RO,Hydrocortisone,C[C@]12CCC(=O)C=C1CC[C@H]3[C@@H]4CC[C@](O)(C(=O)CO)[C@@]4(C)C[C@H](O)[C@H]23,86.03,10.0,7.0,20.0,0.5,10.0,362.466,305,0.445,0.753,0.4058140559527056,0.3,12.58,-33.0,1.61,59.59,-2.630261073603865e-06,8.679861542892754e-05,1.61,96.3696,Adsorption of hydrophilic and hydrophobic pharmaceuticals on RO/NF membranes: Identification of interactions using FTIR
XLE,RO,Hydrocortisone,C[C@]12CCC(=O)C=C1CC[C@H]3[C@@H]4CC[C@](O)(C(=O)CO)[C@@]4(C)C[C@H](O)[C@H]23,86.03,10.0,7.0,20.0,2.0,10.0,362.466,305,0.445,0.753,0.4058140559527056,0.3,12.58,-33.0,1.61,59.59,-2.630261073603865e-06,8.679861542892754e-05,1.61,96.3696,Adsorption of hydrophilic and hydrophobic pharmaceuticals on RO/NF membranes: Identification of interactions using FTIR
XLE,RO,Hydrocortisone,C[C@]12CCC(=O)C=C1CC[C@H]3[C@@H]4CC[C@](O)(C(=O)CO)[C@@]4(C)C[C@H](O)[C@H]23,86.03,10.0,7.0,20.0,3.0,10.0,362.466,305,0.445,0.753,0.4058140559527056,0.3,12.58,-33.0,1.61,59.59,-2.630261073603865e-06,8.679861542892754e-05,1.61,96.3696,Adsorption of hydrophilic and hydrophobic pharmaceuticals on RO/NF membranes: Identification of interactions using FTIR
XLE,RO,Hydrocortisone,C[C@]12CCC(=O)C=C1CC[C@H]3[C@@H]4CC[C@](O)(C(=O)CO)[C@@]4(C)C[C@H](O)[C@H]23,86.03,10.0,7.0,20.0,4.0,10.0,362.466,305,0.445,0.753,0.4058140559527056,0.3,12.58,-33.0,1.61,59.59,-2.630261073603865e-06,8.679861542892754e-05,1.61,96.6997,Adsorption of hydrophilic and hydrophobic pharmaceuticals on RO/NF membranes: Identification of interactions using FTIR
XLE,RO,Hydrocortisone,C[C@]12CCC(=O)C=C1CC[C@H]3[C@@H]4CC[C@](O)(C(=O)CO)[C@@]4(C)C[C@H](O)[C@H]23,86.03,10.0,7.0,20.0,5.0,10.0,362.466,305,0.445,0.753,0.4058140559527056,0.3,12.58,-33.0,1.61,59.59,-2.630261073603865e-06,8.679861542892754e-05,1.61,97.0297,Adsorption of hydrophilic and hydrophobic pharmaceuticals on RO/NF membranes: Identification of interactions using FTIR
XLE,RO,Sulfaguanidine,NC(N)=N[S](=O)(=O)c1ccc(N)cc1,86.03,10.0,7.0,20.0,0.5,10.0,214.25,305,0.419,0.564,0.2711983427558518,0.3,11.25,-33.0,-0.7,59.59,-5.623097041919266e-05,0.001855622023833358,-0.7,96.6997,Adsorption of hydrophilic and hydrophobic pharmaceuticals on RO/NF membranes: Identification of interactions using FTIR
XLE,RO,Sulfaguanidine,NC(N)=N[S](=O)(=O)c1ccc(N)cc1,86.03,10.0,7.0,20.0,2.0,10.0,214.25,305,0.419,0.564,0.2711983427558518,0.3,11.25,-33.0,-0.7,59.59,-5.623097041919266e-05,0.001855622023833358,-0.7,97.0297,Adsorption of hydrophilic and hydrophobic pharmaceuticals on RO/NF membranes: Identification of interactions using FTIR
XLE,RO,Sulfaguanidine,NC(N)=N[S](=O)(=O)c1ccc(N)cc1,86.03,10.0,7.0,20.0,3.0,10.0,214.25,305,0.419,0.564,0.2711983427558518,0.3,11.25,-33.0,-0.7,59.59,-5.623097041919266e-05,0.001855622023833358,-0.7,97.3597,Adsorption of hydrophilic and hydrophobic pharmaceuticals on RO/NF membranes: Identification of interactions using FTIR
XLE,RO,Sulfaguanidine,NC(N)=N[S](=O)(=O)c1ccc(N)cc1,86.03,10.0,7.0,20.0,5.0,10.0,214.25,305,0.419,0.564,0.2711983427558518,0.3,11.25,-33.0,-0.7,59.59,-5.623097041919266e-05,0.001855622023833358,-0.7,97.3597,Adsorption of hydrophilic and hydrophobic pharmaceuticals on RO/NF membranes: Identification of interactions using FTIR
XLE,RO,Sulfaguanidine,NC(N)=N[S](=O)(=O)c1ccc(N)cc1,86.03,10.0,7.0,20.0,1.0,10.0,214.25,305,0.419,0.564,0.2711983427558518,0.3,11.25,-33.0,-0.7,59.59,-5.623097041919266e-05,0.001855622023833358,-0.7,97.6898,Adsorption of hydrophilic and hydrophobic pharmaceuticals on RO/NF membranes: Identification of interactions using FTIR
XLE,RO,Sulfaguanidine,NC(N)=N[S](=O)(=O)c1ccc(N)cc1,86.03,10.0,7.0,20.0,4.0,10.0,214.25,305,0.419,0.564,0.2711983427558518,0.3,11.25,-33.0,-0.7,59.59,-5.623097041919266e-05,0.001855622023833358,-0.7,97.6898,Adsorption of hydrophilic and hydrophobic pharmaceuticals on RO/NF membranes: Identification of interactions using FTIR
XLE,RO,2-Naphthol,Oc1ccc2ccccc2c1,29.67,3.45,7.0,22.0,19.38333333333333,0.9,144.172999999999,96,0.393,0.507,0.2462906478869039,0.3,9.51,-33.0,2.7,46.9,-0.003080774927825529,0.1016655726182425,2.7,75.55555555555556,Adsorption of hydrophobic compounds onto NF/RO membranes: an artifact leading to overestimation of rejection
XLE,RO,2-Naphthol,Oc1ccc2ccccc2c1,47.472,5.52,7.0,22.0,23.75,0.73,144.172999999999,96,0.393,0.507,0.2462906478869039,0.3,9.51,-33.0,2.7,46.9,-0.003080774927825529,0.1016655726182425,2.7,43.83561643835617,Adsorption of hydrophobic compounds onto NF/RO membranes: an artifact leading to overestimation of rejection
De-HL,NF,2-(1H)-Quinoline,C1=CC(=O)NC=C1 ,46.44,5.0,7.0,20.0,96.0,0.002,95.1009999999999,200,0.447,0.601,0.1826188954623013,0.45,12.02,-13.79,1.26,43.0,-9.549834660001379e-06,0.000131692219961419,1.26,21.0,Artiﬁcial neural network models based on QSAR for predicting rejection of neutral organic compounds by polyamide nanoﬁltration and reverse osmosis membranes
De-HL,NF,2-Methoxyethanol,COCCO,46.44,5.0,7.0,20.0,96.0,0.002,76.095,200,0.253,0.441,0.199477756295778,0.45,14.8,-13.79,-0.77,43.0,-1.584893167342244e-08,2.185567677764954e-07,-0.77,25.0,Artiﬁcial neural network models based on QSAR for predicting rejection of neutral organic compounds by polyamide nanoﬁltration and reverse osmosis membranes
De-HL,NF,2-Ethoxyethanol,CCOCCO,46.44,5.0,7.0,20.0,96.0,0.002,90.122,200,0.275,0.507,0.2248910777536578,0.45,14.8,-13.79,-0.32,43.0,-1.584893167342244e-08,2.185567677764954e-07,-0.32,38.0,Artiﬁcial neural network models based on QSAR for predicting rejection of neutral organic compounds by polyamide nanoﬁltration and reverse osmosis membranes
De-HL,NF,Antipyrine,CN1N(C(=O)C=C1C)c2ccccc2,46.44,5.0,7.0,20.0,96.0,0.002,188.23,100,0.413,0.589,0.3019455755285188,0.45,1.4,-5.0,0.38,43.0,-0.999997488119878,4.99998744059939,0.7200128184606567,74.8,Artiﬁcial neural network models based on QSAR for predicting rejection of neutral organic compounds by polyamide nanoﬁltration and reverse osmosis membranes
De-HL,NF,Antipyrine,CN1N(C(=O)C=C1C)c2ccccc2,46.44,5.0,7.0,20.0,96.0,0.002,188.23,200,0.413,0.589,0.3019455755285188,0.45,1.4,-13.79,0.38,43.0,-0.999997488119878,13.78996536117312,0.7200128184606567,74.8,Artiﬁcial neural network models based on QSAR for predicting rejection of neutral organic compounds by polyamide nanoﬁltration and reverse osmosis membranes
De-HL,NF,Glucose,OC[C@@H](O)[C@@H](O)[C@H](O)[C@@H](O)C=O,46.44,5.0,7.0,20.0,96.0,0.002,180.156,100,0.401,0.481,0.2515616313767203,0.45,12.45,-32.7,-3.24,43.0,-3.548121303126307e-06,0.0001160235666122303,-3.24,90.0,Artiﬁcial neural network models based on QSAR for predicting rejection of neutral organic compounds by polyamide nanoﬁltration and reverse osmosis membranes
De-HL,NF,Carbamazepine,NC(=O)N1c2ccccc2C=Cc3ccccc13,46.44,5.0,7.0,20.0,96.0,0.002,236.274,200,0.4480000000000001,0.576,0.3334516559578687,0.45,13.9,-20.5,2.45,43.0,0.0,0.0,2.45,95.0,Artiﬁcial neural network models based on QSAR for predicting rejection of neutral organic compounds by polyamide nanoﬁltration and reverse osmosis membranes
De-HL,NF,Aminopyrine,CN(C)C1=C(C)N(C)N(c2ccccc2)C1=O,46.44,5.0,7.0,20.0,96.0,0.002,231.299,200,0.426,0.64,0.3451725712675839,0.45,5.0,-13.79,1.0,43.0,-0.9900990099009901,13.65346534653465,1.086808440166027,97.7,Artiﬁcial neural network models based on QSAR for predicting rejection of neutral organic compounds by polyamide nanoﬁltration and reverse osmosis membranes
LE440,RO,Carbamazepine,NC(=O)N1c2ccccc2C=Cc3ccccc13,16.3625,5.1,8.0,20.0,96.0,0.1,236.274,200,0.4480000000000001,0.576,0.3334516559578687,0.4031806108897714,13.9,-23.02,2.45,41.5,0.0,0.0,2.45,76.0,Artiﬁcial neural network models based on QSAR for predicting rejection of neutral organic compounds by polyamide nanoﬁltration and reverse osmosis membranes
LE440,RO,Primidone,CCC1(C(=O)NCNC1=O)c2ccccc2,16.3625,5.1,8.0,20.0,96.0,0.1,218.256,200,0.417,0.54,0.3389517647396867,0.4031806108897714,12.3,-23.02,0.91,41.5,0.0001540159060116999,-0.003545446156389331,0.91,83.0,Artiﬁcial neural network models based on QSAR for predicting rejection of neutral organic compounds by polyamide nanoﬁltration and reverse osmosis membranes
NF200,NF,Phenacetine,CCOc1ccc(NC(C)=O)cc1,13.8,2.76,7.0,20.0,96.0,0.053,179.219,180,0.345,0.6900000000000001,0.2902703986176511,0.31,14.57,-27.29,1.58,37.5,2.509131802630197e-05,-0.0006847420689377808,1.58,41.3,Artiﬁcial neural network models based on QSAR for predicting rejection of neutral organic compounds by polyamide nanoﬁltration and reverse osmosis membranes
NF200,NF,Metronidazole,Cc1ncc(n1CCO)[N+]([O-])=O,13.8,2.76,7.0,20.0,96.0,0.053,171.155999999999,180,0.468,0.475,0.2533133143692577,0.31,2.38,-27.29,-0.02,37.5,0.9996830677911888,-27.28135092002154,-0.02,44.55,Artiﬁcial neural network models based on QSAR for predicting rejection of neutral organic compounds by polyamide nanoﬁltration and reverse osmosis membranes
NF200,NF,Caffeine,Cn1cnc2N(C)C(=O)N(C)C(=O)c12,13.8,2.76,7.0,20.0,96.0,0.053,194.193999999999,200,0.4440000000000001,0.503,0.3016073766829081,0.31,10.4,-18.37,-0.07,37.5,-0.0003979487443048762,0.007310318432880577,-0.07,53.97,Artiﬁcial neural network models based on QSAR for predicting rejection of neutral organic compounds by polyamide nanoﬁltration and reverse osmosis membranes
NF200,NF,Carbamazepine,NC(=O)N1c2ccccc2C=Cc3ccccc13,13.8,2.76,7.0,20.0,96.0,0.053,236.274,200,0.4480000000000001,0.576,0.3334516559578687,0.31,13.9,-18.37,2.45,37.5,0.0,0.0,2.45,72.55,Artiﬁcial neural network models based on QSAR for predicting rejection of neutral organic compounds by polyamide nanoﬁltration and reverse osmosis membranes
NF200,NF,17β-Estradiol,C[C@]12CC[C@H]3[C@@H](CCc4cc(O)ccc34)[C@@H]1CC[C@@H]2O,13.8,2.76,7.0,20.0,96.0,0.053,272.388,100,0.402,0.73,0.3807542916588625,0.31,10.46,-5.0,4.01,37.5,-0.000346616665681558,0.00173308332840779,4.01,76.5,Artiﬁcial neural network models based on QSAR for predicting rejection of neutral organic compounds by polyamide nanoﬁltration and reverse osmosis membranes
NF200,NF,Estrone,C[C@]12CC[C@H]3[C@@H](CCc4cc(O)ccc34)[C@@H]1CCC2=O,13.8,2.76,7.0,20.0,96.0,0.053,270.372,180,0.406,0.682,0.3667832440887863,0.31,10.25,-27.29,3.13,37.5,-0.0005620252751523289,0.01533766975890706,3.13,77.63,Artiﬁcial neural network models based on QSAR for predicting rejection of neutral organic compounds by polyamide nanoﬁltration and reverse osmosis membranes
NF200,NF,Atrazine,CCNc1nc(Cl)nc(NC(C)C)n1,13.8,2.76,7.0,20.0,96.0,0.053,215.688,65,0.479,0.636,0.3212151828521403,0.31,1.7,-13.79,2.61,37.5,-0.9999949881527824,13.78993088662687,2.660003760889863,83.8,Artiﬁcial neural network models based on QSAR for predicting rejection of neutral organic compounds by polyamide nanoﬁltration and reverse osmosis membranes
NF200,NF,Nonylphenol,CCCCCCCCCc1ccccc1O,13.8,2.76,7.0,20.0,96.0,0.053,220.356,180,0.364,0.9029999999999999,0.3799131329745689,0.31,10.25,-27.29,5.71,37.5,-0.0005620252751523289,0.01533766975890706,5.71,84.9,Artiﬁcial neural network models based on QSAR for predicting rejection of neutral organic compounds by polyamide nanoﬁltration and reverse osmosis membranes
NF90,NF,Phenacetine,CCOc1ccc(NC(C)=O)cc1,23.744,2.8,7.0,20.0,96.0,0.053,179.219,200,0.345,0.6900000000000001,0.2902703986176511,0.34,14.57,-27.29,1.58,59.8,2.509131802630197e-05,-0.0006847420689377808,1.58,74.875,Artiﬁcial neural network models based on QSAR for predicting rejection of neutral organic compounds by polyamide nanoﬁltration and reverse osmosis membranes
NF90,NF,Primidone,CCC1(C(=O)NCNC1=O)c2ccccc2,23.744,2.8,7.0,20.0,96.0,0.053,218.256,180,0.417,0.54,0.3389517647396867,0.34,12.3,-27.29,0.91,59.8,0.002032565918411691,-0.05546872391345506,0.91,82.0,Artiﬁcial neural network models based on QSAR for predicting rejection of neutral organic compounds by polyamide nanoﬁltration and reverse osmosis membranes
NF90,NF,Caffeine,Cn1cnc2N(C)C(=O)N(C)C(=O)c12,23.744,2.8,7.0,20.0,96.0,0.053,194.193999999999,180,0.4440000000000001,0.503,0.3016073766829081,0.34,10.4,-20.5,-0.07,59.8,-0.0003979487443048762,0.008157949258249962,-0.07,86.5,Artiﬁcial neural network models based on QSAR for predicting rejection of neutral organic compounds by polyamide nanoﬁltration and reverse osmosis membranes
NF90,NF,Metronidazole,Cc1ncc(n1CCO)[N+]([O-])=O,23.744,2.8,7.0,20.0,96.0,0.053,171.155999999999,180,0.468,0.475,0.2533133143692577,0.34,2.38,-27.29,-0.02,59.8,0.9996830677911888,-27.28135092002154,-0.02,86.97,Artiﬁcial neural network models based on QSAR for predicting rejection of neutral organic compounds by polyamide nanoﬁltration and reverse osmosis membranes
NF90,NF,Estrone,C[C@]12CC[C@H]3[C@@H](CCc4cc(O)ccc34)[C@@H]1CCC2=O,23.744,2.8,7.0,20.0,96.0,0.053,270.372,180,0.406,0.682,0.3667832440887863,0.34,10.25,-27.29,3.13,59.8,-0.0005620252751523289,0.01533766975890706,3.13,94.225,Artiﬁcial neural network models based on QSAR for predicting rejection of neutral organic compounds by polyamide nanoﬁltration and reverse osmosis membranes
NF90,NF,Bisphenol A,CC(C)(c1ccc(O)cc1)c2ccc(O)cc2,23.744,2.8,7.0,20.0,96.0,0.053,228.291,200,0.453,0.562,0.3381552020183159,0.34,9.6,-18.37,3.32,59.8,-0.002505592667285735,0.04602773729803895,3.32,94.275,Artiﬁcial neural network models based on QSAR for predicting rejection of neutral organic compounds by polyamide nanoﬁltration and reverse osmosis membranes
NF90,NF,Carbamazepine,NC(=O)N1c2ccccc2C=Cc3ccccc13,23.744,2.8,7.0,20.0,96.0,0.053,236.274,180,0.4480000000000001,0.576,0.3334516559578687,0.34,13.9,-27.29,2.45,59.8,0.0,0.0,2.45,95.2,Artiﬁcial neural network models based on QSAR for predicting rejection of neutral organic compounds by polyamide nanoﬁltration and reverse osmosis membranes
NF90,NF,17β-Estradiol,C[C@]12CC[C@H]3[C@@H](CCc4cc(O)ccc34)[C@@H]1CC[C@@H]2O,23.744,2.8,7.0,20.0,96.0,0.053,272.388,100,0.402,0.73,0.3807542916588625,0.34,10.46,-5.0,4.01,59.8,-0.000346616665681558,0.00173308332840779,4.01,95.45,Artiﬁcial neural network models based on QSAR for predicting rejection of neutral organic compounds by polyamide nanoﬁltration and reverse osmosis membranes
NF90,NF,Nonylphenol,CCCCCCCCCc1ccccc1O,23.744,2.8,7.0,20.0,96.0,0.053,220.356,180,0.364,0.9029999999999999,0.3799131329745689,0.34,10.25,-27.29,5.71,59.8,-0.0005620252751523289,0.01533766975890706,5.71,95.85,Artiﬁcial neural network models based on QSAR for predicting rejection of neutral organic compounds by polyamide nanoﬁltration and reverse osmosis membranes
NF90,NF,Atrazine,CCNc1nc(Cl)nc(NC(C)C)n1,23.744,2.8,7.0,20.0,96.0,0.053,215.688,65,0.479,0.636,0.3212151828521403,0.34,1.7,-13.79,2.61,59.8,-0.9999949881527824,13.78993088662687,2.660003760889863,96.9,Artiﬁcial neural network models based on QSAR for predicting rejection of neutral organic compounds by polyamide nanoﬁltration and reverse osmosis membranes
RE-BLR,RO,Bromoform,BrC(Br)Br,15.4,4.8,8.0,20.0,96.0,0.1,252.731,175,0.327,0.342,0.211596735007286,0.4031806108897714,15.0,-20.9,2.4,46.8,0.0,0.0,2.4,50.0,Artiﬁcial neural network models based on QSAR for predicting rejection of neutral organic compounds by polyamide nanoﬁltration and reverse osmosis membranes
TS80,NF,Ethanol,CCO,22.5,5.0,7.0,20.0,96.0,0.002,46.069,200,0.239,0.323,0.1660514265336832,0.42,15.9,-32.7,-0.31,48.0,-1.258925410209269e-09,4.11668609138431e-08,-0.31,8.7,Artiﬁcial neural network models based on QSAR for predicting rejection of neutral organic compounds by polyamide nanoﬁltration and reverse osmosis membranes
TS80,NF,2-(1H)-Quinoline,C1=CC(=O)NC=C1 ,22.5,5.0,7.0,20.0,96.0,0.002,95.1009999999999,65,0.447,0.601,0.1826188954623013,0.42,12.02,-13.79,1.26,48.0,-9.549834660001379e-06,0.000131692219961419,1.26,21.5,Artiﬁcial neural network models based on QSAR for predicting rejection of neutral organic compounds by polyamide nanoﬁltration and reverse osmosis membranes
TS80,NF,2-Methoxyethanol,COCCO,22.5,5.0,7.0,20.0,96.0,0.002,76.095,200,0.253,0.441,0.199477756295778,0.42,14.8,-18.37,-0.77,48.0,-1.584893167342244e-08,2.911448748407702e-07,-0.77,31.7,Artiﬁcial neural network models based on QSAR for predicting rejection of neutral organic compounds by polyamide nanoﬁltration and reverse osmosis membranes
TS80,NF,N-(4-Methoxyphenyl)acetamide,COc1ccc(NC(C)=O)cc1,22.5,5.0,7.0,20.0,96.0,0.002,165.192,375,0.374,0.643,0.2884580071503136,0.42,14.53,-32.7,1.03,48.0,-2.951209139570032e-08,9.650453886394004e-07,1.03,38.3,Artiﬁcial neural network models based on QSAR for predicting rejection of neutral organic compounds by polyamide nanoﬁltration and reverse osmosis membranes
TS80,NF,Diuron,CN(C)C(=O)Nc1ccc(Cl)c(Cl)c1,22.5,5.0,7.0,20.0,96.0,0.002,233.097999999999,200,0.393,0.65,0.3452604307057441,0.42,13.55,-17.61,2.68,48.0,-2.818382136936434e-07,4.96317094314506e-06,2.68,72.8,Artiﬁcial neural network models based on QSAR for predicting rejection of neutral organic compounds by polyamide nanoﬁltration and reverse osmosis membranes
TS80,NF,Metobromuron,CON(C)C(=O)Nc1ccc(Br)cc1,22.5,5.0,7.0,20.0,96.0,0.002,259.102999999999,375,0.41,0.657,0.3140738590595943,0.42,12.8,-32.7,2.38,48.0,-1.584890680578658e-06,5.182592525492212e-05,2.38,78.4,Artiﬁcial neural network models based on QSAR for predicting rejection of neutral organic compounds by polyamide nanoﬁltration and reverse osmosis membranes
TS80,NF,Monolinuron,CON(C)C(=O)Nc1ccc(Cl)cc1,22.5,5.0,7.0,20.0,96.0,0.002,214.652,375,0.41,0.649,0.3092558690709489,0.42,12.8,-32.7,2.3,48.0,-1.584890680578658e-06,5.182592525492212e-05,2.3,78.8,Artiﬁcial neural network models based on QSAR for predicting rejection of neutral organic compounds by polyamide nanoﬁltration and reverse osmosis membranes
TS80,NF,Chlortoluron,CN(C)C(=O)Nc1ccc(C)c(Cl)c1,22.5,5.0,7.0,20.0,96.0,0.002,212.679999999999,200,0.385,0.629,0.3203990057170411,0.42,14.43,-17.61,2.41,48.0,-3.715352152933304e-08,6.542735141315548e-07,2.41,81.1,Artiﬁcial neural network models based on QSAR for predicting rejection of neutral organic compounds by polyamide nanoﬁltration and reverse osmosis membranes
TS80,NF,Simazine,CCNc1nc(Cl)nc(NCC)n1,22.5,5.0,7.0,20.0,96.0,0.002,201.661,100,0.49,0.628,0.29437824170211,0.42,1.62,-32.7,2.18,48.0,-0.9999958313235432,32.69986368427986,2.295007520412398,81.8,Artiﬁcial neural network models based on QSAR for predicting rejection of neutral organic compounds by polyamide nanoﬁltration and reverse osmosis membranes
TS80,NF,Antipyrine,CN1N(C(=O)C=C1C)c2ccccc2,22.5,5.0,7.0,25.0,96.0,0.002,188.23,100,0.413,0.589,0.3019455755285188,0.42,1.4,-5.0,0.38,48.0,-0.999997488119878,4.99998744059939,0.7200128184606567,85.2,Artiﬁcial neural network models based on QSAR for predicting rejection of neutral organic compounds by polyamide nanoﬁltration and reverse osmosis membranes
TS80,NF,Antipyrine,CN1N(C(=O)C=C1C)c2ccccc2,22.5,5.0,7.0,20.0,96.0,0.002,188.23,200,0.413,0.589,0.3019455755285188,0.42,1.4,-21.82,0.38,48.0,-0.999997488119878,21.81994519077574,0.7200128184606567,85.2,Artiﬁcial neural network models based on QSAR for predicting rejection of neutral organic compounds by polyamide nanoﬁltration and reverse osmosis membranes
TS80,NF,Carbamazepine,NC(=O)N1c2ccccc2C=Cc3ccccc13,22.5,5.0,7.0,20.0,96.0,0.002,236.274,200,0.4480000000000001,0.576,0.3334516559578687,0.42,13.9,-21.82,2.45,48.0,0.0,0.0,2.45,88.4,Artiﬁcial neural network models based on QSAR for predicting rejection of neutral organic compounds by polyamide nanoﬁltration and reverse osmosis membranes
TS80,NF,Metoxuron,COc1ccc(NC(=O)N(C)C)cc1Cl,22.5,5.0,7.0,20.0,96.0,0.002,228.678999999999,375,0.392,0.6940000000000001,0.3288522293900179,0.42,13.83,-32.7,1.64,48.0,-1.479108169392074e-07,4.836683713912082e-06,1.64,88.5,Artiﬁcial neural network models based on QSAR for predicting rejection of neutral organic compounds by polyamide nanoﬁltration and reverse osmosis membranes
TS80,NF,Estrone,C[C@]12CC[C@H]3[C@@H](CCc4cc(O)ccc34)[C@@H]1CCC2=O,22.5,5.0,7.0,20.0,96.0,0.002,270.372,200,0.406,0.682,0.3667832440887863,0.42,10.25,-32.7,3.13,48.0,-0.0005620252751523289,0.01837822649748116,3.13,90.0,Artiﬁcial neural network models based on QSAR for predicting rejection of neutral organic compounds by polyamide nanoﬁltration and reverse osmosis membranes
TS80,NF,Lindane,ClC1C(Cl)C(Cl)C(Cl)C(Cl)C1Cl,22.5,5.0,7.0,20.0,96.0,0.002,290.832,200,0.425,0.452,0.300833238226254,0.42,14.0,-32.7,3.72,48.0,0.0,0.0,3.72,90.8,Artiﬁcial neural network models based on QSAR for predicting rejection of neutral organic compounds by polyamide nanoﬁltration and reverse osmosis membranes
TS80,NF,Atrazine,CCNc1nc(Cl)nc(NC(C)C)n1,22.5,5.0,7.0,20.0,96.0,0.002,215.688,200,0.479,0.636,0.3212151828521403,0.42,1.7,-21.82,2.61,48.0,-0.9999949881527824,21.81989064149371,2.660003760889863,91.3,Artiﬁcial neural network models based on QSAR for predicting rejection of neutral organic compounds by polyamide nanoﬁltration and reverse osmosis membranes
TS80,NF,Isoproturon,CC(C)c1ccc(NC(=O)N(C)C)cc1,22.5,5.0,7.0,20.0,96.0,0.002,206.289,200,0.351,0.6980000000000001,0.343886878173025,0.42,15.06,-32.7,2.87,48.0,-8.709635823703039e-09,2.848050914350894e-07,2.87,93.2,Artiﬁcial neural network models based on QSAR for predicting rejection of neutral organic compounds by polyamide nanoﬁltration and reverse osmosis membranes
TS80,NF,Aminopyrine,CN(C)C1=C(C)N(C)N(c2ccccc2)C1=O,22.5,5.0,7.0,20.0,96.0,0.002,231.299,200,0.426,0.64,0.3451725712675839,0.42,5.0,-18.37,1.0,48.0,-0.9900990099009901,18.18811881188119,1.086808440166027,97.0,Artiﬁcial neural network models based on QSAR for predicting rejection of neutral organic compounds by polyamide nanoﬁltration and reverse osmosis membranes
TS80,NF,Glucose,OC[C@@H](O)[C@@H](O)[C@H](O)[C@@H](O)C=O,22.5,5.0,7.0,20.0,96.0,0.002,180.156,200,0.401,0.481,0.2515616313767203,0.42,12.45,-32.7,-3.24,48.0,-3.548121303126307e-06,0.0001160235666122303,-3.24,98.1,Artiﬁcial neural network models based on QSAR for predicting rejection of neutral organic compounds by polyamide nanoﬁltration and reverse osmosis membranes
TS80,NF,Bentazon,CC(C)N1C(=O)c2ccccc2N[S]1(=O)=O,22.5,5.0,7.0,20.0,96.0,0.002,240.284,200,0.402,0.584,0.3157526367487888,0.42,3.3,-21.82,2.34,48.0,-0.9998005135712785,21.8156472061253,0.1331434775946789,98.1,Artiﬁcial neural network models based on QSAR for predicting rejection of neutral organic compounds by polyamide nanoﬁltration and reverse osmosis membranes
BW30,RO,Acetaminophen,CC(=O)Nc1ccc(O)cc1,39.58182258,10.0,4.0,23.0,0.5,0.5,151.165,180,0.349,0.567,0.2518576668186564,0.4031806108897714,9.5,-16.26,0.49,59.8,-3.1622676602e-06,5.141847215485199e-05,0.49,92.59,Assessing potential of nanofilltration and reverse osmosis for removal of toxic pharmaceuticals from water
BW30,RO,Acetaminophen,CC(=O)Nc1ccc(O)cc1,39.58182258,10.0,5.0,23.0,0.5,0.5,151.165,180,0.349,0.567,0.2518576668186564,0.4031806108897714,9.5,-16.26,0.49,59.8,-3.162177663330553e-05,0.0005141700880575479,0.49,93.78,Assessing potential of nanofilltration and reverse osmosis for removal of toxic pharmaceuticals from water
BW30,RO,Acetaminophen,CC(=O)Nc1ccc(O)cc1,39.58182258,10.0,7.0,23.0,0.5,0.5,151.165,180,0.349,0.567,0.2518576668186564,0.4031806108897714,9.5,-16.26,0.49,59.8,-0.003152309183260209,0.051256547319811,0.49,89.53,Assessing potential of nanofilltration and reverse osmosis for removal of toxic pharmaceuticals from water
BW30,RO,Acetaminophen,CC(=O)Nc1ccc(O)cc1,59.37273387,15.0,4.0,23.0,0.5,0.5,151.165,180,0.349,0.567,0.2518576668186564,0.4031806108897714,9.5,-16.26,0.49,59.8,-3.1622676602e-06,5.141847215485199e-05,0.49,94.89,Assessing potential of nanofilltration and reverse osmosis for removal of toxic pharmaceuticals from water
BW30,RO,Acetaminophen,CC(=O)Nc1ccc(O)cc1,59.37273387,15.0,5.0,23.0,0.5,0.5,151.165,180,0.349,0.567,0.2518576668186564,0.4031806108897714,9.5,-16.26,0.49,59.8,-3.162177663330553e-05,0.0005141700880575479,0.49,96.99,Assessing potential of nanofilltration and reverse osmosis for removal of toxic pharmaceuticals from water
BW30,RO,Acetaminophen,CC(=O)Nc1ccc(O)cc1,59.37273387,15.0,7.0,23.0,0.5,0.5,151.165,180,0.349,0.567,0.2518576668186564,0.4031806108897714,9.5,-16.26,0.49,59.8,-0.003152309183260209,0.051256547319811,0.49,90.66,Assessing potential of nanofilltration and reverse osmosis for removal of toxic pharmaceuticals from water
BW30,RO,Acetaminophen,CC(=O)Nc1ccc(O)cc1,79.16364516,20.0,4.0,23.0,0.5,0.5,151.165,180,0.349,0.567,0.2518576668186564,0.4031806108897714,9.5,-16.26,0.49,59.8,-3.1622676602e-06,5.141847215485199e-05,0.49,94.33,Assessing potential of nanofilltration and reverse osmosis for removal of toxic pharmaceuticals from water
BW30,RO,Acetaminophen,CC(=O)Nc1ccc(O)cc1,79.16364516,20.0,5.0,23.0,0.5,0.5,151.165,180,0.349,0.567,0.2518576668186564,0.4031806108897714,9.5,-16.26,0.49,59.8,-3.162177663330553e-05,0.0005141700880575479,0.49,95.95,Assessing potential of nanofilltration and reverse osmosis for removal of toxic pharmaceuticals from water
BW30,RO,Acetaminophen,CC(=O)Nc1ccc(O)cc1,79.16364516,20.0,7.0,23.0,0.5,0.5,151.165,180,0.349,0.567,0.2518576668186564,0.4031806108897714,9.5,-16.26,0.49,59.8,-0.003152309183260209,0.051256547319811,0.49,89.93,Assessing potential of nanofilltration and reverse osmosis for removal of toxic pharmaceuticals from water
BW30,RO,Acetaminophen,CC(=O)Nc1ccc(O)cc1,118.74546774,30.0,4.0,23.0,0.5,0.5,151.165,180,0.349,0.567,0.2518576668186564,0.4031806108897714,9.5,-16.26,0.49,59.8,-3.1622676602e-06,5.141847215485199e-05,0.49,92.69,Assessing potential of nanofilltration and reverse osmosis for removal of toxic pharmaceuticals from water
BW30,RO,Acetaminophen,CC(=O)Nc1ccc(O)cc1,118.74546774,30.0,5.0,23.0,0.5,0.5,151.165,180,0.349,0.567,0.2518576668186564,0.4031806108897714,9.5,-16.26,0.49,59.8,-3.162177663330553e-05,0.0005141700880575479,0.49,93.69,Assessing potential of nanofilltration and reverse osmosis for removal of toxic pharmaceuticals from water
BW30,RO,Acetaminophen,CC(=O)Nc1ccc(O)cc1,118.74546774,30.0,7.0,23.0,0.5,0.5,151.165,180,0.349,0.567,0.2518576668186564,0.4031806108897714,9.5,-16.26,0.49,59.8,-0.003152309183260209,0.051256547319811,0.49,89.56,Assessing potential of nanofilltration and reverse osmosis for removal of toxic pharmaceuticals from water
BW30,RO,Caffeine,Cn1cnc2N(C)C(=O)N(C)C(=O)c12,39.58182258,10.0,4.0,23.0,0.5,0.5,194.193999999999,180,0.4440000000000001,0.503,0.3016073766829081,0.4031806108897714,14.0,-16.26,-0.07,59.8,-9.999999999e-11,1.6259999998374e-09,-0.07,95.51,Assessing potential of nanofilltration and reverse osmosis for removal of toxic pharmaceuticals from water
BW30,RO,Caffeine,Cn1cnc2N(C)C(=O)N(C)C(=O)c12,39.58182258,10.0,5.0,23.0,0.5,0.5,194.193999999999,180,0.4440000000000001,0.503,0.3016073766829081,0.4031806108897714,14.0,-16.26,-0.07,59.8,-9.99999999e-10,1.625999998374e-08,-0.07,94.72,Assessing potential of nanofilltration and reverse osmosis for removal of toxic pharmaceuticals from water
BW30,RO,Caffeine,Cn1cnc2N(C)C(=O)N(C)C(=O)c12,39.58182258,10.0,7.0,23.0,0.5,0.5,194.193999999999,180,0.4440000000000001,0.503,0.3016073766829081,0.4031806108897714,14.0,-16.26,-0.07,59.8,-9.9999990000001e-08,1.625999837400017e-06,-0.07,86.57,Assessing potential of nanofilltration and reverse osmosis for removal of toxic pharmaceuticals from water
BW30,RO,Caffeine,Cn1cnc2N(C)C(=O)N(C)C(=O)c12,59.37273387,15.0,4.0,23.0,0.5,0.5,194.193999999999,180,0.4440000000000001,0.503,0.3016073766829081,0.4031806108897714,14.0,-16.26,-0.07,59.8,-9.999999999e-11,1.6259999998374e-09,-0.07,99.9,Assessing potential of nanofilltration and reverse osmosis for removal of toxic pharmaceuticals from water
BW30,RO,Caffeine,Cn1cnc2N(C)C(=O)N(C)C(=O)c12,59.37273387,15.0,5.0,23.0,0.5,0.5,194.193999999999,180,0.4440000000000001,0.503,0.3016073766829081,0.4031806108897714,14.0,-16.26,-0.07,59.8,-9.99999999e-10,1.625999998374e-08,-0.07,94.34,Assessing potential of nanofilltration and reverse osmosis for removal of toxic pharmaceuticals from water
BW30,RO,Caffeine,Cn1cnc2N(C)C(=O)N(C)C(=O)c12,59.37273387,15.0,7.0,23.0,0.5,0.5,194.193999999999,180,0.4440000000000001,0.503,0.3016073766829081,0.4031806108897714,14.0,-16.26,-0.07,59.8,-9.9999990000001e-08,1.625999837400017e-06,-0.07,93.56,Assessing potential of nanofilltration and reverse osmosis for removal of toxic pharmaceuticals from water
BW30,RO,Caffeine,Cn1cnc2N(C)C(=O)N(C)C(=O)c12,79.16364516,20.0,4.0,23.0,0.5,0.5,194.193999999999,180,0.4440000000000001,0.503,0.3016073766829081,0.4031806108897714,14.0,-16.26,-0.07,59.8,-9.999999999e-11,1.6259999998374e-09,-0.07,96.1,Assessing potential of nanofilltration and reverse osmosis for removal of toxic pharmaceuticals from water
BW30,RO,Caffeine,Cn1cnc2N(C)C(=O)N(C)C(=O)c12,79.16364516,20.0,5.0,23.0,0.5,0.5,194.193999999999,180,0.4440000000000001,0.503,0.3016073766829081,0.4031806108897714,14.0,-16.26,-0.07,59.8,-9.99999999e-10,1.625999998374e-08,-0.07,94.66,Assessing potential of nanofilltration and reverse osmosis for removal of toxic pharmaceuticals from water
BW30,RO,Caffeine,Cn1cnc2N(C)C(=O)N(C)C(=O)c12,79.16364516,20.0,7.0,23.0,0.5,0.5,194.193999999999,180,0.4440000000000001,0.503,0.3016073766829081,0.4031806108897714,14.0,-16.26,-0.07,59.8,-9.9999990000001e-08,1.625999837400017e-06,-0.07,93.93,Assessing potential of nanofilltration and reverse osmosis for removal of toxic pharmaceuticals from water
BW30,RO,Caffeine,Cn1cnc2N(C)C(=O)N(C)C(=O)c12,118.74546774,30.0,4.0,23.0,0.5,0.5,194.193999999999,180,0.4440000000000001,0.503,0.3016073766829081,0.4031806108897714,14.0,-16.26,-0.07,59.8,-9.999999999e-11,1.6259999998374e-09,-0.07,95.48,Assessing potential of nanofilltration and reverse osmosis for removal of toxic pharmaceuticals from water
BW30,RO,Caffeine,Cn1cnc2N(C)C(=O)N(C)C(=O)c12,118.74546774,30.0,5.0,23.0,0.5,0.5,194.193999999999,180,0.4440000000000001,0.503,0.3016073766829081,0.4031806108897714,14.0,-16.26,-0.07,59.8,-9.99999999e-10,1.625999998374e-08,-0.07,94.79,Assessing potential of nanofilltration and reverse osmosis for removal of toxic pharmaceuticals from water
BW30,RO,Caffeine,Cn1cnc2N(C)C(=O)N(C)C(=O)c12,118.74546774,30.0,7.0,23.0,0.5,0.5,194.193999999999,180,0.4440000000000001,0.503,0.3016073766829081,0.4031806108897714,14.0,-16.26,-0.07,59.8,-9.9999990000001e-08,1.625999837400017e-06,-0.07,86.61,Assessing potential of nanofilltration and reverse osmosis for removal of toxic pharmaceuticals from water
BW30,RO,Diclofenac,OC(=O)Cc1ccccc1Nc2c(Cl)cccc2Cl,39.58182258,10.0,5.0,23.0,0.5,0.5,296.153,180,0.462,0.634,0.3476931977505725,0.4031806108897714,4.15,-16.26,4.51,59.8,-0.8762293189310645,14.24748872581911,2.474210407978376,99.26,Assessing potential of nanofilltration and reverse osmosis for removal of toxic pharmaceuticals from water
BW30,RO,Diclofenac,OC(=O)Cc1ccccc1Nc2c(Cl)cccc2Cl,39.58182258,10.0,7.0,23.0,0.5,0.5,296.153,180,0.462,0.634,0.3476931977505725,0.4031806108897714,4.15,-16.26,4.51,59.8,-0.9985894549032847,16.23706453672741,2.18992467830834,99.26,Assessing potential of nanofilltration and reverse osmosis for removal of toxic pharmaceuticals from water
BW30,RO,Diclofenac,OC(=O)Cc1ccccc1Nc2c(Cl)cccc2Cl,59.37273387,15.0,5.0,23.0,0.5,0.5,296.153,180,0.462,0.634,0.3476931977505725,0.4031806108897714,4.15,-16.26,4.51,59.8,-0.8762293189310645,14.24748872581911,2.474210407978376,98.97,Assessing potential of nanofilltration and reverse osmosis for removal of toxic pharmaceuticals from water
BW30,RO,Diclofenac,OC(=O)Cc1ccccc1Nc2c(Cl)cccc2Cl,59.37273387,15.0,7.0,23.0,0.5,0.5,296.153,180,0.462,0.634,0.3476931977505725,0.4031806108897714,4.15,-16.26,4.51,59.8,-0.9985894549032847,16.23706453672741,2.18992467830834,99.75,Assessing potential of nanofilltration and reverse osmosis for removal of toxic pharmaceuticals from water
BW30,RO,Diclofenac,OC(=O)Cc1ccccc1Nc2c(Cl)cccc2Cl,79.16364516,20.0,5.0,23.0,0.5,0.5,296.153,180,0.462,0.634,0.3476931977505725,0.4031806108897714,4.15,-16.26,4.51,59.8,-0.8762293189310645,14.24748872581911,2.474210407978376,99.69,Assessing potential of nanofilltration and reverse osmosis for removal of toxic pharmaceuticals from water
BW30,RO,Diclofenac,OC(=O)Cc1ccccc1Nc2c(Cl)cccc2Cl,79.16364516,20.0,7.0,23.0,0.5,0.5,296.153,180,0.462,0.634,0.3476931977505725,0.4031806108897714,4.15,-16.26,4.51,59.8,-0.9985894549032847,16.23706453672741,2.18992467830834,99.79,Assessing potential of nanofilltration and reverse osmosis for removal of toxic pharmaceuticals from water
BW30,RO,Diclofenac,OC(=O)Cc1ccccc1Nc2c(Cl)cccc2Cl,118.74546774,30.0,5.0,23.0,0.5,0.5,296.153,180,0.462,0.634,0.3476931977505725,0.4031806108897714,4.15,-16.26,4.51,59.8,-0.8762293189310645,14.24748872581911,2.474210407978376,99.11,Assessing potential of nanofilltration and reverse osmosis for removal of toxic pharmaceuticals from water
BW30,RO,Diclofenac,OC(=O)Cc1ccccc1Nc2c(Cl)cccc2Cl,118.74546774,30.0,7.0,23.0,0.5,0.5,296.153,180,0.462,0.634,0.3476931977505725,0.4031806108897714,4.15,-16.26,4.51,59.8,-0.9985894549032847,16.23706453672741,2.18992467830834,99.06,Assessing potential of nanofilltration and reverse osmosis for removal of toxic pharmaceuticals from water
BW30,RO,Ibuprofen,CC(C)Cc1ccc(cc1)C(C)C(O)=O,39.58182258,10.0,4.0,23.0,0.5,0.5,206.284999999999,180,0.378,0.659,0.3727263864585965,0.4031806108897714,5.2,-16.26,3.97,59.8,-0.05935094310276757,0.9650463348510008,3.777434709258662,99.31,Assessing potential of nanofilltration and reverse osmosis for removal of toxic pharmaceuticals from water
BW30,RO,Ibuprofen,CC(C)Cc1ccc(cc1)C(C)C(O)=O,39.58182258,10.0,5.0,23.0,0.5,0.5,206.284999999999,180,0.378,0.659,0.3727263864585965,0.4031806108897714,5.2,-16.26,3.97,59.8,-0.3868631798468569,6.290395304309893,2.714814878925577,99.31,Assessing potential of nanofilltration and reverse osmosis for removal of toxic pharmaceuticals from water
BW30,RO,Ibuprofen,CC(C)Cc1ccc(cc1)C(C)C(O)=O,39.58182258,10.0,7.0,23.0,0.5,0.5,206.284999999999,180,0.378,0.659,0.3727263864585965,0.4031806108897714,5.2,-16.26,3.97,59.8,-0.9843983377581704,16.00631697194785,0.7761004222382355,99.11,Assessing potential of nanofilltration and reverse osmosis for removal of toxic pharmaceuticals from water
BW30,RO,Ibuprofen,CC(C)Cc1ccc(cc1)C(C)C(O)=O,59.37273387,15.0,4.0,23.0,0.5,0.5,206.284999999999,180,0.378,0.659,0.3727263864585965,0.4031806108897714,5.2,-16.26,3.97,59.8,-0.05935094310276757,0.9650463348510008,3.777434709258662,100.0,Assessing potential of nanofilltration and reverse osmosis for removal of toxic pharmaceuticals from water
BW30,RO,Ibuprofen,CC(C)Cc1ccc(cc1)C(C)C(O)=O,59.37273387,15.0,5.0,23.0,0.5,0.5,206.284999999999,180,0.378,0.659,0.3727263864585965,0.4031806108897714,5.2,-16.26,3.97,59.8,-0.3868631798468569,6.290395304309893,2.714814878925577,99.98,Assessing potential of nanofilltration and reverse osmosis for removal of toxic pharmaceuticals from water
BW30,RO,Ibuprofen,CC(C)Cc1ccc(cc1)C(C)C(O)=O,59.37273387,15.0,7.0,23.0,0.5,0.5,206.284999999999,180,0.378,0.659,0.3727263864585965,0.4031806108897714,5.2,-16.26,3.97,59.8,-0.9843983377581704,16.00631697194785,0.7761004222382355,100.0,Assessing potential of nanofilltration and reverse osmosis for removal of toxic pharmaceuticals from water
BW30,RO,Ibuprofen,CC(C)Cc1ccc(cc1)C(C)C(O)=O,79.16364516,20.0,4.0,23.0,0.5,0.5,206.284999999999,180,0.378,0.659,0.3727263864585965,0.4031806108897714,5.2,-16.26,3.97,59.8,-0.05935094310276757,0.9650463348510008,3.777434709258662,99.24,Assessing potential of nanofilltration and reverse osmosis for removal of toxic pharmaceuticals from water
BW30,RO,Ibuprofen,CC(C)Cc1ccc(cc1)C(C)C(O)=O,79.16364516,20.0,5.0,23.0,0.5,0.5,206.284999999999,180,0.378,0.659,0.3727263864585965,0.4031806108897714,5.2,-16.26,3.97,59.8,-0.3868631798468569,6.290395304309893,2.714814878925577,99.15,Assessing potential of nanofilltration and reverse osmosis for removal of toxic pharmaceuticals from water
BW30,RO,Ibuprofen,CC(C)Cc1ccc(cc1)C(C)C(O)=O,79.16364516,20.0,7.0,23.0,0.5,0.5,206.284999999999,180,0.378,0.659,0.3727263864585965,0.4031806108897714,5.2,-16.26,3.97,59.8,-0.9843983377581704,16.00631697194785,0.7761004222382355,99.11,Assessing potential of nanofilltration and reverse osmosis for removal of toxic pharmaceuticals from water
BW30,RO,Ibuprofen,CC(C)Cc1ccc(cc1)C(C)C(O)=O,118.74546774,30.0,4.0,23.0,0.5,0.5,206.284999999999,180,0.378,0.659,0.3727263864585965,0.4031806108897714,5.2,-16.26,3.97,59.8,-0.05935094310276757,0.9650463348510008,3.777434709258662,99.21,Assessing potential of nanofilltration and reverse osmosis for removal of toxic pharmaceuticals from water
BW30,RO,Ibuprofen,CC(C)Cc1ccc(cc1)C(C)C(O)=O,118.74546774,30.0,5.0,23.0,0.5,0.5,206.284999999999,180,0.378,0.659,0.3727263864585965,0.4031806108897714,5.2,-16.26,3.97,59.8,-0.3868631798468569,6.290395304309893,2.714814878925577,99.25,Assessing potential of nanofilltration and reverse osmosis for removal of toxic pharmaceuticals from water
BW30,RO,Ibuprofen,CC(C)Cc1ccc(cc1)C(C)C(O)=O,118.74546774,30.0,7.0,23.0,0.5,0.5,206.284999999999,180,0.378,0.659,0.3727263864585965,0.4031806108897714,5.2,-16.26,3.97,59.8,-0.9843983377581704,16.00631697194785,0.7761004222382355,99.16,Assessing potential of nanofilltration and reverse osmosis for removal of toxic pharmaceuticals from water
NF90,NF,Acetaminophen,CC(=O)Nc1ccc(O)cc1,42.4,5.0,4.0,23.0,0.5,0.5,151.165,100,0.349,0.567,0.2518576668186564,0.34,9.5,-27.29,0.49,41.4,-3.1622676602e-06,8.629828444685799e-05,0.49,89.5,Assessing potential of nanofilltration and reverse osmosis for removal of toxic pharmaceuticals from water
NF90,NF,Acetaminophen,CC(=O)Nc1ccc(O)cc1,42.4,5.0,5.0,23.0,0.5,0.5,151.165,100,0.349,0.567,0.2518576668186564,0.34,9.5,-27.29,0.49,41.4,-3.162177663330553e-05,0.0008629582843229077,0.49,89.96,Assessing potential of nanofilltration and reverse osmosis for removal of toxic pharmaceuticals from water
NF90,NF,Acetaminophen,CC(=O)Nc1ccc(O)cc1,42.4,5.0,7.0,23.0,0.5,0.5,151.165,100,0.349,0.567,0.2518576668186564,0.34,9.5,-27.29,0.49,41.4,-0.003152309183260209,0.0860265176111711,0.49,89.25,Assessing potential of nanofilltration and reverse osmosis for removal of toxic pharmaceuticals from water
NF90,NF,Acetaminophen,CC(=O)Nc1ccc(O)cc1,84.8,10.0,4.0,23.0,0.5,0.5,151.165,100,0.349,0.567,0.2518576668186564,0.34,9.5,-27.29,0.49,41.4,-3.1622676602e-06,8.629828444685799e-05,0.49,91.65,Assessing potential of nanofilltration and reverse osmosis for removal of toxic pharmaceuticals from water
NF90,NF,Acetaminophen,CC(=O)Nc1ccc(O)cc1,84.8,10.0,5.0,23.0,0.5,0.5,151.165,100,0.349,0.567,0.2518576668186564,0.34,9.5,-27.29,0.49,41.4,-3.162177663330553e-05,0.0008629582843229077,0.49,91.1,Assessing potential of nanofilltration and reverse osmosis for removal of toxic pharmaceuticals from water
NF90,NF,Acetaminophen,CC(=O)Nc1ccc(O)cc1,84.8,10.0,7.0,23.0,0.5,0.5,151.165,100,0.349,0.567,0.2518576668186564,0.34,9.5,-27.29,0.49,41.4,-0.003152309183260209,0.0860265176111711,0.49,91.87,Assessing potential of nanofilltration and reverse osmosis for removal of toxic pharmaceuticals from water
NF90,NF,Acetaminophen,CC(=O)Nc1ccc(O)cc1,127.2,15.0,4.0,23.0,0.5,0.5,151.165,100,0.349,0.567,0.2518576668186564,0.34,9.5,-27.29,0.49,41.4,-3.1622676602e-06,8.629828444685799e-05,0.49,91.04,Assessing potential of nanofilltration and reverse osmosis for removal of toxic pharmaceuticals from water
NF90,NF,Acetaminophen,CC(=O)Nc1ccc(O)cc1,127.2,15.0,5.0,23.0,0.5,0.5,151.165,100,0.349,0.567,0.2518576668186564,0.34,9.5,-27.29,0.49,41.4,-3.162177663330553e-05,0.0008629582843229077,0.49,90.84,Assessing potential of nanofilltration and reverse osmosis for removal of toxic pharmaceuticals from water
NF90,NF,Acetaminophen,CC(=O)Nc1ccc(O)cc1,127.2,15.0,7.0,23.0,0.5,0.5,151.165,100,0.349,0.567,0.2518576668186564,0.34,9.5,-27.29,0.49,41.4,-0.003152309183260209,0.0860265176111711,0.49,91.18,Assessing potential of nanofilltration and reverse osmosis for removal of toxic pharmaceuticals from water
NF90,NF,Acetaminophen,CC(=O)Nc1ccc(O)cc1,169.6,20.0,4.0,23.0,0.5,0.5,151.165,100,0.349,0.567,0.2518576668186564,0.34,9.5,-27.29,0.49,41.4,-3.1622676602e-06,8.629828444685799e-05,0.49,91.33,Assessing potential of nanofilltration and reverse osmosis for removal of toxic pharmaceuticals from water
NF90,NF,Acetaminophen,CC(=O)Nc1ccc(O)cc1,169.6,20.0,5.0,23.0,0.5,0.5,151.165,100,0.349,0.567,0.2518576668186564,0.34,9.5,-27.29,0.49,41.4,-3.162177663330553e-05,0.0008629582843229077,0.49,92.4,Assessing potential of nanofilltration and reverse osmosis for removal of toxic pharmaceuticals from water
NF90,NF,Acetaminophen,CC(=O)Nc1ccc(O)cc1,169.6,20.0,7.0,23.0,0.5,0.5,151.165,100,0.349,0.567,0.2518576668186564,0.34,9.5,-27.29,0.49,41.4,-0.003152309183260209,0.0860265176111711,0.49,92.69,Assessing potential of nanofilltration and reverse osmosis for removal of toxic pharmaceuticals from water
NF90,NF,Caffeine,Cn1cnc2N(C)C(=O)N(C)C(=O)c12,42.4,5.0,4.0,23.0,0.5,0.5,194.193999999999,100,0.4440000000000001,0.503,0.3016073766829081,0.34,10.4,-27.29,-0.07,41.4,-3.9810701206424e-07,1.086434035923311e-05,-0.07,94.71,Assessing potential of nanofilltration and reverse osmosis for removal of toxic pharmaceuticals from water
NF90,NF,Caffeine,Cn1cnc2N(C)C(=O)N(C)C(=O)c12,42.4,5.0,5.0,23.0,0.5,0.5,194.193999999999,100,0.4440000000000001,0.503,0.3016073766829081,0.34,10.4,-27.29,-0.07,41.4,-3.981055856666137e-06,0.0001086430143284189,-0.07,93.81,Assessing potential of nanofilltration and reverse osmosis for removal of toxic pharmaceuticals from water
NF90,NF,Caffeine,Cn1cnc2N(C)C(=O)N(C)C(=O)c12,42.4,5.0,7.0,23.0,0.5,0.5,194.193999999999,100,0.4440000000000001,0.503,0.3016073766829081,0.34,10.4,-27.29,-0.07,41.4,-0.0003979487443048762,0.01086002123208007,-0.07,94.28,Assessing potential of nanofilltration and reverse osmosis for removal of toxic pharmaceuticals from water
NF90,NF,Caffeine,Cn1cnc2N(C)C(=O)N(C)C(=O)c12,84.8,10.0,4.0,23.0,0.5,0.5,194.193999999999,100,0.4440000000000001,0.503,0.3016073766829081,0.34,10.4,-27.29,-0.07,41.4,-3.9810701206424e-07,1.086434035923311e-05,-0.07,93.82,Assessing potential of nanofilltration and reverse osmosis for removal of toxic pharmaceuticals from water
NF90,NF,Caffeine,Cn1cnc2N(C)C(=O)N(C)C(=O)c12,84.8,10.0,5.0,23.0,0.5,0.5,194.193999999999,100,0.4440000000000001,0.503,0.3016073766829081,0.34,10.4,-27.29,-0.07,41.4,-3.981055856666137e-06,0.0001086430143284189,-0.07,92.38,Assessing potential of nanofilltration and reverse osmosis for removal of toxic pharmaceuticals from water
NF90,NF,Caffeine,Cn1cnc2N(C)C(=O)N(C)C(=O)c12,84.8,10.0,7.0,23.0,0.5,0.5,194.193999999999,100,0.4440000000000001,0.503,0.3016073766829081,0.34,10.4,-27.29,-0.07,41.4,-0.0003979487443048762,0.01086002123208007,-0.07,92.88,Assessing potential of nanofilltration and reverse osmosis for removal of toxic pharmaceuticals from water
NF90,NF,Caffeine,Cn1cnc2N(C)C(=O)N(C)C(=O)c12,127.2,15.0,4.0,23.0,0.5,0.5,194.193999999999,100,0.4440000000000001,0.503,0.3016073766829081,0.34,10.4,-27.29,-0.07,41.4,-3.9810701206424e-07,1.086434035923311e-05,-0.07,92.69,Assessing potential of nanofilltration and reverse osmosis for removal of toxic pharmaceuticals from water
NF90,NF,Caffeine,Cn1cnc2N(C)C(=O)N(C)C(=O)c12,127.2,15.0,5.0,23.0,0.5,0.5,194.193999999999,100,0.4440000000000001,0.503,0.3016073766829081,0.34,10.4,-27.29,-0.07,41.4,-3.981055856666137e-06,0.0001086430143284189,-0.07,92.55,Assessing potential of nanofilltration and reverse osmosis for removal of toxic pharmaceuticals from water
NF90,NF,Caffeine,Cn1cnc2N(C)C(=O)N(C)C(=O)c12,127.2,15.0,7.0,23.0,0.5,0.5,194.193999999999,100,0.4440000000000001,0.503,0.3016073766829081,0.34,10.4,-27.29,-0.07,41.4,-0.0003979487443048762,0.01086002123208007,-0.07,92.45,Assessing potential of nanofilltration and reverse osmosis for removal of toxic pharmaceuticals from water
NF90,NF,Caffeine,Cn1cnc2N(C)C(=O)N(C)C(=O)c12,169.6,20.0,4.0,23.0,0.5,0.5,194.193999999999,100,0.4440000000000001,0.503,0.3016073766829081,0.34,10.4,-27.29,-0.07,41.4,-3.9810701206424e-07,1.086434035923311e-05,-0.07,93.37,Assessing potential of nanofilltration and reverse osmosis for removal of toxic pharmaceuticals from water
NF90,NF,Caffeine,Cn1cnc2N(C)C(=O)N(C)C(=O)c12,169.6,20.0,5.0,23.0,0.5,0.5,194.193999999999,100,0.4440000000000001,0.503,0.3016073766829081,0.34,10.4,-27.29,-0.07,41.4,-3.981055856666137e-06,0.0001086430143284189,-0.07,93.75,Assessing potential of nanofilltration and reverse osmosis for removal of toxic pharmaceuticals from water
NF90,NF,Caffeine,Cn1cnc2N(C)C(=O)N(C)C(=O)c12,169.6,20.0,7.0,23.0,0.5,0.5,194.193999999999,100,0.4440000000000001,0.503,0.3016073766829081,0.34,10.4,-27.29,-0.07,41.4,-0.0003979487443048762,0.01086002123208007,-0.07,92.3,Assessing potential of nanofilltration and reverse osmosis for removal of toxic pharmaceuticals from water
NF90,NF,Diclofenac,OC(=O)Cc1ccccc1Nc2c(Cl)cccc2Cl,42.4,5.0,5.0,23.0,0.5,0.5,296.153,100,0.462,0.634,0.3476931977505725,0.34,4.15,-27.29,4.51,41.4,-0.8762293189310645,23.91229811362875,2.474210407978376,94.07,Assessing potential of nanofilltration and reverse osmosis for removal of toxic pharmaceuticals from water
NF90,NF,Diclofenac,OC(=O)Cc1ccccc1Nc2c(Cl)cccc2Cl,42.4,5.0,7.0,23.0,0.5,0.5,296.153,100,0.462,0.634,0.3476931977505725,0.34,4.15,-27.29,4.51,41.4,-0.9985894549032847,27.25150622431064,2.18992467830834,94.13,Assessing potential of nanofilltration and reverse osmosis for removal of toxic pharmaceuticals from water
NF90,NF,Diclofenac,OC(=O)Cc1ccccc1Nc2c(Cl)cccc2Cl,84.8,10.0,5.0,23.0,0.5,0.5,296.153,100,0.462,0.634,0.3476931977505725,0.34,4.15,-27.29,4.51,41.4,-0.8762293189310645,23.91229811362875,2.474210407978376,96.16,Assessing potential of nanofilltration and reverse osmosis for removal of toxic pharmaceuticals from water
NF90,NF,Diclofenac,OC(=O)Cc1ccccc1Nc2c(Cl)cccc2Cl,84.8,10.0,7.0,23.0,0.5,0.5,296.153,100,0.462,0.634,0.3476931977505725,0.34,4.15,-27.29,4.51,41.4,-0.9985894549032847,27.25150622431064,2.18992467830834,96.82,Assessing potential of nanofilltration and reverse osmosis for removal of toxic pharmaceuticals from water
NF90,NF,Diclofenac,OC(=O)Cc1ccccc1Nc2c(Cl)cccc2Cl,127.2,15.0,5.0,23.0,0.5,0.5,296.153,100,0.462,0.634,0.3476931977505725,0.34,4.15,-27.29,4.51,41.4,-0.8762293189310645,23.91229811362875,2.474210407978376,97.02,Assessing potential of nanofilltration and reverse osmosis for removal of toxic pharmaceuticals from water
NF90,NF,Diclofenac,OC(=O)Cc1ccccc1Nc2c(Cl)cccc2Cl,127.2,15.0,7.0,23.0,0.5,0.5,296.153,100,0.462,0.634,0.3476931977505725,0.34,4.15,-27.29,4.51,41.4,-0.9985894549032847,27.25150622431064,2.18992467830834,97.36,Assessing potential of nanofilltration and reverse osmosis for removal of toxic pharmaceuticals from water
NF90,NF,Diclofenac,OC(=O)Cc1ccccc1Nc2c(Cl)cccc2Cl,169.6,20.0,5.0,23.0,0.5,0.5,296.153,100,0.462,0.634,0.3476931977505725,0.34,4.15,-27.29,4.51,41.4,-0.8762293189310645,23.91229811362875,2.474210407978376,97.82,Assessing potential of nanofilltration and reverse osmosis for removal of toxic pharmaceuticals from water
NF90,NF,Diclofenac,OC(=O)Cc1ccccc1Nc2c(Cl)cccc2Cl,169.6,20.0,7.0,23.0,0.5,0.5,296.153,100,0.462,0.634,0.3476931977505725,0.34,4.15,-27.29,4.51,41.4,-0.9985894549032847,27.25150622431064,2.18992467830834,97.77,Assessing potential of nanofilltration and reverse osmosis for removal of toxic pharmaceuticals from water
NF90,NF,Ibuprofen,CC(C)Cc1ccc(cc1)C(C)C(O)=O,42.4,5.0,4.0,23.0,0.5,0.5,206.284999999999,100,0.378,0.659,0.3727263864585965,0.34,5.2,-27.29,3.97,41.4,-0.05935094310276757,1.619687237274527,3.777434709258662,94.44,Assessing potential of nanofilltration and reverse osmosis for removal of toxic pharmaceuticals from water
NF90,NF,Ibuprofen,CC(C)Cc1ccc(cc1)C(C)C(O)=O,42.4,5.0,5.0,23.0,0.5,0.5,206.284999999999,100,0.378,0.659,0.3727263864585965,0.34,5.2,-27.29,3.97,41.4,-0.3868631798468569,10.55749617802072,2.714814878925577,96.62,Assessing potential of nanofilltration and reverse osmosis for removal of toxic pharmaceuticals from water
NF90,NF,Ibuprofen,CC(C)Cc1ccc(cc1)C(C)C(O)=O,42.4,5.0,7.0,23.0,0.5,0.5,206.284999999999,100,0.378,0.659,0.3727263864585965,0.34,5.2,-27.29,3.97,41.4,-0.9843983377581704,26.86423063742047,0.7761004222382355,92.37,Assessing potential of nanofilltration and reverse osmosis for removal of toxic pharmaceuticals from water
NF90,NF,Ibuprofen,CC(C)Cc1ccc(cc1)C(C)C(O)=O,84.8,10.0,4.0,23.0,0.5,0.5,206.284999999999,100,0.378,0.659,0.3727263864585965,0.34,5.2,-27.29,3.97,41.4,-0.05935094310276757,1.619687237274527,3.777434709258662,95.79,Assessing potential of nanofilltration and reverse osmosis for removal of toxic pharmaceuticals from water
NF90,NF,Ibuprofen,CC(C)Cc1ccc(cc1)C(C)C(O)=O,84.8,10.0,5.0,23.0,0.5,0.5,206.284999999999,100,0.378,0.659,0.3727263864585965,0.34,5.2,-27.29,3.97,41.4,-0.3868631798468569,10.55749617802072,2.714814878925577,97.66,Assessing potential of nanofilltration and reverse osmosis for removal of toxic pharmaceuticals from water
NF90,NF,Ibuprofen,CC(C)Cc1ccc(cc1)C(C)C(O)=O,84.8,10.0,7.0,23.0,0.5,0.5,206.284999999999,100,0.378,0.659,0.3727263864585965,0.34,5.2,-27.29,3.97,41.4,-0.9843983377581704,26.86423063742047,0.7761004222382355,93.79,Assessing potential of nanofilltration and reverse osmosis for removal of toxic pharmaceuticals from water
NF90,NF,Ibuprofen,CC(C)Cc1ccc(cc1)C(C)C(O)=O,127.2,15.0,4.0,23.0,0.5,0.5,206.284999999999,100,0.378,0.659,0.3727263864585965,0.34,5.2,-27.29,3.97,41.4,-0.05935094310276757,1.619687237274527,3.777434709258662,96.74,Assessing potential of nanofilltration and reverse osmosis for removal of toxic pharmaceuticals from water
NF90,NF,Ibuprofen,CC(C)Cc1ccc(cc1)C(C)C(O)=O,127.2,15.0,5.0,23.0,0.5,0.5,206.284999999999,100,0.378,0.659,0.3727263864585965,0.34,5.2,-27.29,3.97,41.4,-0.3868631798468569,10.55749617802072,2.714814878925577,97.85,Assessing potential of nanofilltration and reverse osmosis for removal of toxic pharmaceuticals from water
NF90,NF,Ibuprofen,CC(C)Cc1ccc(cc1)C(C)C(O)=O,127.2,15.0,7.0,23.0,0.5,0.5,206.284999999999,100,0.378,0.659,0.3727263864585965,0.34,5.2,-27.29,3.97,41.4,-0.9843983377581704,26.86423063742047,0.7761004222382355,95.43,Assessing potential of nanofilltration and reverse osmosis for removal of toxic pharmaceuticals from water
NF90,NF,Ibuprofen,CC(C)Cc1ccc(cc1)C(C)C(O)=O,169.6,20.0,4.0,23.0,0.5,0.5,206.284999999999,100,0.378,0.659,0.3727263864585965,0.34,5.2,-27.29,3.97,41.4,-0.05935094310276757,1.619687237274527,3.777434709258662,96.46,Assessing potential of nanofilltration and reverse osmosis for removal of toxic pharmaceuticals from water
NF90,NF,Ibuprofen,CC(C)Cc1ccc(cc1)C(C)C(O)=O,169.6,20.0,5.0,23.0,0.5,0.5,206.284999999999,100,0.378,0.659,0.3727263864585965,0.34,5.2,-27.29,3.97,41.4,-0.3868631798468569,10.55749617802072,2.714814878925577,97.97,Assessing potential of nanofilltration and reverse osmosis for removal of toxic pharmaceuticals from water
NF90,NF,Ibuprofen,CC(C)Cc1ccc(cc1)C(C)C(O)=O,169.6,20.0,7.0,23.0,0.5,0.5,206.284999999999,100,0.378,0.659,0.3727263864585965,0.34,5.2,-27.29,3.97,41.4,-0.9843983377581704,26.86423063742047,0.7761004222382355,96.08,Assessing potential of nanofilltration and reverse osmosis for removal of toxic pharmaceuticals from water
BW30,RO,Phenol,Oc1ccccc1,79.16364516,20.0,7.0,20.0,0.5,0.470565,94.1129999999999,100,0.34,0.396,0.2122069628285905,0.4031806108897714,10.02,-16.26,1.67,76.0,-0.0009540814453147002,0.01551336430081703,1.67,69.46,Comparison of flux behavior and synthetic organic compound removal by forward osmosis and reverse osmosis membranes
BW30,RO,4-Chlorophenol,Oc1ccc(Cl)cc1,79.16364516,20.0,7.0,20.0,0.5,0.6428,128.558,100,0.339,0.457,0.2361982832942509,0.4031806108897714,9.41,-16.26,2.39,76.0,-0.003875374493625008,0.06301358926634262,2.39,82.76,Comparison of flux behavior and synthetic organic compound removal by forward osmosis and reverse osmosis membranes
BW30,RO,Sulfamethoxazole,Cc1onc(N[S](=O)(=O)c2ccc(N)cc2)c1,79.16364516,20.0,7.0,20.0,0.5,1.2664,253.283,100,0.54,0.588,0.3153427582941809,0.4031806108897714,1.6,-16.26,0.89,76.0,-1.859097133559606,30.22891939167921,-0.1689132136423285,92.61,Comparison of flux behavior and synthetic organic compound removal by forward osmosis and reverse osmosis membranes
BW30,RO,Carbamazepine,NC(=O)N1c2ccccc2C=Cc3ccccc13,79.16364516,20.0,7.0,20.0,0.5,1.18137,236.274,100,0.4480000000000001,0.576,0.3334516559578687,0.4031806108897714,13.9,-16.26,2.45,76.0,0.0,0.0,2.45,95.57,Comparison of flux behavior and synthetic organic compound removal by forward osmosis and reverse osmosis membranes
BW30,RO,Atrazine,CCNc1nc(Cl)nc(NC(C)C)n1,79.16364516,20.0,7.0,20.0,0.5,1.07845,215.688,100,0.479,0.636,0.3212151828521403,0.4031806108897714,1.7,-16.26,2.61,76.0,-0.9999949881527824,16.25991850736424,2.660003760889863,96.06,Comparison of flux behavior and synthetic organic compound removal by forward osmosis and reverse osmosis membranes
BW30,RO,17α-Ethynilestradiol,C[C@]12CC[C@H]3[C@@H](CCc4cc(O)ccc34)[C@@H]1CC[C@@]2(O)C#C,79.16364516,20.0,7.0,20.0,0.5,1.48205,296.41,100,0.4440000000000001,0.72,0.3945213448379869,0.4031806108897714,10.33,-16.26,3.67,76.0,-0.0004675164674062613,0.00760181776002581,3.67,98.52,Comparison of flux behavior and synthetic organic compound removal by forward osmosis and reverse osmosis membranes
NF270,NF,Carbamazepine,NC(=O)N1c2ccccc2C=Cc3ccccc13,104.88,6.9,3.0,25.0,0.5,0.8,236.274,180,0.4480000000000001,0.576,0.3334516559578687,0.42,13.9,-42.7,2.45,64.1,-1.258925411778315e-11,5.375611508293406e-10,2.45,69.95,Effect of silica fouling on the removal of pharmaceuticals and personal care products by nanofilltration and reverse osmosis membranes
NF270,NF,Carbamazepine,NC(=O)N1c2ccccc2C=Cc3ccccc13,104.88,6.9,5.0,25.0,0.5,0.8,236.274,180,0.4480000000000001,0.576,0.3334516559578687,0.42,13.9,-42.7,2.45,64.1,-1.258925410209269e-09,5.37561150159358e-08,2.45,75.55,Effect of silica fouling on the removal of pharmaceuticals and personal care products by nanofilltration and reverse osmosis membranes
NF270,NF,Carbamazepine,NC(=O)N1c2ccccc2C=Cc3ccccc13,104.88,6.9,8.0,25.0,0.5,0.8,236.274,180,0.4480000000000001,0.576,0.3334516559578687,0.42,13.9,-42.7,2.45,64.1,-1.258923826902967e-06,5.37560474087567e-05,2.45,33.29,Effect of silica fouling on the removal of pharmaceuticals and personal care products by nanofilltration and reverse osmosis membranes
NF270,NF,Carbamazepine,NC(=O)N1c2ccccc2C=Cc3ccccc13,104.88,6.9,10.0,25.0,0.5,0.8,236.274,180,0.4480000000000001,0.576,0.3334516559578687,0.42,13.9,-42.7,2.45,64.1,-0.000125876694242503,0.005374934844154879,2.45,16.08,Effect of silica fouling on the removal of pharmaceuticals and personal care products by nanofilltration and reverse osmosis membranes
NF270,NF,Ibuprofen,CC(C)Cc1ccc(cc1)C(C)C(O)=O,104.88,6.9,3.0,25.0,0.5,0.8,206.284999999999,180,0.378,0.659,0.3727263864585965,0.42,5.2,-42.7,3.97,64.1,-0.006270012341433834,0.2677295269792247,3.949656822851334,23.22,Effect of silica fouling on the removal of pharmaceuticals and personal care products by nanofilltration and reverse osmosis membranes
NF270,NF,Ibuprofen,CC(C)Cc1ccc(cc1)C(C)C(O)=O,104.88,6.9,5.0,25.0,0.5,0.8,206.284999999999,180,0.378,0.659,0.3727263864585965,0.42,5.2,-42.7,3.97,64.1,-0.3868631798468569,16.51905777946079,2.714814878925577,86.95,Effect of silica fouling on the removal of pharmaceuticals and personal care products by nanofilltration and reverse osmosis membranes
NF270,NF,Ibuprofen,CC(C)Cc1ccc(cc1)C(C)C(O)=O,104.88,6.9,8.0,25.0,0.5,0.8,206.284999999999,180,0.378,0.659,0.3727263864585965,0.42,5.2,-42.7,3.97,64.1,-0.9984176147191982,42.63243214850976,0.7306146051163545,91.05,Effect of silica fouling on the removal of pharmaceuticals and personal care products by nanofilltration and reverse osmosis membranes
NF270,NF,Ibuprofen,CC(C)Cc1ccc(cc1)C(C)C(O)=O,104.88,6.9,10.0,25.0,0.5,0.8,206.284999999999,180,0.378,0.659,0.3727263864585965,0.42,5.2,-42.7,3.97,64.1,-0.99998415131926,42.6993232613324,0.7255319466095553,86.36,Effect of silica fouling on the removal of pharmaceuticals and personal care products by nanofilltration and reverse osmosis membranes
NF270,NF,Sulfadiazine,Nc1ccc(cc1)[S](=O)(=O)Nc2ncccn2,104.88,6.9,3.0,25.0,0.5,0.8,250.283,180,0.453,0.612,0.3093115947296739,0.42,6.36,-42.7,-0.09,64.1,-0.0004363253693084541,0.01863109326947099,-0.09,54.5,Effect of silica fouling on the removal of pharmaceuticals and personal care products by nanofilltration and reverse osmosis membranes
NF270,NF,Sulfadiazine,Nc1ccc(cc1)[S](=O)(=O)Nc2ncccn2,104.88,6.9,5.0,25.0,0.5,0.8,250.283,180,0.453,0.612,0.3093115947296739,0.42,6.36,-42.7,-0.09,64.1,-0.04182581996298938,1.785962512419647,-0.09,65.89,Effect of silica fouling on the removal of pharmaceuticals and personal care products by nanofilltration and reverse osmosis membranes
NF270,NF,Sulfadiazine,Nc1ccc(cc1)[S](=O)(=O)Nc2ncccn2,104.88,6.9,8.0,25.0,0.5,0.8,250.283,180,0.453,0.612,0.3093115947296739,0.42,6.36,-42.7,-0.09,64.1,-0.9776043775428295,41.74370692107882,-0.09,78.4,Effect of silica fouling on the removal of pharmaceuticals and personal care products by nanofilltration and reverse osmosis membranes
NF270,NF,Sulfadiazine,Nc1ccc(cc1)[S](=O)(=O)Nc2ncccn2,104.88,6.9,10.0,25.0,0.5,0.8,250.283,180,0.453,0.612,0.3093115947296739,0.42,6.36,-42.7,-0.09,64.1,-0.9997709657034494,42.69022023553729,-0.09,89.98,Effect of silica fouling on the removal of pharmaceuticals and personal care products by nanofilltration and reverse osmosis membranes
NF270,NF,Sulfamethazine,Cc1cc(C)nc(N[S](=O)(=O)c2ccc(N)cc2)n1,104.88,6.9,3.0,25.0,0.5,0.8,278.337,180,0.49,0.704,0.3369726188920903,0.42,2.65,-42.7,0.89,64.1,0.9998773842322598,-42.6947643067175,0.89,87.27,Effect of silica fouling on the removal of pharmaceuticals and personal care products by nanofilltration and reverse osmosis membranes
NF270,NF,Sulfamethazine,Cc1cc(C)nc(N[S](=O)(=O)c2ccc(N)cc2)n1,104.88,6.9,5.0,25.0,0.5,0.8,278.337,180,0.49,0.704,0.3369726188920903,0.42,2.65,-42.7,0.89,64.1,0.3317840594619896,-14.16717933902696,0.89,88.19,Effect of silica fouling on the removal of pharmaceuticals and personal care products by nanofilltration and reverse osmosis membranes
NF270,NF,Sulfamethazine,Cc1cc(C)nc(N[S](=O)(=O)c2ccc(N)cc2)n1,104.88,6.9,8.0,25.0,0.5,0.8,278.337,180,0.49,0.704,0.3369726188920903,0.42,2.65,-42.7,0.89,64.1,-0.9999915426941004,42.69963887303809,0.89,69.87,Effect of silica fouling on the removal of pharmaceuticals and personal care products by nanofilltration and reverse osmosis membranes
NF270,NF,Sulfamethazine,Cc1cc(C)nc(N[S](=O)(=O)c2ccc(N)cc2)n1,104.88,6.9,10.0,25.0,0.5,0.8,278.337,180,0.49,0.704,0.3369726188920903,0.42,2.65,-42.7,0.89,64.1,-0.9999999549325904,42.69999807562161,0.89,92.28,Effect of silica fouling on the removal of pharmaceuticals and personal care products by nanofilltration and reverse osmosis membranes
NF270,NF,Sulfamethoxazole,Cc1onc(N[S](=O)(=O)c2ccc(N)cc2)c1,104.88,6.9,3.0,25.0,0.5,0.8,253.283,180,0.54,0.588,0.3153427582941809,0.42,1.6,-42.7,0.89,64.1,0.03629416834312475,-1.549760988251427,0.9106726016316897,25.03,Effect of silica fouling on the removal of pharmaceuticals and personal care products by nanofilltration and reverse osmosis membranes
NF270,NF,Sulfamethoxazole,Cc1onc(N[S](=O)(=O)c2ccc(N)cc2)c1,104.88,6.9,5.0,25.0,0.5,0.8,253.283,180,0.54,0.588,0.3153427582941809,0.42,1.6,-42.7,0.89,64.1,-0.1936095614700644,8.267128274771748,0.7797229632452798,53.24,Effect of silica fouling on the removal of pharmaceuticals and personal care products by nanofilltration and reverse osmosis membranes
NF270,NF,Sulfamethoxazole,Cc1onc(N[S](=O)(=O)c2ccc(N)cc2)c1,104.88,6.9,8.0,25.0,0.5,0.8,253.283,180,0.54,0.588,0.3153427582941809,0.42,1.6,-42.7,0.89,64.1,-1.985064226823186,84.76224248535007,-0.2406621379632018,85.19,Effect of silica fouling on the removal of pharmaceuticals and personal care products by nanofilltration and reverse osmosis membranes
NF270,NF,Sulfamethoxazole,Cc1onc(N[S](=O)(=O)c2ccc(N)cc2)c1,104.88,6.9,10.0,25.0,0.5,0.8,253.283,180,0.54,0.588,0.3153427582941809,0.42,1.6,-42.7,0.89,64.1,-1.99984965387623,85.39358022051502,-0.2490836904432677,88.54,Effect of silica fouling on the removal of pharmaceuticals and personal care products by nanofilltration and reverse osmosis membranes
NF270,NF,Triclosan,Oc1cc(Cl)ccc1Oc2ccc(Cl)cc2Cl,104.88,6.9,3.0,25.0,0.5,0.8,289.544999999999,180,0.417,0.655,0.3336369670933355,0.42,7.9,-42.7,4.76,64.1,-1.258909563061765e-05,0.0005375543834273737,0.0,60.67,Effect of silica fouling on the removal of pharmaceuticals and personal care products by nanofilltration and reverse osmosis membranes
NF270,NF,Triclosan,Oc1cc(Cl)ccc1Oc2ccc(Cl)cc2Cl,104.88,6.9,5.0,25.0,0.5,0.8,289.544999999999,180,0.417,0.655,0.3336369670933355,0.42,7.9,-42.7,4.76,64.1,-0.001257342511355291,0.05368852523487092,0.0,62.52,Effect of silica fouling on the removal of pharmaceuticals and personal care products by nanofilltration and reverse osmosis membranes
NF270,NF,Triclosan,Oc1cc(Cl)ccc1Oc2ccc(Cl)cc2Cl,104.88,6.9,8.0,25.0,0.5,0.8,289.544999999999,180,0.417,0.655,0.3336369670933355,0.42,7.9,-42.7,4.76,64.1,-0.5573116337622925,23.79720676164989,0.0,37.65,Effect of silica fouling on the removal of pharmaceuticals and personal care products by nanofilltration and reverse osmosis membranes
NF270,NF,Triclosan,Oc1cc(Cl)ccc1Oc2ccc(Cl)cc2Cl,104.88,6.9,10.0,25.0,0.5,0.8,289.544999999999,180,0.417,0.655,0.3336369670933355,0.42,7.9,-42.7,4.76,64.1,-0.9921193161496697,42.3634947995909,0.0,43.81,Effect of silica fouling on the removal of pharmaceuticals and personal care products by nanofilltration and reverse osmosis membranes
NF90,NF,Carbamazepine,NC(=O)N1c2ccccc2C=Cc3ccccc13,58.51200000000001,6.9,3.0,25.0,0.5,0.8,236.274,330,0.4480000000000001,0.576,0.3334516559578687,0.34,13.9,-27.29,2.45,63.2,-1.258925411778315e-11,3.435607448743022e-10,2.45,71.67,Effect of silica fouling on the removal of pharmaceuticals and personal care products by nanofilltration and reverse osmosis membranes
NF90,NF,Carbamazepine,NC(=O)N1c2ccccc2C=Cc3ccccc13,58.51200000000001,6.9,5.0,25.0,0.5,0.8,236.274,330,0.4480000000000001,0.576,0.3334516559578687,0.34,13.9,-27.29,2.45,63.2,-1.258925410209269e-09,3.435607444461095e-08,2.45,68.29,Effect of silica fouling on the removal of pharmaceuticals and personal care products by nanofilltration and reverse osmosis membranes
NF90,NF,Carbamazepine,NC(=O)N1c2ccccc2C=Cc3ccccc13,58.51200000000001,6.9,8.0,25.0,0.5,0.8,236.274,330,0.4480000000000001,0.576,0.3334516559578687,0.34,13.9,-27.29,2.45,63.2,-1.258923826902967e-06,3.435603123618197e-05,2.45,65.85,Effect of silica fouling on the removal of pharmaceuticals and personal care products by nanofilltration and reverse osmosis membranes
NF90,NF,Carbamazepine,NC(=O)N1c2ccccc2C=Cc3ccccc13,58.51200000000001,6.9,10.0,25.0,0.5,0.8,236.274,330,0.4480000000000001,0.576,0.3334516559578687,0.34,13.9,-27.29,2.45,63.2,-0.000125876694242503,0.003435174985877908,2.45,89.12,Effect of silica fouling on the removal of pharmaceuticals and personal care products by nanofilltration and reverse osmosis membranes
NF90,NF,Ibuprofen,CC(C)Cc1ccc(cc1)C(C)C(O)=O,58.51200000000001,6.9,3.0,25.0,0.5,0.8,206.284999999999,330,0.378,0.659,0.3727263864585965,0.34,5.2,-27.29,3.97,63.2,-0.006270012341433834,0.1711086367977293,3.949656822851334,66.79,Effect of silica fouling on the removal of pharmaceuticals and personal care products by nanofilltration and reverse osmosis membranes
NF90,NF,Ibuprofen,CC(C)Cc1ccc(cc1)C(C)C(O)=O,58.51200000000001,6.9,5.0,25.0,0.5,0.8,206.284999999999,330,0.378,0.659,0.3727263864585965,0.34,5.2,-27.29,3.97,63.2,-0.3868631798468569,10.55749617802072,2.714814878925577,73.36,Effect of silica fouling on the removal of pharmaceuticals and personal care products by nanofilltration and reverse osmosis membranes
NF90,NF,Ibuprofen,CC(C)Cc1ccc(cc1)C(C)C(O)=O,58.51200000000001,6.9,8.0,25.0,0.5,0.8,206.284999999999,330,0.378,0.659,0.3727263864585965,0.34,5.2,-27.29,3.97,63.2,-0.9984176147191982,27.24681670568692,0.7306146051163545,78.42,Effect of silica fouling on the removal of pharmaceuticals and personal care products by nanofilltration and reverse osmosis membranes
NF90,NF,Ibuprofen,CC(C)Cc1ccc(cc1)C(C)C(O)=O,58.51200000000001,6.9,10.0,25.0,0.5,0.8,206.284999999999,330,0.378,0.659,0.3727263864585965,0.34,5.2,-27.29,3.97,63.2,-0.99998415131926,27.28956748950261,0.7255319466095553,96.06,Effect of silica fouling on the removal of pharmaceuticals and personal care products by nanofilltration and reverse osmosis membranes
NF90,NF,Sulfadiazine,Nc1ccc(cc1)[S](=O)(=O)Nc2ncccn2,58.51200000000001,6.9,3.0,25.0,0.5,0.8,250.283,330,0.453,0.612,0.3093115947296739,0.34,6.36,-27.29,-0.09,63.2,-0.0004363253693084541,0.01190731932842771,-0.09,73.55,Effect of silica fouling on the removal of pharmaceuticals and personal care products by nanofilltration and reverse osmosis membranes
NF90,NF,Sulfadiazine,Nc1ccc(cc1)[S](=O)(=O)Nc2ncccn2,58.51200000000001,6.9,5.0,25.0,0.5,0.8,250.283,330,0.453,0.612,0.3093115947296739,0.34,6.36,-27.29,-0.09,63.2,-0.04182581996298938,1.14142662678998,-0.09,73.55,Effect of silica fouling on the removal of pharmaceuticals and personal care products by nanofilltration and reverse osmosis membranes
NF90,NF,Sulfadiazine,Nc1ccc(cc1)[S](=O)(=O)Nc2ncccn2,58.51200000000001,6.9,8.0,25.0,0.5,0.8,250.283,330,0.453,0.612,0.3093115947296739,0.34,6.36,-27.29,-0.09,63.2,-0.9776043775428295,26.67882346314381,-0.09,79.55,Effect of silica fouling on the removal of pharmaceuticals and personal care products by nanofilltration and reverse osmosis membranes
NF90,NF,Sulfadiazine,Nc1ccc(cc1)[S](=O)(=O)Nc2ncccn2,58.51200000000001,6.9,10.0,25.0,0.5,0.8,250.283,330,0.453,0.612,0.3093115947296739,0.34,6.36,-27.29,-0.09,63.2,-0.9997709657034494,27.28374965404713,-0.09,96.81,Effect of silica fouling on the removal of pharmaceuticals and personal care products by nanofilltration and reverse osmosis membranes
NF90,NF,Sulfamethazine,Cc1cc(C)nc(N[S](=O)(=O)c2ccc(N)cc2)n1,58.51200000000001,6.9,3.0,25.0,0.5,0.8,278.337,330,0.49,0.704,0.3369726188920903,0.34,2.65,-27.29,0.89,63.2,0.9998773842322598,-27.28665381569837,0.89,74.67,Effect of silica fouling on the removal of pharmaceuticals and personal care products by nanofilltration and reverse osmosis membranes
NF90,NF,Sulfamethazine,Cc1cc(C)nc(N[S](=O)(=O)c2ccc(N)cc2)n1,58.51200000000001,6.9,5.0,25.0,0.5,0.8,278.337,330,0.49,0.704,0.3369726188920903,0.34,2.65,-27.29,0.89,63.2,0.3317840594619896,-9.054386982717695,0.89,72.8,Effect of silica fouling on the removal of pharmaceuticals and personal care products by nanofilltration and reverse osmosis membranes
NF90,NF,Sulfamethazine,Cc1cc(C)nc(N[S](=O)(=O)c2ccc(N)cc2)n1,58.51200000000001,6.9,8.0,25.0,0.5,0.8,278.337,330,0.49,0.704,0.3369726188920903,0.34,2.65,-27.29,0.89,63.2,-0.9999915426941004,27.289769200122,0.89,75.8,Effect of silica fouling on the removal of pharmaceuticals and personal care products by nanofilltration and reverse osmosis membranes
NF90,NF,Sulfamethazine,Cc1cc(C)nc(N[S](=O)(=O)c2ccc(N)cc2)n1,58.51200000000001,6.9,10.0,25.0,0.5,0.8,278.337,330,0.49,0.704,0.3369726188920903,0.34,2.65,-27.29,0.89,63.2,-0.9999999549325904,27.28999877011039,0.89,96.44,Effect of silica fouling on the removal of pharmaceuticals and personal care products by nanofilltration and reverse osmosis membranes
NF90,NF,Sulfamethoxazole,Cc1onc(N[S](=O)(=O)c2ccc(N)cc2)c1,58.51200000000001,6.9,3.0,25.0,0.5,0.8,253.283,330,0.54,0.588,0.3153427582941809,0.34,1.6,-27.29,0.89,63.2,0.03629416834312475,-0.9904678540838743,0.9106726016316897,69.61,Effect of silica fouling on the removal of pharmaceuticals and personal care products by nanofilltration and reverse osmosis membranes
NF90,NF,Sulfamethoxazole,Cc1onc(N[S](=O)(=O)c2ccc(N)cc2)c1,58.51200000000001,6.9,5.0,25.0,0.5,0.8,253.283,330,0.54,0.588,0.3153427582941809,0.34,1.6,-27.29,0.89,63.2,-0.1936095614700644,5.283604932518056,0.7797229632452798,74.3,Effect of silica fouling on the removal of pharmaceuticals and personal care products by nanofilltration and reverse osmosis membranes
NF90,NF,Sulfamethoxazole,Cc1onc(N[S](=O)(=O)c2ccc(N)cc2)c1,58.51200000000001,6.9,8.0,25.0,0.5,0.8,253.283,330,0.54,0.588,0.3153427582941809,0.34,1.6,-27.29,0.89,63.2,-1.985064226823186,54.17240275000476,-0.2406621379632018,79.55,Effect of silica fouling on the removal of pharmaceuticals and personal care products by nanofilltration and reverse osmosis membranes
NF90,NF,Sulfamethoxazole,Cc1onc(N[S](=O)(=O)c2ccc(N)cc2)c1,58.51200000000001,6.9,10.0,25.0,0.5,0.8,253.283,330,0.54,0.588,0.3153427582941809,0.34,1.6,-27.29,0.89,63.2,-1.99984965387623,54.57589705428231,-0.2490836904432677,96.62,Effect of silica fouling on the removal of pharmaceuticals and personal care products by nanofilltration and reverse osmosis membranes
NF90,NF,Triclosan,Oc1cc(Cl)ccc1Oc2ccc(Cl)cc2Cl,58.51200000000001,6.9,3.0,25.0,0.5,0.8,289.544999999999,330,0.417,0.655,0.3336369670933355,0.34,7.9,-27.29,4.76,63.2,-1.258909563061765e-05,0.0003435564197595556,0.0,74.3,Effect of silica fouling on the removal of pharmaceuticals and personal care products by nanofilltration and reverse osmosis membranes
NF90,NF,Triclosan,Oc1cc(Cl)ccc1Oc2ccc(Cl)cc2Cl,58.51200000000001,6.9,5.0,25.0,0.5,0.8,289.544999999999,330,0.417,0.655,0.3336369670933355,0.34,7.9,-27.29,4.76,63.2,-0.001257342511355291,0.03431287713488589,0.0,74.3,Effect of silica fouling on the removal of pharmaceuticals and personal care products by nanofilltration and reverse osmosis membranes
NF90,NF,Triclosan,Oc1cc(Cl)ccc1Oc2ccc(Cl)cc2Cl,58.51200000000001,6.9,8.0,25.0,0.5,0.8,289.544999999999,330,0.417,0.655,0.3336369670933355,0.34,7.9,-27.29,4.76,63.2,-0.5573116337622925,15.20903448537296,0.0,57.04,Effect of silica fouling on the removal of pharmaceuticals and personal care products by nanofilltration and reverse osmosis membranes
NF90,NF,Triclosan,Oc1cc(Cl)ccc1Oc2ccc(Cl)cc2Cl,58.51200000000001,6.9,10.0,25.0,0.5,0.8,289.544999999999,330,0.417,0.655,0.3336369670933355,0.34,7.9,-27.29,4.76,63.2,-0.9921193161496697,27.07493613772449,0.0,91.56,Effect of silica fouling on the removal of pharmaceuticals and personal care products by nanofilltration and reverse osmosis membranes
De-HL,NF,Sulfamethoxazole,Cc1onc(N[S](=O)(=O)c2ccc(N)cc2)c1,139.32,15.0,7.0,20.0,0.5,10.0,253.283,96,0.54,0.588,0.3153427582941809,0.45,1.6,-13.79,0.89,47.0,-1.859097133559606,25.63694947178697,-0.1689132136423285,24.7,Effect of water matrices on removal of veterinary pharmaceuticals by nanofiltration and reverse osmosis membranes
De-HL,NF,Ciprofloxacin,OC(=O)C1=CN(C2CC2)c3cc(N4CCNCC4)c(F)cc3C1=O,139.32,15.0,7.0,20.0,0.5,10.0,331.347,96,0.502,0.748,0.3689424368716731,0.45,6.16,-13.79,0.28,47.0,0.7009062548873292,-9.665497254896268,-1.96689089734763,98.2,Effect of water matrices on removal of veterinary pharmaceuticals by nanofiltration and reverse osmosis membranes
De-HL,NF,Dexamethasone,C[C@@H]1C[C@H]2[C@@H]3CCC4=CC(=O)C=C[C@]4(C)[C@@]3(F)[C@@H](O)C[C@]2(C)[C@@]1(O)C(=O)CO,139.32,15.0,7.0,20.0,0.5,10.0,392.467,96,0.486,0.743,0.4409415966246648,0.45,12.13,-13.79,1.83,47.0,-7.413047459329147e-06,0.0001022259244641489,1.83,100.0,Effect of water matrices on removal of veterinary pharmaceuticals by nanofiltration and reverse osmosis membranes
LFC1,RO,Sulfamethoxazole,Cc1onc(N[S](=O)(=O)c2ccc(N)cc2)c1,34.89847715736041,15.0,7.0,20.0,0.5,10.0,253.283,180,0.54,0.588,0.3153427582941809,0.4031806108897714,1.6,-3.2,0.89,78.0,-1.859097133559606,5.949110827390741,-0.1689132136423285,97.2,Effect of water matrices on removal of veterinary pharmaceuticals by nanofiltration and reverse osmosis membranes
LFC1,RO,Dexamethasone,C[C@@H]1C[C@H]2[C@@H]3CCC4=CC(=O)C=C[C@]4(C)[C@@]3(F)[C@@H](O)C[C@]2(C)[C@@]1(O)C(=O)CO,34.89847715736041,15.0,7.0,20.0,0.5,10.0,392.467,180,0.486,0.743,0.4409415966246648,0.4031806108897714,12.13,-3.2,1.83,78.0,-7.413047459329147e-06,2.372175186985327e-05,1.83,99.2,Effect of water matrices on removal of veterinary pharmaceuticals by nanofiltration and reverse osmosis membranes
LFC1,RO,Ciprofloxacin,OC(=O)C1=CN(C2CC2)c3cc(N4CCNCC4)c(F)cc3C1=O,34.89847715736041,15.0,7.0,20.0,0.5,10.0,331.347,180,0.502,0.748,0.3689424368716731,0.4031806108897714,6.16,-3.2,0.28,78.0,0.7009062548873292,-2.242900015639453,-1.96689089734763,100.0,Effect of water matrices on removal of veterinary pharmaceuticals by nanofiltration and reverse osmosis membranes
NF,NF,Sulfamethoxazole,Cc1onc(N[S](=O)(=O)c2ccc(N)cc2)c1,113.1,15.0,7.0,20.0,0.5,10.0,253.283,330,0.54,0.588,0.3153427582941809,0.43,1.6,-5.48,0.89,53.8,-1.859097133559606,10.18785229190664,-0.1689132136423285,29.4,Effect of water matrices on removal of veterinary pharmaceuticals by nanofiltration and reverse osmosis membranes
NF,NF,Ciprofloxacin,OC(=O)C1=CN(C2CC2)c3cc(N4CCNCC4)c(F)cc3C1=O,113.1,15.0,7.0,20.0,0.5,10.0,331.347,330,0.502,0.748,0.3689424368716731,0.43,6.16,-5.48,0.28,53.8,0.7009062548873292,-3.840966276782564,-1.96689089734763,97.2,Effect of water matrices on removal of veterinary pharmaceuticals by nanofiltration and reverse osmosis membranes
NF,NF,Dexamethasone,C[C@@H]1C[C@H]2[C@@H]3CCC4=CC(=O)C=C[C@]4(C)[C@@]3(F)[C@@H](O)C[C@]2(C)[C@@]1(O)C(=O)CO,113.1,15.0,7.0,20.0,0.5,10.0,392.467,330,0.486,0.743,0.4409415966246648,0.43,12.13,-5.48,1.83,53.8,-7.413047459329147e-06,4.062350007712373e-05,1.83,100.0,Effect of water matrices on removal of veterinary pharmaceuticals by nanofiltration and reverse osmosis membranes
NF270,NF,Sulfamethoxazole,Cc1onc(N[S](=O)(=O)c2ccc(N)cc2)c1,228.0,15.0,7.0,20.0,0.5,10.0,253.283,305,0.54,0.588,0.3153427582941809,0.42,1.6,-42.7,0.89,73.16,-1.859097133559606,79.3834476029952,-0.1689132136423285,15.4,Effect of water matrices on removal of veterinary pharmaceuticals by nanofiltration and reverse osmosis membranes
NF270,NF,Ciprofloxacin,OC(=O)C1=CN(C2CC2)c3cc(N4CCNCC4)c(F)cc3C1=O,228.0,15.0,7.0,20.0,0.5,10.0,331.347,305,0.502,0.748,0.3689424368716731,0.42,6.16,-42.7,0.28,73.16,0.7009062548873292,-29.92869708368896,-1.96689089734763,100.0,Effect of water matrices on removal of veterinary pharmaceuticals by nanofiltration and reverse osmosis membranes
NF270,NF,Dexamethasone,C[C@@H]1C[C@H]2[C@@H]3CCC4=CC(=O)C=C[C@]4(C)[C@@]3(F)[C@@H](O)C[C@]2(C)[C@@]1(O)C(=O)CO,228.0,15.0,7.0,20.0,0.5,10.0,392.467,305,0.486,0.743,0.4409415966246648,0.42,12.13,-42.7,1.83,73.16,-7.413047459329147e-06,0.0003165371265133546,1.83,100.0,Effect of water matrices on removal of veterinary pharmaceuticals by nanofiltration and reverse osmosis membranes
NF90,NF,Sulfamethoxazole,Cc1onc(N[S](=O)(=O)c2ccc(N)cc2)c1,127.2,15.0,7.0,20.0,0.5,10.0,253.283,100,0.54,0.588,0.3153427582941809,0.34,1.6,-27.29,0.89,54.1,-1.859097133559606,50.73476077484166,-0.1689132136423285,97.2,Effect of water matrices on removal of veterinary pharmaceuticals by nanofiltration and reverse osmosis membranes
NF90,NF,Dexamethasone,C[C@@H]1C[C@H]2[C@@H]3CCC4=CC(=O)C=C[C@]4(C)[C@@]3(F)[C@@H](O)C[C@]2(C)[C@@]1(O)C(=O)CO,127.2,15.0,7.0,20.0,0.5,10.0,392.467,100,0.486,0.743,0.4409415966246648,0.34,12.13,-27.29,1.83,54.1,-7.413047459329147e-06,0.0002023020651650924,1.83,99.4,Effect of water matrices on removal of veterinary pharmaceuticals by nanofiltration and reverse osmosis membranes
NF90,NF,Ciprofloxacin,OC(=O)C1=CN(C2CC2)c3cc(N4CCNCC4)c(F)cc3C1=O,127.2,15.0,7.0,20.0,0.5,10.0,331.347,100,0.502,0.748,0.3689424368716731,0.34,6.16,-27.29,0.28,54.1,0.7009062548873292,-19.12773169587521,-1.96689089734763,100.0,Effect of water matrices on removal of veterinary pharmaceuticals by nanofiltration and reverse osmosis membranes
XLE,RO,Sulfamethoxazole,Cc1onc(N[S](=O)(=O)c2ccc(N)cc2)c1,129.0,15.0,7.0,20.0,0.5,10.0,253.283,175,0.54,0.588,0.3153427582941809,0.3,1.6,-33.0,0.89,65.0,-1.859097133559606,61.35020540746702,-0.1689132136423285,98.9,Effect of water matrices on removal of veterinary pharmaceuticals by nanofiltration and reverse osmosis membranes
XLE,RO,Ciprofloxacin,OC(=O)C1=CN(C2CC2)c3cc(N4CCNCC4)c(F)cc3C1=O,129.0,15.0,7.0,20.0,0.5,10.0,331.347,175,0.502,0.748,0.3689424368716731,0.3,6.16,-33.0,0.28,65.0,0.7009062548873292,-23.12990641128186,-1.96689089734763,100.0,Effect of water matrices on removal of veterinary pharmaceuticals by nanofiltration and reverse osmosis membranes
XLE,RO,Dexamethasone,C[C@@H]1C[C@H]2[C@@H]3CCC4=CC(=O)C=C[C@]4(C)[C@@]3(F)[C@@H](O)C[C@]2(C)[C@@]1(O)C(=O)CO,129.0,15.0,7.0,20.0,0.5,10.0,392.467,175,0.486,0.743,0.4409415966246648,0.3,12.13,-33.0,1.83,65.0,-7.413047459329147e-06,0.0002446305661578619,1.83,100.0,Effect of water matrices on removal of veterinary pharmaceuticals by nanofiltration and reverse osmosis membranes
NF270,NF,Caffeine,Cn1cnc2N(C)C(=O)N(C)C(=O)c12,51.68,3.4,7.0,25.0,0.5,0.1,194.193999999999,330,0.4440000000000001,0.503,0.3016073766829081,0.42,10.4,-42.7,-0.07,73.16,-0.0003979487443048762,0.01699241138181821,-0.07,77.0,Effects of Sorption on the Rejection of Trace Organic Contaminants During Nanofiltration
NF270,NF,Sulfamethoxazole,Cc1onc(N[S](=O)(=O)c2ccc(N)cc2)c1,51.68,3.4,7.0,25.0,0.5,0.1,253.283,330,0.54,0.588,0.3153427582941809,0.42,1.6,-42.7,0.89,73.16,-1.859097133559606,79.3834476029952,-0.1689132136423285,87.0,Effects of Sorption on the Rejection of Trace Organic Contaminants During Nanofiltration
NF270,NF,Carbamazepine,NC(=O)N1c2ccccc2C=Cc3ccccc13,104.88,6.9,8.0,25.0,24.0,0.8,236.274,330,0.4480000000000001,0.576,0.3334516559578687,0.42,13.9,-33.0,2.45,73.16,0.0,0.0,2.45,36.0,Elucidating the Rejection Mechanisms of PPCPs by Nanoﬁltration and Reverse Osmosis Membranes 
NF270,NF,Ibuprofen,CC(C)Cc1ccc(cc1)C(C)C(O)=O,104.88,6.9,3.0,25.0,24.0,0.8,206.284999999999,180,0.378,0.659,0.3727263864585965,0.42,5.2,-27.29,3.97,73.16,-0.006270012341433834,0.1711086367977293,3.949656822851334,21.0,Elucidating the Rejection Mechanisms of PPCPs by Nanoﬁltration and Reverse Osmosis Membranes 
NF270,NF,Ibuprofen,CC(C)Cc1ccc(cc1)C(C)C(O)=O,104.88,6.9,5.0,25.0,24.0,0.8,206.284999999999,330,0.378,0.659,0.3727263864585965,0.42,5.2,-33.0,3.97,73.16,-0.3868631798468569,12.76648493494628,2.714814878925577,84.0,Elucidating the Rejection Mechanisms of PPCPs by Nanoﬁltration and Reverse Osmosis Membranes 
NF270,NF,Ibuprofen,CC(C)Cc1ccc(cc1)C(C)C(O)=O,104.88,6.9,8.0,25.0,24.0,0.8,206.284999999999,96,0.378,0.659,0.3727263864585965,0.42,5.2,-42.7,3.97,73.16,-0.9984176147191982,42.63243214850976,0.7306146051163545,90.0,Elucidating the Rejection Mechanisms of PPCPs by Nanoﬁltration and Reverse Osmosis Membranes 
NF270,NF,Sulfadiazine,Nc1ccc(cc1)[S](=O)(=O)Nc2ncccn2,104.88,6.9,3.0,25.0,24.0,0.8,250.283,330,0.453,0.612,0.3093115947296739,0.42,6.36,-33.0,-0.09,73.16,-0.0004363253693084541,0.01439873718717899,-0.09,56.0,Elucidating the Rejection Mechanisms of PPCPs by Nanoﬁltration and Reverse Osmosis Membranes 
NF270,NF,Sulfadiazine,Nc1ccc(cc1)[S](=O)(=O)Nc2ncccn2,104.88,6.9,5.0,25.0,24.0,0.8,250.283,96,0.453,0.612,0.3093115947296739,0.42,6.36,-42.7,-0.09,73.16,-0.04182581996298938,1.785962512419647,-0.09,64.0,Elucidating the Rejection Mechanisms of PPCPs by Nanoﬁltration and Reverse Osmosis Membranes 
NF270,NF,Sulfadiazine,Nc1ccc(cc1)[S](=O)(=O)Nc2ncccn2,104.88,6.9,8.0,25.0,24.0,0.8,250.283,180,0.453,0.612,0.3093115947296739,0.42,6.36,-27.29,-0.09,73.16,-0.9776043775428295,26.67882346314381,-0.09,78.0,Elucidating the Rejection Mechanisms of PPCPs by Nanoﬁltration and Reverse Osmosis Membranes 
NF270,NF,Sulfadiazine,Nc1ccc(cc1)[S](=O)(=O)Nc2ncccn2,104.88,6.9,10.0,25.0,24.0,0.8,250.283,330,0.453,0.612,0.3093115947296739,0.42,6.36,-33.0,-0.09,73.16,-0.9997709657034494,32.99244186821383,-0.09,92.0,Elucidating the Rejection Mechanisms of PPCPs by Nanoﬁltration and Reverse Osmosis Membranes 
NF270,NF,Sulfamethazine,Cc1cc(C)nc(N[S](=O)(=O)c2ccc(N)cc2)n1,104.88,6.9,3.0,25.0,24.0,0.8,278.337,180,0.49,0.704,0.3369726188920903,0.42,2.65,-27.29,0.89,73.16,0.9998773842322598,-27.28665381569837,0.89,88.0,Elucidating the Rejection Mechanisms of PPCPs by Nanoﬁltration and Reverse Osmosis Membranes 
NF270,NF,Sulfamethazine,Cc1cc(C)nc(N[S](=O)(=O)c2ccc(N)cc2)n1,104.88,6.9,5.0,25.0,24.0,0.8,278.337,330,0.49,0.704,0.3369726188920903,0.42,2.65,-33.0,0.89,73.16,0.3317840594619896,-10.94887396224566,0.89,89.0,Elucidating the Rejection Mechanisms of PPCPs by Nanoﬁltration and Reverse Osmosis Membranes 
NF270,NF,Sulfamethazine,Cc1cc(C)nc(N[S](=O)(=O)c2ccc(N)cc2)n1,104.88,6.9,8.0,25.0,24.0,0.8,278.337,96,0.49,0.704,0.3369726188920903,0.42,2.65,-42.7,0.89,73.16,-0.9999915426941004,42.69963887303809,0.89,70.0,Elucidating the Rejection Mechanisms of PPCPs by Nanoﬁltration and Reverse Osmosis Membranes 
NF270,NF,Sulfamethazine,Cc1cc(C)nc(N[S](=O)(=O)c2ccc(N)cc2)n1,104.88,6.9,10.0,25.0,24.0,0.8,278.337,180,0.49,0.704,0.3369726188920903,0.42,2.65,-27.29,0.89,73.16,-0.9999999549325904,27.28999877011039,0.89,92.0,Elucidating the Rejection Mechanisms of PPCPs by Nanoﬁltration and Reverse Osmosis Membranes 
NF270,NF,Sulfamethoxazole,Cc1onc(N[S](=O)(=O)c2ccc(N)cc2)c1,104.88,6.9,3.0,25.0,24.0,0.8,253.283,96,0.54,0.588,0.3153427582941809,0.42,1.6,-42.7,0.89,73.16,0.03629416834312475,-1.549760988251427,0.9106726016316897,23.0,Elucidating the Rejection Mechanisms of PPCPs by Nanoﬁltration and Reverse Osmosis Membranes 
NF270,NF,Triclosan,Oc1cc(Cl)ccc1Oc2ccc(Cl)cc2Cl,104.88,6.9,3.0,25.0,24.0,0.8,289.544999999999,330,0.417,0.655,0.3336369670933355,0.42,7.9,-33.0,4.76,73.16,-1.258909563061765e-05,0.0004154401558103824,0.0,60.0,Elucidating the Rejection Mechanisms of PPCPs by Nanoﬁltration and Reverse Osmosis Membranes 
NF270,NF,Sulfamethoxazole,Cc1onc(N[S](=O)(=O)c2ccc(N)cc2)c1,104.88,6.9,5.0,25.0,24.0,0.8,253.283,180,0.54,0.588,0.3153427582941809,0.42,1.6,-27.29,0.89,73.16,-0.1936095614700644,5.283604932518056,0.7797229632452798,53.0,Elucidating the Rejection Mechanisms of PPCPs by Nanoﬁltration and Reverse Osmosis Membranes 
NF270,NF,Triclosan,Oc1cc(Cl)ccc1Oc2ccc(Cl)cc2Cl,104.88,6.9,5.0,25.0,24.0,0.8,289.544999999999,96,0.417,0.655,0.3336369670933355,0.42,7.9,-42.7,4.76,73.16,-0.001257342511355291,0.05368852523487092,0.0,62.0,Elucidating the Rejection Mechanisms of PPCPs by Nanoﬁltration and Reverse Osmosis Membranes 
NF270,NF,Triclosan,Oc1cc(Cl)ccc1Oc2ccc(Cl)cc2Cl,104.88,6.9,8.0,25.0,24.0,0.8,289.544999999999,180,0.417,0.655,0.3336369670933355,0.42,7.9,-27.29,4.76,73.16,-0.5573116337622925,15.20903448537296,0.0,38.0,Elucidating the Rejection Mechanisms of PPCPs by Nanoﬁltration and Reverse Osmosis Membranes 
NF270,NF,Sulfamethoxazole,Cc1onc(N[S](=O)(=O)c2ccc(N)cc2)c1,104.88,6.9,8.0,25.0,24.0,0.8,253.283,330,0.54,0.588,0.3153427582941809,0.42,1.6,-33.0,0.89,73.16,-1.985064226823186,65.50711948516515,-0.2406621379632018,86.0,Elucidating the Rejection Mechanisms of PPCPs by Nanoﬁltration and Reverse Osmosis Membranes 
NF270,NF,Triclosan,Oc1cc(Cl)ccc1Oc2ccc(Cl)cc2Cl,104.88,6.9,10.0,25.0,24.0,0.8,289.544999999999,330,0.417,0.655,0.3336369670933355,0.42,7.9,-33.0,4.76,73.16,-0.9921193161496697,32.7399374329391,0.0,44.0,Elucidating the Rejection Mechanisms of PPCPs by Nanoﬁltration and Reverse Osmosis Membranes 
NF270,NF,Sulfamethoxazole,Cc1onc(N[S](=O)(=O)c2ccc(N)cc2)c1,104.88,6.9,10.0,25.0,24.0,0.8,253.283,96,0.54,0.588,0.3153427582941809,0.42,1.6,-42.7,0.89,73.16,-1.99984965387623,85.39358022051502,-0.2490836904432677,90.0,Elucidating the Rejection Mechanisms of PPCPs by Nanoﬁltration and Reverse Osmosis Membranes 
NF90,NF,Carbamazepine,NC(=O)N1c2ccccc2C=Cc3ccccc13,58.51200000000001,6.9,8.0,25.0,24.0,0.8,236.274,180,0.4480000000000001,0.576,0.3334516559578687,0.34,13.9,-27.29,2.45,54.1,0.0,0.0,2.45,68.0,Elucidating the Rejection Mechanisms of PPCPs by Nanoﬁltration and Reverse Osmosis Membranes 
XLE,RO,Carbamazepine,NC(=O)N1c2ccccc2C=Cc3ccccc13,59.34,6.9,8.0,25.0,24.0,0.8,236.274,330,0.4480000000000001,0.576,0.3334516559578687,0.3,13.9,-33.0,2.45,65.0,0.0,0.0,2.45,82.0,Elucidating the Rejection Mechanisms of PPCPs by Nanoﬁltration and Reverse Osmosis Membranes 
NF90,NF,Ibuprofen,CC(C)Cc1ccc(cc1)C(C)C(O)=O,58.51200000000001,6.9,3.0,25.0,24.0,0.8,206.284999999999,96,0.378,0.659,0.3727263864585965,0.34,5.2,-42.7,3.97,54.1,-0.006270012341433834,0.2677295269792247,3.949656822851334,65.0,Elucidating the Rejection Mechanisms of PPCPs by Nanoﬁltration and Reverse Osmosis Membranes 
NF90,NF,Ibuprofen,CC(C)Cc1ccc(cc1)C(C)C(O)=O,58.51200000000001,6.9,5.0,25.0,24.0,0.8,206.284999999999,180,0.378,0.659,0.3727263864585965,0.34,5.2,-27.29,3.97,54.1,-0.3868631798468569,10.55749617802072,2.714814878925577,75.0,Elucidating the Rejection Mechanisms of PPCPs by Nanoﬁltration and Reverse Osmosis Membranes 
NF90,NF,Ibuprofen,CC(C)Cc1ccc(cc1)C(C)C(O)=O,58.51200000000001,6.9,8.0,25.0,24.0,0.8,206.284999999999,96,0.378,0.659,0.3727263864585965,0.34,5.2,-42.7,3.97,54.1,-0.9984176147191982,42.63243214850976,0.7306146051163545,77.0,Elucidating the Rejection Mechanisms of PPCPs by Nanoﬁltration and Reverse Osmosis Membranes 
XLE,RO,Ibuprofen,CC(C)Cc1ccc(cc1)C(C)C(O)=O,59.34,6.9,3.0,25.0,24.0,0.8,206.284999999999,180,0.378,0.659,0.3727263864585965,0.3,5.2,-27.29,3.97,65.0,-0.006270012341433834,0.1711086367977293,3.949656822851334,95.0,Elucidating the Rejection Mechanisms of PPCPs by Nanoﬁltration and Reverse Osmosis Membranes 
XLE,RO,Ibuprofen,CC(C)Cc1ccc(cc1)C(C)C(O)=O,59.34,6.9,5.0,25.0,24.0,0.8,206.284999999999,330,0.378,0.659,0.3727263864585965,0.3,5.2,-33.0,3.97,65.0,-0.3868631798468569,12.76648493494628,2.714814878925577,93.0,Elucidating the Rejection Mechanisms of PPCPs by Nanoﬁltration and Reverse Osmosis Membranes 
XLE,RO,Ibuprofen,CC(C)Cc1ccc(cc1)C(C)C(O)=O,59.34,6.9,8.0,25.0,24.0,0.8,206.284999999999,96,0.378,0.659,0.3727263864585965,0.3,5.2,-42.7,3.97,65.0,-0.9984176147191982,42.63243214850976,0.7306146051163545,89.0,Elucidating the Rejection Mechanisms of PPCPs by Nanoﬁltration and Reverse Osmosis Membranes 
NF90,NF,Sulfadiazine,Nc1ccc(cc1)[S](=O)(=O)Nc2ncccn2,58.51200000000001,6.9,3.0,25.0,24.0,0.8,250.283,180,0.453,0.612,0.3093115947296739,0.34,6.36,-27.29,-0.09,54.1,-0.0004363253693084541,0.01190731932842771,-0.09,75.0,Elucidating the Rejection Mechanisms of PPCPs by Nanoﬁltration and Reverse Osmosis Membranes 
NF90,NF,Sulfadiazine,Nc1ccc(cc1)[S](=O)(=O)Nc2ncccn2,58.51200000000001,6.9,5.0,25.0,24.0,0.8,250.283,96,0.453,0.612,0.3093115947296739,0.34,6.36,-42.7,-0.09,54.1,-0.04182581996298938,1.785962512419647,-0.09,75.0,Elucidating the Rejection Mechanisms of PPCPs by Nanoﬁltration and Reverse Osmosis Membranes 
NF90,NF,Sulfadiazine,Nc1ccc(cc1)[S](=O)(=O)Nc2ncccn2,58.51200000000001,6.9,8.0,25.0,24.0,0.8,250.283,96,0.453,0.612,0.3093115947296739,0.34,6.36,-42.7,-0.09,54.1,-0.9776043775428295,41.74370692107882,-0.09,78.0,Elucidating the Rejection Mechanisms of PPCPs by Nanoﬁltration and Reverse Osmosis Membranes 
NF90,NF,Sulfadiazine,Nc1ccc(cc1)[S](=O)(=O)Nc2ncccn2,58.51200000000001,6.9,10.0,25.0,24.0,0.8,250.283,180,0.453,0.612,0.3093115947296739,0.34,6.36,-27.29,-0.09,54.1,-0.9997709657034494,27.28374965404713,-0.09,96.0,Elucidating the Rejection Mechanisms of PPCPs by Nanoﬁltration and Reverse Osmosis Membranes 
XLE,RO,Sulfadiazine,Nc1ccc(cc1)[S](=O)(=O)Nc2ncccn2,59.34,6.9,3.0,25.0,24.0,0.8,250.283,330,0.453,0.612,0.3093115947296739,0.3,6.36,-33.0,-0.09,65.0,-0.0004363253693084541,0.01439873718717899,-0.09,96.0,Elucidating the Rejection Mechanisms of PPCPs by Nanoﬁltration and Reverse Osmosis Membranes 
XLE,RO,Sulfadiazine,Nc1ccc(cc1)[S](=O)(=O)Nc2ncccn2,59.34,6.9,5.0,25.0,24.0,0.8,250.283,96,0.453,0.612,0.3093115947296739,0.3,6.36,-42.7,-0.09,65.0,-0.04182581996298938,1.785962512419647,-0.09,94.0,Elucidating the Rejection Mechanisms of PPCPs by Nanoﬁltration and Reverse Osmosis Membranes 
XLE,RO,Sulfadiazine,Nc1ccc(cc1)[S](=O)(=O)Nc2ncccn2,59.34,6.9,8.0,25.0,24.0,0.8,250.283,180,0.453,0.612,0.3093115947296739,0.3,6.36,-27.29,-0.09,65.0,-0.9776043775428295,26.67882346314381,-0.09,89.0,Elucidating the Rejection Mechanisms of PPCPs by Nanoﬁltration and Reverse Osmosis Membranes 
XLE,RO,Sulfadiazine,Nc1ccc(cc1)[S](=O)(=O)Nc2ncccn2,59.34,6.9,10.0,25.0,24.0,0.8,250.283,330,0.453,0.612,0.3093115947296739,0.3,6.36,-33.0,-0.09,65.0,-0.9997709657034494,32.99244186821383,-0.09,100.0,Elucidating the Rejection Mechanisms of PPCPs by Nanoﬁltration and Reverse Osmosis Membranes 
NF90,NF,Sulfamethazine,Cc1cc(C)nc(N[S](=O)(=O)c2ccc(N)cc2)n1,58.51200000000001,6.9,3.0,25.0,24.0,0.8,278.337,180,0.49,0.704,0.3369726188920903,0.34,2.65,-27.29,0.89,54.1,0.9998773842322598,-27.28665381569837,0.89,75.5,Elucidating the Rejection Mechanisms of PPCPs by Nanoﬁltration and Reverse Osmosis Membranes 
NF90,NF,Sulfamethazine,Cc1cc(C)nc(N[S](=O)(=O)c2ccc(N)cc2)n1,58.51200000000001,6.9,5.0,25.0,24.0,0.8,278.337,330,0.49,0.704,0.3369726188920903,0.34,2.65,-33.0,0.89,54.1,0.3317840594619896,-10.94887396224566,0.89,74.0,Elucidating the Rejection Mechanisms of PPCPs by Nanoﬁltration and Reverse Osmosis Membranes 
NF90,NF,Sulfamethazine,Cc1cc(C)nc(N[S](=O)(=O)c2ccc(N)cc2)n1,58.51200000000001,6.9,8.0,25.0,24.0,0.8,278.337,96,0.49,0.704,0.3369726188920903,0.34,2.65,-42.7,0.89,54.1,-0.9999915426941004,42.69963887303809,0.89,76.0,Elucidating the Rejection Mechanisms of PPCPs by Nanoﬁltration and Reverse Osmosis Membranes 
NF90,NF,Sulfamethazine,Cc1cc(C)nc(N[S](=O)(=O)c2ccc(N)cc2)n1,58.51200000000001,6.9,10.0,25.0,24.0,0.8,278.337,180,0.49,0.704,0.3369726188920903,0.34,2.65,-27.29,0.89,54.1,-0.9999999549325904,27.28999877011039,0.89,100.0,Elucidating the Rejection Mechanisms of PPCPs by Nanoﬁltration and Reverse Osmosis Membranes 
XLE,RO,Sulfamethazine,Cc1cc(C)nc(N[S](=O)(=O)c2ccc(N)cc2)n1,59.34,6.9,3.0,25.0,24.0,0.8,278.337,180,0.49,0.704,0.3369726188920903,0.3,2.65,-27.29,0.89,65.0,0.9998773842322598,-27.28665381569837,0.89,96.0,Elucidating the Rejection Mechanisms of PPCPs by Nanoﬁltration and Reverse Osmosis Membranes 
XLE,RO,Sulfamethazine,Cc1cc(C)nc(N[S](=O)(=O)c2ccc(N)cc2)n1,59.34,6.9,5.0,25.0,24.0,0.8,278.337,330,0.49,0.704,0.3369726188920903,0.3,2.65,-33.0,0.89,65.0,0.3317840594619896,-10.94887396224566,0.89,93.0,Elucidating the Rejection Mechanisms of PPCPs by Nanoﬁltration and Reverse Osmosis Membranes 
XLE,RO,Sulfamethazine,Cc1cc(C)nc(N[S](=O)(=O)c2ccc(N)cc2)n1,59.34,6.9,8.0,25.0,24.0,0.8,278.337,96,0.49,0.704,0.3369726188920903,0.3,2.65,-42.7,0.89,65.0,-0.9999915426941004,42.69963887303809,0.89,87.0,Elucidating the Rejection Mechanisms of PPCPs by Nanoﬁltration and Reverse Osmosis Membranes 
XLE,RO,Sulfamethazine,Cc1cc(C)nc(N[S](=O)(=O)c2ccc(N)cc2)n1,59.34,6.9,10.0,25.0,24.0,0.8,278.337,180,0.49,0.704,0.3369726188920903,0.3,2.65,-27.29,0.89,65.0,-0.9999999549325904,27.28999877011039,0.89,99.0,Elucidating the Rejection Mechanisms of PPCPs by Nanoﬁltration and Reverse Osmosis Membranes 
NF90,NF,Sulfamethoxazole,Cc1onc(N[S](=O)(=O)c2ccc(N)cc2)c1,58.51200000000001,6.9,3.0,25.0,24.0,0.8,253.283,96,0.54,0.588,0.3153427582941809,0.34,1.6,-42.7,0.89,54.1,0.03629416834312475,-1.549760988251427,0.9106726016316897,70.0,Elucidating the Rejection Mechanisms of PPCPs by Nanoﬁltration and Reverse Osmosis Membranes 
NF90,NF,Sulfamethoxazole,Cc1onc(N[S](=O)(=O)c2ccc(N)cc2)c1,58.51200000000001,6.9,5.0,25.0,24.0,0.8,253.283,180,0.54,0.588,0.3153427582941809,0.34,1.6,-27.29,0.89,54.1,-0.1936095614700644,5.283604932518056,0.7797229632452798,76.0,Elucidating the Rejection Mechanisms of PPCPs by Nanoﬁltration and Reverse Osmosis Membranes 
NF90,NF,Sulfamethoxazole,Cc1onc(N[S](=O)(=O)c2ccc(N)cc2)c1,58.51200000000001,6.9,8.0,25.0,24.0,0.8,253.283,330,0.54,0.588,0.3153427582941809,0.34,1.6,-33.0,0.89,54.1,-1.985064226823186,65.50711948516515,-0.2406621379632018,79.0,Elucidating the Rejection Mechanisms of PPCPs by Nanoﬁltration and Reverse Osmosis Membranes 
NF90,NF,Sulfamethoxazole,Cc1onc(N[S](=O)(=O)c2ccc(N)cc2)c1,58.51200000000001,6.9,10.0,25.0,24.0,0.8,253.283,96,0.54,0.588,0.3153427582941809,0.34,1.6,-42.7,0.89,54.1,-1.99984965387623,85.39358022051502,-0.2490836904432677,96.0,Elucidating the Rejection Mechanisms of PPCPs by Nanoﬁltration and Reverse Osmosis Membranes 
XLE,RO,Sulfamethoxazole,Cc1onc(N[S](=O)(=O)c2ccc(N)cc2)c1,59.34,6.9,3.0,25.0,24.0,0.8,253.283,96,0.54,0.588,0.3153427582941809,0.3,1.6,-42.7,0.89,65.0,0.03629416834312475,-1.549760988251427,0.9106726016316897,95.0,Elucidating the Rejection Mechanisms of PPCPs by Nanoﬁltration and Reverse Osmosis Membranes 
XLE,RO,Sulfamethoxazole,Cc1onc(N[S](=O)(=O)c2ccc(N)cc2)c1,59.34,6.9,5.0,25.0,24.0,0.8,253.283,180,0.54,0.588,0.3153427582941809,0.3,1.6,-27.29,0.89,65.0,-0.1936095614700644,5.283604932518056,0.7797229632452798,94.0,Elucidating the Rejection Mechanisms of PPCPs by Nanoﬁltration and Reverse Osmosis Membranes 
XLE,RO,Sulfamethoxazole,Cc1onc(N[S](=O)(=O)c2ccc(N)cc2)c1,59.34,6.9,8.0,25.0,24.0,0.8,253.283,330,0.54,0.588,0.3153427582941809,0.3,1.6,-33.0,0.89,65.0,-1.985064226823186,65.50711948516515,-0.2406621379632018,90.0,Elucidating the Rejection Mechanisms of PPCPs by Nanoﬁltration and Reverse Osmosis Membranes 
XLE,RO,Sulfamethoxazole,Cc1onc(N[S](=O)(=O)c2ccc(N)cc2)c1,59.34,6.9,10.0,25.0,24.0,0.8,253.283,96,0.54,0.588,0.3153427582941809,0.3,1.6,-42.7,0.89,65.0,-1.99984965387623,85.39358022051502,-0.2490836904432677,100.0,Elucidating the Rejection Mechanisms of PPCPs by Nanoﬁltration and Reverse Osmosis Membranes 
NF90,NF,Triclosan,Oc1cc(Cl)ccc1Oc2ccc(Cl)cc2Cl,58.51200000000001,6.9,3.0,25.0,24.0,0.8,289.544999999999,330,0.417,0.655,0.3336369670933355,0.34,7.9,-33.0,4.76,54.1,-1.258909563061765e-05,0.0004154401558103824,0.0,75.0,Elucidating the Rejection Mechanisms of PPCPs by Nanoﬁltration and Reverse Osmosis Membranes 
NF90,NF,Triclosan,Oc1cc(Cl)ccc1Oc2ccc(Cl)cc2Cl,58.51200000000001,6.9,5.0,25.0,24.0,0.8,289.544999999999,96,0.417,0.655,0.3336369670933355,0.34,7.9,-42.7,4.76,54.1,-0.001257342511355291,0.05368852523487092,0.0,75.0,Elucidating the Rejection Mechanisms of PPCPs by Nanoﬁltration and Reverse Osmosis Membranes 
NF90,NF,Triclosan,Oc1cc(Cl)ccc1Oc2ccc(Cl)cc2Cl,58.51200000000001,6.9,8.0,25.0,24.0,0.8,289.544999999999,180,0.417,0.655,0.3336369670933355,0.34,7.9,-27.29,4.76,54.1,-0.5573116337622925,15.20903448537296,0.0,57.0,Elucidating the Rejection Mechanisms of PPCPs by Nanoﬁltration and Reverse Osmosis Membranes 
NF90,NF,Triclosan,Oc1cc(Cl)ccc1Oc2ccc(Cl)cc2Cl,58.51200000000001,6.9,10.0,25.0,24.0,0.8,289.544999999999,330,0.417,0.655,0.3336369670933355,0.34,7.9,-33.0,4.76,54.1,-0.9921193161496697,32.7399374329391,0.0,93.0,Elucidating the Rejection Mechanisms of PPCPs by Nanoﬁltration and Reverse Osmosis Membranes 
XLE,RO,Triclosan,Oc1cc(Cl)ccc1Oc2ccc(Cl)cc2Cl,59.34,6.9,3.0,25.0,24.0,0.8,289.544999999999,330,0.417,0.655,0.3336369670933355,0.3,7.9,-33.0,4.76,65.0,-1.258909563061765e-05,0.0004154401558103824,0.0,94.0,Elucidating the Rejection Mechanisms of PPCPs by Nanoﬁltration and Reverse Osmosis Membranes 
XLE,RO,Triclosan,Oc1cc(Cl)ccc1Oc2ccc(Cl)cc2Cl,59.34,6.9,5.0,25.0,24.0,0.8,289.544999999999,96,0.417,0.655,0.3336369670933355,0.3,7.9,-42.7,4.76,65.0,-0.001257342511355291,0.05368852523487092,0.0,93.0,Elucidating the Rejection Mechanisms of PPCPs by Nanoﬁltration and Reverse Osmosis Membranes 
XLE,RO,Triclosan,Oc1cc(Cl)ccc1Oc2ccc(Cl)cc2Cl,59.34,6.9,8.0,25.0,24.0,0.8,289.544999999999,180,0.417,0.655,0.3336369670933355,0.3,7.9,-27.29,4.76,65.0,-0.5573116337622925,15.20903448537296,0.0,83.0,Elucidating the Rejection Mechanisms of PPCPs by Nanoﬁltration and Reverse Osmosis Membranes 
XLE,RO,Triclosan,Oc1cc(Cl)ccc1Oc2ccc(Cl)cc2Cl,59.34,6.9,10.0,25.0,24.0,0.8,289.544999999999,330,0.417,0.655,0.3336369670933355,0.3,7.9,-33.0,4.76,65.0,-0.9921193161496697,32.7399374329391,0.0,97.0,Elucidating the Rejection Mechanisms of PPCPs by Nanoﬁltration and Reverse Osmosis Membranes 
De-HL,NF,Fenoprofen,CC(C(O)=O)c1cccc(Oc2ccccc2)c1,36.0,5.0,8.0,20.0,0.5,0.002,242.274,200,0.428,0.649,0.3525630387405402,0.45,4.5,-26.3,3.1,43.0,-0.9996838722023703,26.29168583892234,0.844923353837066,73.77,Influence of membrane fouling by (pretreated) surface water on rejection of pharmaceutically active compounds (PhACs) by nanofilltration membranes
De-HL,NF,Naproxen,COc1ccc2cc(ccc2c1)C(C)C(O)=O,36.0,5.0,8.0,20.0,0.5,0.002,230.262999999999,200,0.392,0.73,0.3324489960201268,0.45,4.84,-26.3,3.18,43.0,-0.9993086397323669,26.28181722496125,1.08567052736044,77.39999999999999,Influence of membrane fouling by (pretreated) surface water on rejection of pharmaceutically active compounds (PhACs) by nanofilltration membranes
De-HL,NF,Carbamazepine,NC(=O)N1c2ccccc2C=Cc3ccccc13,36.0,5.0,8.0,20.0,0.5,0.002,236.274,200,0.4480000000000001,0.576,0.3334516559578687,0.45,13.9,-26.3,2.45,43.0,0.0,0.0,2.45,82.01,Influence of membrane fouling by (pretreated) surface water on rejection of pharmaceutically active compounds (PhACs) by nanofilltration membranes
De-HL,NF,Gemfibrozil,Cc1ccc(C)c(OCCCC(C)(C)C(O)=O)c1,36.0,5.0,8.0,20.0,0.5,0.002,250.337999999999,200,0.499,0.743,0.3884540064460517,0.45,4.5,-26.3,4.39,43.0,-0.9996838722023703,26.29168583892234,2.343565786698794,83.02,Influence of membrane fouling by (pretreated) surface water on rejection of pharmaceutically active compounds (PhACs) by nanofilltration membranes
De-HL,NF,Ibuprofen,CC(C)Cc1ccc(cc1)C(C)C(O)=O,36.0,5.0,8.0,20.0,0.5,0.002,206.284999999999,200,0.378,0.659,0.3727263864585965,0.45,5.2,-26.3,3.97,43.0,-0.9984176147191982,26.25838326711492,0.7306146051163545,83.88,Influence of membrane fouling by (pretreated) surface water on rejection of pharmaceutically active compounds (PhACs) by nanofilltration membranes
De-HL,NF,Ketoprofen,CC(C(O)=O)c1cccc(c1)C(=O)c2ccccc2,36.0,5.0,8.0,20.0,0.5,0.002,254.285,200,0.437,0.658,0.360215085099329,0.45,3.98,-26.3,3.12,43.0,-0.9999045098606353,26.29748860933471,0.8997194702514641,83.99,Influence of membrane fouling by (pretreated) surface water on rejection of pharmaceutically active compounds (PhACs) by nanofilltration membranes
De-HL,NF,Clofibric acid,CC(C)(Oc1ccc(Cl)cc1)C(O)=O,36.0,5.0,8.0,20.0,0.5,0.002,214.648,200,0.35,0.62,0.3149381950227265,0.45,3.12,-26.3,2.57,43.0,-0.9999868176063923,26.29965330304812,-0.2271864174035798,86.34,Influence of membrane fouling by (pretreated) surface water on rejection of pharmaceutically active compounds (PhACs) by nanofilltration membranes
De-HL,NF,Diclofenac,OC(=O)Cc1ccccc1Nc2c(Cl)cccc2Cl,36.0,5.0,8.0,20.0,0.5,0.002,296.153,200,0.462,0.634,0.3476931977505725,0.45,4.15,-26.3,4.51,43.0,-0.9998587661953429,26.29628555093752,2.186975620725377,86.64,Influence of membrane fouling by (pretreated) surface water on rejection of pharmaceutically active compounds (PhACs) by nanofilltration membranes
De-HL,NF,Aminopyrine,CN(C)C1=C(C)N(C)N(c2ccccc2)C1=O,36.0,5.0,8.0,20.0,0.5,0.002,231.299,200,0.426,0.64,0.3451725712675839,0.45,5.0,-26.3,1.0,43.0,-0.9990009990009991,26.27372627372628,1.087588935632055,88.3,Influence of membrane fouling by (pretreated) surface water on rejection of pharmaceutically active compounds (PhACs) by nanofilltration membranes
De-HL,NF,Bezafibrate,CC(C)(Oc1ccc(CCNC(=O)c2ccc(Cl)cc2)cc1)C(O)=O,36.0,5.0,8.0,20.0,0.5,0.002,361.825,200,0.413,1.0,0.4318375040547658,0.45,3.29,-26.3,3.8,43.0,-0.9999805019341844,26.29948720086905,0.572970121964469,88.9,Influence of membrane fouling by (pretreated) surface water on rejection of pharmaceutically active compounds (PhACs) by nanofilltration membranes
TS80,NF,Carbamazepine,NC(=O)N1c2ccccc2C=Cc3ccccc13,21.6,5.0,8.0,20.0,0.5,0.002,236.274,175,0.4480000000000001,0.576,0.3334516559578687,0.42,13.9,-33.2,2.45,48.0,0.0,0.0,2.45,84.33,Influence of membrane fouling by (pretreated) surface water on rejection of pharmaceutically active compounds (PhACs) by nanofilltration membranes
TS80,NF,Clofibric acid,CC(C)(Oc1ccc(Cl)cc1)C(O)=O,21.6,5.0,8.0,20.0,0.5,0.002,214.648,175,0.35,0.62,0.3149381950227265,0.42,3.12,-33.2,2.57,48.0,-0.9999868176063923,33.19956234453223,-0.2271864174035798,87.89,Influence of membrane fouling by (pretreated) surface water on rejection of pharmaceutically active compounds (PhACs) by nanofilltration membranes
TS80,NF,Naproxen,COc1ccc2cc(ccc2c1)C(C)C(O)=O,21.6,5.0,8.0,20.0,0.5,0.002,230.262999999999,175,0.392,0.73,0.3324489960201268,0.42,4.84,-33.2,3.18,48.0,-0.9993086397323669,33.17704683911459,1.08567052736044,88.64,Influence of membrane fouling by (pretreated) surface water on rejection of pharmaceutically active compounds (PhACs) by nanofilltration membranes
TS80,NF,Ketoprofen,CC(C(O)=O)c1cccc(c1)C(=O)c2ccccc2,21.6,5.0,8.0,20.0,0.5,0.002,254.285,175,0.437,0.658,0.360215085099329,0.42,3.98,-33.2,3.12,48.0,-0.9999045098606353,33.19682972737309,0.8997194702514641,88.72999999999999,Influence of membrane fouling by (pretreated) surface water on rejection of pharmaceutically active compounds (PhACs) by nanofilltration membranes
TS80,NF,Ibuprofen,CC(C)Cc1ccc(cc1)C(C)C(O)=O,21.6,5.0,8.0,20.0,0.5,0.002,206.284999999999,175,0.378,0.659,0.3727263864585965,0.42,5.2,-33.2,3.97,48.0,-0.9984176147191982,33.14746480867738,0.7306146051163545,88.88,Influence of membrane fouling by (pretreated) surface water on rejection of pharmaceutically active compounds (PhACs) by nanofilltration membranes
TS80,NF,Diclofenac,OC(=O)Cc1ccccc1Nc2c(Cl)cccc2Cl,21.6,5.0,8.0,20.0,0.5,0.002,296.153,175,0.462,0.634,0.3476931977505725,0.42,4.15,-33.2,4.51,48.0,-0.9998587661953429,33.19531103768539,2.186975620725377,89.17999999999999,Influence of membrane fouling by (pretreated) surface water on rejection of pharmaceutically active compounds (PhACs) by nanofilltration membranes
TS80,NF,Bezafibrate,CC(C)(Oc1ccc(CCNC(=O)c2ccc(Cl)cc2)cc1)C(O)=O,21.6,5.0,8.0,20.0,0.5,0.002,361.825,175,0.413,1.0,0.4318375040547658,0.42,3.29,-33.2,3.8,48.0,-0.9999805019341844,33.19935266421493,0.572970121964469,89.35,Influence of membrane fouling by (pretreated) surface water on rejection of pharmaceutically active compounds (PhACs) by nanofilltration membranes
TS80,NF,Aminopyrine,CN(C)C1=C(C)N(C)N(c2ccccc2)C1=O,21.6,5.0,8.0,20.0,0.5,0.002,231.299,175,0.426,0.64,0.3451725712675839,0.42,5.0,-33.2,1.0,48.0,-0.9990009990009991,33.16683316683317,1.087588935632055,90.64,Influence of membrane fouling by (pretreated) surface water on rejection of pharmaceutically active compounds (PhACs) by nanofilltration membranes
TS80,NF,Fenoprofen,CC(C(O)=O)c1cccc(Oc2ccccc2)c1,21.6,5.0,8.0,20.0,0.5,0.002,242.274,175,0.428,0.649,0.3525630387405402,0.42,4.5,-33.2,3.1,48.0,-0.9996838722023703,33.1895045571187,0.844923353837066,91.17999999999999,Influence of membrane fouling by (pretreated) surface water on rejection of pharmaceutically active compounds (PhACs) by nanofilltration membranes
TS80,NF,Gemfibrozil,Cc1ccc(C)c(OCCCC(C)(C)C(O)=O)c1,21.6,5.0,8.0,20.0,0.5,0.002,250.337999999999,175,0.499,0.743,0.3884540064460517,0.42,4.5,-33.2,4.39,48.0,-0.9996838722023703,33.1895045571187,2.343565786698794,91.28,Influence of membrane fouling by (pretreated) surface water on rejection of pharmaceutically active compounds (PhACs) by nanofilltration membranes
NF70,NF,Methanol,CO,165.0,15.0,7.0,25.0,0.5,0.3555,32.042,180,0.22,0.262,0.1314571764816764,0.34,15.3,-25.0,-0.77,29.8,-5.011872311153847e-09,1.252968077788462e-07,-0.77,10.8,"Influence of molecular size, polarity and charge on the retention of organic molecules by nanofiltration"
NF70,NF,Nitrobenzene,[O-][N+](=O)c1ccccc1,165.0,15.0,7.0,25.0,0.5,0.42,123.110999999999,180,0.34,0.4360000000000001,0.2324399111480208,0.34,3.98,-25.0,1.85,29.8,-0.9990459185546853,24.97614796386713,1.809444648180442,22.4,"Influence of molecular size, polarity and charge on the retention of organic molecules by nanofiltration"
NF70,NF,Ethanol,CCO,165.0,15.0,7.0,25.0,0.5,0.3160000000000001,46.069,180,0.239,0.323,0.1660514265336832,0.34,15.9,-25.0,-0.31,29.8,-1.258925410209269e-09,3.147313525523173e-08,-0.31,28.2,"Influence of molecular size, polarity and charge on the retention of organic molecules by nanofiltration"
NF70,NF,Benzonitrile,N#Cc1ccccc1,165.0,15.0,7.0,25.0,0.5,0.101,103.123999999999,65,0.341,0.452,0.2322023269185876,0.34,14.0,-25.0,1.56,29.8,0.0,0.0,1.56,40.1,"Influence of molecular size, polarity and charge on the retention of organic molecules by nanofiltration"
NF70,NF,Aniline,Nc1ccccc1,165.0,15.0,7.0,25.0,0.5,0.4088,93.1289999999999,65,0.341,0.406,0.2169204363700712,0.34,4.6,-25.0,0.9,29.8,-0.9960347143808477,24.90086785952119,0.6406466870808997,42.3,"Influence of molecular size, polarity and charge on the retention of organic molecules by nanofiltration"
NF70,NF,Phenol,Oc1ccccc1,165.0,15.0,7.0,25.0,0.5,200.0,94.1129999999999,310,0.34,0.396,0.2122069628285905,0.34,10.02,-25.0,1.67,29.8,-0.0009540814453147002,0.02385203613286751,1.67,47.7,"Influence of molecular size, polarity and charge on the retention of organic molecules by nanofiltration"
NF70,NF,Methyl 3-hydroxy-2-methylacrylate,COC(=O)C(C)=CO,165.0,15.0,7.0,25.0,0.5,0.28,116.115999999999,180,0.344,0.442,0.2368880596268403,0.34,5.48,-25.0,0.9,29.8,-0.9706857587295497,24.26714396823874,-1.491877457370485,51.4,"Influence of molecular size, polarity and charge on the retention of organic molecules by nanofiltration"
NF70,NF,Methyl ethyl ketone,CCC(C)=O,165.0,15.0,7.0,25.0,0.5,0.4,72.1069999999999,180,0.277,0.4,0.2146606646708273,0.34,14.7,-25.0,0.29,29.8,-1.995262275158161e-08,4.988155687895403e-07,0.29,54.4,"Influence of molecular size, polarity and charge on the retention of organic molecules by nanofiltration"
NF70,NF,Ethylacetate,CCOC(C)=O,165.0,15.0,7.0,25.0,0.5,0.315,88.106,65,0.273,0.404,0.2261116348226619,0.34,4.91,-25.0,0.73,29.8,-0.9919372314813265,24.79843078703316,0.0,60.9,"Influence of molecular size, polarity and charge on the retention of organic molecules by nanofiltration"
NF70,NF,Benzoic acid,OC(=O)c1ccccc1,165.0,15.0,7.0,25.0,0.5,100.0,122.122999999999,65,0.358,0.473,0.2244307601267766,0.34,4.207,-25.0,1.87,29.8,-0.998391944372599,24.95979860931498,-0.2874354510652646,69.3,"Influence of molecular size, polarity and charge on the retention of organic molecules by nanofiltration"
NF70,NF,Isopropanol,CC(C)O,165.0,15.0,7.0,25.0,0.5,0.3160000000000001,60.096,180,0.295,0.336,0.1953570494677862,0.34,17.1,-25.0,0.05,29.8,-7.943282346611806e-11,1.985820586652951e-09,0.05,76.4,"Influence of molecular size, polarity and charge on the retention of organic molecules by nanofiltration"
NF70,NF,Benzylalcohol,OCc1ccccc1,165.0,15.0,7.0,25.0,0.5,0.1365,108.139999999999,65,0.336,0.464,0.2340806887054741,0.34,15.4,-25.0,1.1,29.8,-3.981071689686035e-09,9.952679224215087e-08,1.1,76.7,"Influence of molecular size, polarity and charge on the retention of organic molecules by nanofiltration"
NF70,NF,Toluene,Cc1ccccc1,165.0,15.0,7.0,25.0,0.5,0.087,92.1409999999999,310,0.34,0.412,0.2384117822189205,0.34,14.0,-25.0,2.73,29.8,0.0,0.0,0.0,77.6,"Influence of molecular size, polarity and charge on the retention of organic molecules by nanofiltration"
NF70,NF,Cyclohexanon,O=C1CCCCC1,165.0,15.0,7.0,25.0,0.5,0.38,98.145,65,0.345,0.383,0.2341717096519781,0.34,11.3,-25.0,0.81,29.8,-5.011621160218179e-05,0.001252905290054545,0.81,80.4,"Influence of molecular size, polarity and charge on the retention of organic molecules by nanofiltration"
NF70,NF,Methyl isobutyl ketone,CC(C)CC(=O)C,165.0,15.0,7.0,25.0,0.5,0.28,100.160999999999,180,0.321,0.4360000000000001,0.2616039465927662,0.34,14.0,-25.0,1.31,29.8,0.0,0.0,1.31,86.7,"Influence of molecular size, polarity and charge on the retention of organic molecules by nanofiltration"
NF70,NF,Xylose,OC[C@@H](O)[C@H](O)[C@@H](O)C=O,165.0,15.0,7.0,25.0,0.5,250.0,150.13,310,0.406,0.411,0.2271758314535358,0.34,12.14,-25.0,-2.39,29.8,-7.244307120384045e-06,0.0001811076780096011,-2.39,88.0,"Influence of molecular size, polarity and charge on the retention of organic molecules by nanofiltration"
NF70,NF,Galactose,OC[C@@H](O)[C@H](O)[C@H](O)[C@@H](O)C=O,165.0,15.0,7.0,25.0,0.5,500.0,180.156,180,0.402,0.461,0.2447755111780151,0.34,12.45,-25.0,-3.24,29.8,-3.548121303126307e-06,8.870303257815768e-05,-3.24,95.1,"Influence of molecular size, polarity and charge on the retention of organic molecules by nanofiltration"
NF70,NF,Malachite green,[Cl-].CN(C)c1ccc(cc1)[C+](c2ccccc2)c3ccc(cc3)N(C)C,165.0,15.0,7.0,25.0,0.5,6.0,364.92,180,0.654,0.772,0.63,0.34,-1.24,-25.0,0.62,29.8,-0.9999999942456006,24.99999985614001,0.62,95.1,"Influence of molecular size, polarity and charge on the retention of organic molecules by nanofiltration"
NF70,NF,Raffinose,OC[C@H]1O[C@H](OC[C@H]2O[C@H](O[C@]3(CO)O[C@H](CO)[C@@H](O)[C@@H]3O)[C@H](O)[C@@H](O)[C@@H]2O)[C@H](O)[C@@H](O)[C@H]1O,165.0,15.0,7.0,25.0,0.5,250.0,504.438,310,0.5730000000000001,0.753,0.424151565064248,0.34,12.81,-25.0,-5.104,29.8,-1.548814220083273e-06,3.872035550208182e-05,-5.104,99.6,"Influence of molecular size, polarity and charge on the retention of organic molecules by nanofiltration"
NTR7450,NF,Phenol,Oc1ccccc1,146.25,15.0,7.0,25.0,0.5,200.0,94.1129999999999,180,0.34,0.396,0.2122069628285905,0.69,10.02,-16.6,1.67,70.0,-0.0009540814453147002,0.01583775199222403,1.67,0.0,"Influence of molecular size, polarity and charge on the retention of organic molecules by nanofiltration"
NTR7450,NF,Aniline,Nc1ccccc1,146.25,15.0,7.0,25.0,0.5,0.4088,93.1289999999999,310,0.341,0.406,0.2169204363700712,0.69,4.6,-16.6,0.9,70.0,-0.9960347143808477,16.53417625872207,0.6406466870808997,1.7,"Influence of molecular size, polarity and charge on the retention of organic molecules by nanofiltration"
NTR7450,NF,Methanol,CO,146.25,15.0,7.0,25.0,0.5,0.3555,32.042,310,0.22,0.262,0.1314571764816764,0.69,15.3,-16.6,-0.77,70.0,-5.011872311153847e-09,8.319708036515386e-08,-0.77,2.1,"Influence of molecular size, polarity and charge on the retention of organic molecules by nanofiltration"
NTR7450,NF,Benzoic acid,OC(=O)c1ccccc1,146.25,15.0,7.0,25.0,0.5,100.0,122.122999999999,310,0.358,0.473,0.2244307601267766,0.69,4.207,-16.6,1.87,70.0,-0.998391944372599,16.57330627658515,-0.2874354510652646,2.6,"Influence of molecular size, polarity and charge on the retention of organic molecules by nanofiltration"
NTR7450,NF,Methyl ethyl ketone,CCC(C)=O,146.25,15.0,7.0,25.0,0.5,0.4,72.1069999999999,310,0.277,0.4,0.2146606646708273,0.69,14.7,-16.6,0.29,70.0,-1.995262275158161e-08,3.312135376762548e-07,0.29,4.1,"Influence of molecular size, polarity and charge on the retention of organic molecules by nanofiltration"
NTR7450,NF,Ethanol,CCO,146.25,15.0,7.0,25.0,0.5,0.3160000000000001,46.069,310,0.239,0.323,0.1660514265336832,0.69,15.9,-16.6,-0.31,70.0,-1.258925410209269e-09,2.089816180947387e-08,-0.31,4.7,"Influence of molecular size, polarity and charge on the retention of organic molecules by nanofiltration"
NTR7450,NF,Benzonitrile,N#Cc1ccccc1,146.25,15.0,7.0,25.0,0.5,0.101,103.123999999999,310,0.341,0.452,0.2322023269185876,0.69,14.0,-16.6,1.56,70.0,0.0,0.0,1.56,4.9,"Influence of molecular size, polarity and charge on the retention of organic molecules by nanofiltration"
NTR7450,NF,Isopropanol,CC(C)O,146.25,15.0,7.0,25.0,0.5,0.3160000000000001,60.096,310,0.295,0.336,0.1953570494677862,0.69,17.1,-16.6,0.05,70.0,-7.943282346611806e-11,1.31858486953756e-09,0.05,6.7,"Influence of molecular size, polarity and charge on the retention of organic molecules by nanofiltration"
NTR7450,NF,Methyl isobutyl ketone,CC(C)CC(=O)C,146.25,15.0,7.0,25.0,0.5,0.28,100.160999999999,310,0.321,0.4360000000000001,0.2616039465927662,0.69,14.0,-16.6,1.31,70.0,0.0,0.0,1.31,14.2,"Influence of molecular size, polarity and charge on the retention of organic molecules by nanofiltration"
NTR7450,NF,Nitrobenzene,[O-][N+](=O)c1ccccc1,146.25,15.0,7.0,25.0,0.5,0.42,123.110999999999,180,0.34,0.4360000000000001,0.2324399111480208,0.69,3.98,-16.6,1.85,70.0,-0.9990459185546853,16.58416224800778,1.809444648180442,20.1,"Influence of molecular size, polarity and charge on the retention of organic molecules by nanofiltration"
NTR7450,NF,Methyl 3-hydroxy-2-methylacrylate,COC(=O)C(C)=CO,146.25,15.0,7.0,25.0,0.5,0.28,116.115999999999,310,0.344,0.442,0.2368880596268403,0.69,5.48,-16.6,0.9,70.0,-0.9706857587295497,16.11338359491053,-1.491877457370485,22.8,"Influence of molecular size, polarity and charge on the retention of organic molecules by nanofiltration"
NTR7450,NF,Xylose,OC[C@@H](O)[C@H](O)[C@@H](O)C=O,146.25,15.0,7.0,25.0,0.5,250.0,150.13,180,0.406,0.411,0.2271758314535358,0.69,12.14,-16.6,-2.39,70.0,-7.244307120384045e-06,0.0001202554981983752,-2.39,26.1,"Influence of molecular size, polarity and charge on the retention of organic molecules by nanofiltration"
NTR7450,NF,Galactose,OC[C@@H](O)[C@H](O)[C@H](O)[C@@H](O)C=O,146.25,15.0,7.0,25.0,0.5,500.0,180.156,310,0.402,0.461,0.2447755111780151,0.69,12.45,-16.6,-3.24,70.0,-3.548121303126307e-06,5.88988136318967e-05,-3.24,28.9,"Influence of molecular size, polarity and charge on the retention of organic molecules by nanofiltration"
NTR7450,NF,Benzylalcohol,OCc1ccccc1,146.25,15.0,7.0,25.0,0.5,0.1365,108.139999999999,310,0.336,0.464,0.2340806887054741,0.69,15.4,-16.6,1.1,70.0,-3.981071689686035e-09,6.608579004878818e-08,1.1,29.3,"Influence of molecular size, polarity and charge on the retention of organic molecules by nanofiltration"
NTR7450,NF,Raffinose,OC[C@H]1O[C@H](OC[C@H]2O[C@H](O[C@]3(CO)O[C@H](CO)[C@@H](O)[C@@H]3O)[C@H](O)[C@@H](O)[C@@H]2O)[C@H](O)[C@@H](O)[C@H]1O,146.25,15.0,7.0,25.0,0.5,250.0,504.438,180,0.5730000000000001,0.753,0.424151565064248,0.69,12.81,-16.6,-5.104,70.0,-1.548814220083273e-06,2.571031605338233e-05,-5.104,66.7,"Influence of molecular size, polarity and charge on the retention of organic molecules by nanofiltration"
NTR7450,NF,Malachite green,[Cl-].CN(C)c1ccc(cc1)[C+](c2ccccc2)c3ccc(cc3)N(C)C,146.25,15.0,7.0,25.0,0.5,6.0,364.92,310,0.654,0.772,0.63,0.69,-1.24,-16.6,0.62,70.0,-0.9999999942456006,16.59999990447697,0.62,71.4,"Influence of molecular size, polarity and charge on the retention of organic molecules by nanofiltration"
UTC20,NF,Nitrobenzene,[O-][N+](=O)c1ccccc1,162.6,15.0,7.0,25.0,0.5,0.42,123.110999999999,180,0.34,0.4360000000000001,0.2324399111480208,0.54,3.98,-8.6,1.85,34.8,-0.9990459185546853,8.591794899570292,1.809444648180442,1.3,"Influence of molecular size, polarity and charge on the retention of organic molecules by nanofiltration"
UTC20,NF,Methanol,CO,162.6,15.0,7.0,25.0,0.5,0.3555,32.042,180,0.22,0.262,0.1314571764816764,0.54,15.3,-8.6,-0.77,34.8,-5.011872311153847e-09,4.310210187592308e-08,-0.77,3.0,"Influence of molecular size, polarity and charge on the retention of organic molecules by nanofiltration"
UTC20,NF,Aniline,Nc1ccccc1,162.6,15.0,7.0,25.0,0.5,0.4088,93.1289999999999,180,0.341,0.406,0.2169204363700712,0.54,4.6,-8.6,0.9,34.8,-0.9960347143808477,8.56589854367529,0.6406466870808997,3.5,"Influence of molecular size, polarity and charge on the retention of organic molecules by nanofiltration"
UTC20,NF,Benzonitrile,N#Cc1ccccc1,162.6,15.0,7.0,25.0,0.5,0.101,103.123999999999,180,0.341,0.452,0.2322023269185876,0.54,14.0,-8.6,1.56,34.8,0.0,0.0,1.56,5.7,"Influence of molecular size, polarity and charge on the retention of organic molecules by nanofiltration"
UTC20,NF,Benzoic acid,OC(=O)c1ccccc1,162.6,15.0,7.0,25.0,0.5,100.0,122.122999999999,180,0.358,0.473,0.2244307601267766,0.54,4.207,-8.6,1.87,34.8,-0.998391944372599,8.58617072160435,-0.2874354510652646,6.5,"Influence of molecular size, polarity and charge on the retention of organic molecules by nanofiltration"
UTC20,NF,Phenol,Oc1ccccc1,162.6,15.0,7.0,25.0,0.5,200.0,94.1129999999999,180,0.34,0.396,0.2122069628285905,0.54,10.02,-8.6,1.67,34.8,-0.0009540814453147002,0.008205100429706421,1.67,6.8,"Influence of molecular size, polarity and charge on the retention of organic molecules by nanofiltration"
UTC20,NF,Benzylalcohol,OCc1ccccc1,162.6,15.0,7.0,25.0,0.5,0.1365,108.139999999999,180,0.336,0.464,0.2340806887054741,0.54,15.4,-8.6,1.1,34.8,-3.981071689686035e-09,3.423721653129989e-08,1.1,13.2,"Influence of molecular size, polarity and charge on the retention of organic molecules by nanofiltration"
UTC20,NF,Ethanol,CCO,162.6,15.0,7.0,25.0,0.5,0.3160000000000001,46.069,180,0.239,0.323,0.1660514265336832,0.54,15.9,-8.6,-0.31,34.8,-1.258925410209269e-09,1.082675852779971e-08,-0.31,17.3,"Influence of molecular size, polarity and charge on the retention of organic molecules by nanofiltration"
UTC20,NF,Ethylacetate,CCOC(C)=O,162.6,15.0,7.0,25.0,0.5,0.315,88.106,180,0.273,0.404,0.2261116348226619,0.54,4.91,-8.6,0.73,34.8,-0.9919372314813265,8.530660190739408,0.0,26.0,"Influence of molecular size, polarity and charge on the retention of organic molecules by nanofiltration"
UTC20,NF,Methyl 3-hydroxy-2-methylacrylate,COC(=O)C(C)=CO,162.6,15.0,7.0,25.0,0.5,0.28,116.115999999999,180,0.344,0.442,0.2368880596268403,0.54,5.48,-8.6,0.9,34.8,-0.9706857587295497,8.347897525074126,-1.491877457370485,29.9,"Influence of molecular size, polarity and charge on the retention of organic molecules by nanofiltration"
UTC20,NF,Xylose,OC[C@@H](O)[C@H](O)[C@@H](O)C=O,162.6,15.0,7.0,25.0,0.5,250.0,150.13,180,0.406,0.411,0.2271758314535358,0.54,12.14,-8.6,-2.39,34.8,-7.244307120384045e-06,6.230104123530278e-05,-2.39,84.2,"Influence of molecular size, polarity and charge on the retention of organic molecules by nanofiltration"
UTC70,RO,Galactose,OC[C@@H](O)[C@H](O)[C@H](O)[C@@H](O)C=O,82.50000000000001,15.0,7.0,25.0,0.5,500.0,180.156,180,0.402,0.461,0.2447755111780151,0.4031806108897714,12.45,-15.88,-3.24,54.4,-3.548121303126307e-06,5.634416629364577e-05,-3.24,94.8,"Influence of molecular size, polarity and charge on the retention of organic molecules by nanofiltration"
UTC70,RO,Raffinose,OC[C@H]1O[C@H](OC[C@H]2O[C@H](O[C@]3(CO)O[C@H](CO)[C@@H](O)[C@@H]3O)[C@H](O)[C@@H](O)[C@@H]2O)[C@H](O)[C@@H](O)[C@H]1O,82.50000000000001,15.0,7.0,25.0,0.5,250.0,504.438,180,0.5730000000000001,0.753,0.424151565064248,0.4031806108897714,12.81,-15.88,-5.104,54.4,-1.548814220083273e-06,2.459516981492238e-05,-5.104,96.7,"Influence of molecular size, polarity and charge on the retention of organic molecules by nanofiltration"
UTC70,RO,Malachite green,[Cl-].CN(C)c1ccc(cc1)[C+](c2ccccc2)c3ccc(cc3)N(C)C,82.50000000000001,15.0,7.0,25.0,0.5,6.0,364.92,180,0.654,0.772,0.63,0.4031806108897714,-1.24,-15.88,0.62,54.4,-0.9999999942456006,15.87999990862014,0.62,97.5,"Influence of molecular size, polarity and charge on the retention of organic molecules by nanofiltration"
DF30,NF,Carbamazepine,NC(=O)N1c2ccccc2C=Cc3ccccc13,30.24,4.0,7.0,23.0,24.0,1000.0,236.274,400,0.4480000000000001,0.576,0.3334516559578687,0.43,13.9,-75.1,2.45,15.2,0.0,0.0,2.45,81.5,Influences of multi influent matrices on the retention of PPCPs by nanofiltration membranes
DF30,NF,Chloramphenicol,OCC(NC(=O)C(Cl)Cl)C(O)c1ccc(cc1)[N+]([O-])=O,30.24,4.0,7.0,23.0,24.0,1000.0,323.132,400,0.4349999999999999,0.747,0.3567609688384578,0.43,11.03,-75.1,1.1,15.2,-9.331672125655432e-05,0.007008085766367229,1.1,85.7,Influences of multi influent matrices on the retention of PPCPs by nanofiltration membranes
DF30,NF,Diclofenac,OC(=O)Cc1ccccc1Nc2c(Cl)cccc2Cl,30.24,4.0,7.0,23.0,24.0,1000.0,296.153,400,0.462,0.634,0.3476931977505725,0.43,4.15,-75.1,4.51,15.2,-0.9985894549032847,74.99406806323667,2.18992467830834,94.1,Influences of multi influent matrices on the retention of PPCPs by nanofiltration membranes
DF30,NF,Indomethacin,COc1ccc2n(c(C)c(CC(O)=O)c2c1)C(=O)c3ccc(Cl)cc3,30.24,4.0,7.0,23.0,24.0,1000.0,357.793,400,0.524,0.8539999999999999,0.4061581699743521,0.43,4.5,-75.1,4.27,15.2,-0.9968476908167399,74.86326158033715,1.454273330286334,95.4,Influences of multi influent matrices on the retention of PPCPs by nanofiltration membranes
SR2,NF,Acetaminophen,CC(=O)Nc1ccc(O)cc1,75.0,10.0,6.0,22.0,1.0,0.5,151.165,165,0.349,0.567,0.2518576668186564,0.52,9.5,-9.86,0.49,40.1,-0.0003161277976296176,0.003117020084628029,0.49,32.1428625,Influences of solution chemistry and polymeric natural organic matter on the removal of aquatic pharmaceutical residuals by nanofiltration
SR2,NF,Acetaminophen,CC(=O)Nc1ccc(O)cc1,75.0,10.0,7.5,22.0,1.0,0.5,151.165,165,0.349,0.567,0.2518576668186564,0.52,9.5,-11.8,0.49,40.1,-0.009900990099009901,0.1168316831683168,0.49,34.0,Influences of solution chemistry and polymeric natural organic matter on the removal of aquatic pharmaceutical residuals by nanofiltration
SR2,NF,Acetaminophen,CC(=O)Nc1ccc(O)cc1,75.0,10.0,9.0,22.0,1.0,0.5,151.165,165,0.349,0.567,0.2518576668186564,0.52,9.5,-13.12,0.49,40.1,-0.2402530733520421,3.152120322378792,0.49,36.0714375,Influences of solution chemistry and polymeric natural organic matter on the removal of aquatic pharmaceutical residuals by nanofiltration
SR2,NF,Amoxicillin,O.O.O.CC1(C)S[C@@H]2[C@H](NC(=O)[C@H](N)c3ccc(O)cc3)C(=O)N2[C@H]1C(O)=O,75.0,10.0,7.5,22.0,1.0,0.5,419.456,165,0.463,0.799,0.4183530656423811,0.52,2.44,-11.8,0.87,40.1,-0.9999912904399575,11.7998972271915,-2.381549812216026,64.9,Influences of solution chemistry and polymeric natural organic matter on the removal of aquatic pharmaceutical residuals by nanofiltration
SR2,NF,Indomethacin,COc1ccc2n(c(C)c(CC(O)=O)c2c1)C(=O)c3ccc(Cl)cc3,75.0,10.0,7.5,22.0,1.0,0.5,357.793,165,0.524,0.8539999999999999,0.4061581699743521,0.52,4.5,-11.8,4.27,40.1,-0.9990009990009991,11.78821178821179,1.448191029711846,82.0,Influences of solution chemistry and polymeric natural organic matter on the removal of aquatic pharmaceutical residuals by nanofiltration
SR2,NF,Cephalexin,O.CC1=C(N2[C@H](SC1)[C@H](NC(=O)[C@H](N)c3ccccc3)C2=O)C(O)=O,75.0,10.0,7.5,22.0,1.0,0.5,365.411,165,0.474,0.638,0.3912530682327713,0.52,2.53,-11.8,0.65,40.1,-0.9999799304130438,11.79976317887392,-3.424138851052106,100.0,Influences of solution chemistry and polymeric natural organic matter on the removal of aquatic pharmaceutical residuals by nanofiltration
SR2,NF,Tetracycline,CN(C)[C@H]1[C@@H]2C[C@H]3C(=C(O)c4c(O)cccc4[C@@]3(C)O)C(=O)[C@]2(O)C(=O)\C(=C(N)/O)C1=O,56.25,7.5,7.5,22.0,1.0,0.5,444.44,165,0.541,0.745,0.4170855233984774,0.52,7.68,-11.8,-1.3,40.1,-0.3978419068252831,4.694534500538341,-1.3,75.12,Influences of solution chemistry and polymeric natural organic matter on the removal of aquatic pharmaceutical residuals by nanofiltration
SR2,NF,Tetracycline,CN(C)[C@H]1[C@@H]2C[C@H]3C(=C(O)c4c(O)cccc4[C@@]3(C)O)C(=O)[C@]2(O)C(=O)\C(=C(N)/O)C1=O,75.0,10.0,7.5,22.0,1.0,0.5,444.44,165,0.541,0.745,0.4170855233984774,0.52,7.68,-11.8,-1.3,40.1,-0.3978419068252831,4.694534500538341,-1.3,89.0,Influences of solution chemistry and polymeric natural organic matter on the removal of aquatic pharmaceutical residuals by nanofiltration
SR2,NF,Tetracycline,CN(C)[C@H]1[C@@H]2C[C@H]3C(=C(O)c4c(O)cccc4[C@@]3(C)O)C(=O)[C@]2(O)C(=O)\C(=C(N)/O)C1=O,93.75,12.5,7.5,22.0,1.0,0.5,444.44,165,0.541,0.745,0.4170855233984774,0.52,7.68,-11.8,-1.3,40.1,-0.3978419068252831,4.694534500538341,-1.3,94.04,Influences of solution chemistry and polymeric natural organic matter on the removal of aquatic pharmaceutical residuals by nanofiltration
SR3,NF,Acetaminophen,CC(=O)Nc1ccc(O)cc1,21.0,10.0,6.0,22.0,1.0,0.5,151.165,460,0.349,0.567,0.2518576668186564,0.38,9.5,-11.8,0.49,44.6,-0.0003161277976296176,0.003730308012029488,0.49,51.7857375,Influences of solution chemistry and polymeric natural organic matter on the removal of aquatic pharmaceutical residuals by nanofiltration
SR3,NF,Acetaminophen,CC(=O)Nc1ccc(O)cc1,21.0,10.0,7.5,22.0,1.0,0.5,151.165,460,0.349,0.567,0.2518576668186564,0.38,9.5,-14.11,0.49,44.6,-0.009900990099009901,0.1397029702970297,0.49,58.0,Influences of solution chemistry and polymeric natural organic matter on the removal of aquatic pharmaceutical residuals by nanofiltration
SR3,NF,Acetaminophen,CC(=O)Nc1ccc(O)cc1,21.0,10.0,9.0,22.0,1.0,0.5,151.165,460,0.349,0.567,0.2518576668186564,0.38,9.5,-16.75,0.49,44.6,-0.2402530733520421,4.024238978646705,0.49,58.9285375,Influences of solution chemistry and polymeric natural organic matter on the removal of aquatic pharmaceutical residuals by nanofiltration
SR3,NF,Amoxicillin,O.O.O.CC1(C)S[C@@H]2[C@H](NC(=O)[C@H](N)c3ccc(O)cc3)C(=O)N2[C@H]1C(O)=O,21.0,10.0,7.5,22.0,1.0,0.5,419.456,460,0.463,0.799,0.4183530656423811,0.38,2.44,-17.48,0.87,44.6,-0.9999912904399575,17.47984775689046,-2.381549812216026,75.0,Influences of solution chemistry and polymeric natural organic matter on the removal of aquatic pharmaceutical residuals by nanofiltration
SR3,NF,Cephalexin,O.CC1=C(N2[C@H](SC1)[C@H](NC(=O)[C@H](N)c3ccccc3)C2=O)C(O)=O,21.0,10.0,7.5,22.0,1.0,0.5,365.411,460,0.474,0.638,0.3912530682327713,0.38,2.53,-16.75,0.65,44.6,-0.9999799304130438,16.74966383441848,-3.424138851052106,88.0,Influences of solution chemistry and polymeric natural organic matter on the removal of aquatic pharmaceutical residuals by nanofiltration
SR3,NF,Indomethacin,COc1ccc2n(c(C)c(CC(O)=O)c2c1)C(=O)c3ccc(Cl)cc3,21.0,10.0,7.5,22.0,1.0,0.5,357.793,460,0.524,0.8539999999999999,0.4061581699743521,0.38,4.5,-16.75,4.27,44.6,-0.9990009990009991,16.73326673326673,1.448191029711846,95.0,Influences of solution chemistry and polymeric natural organic matter on the removal of aquatic pharmaceutical residuals by nanofiltration
SR3,NF,Tetracycline,CN(C)[C@H]1[C@@H]2C[C@H]3C(=C(O)c4c(O)cccc4[C@@]3(C)O)C(=O)[C@]2(O)C(=O)\C(=C(N)/O)C1=O,15.75,7.5,7.5,22.0,1.0,0.5,444.44,460,0.541,0.745,0.4170855233984774,0.38,7.68,-16.75,-1.3,44.6,-0.3978419068252831,6.663851939323493,-1.3,94.03,Influences of solution chemistry and polymeric natural organic matter on the removal of aquatic pharmaceutical residuals by nanofiltration
SR3,NF,Tetracycline,CN(C)[C@H]1[C@@H]2C[C@H]3C(=C(O)c4c(O)cccc4[C@@]3(C)O)C(=O)[C@]2(O)C(=O)\C(=C(N)/O)C1=O,21.0,10.0,7.5,22.0,1.0,0.5,444.44,460,0.541,0.745,0.4170855233984774,0.38,7.68,-16.75,-1.3,44.6,-0.3978419068252831,6.663851939323493,-1.3,98.0,Influences of solution chemistry and polymeric natural organic matter on the removal of aquatic pharmaceutical residuals by nanofiltration
SR3,NF,Tetracycline,CN(C)[C@H]1[C@@H]2C[C@H]3C(=C(O)c4c(O)cccc4[C@@]3(C)O)C(=O)[C@]2(O)C(=O)\C(=C(N)/O)C1=O,26.25,12.5,7.5,22.0,1.0,0.5,444.44,460,0.541,0.745,0.4170855233984774,0.38,7.68,-16.75,-1.3,44.6,-0.3978419068252831,6.663851939323493,-1.3,97.0,Influences of solution chemistry and polymeric natural organic matter on the removal of aquatic pharmaceutical residuals by nanofiltration
VNF1,NF,Benzotriazole,[nH]1nnc2ccccc12,51.84,5.0,7.0,25.0,0.5,0.1,119.126999999999,150,0.366,0.412,0.2118001774591149,0.56,8.37,-44.0,1.3,36.4,-0.04091269989667938,1.800158795453893,1.3,11.3,Influences of temperature on the retention of PPCPs by nanofiltration membranes: Experiments and modeling assessment
VNF1,NF,Clofibric acid,CC(C)(Oc1ccc(Cl)cc1)C(O)=O,51.84,5.0,7.0,25.0,0.5,0.1,214.648,150,0.35,0.62,0.3149381950227265,0.56,3.12,-44.0,2.57,36.4,-0.9998681917018621,43.99420043488193,-0.2268545942604527,69.25,Influences of temperature on the retention of PPCPs by nanofiltration membranes: Experiments and modeling assessment
VNF1,NF,Ibuprofen,CC(C)Cc1ccc(cc1)C(C)C(O)=O,51.84,5.0,7.0,25.0,0.5,0.1,206.284999999999,250,0.378,0.659,0.3727263864585965,0.56,5.2,-52.0,3.97,36.4,-0.9843983377581704,51.18871356342486,0.7761004222382355,74.37,Influences of temperature on the retention of PPCPs by nanofiltration membranes: Experiments and modeling assessment
VNF1,NF,Nalidixic acid,CCN1C=C(C(O)=O)C(=O)c2ccc(C)nc12,51.84,5.0,7.0,25.0,0.5,0.1,232.238999999999,150,0.516,0.636,0.3202563871907044,0.56,6.01,-44.0,1.59,36.4,-0.9071699361527149,39.91547719071946,0.9946735597791301,74.5,Influences of temperature on the retention of PPCPs by nanofiltration membranes: Experiments and modeling assessment
VNF1,NF,Hydrochlorothiazide,N[S](=O)(=O)c1cc2c(NCN[S]2(=O)=O)cc1Cl,51.84,5.0,7.0,25.0,0.5,0.1,297.745,150,0.413,0.567,0.3217777814959408,0.56,7.9,-44.0,-0.58,36.4,0.9921574825585734,-43.65492923257723,-0.58,80.0,Influences of temperature on the retention of PPCPs by nanofiltration membranes: Experiments and modeling assessment
VNF1,NF,Carbamazepine,NC(=O)N1c2ccccc2C=Cc3ccccc13,51.84,5.0,7.0,25.0,0.5,0.1,236.274,150,0.4480000000000001,0.576,0.3334516559578687,0.56,13.9,-44.0,2.45,36.4,0.0,0.0,2.45,80.5,Influences of temperature on the retention of PPCPs by nanofiltration membranes: Experiments and modeling assessment
VNF1,NF,Diclofenac,OC(=O)Cc1ccccc1Nc2c(Cl)cccc2Cl,51.84,5.0,7.0,25.0,0.5,0.1,296.153,250,0.462,0.634,0.3476931977505725,0.56,4.15,-52.0,4.51,36.4,-0.9985894549032847,51.9266516549708,2.18992467830834,83.75,Influences of temperature on the retention of PPCPs by nanofiltration membranes: Experiments and modeling assessment
VNF1,NF,Mefenamic acid,Cc1cccc(Nc2ccccc2C(O)=O)c1C,51.84,5.0,7.0,25.0,0.5,0.1,241.29,250,0.492,0.643,0.348183157467067,0.56,4.2,-52.0,5.12,36.4,-0.9984176147191982,51.91771596539831,2.693979543129185,84.75,Influences of temperature on the retention of PPCPs by nanofiltration membranes: Experiments and modeling assessment
VNF1,NF,Indomethacin,COc1ccc2n(c(C)c(CC(O)=O)c2c1)C(=O)c3ccc(Cl)cc3,51.84,5.0,7.0,25.0,0.5,0.1,357.793,250,0.524,0.8539999999999999,0.4061581699743521,0.56,4.5,-52.0,4.27,36.4,-0.9968476908167399,51.83607992247047,1.454273330286334,94.62,Influences of temperature on the retention of PPCPs by nanofiltration membranes: Experiments and modeling assessment
VNF1,NF,Bezafibrate,CC(C)(Oc1ccc(CCNC(=O)c2ccc(Cl)cc2)cc1)C(O)=O,51.84,5.0,7.0,25.0,0.5,0.1,361.825,250,0.413,1.0,0.4318375040547658,0.56,3.29,-52.0,3.8,36.4,-0.9998050535515521,51.98986278468071,0.5735363101768511,100.0,Influences of temperature on the retention of PPCPs by nanofiltration membranes: Experiments and modeling assessment
VNF1,NF,Candesartan,CCOc1nc2cccc(C(O)=O)c2n1Cc3ccc(cc3)c4ccccc4c5n[nH]nn5,51.84,5.0,7.0,25.0,0.5,0.1,440.463,250,0.6,0.8390000000000001,0.4542110898157602,0.56,2.45,-52.0,5.01,36.4,-0.9999435678073961,51.9970655259846,0.4037249467619235,100.0,Influences of temperature on the retention of PPCPs by nanofiltration membranes: Experiments and modeling assessment
VNF2,NF,Benzotriazole,[nH]1nnc2ccccc12,43.38,5.0,7.0,25.0,0.5,0.1,119.126999999999,150,0.366,0.412,0.2118001774591149,0.51,8.37,-44.0,1.3,79.4,-0.04091269989667938,1.800158795453893,1.3,22.8,Influences of temperature on the retention of PPCPs by nanofiltration membranes: Experiments and modeling assessment
VNF2,NF,Clofibric acid,CC(C)(Oc1ccc(Cl)cc1)C(O)=O,43.38,5.0,7.0,25.0,0.5,0.1,214.648,250,0.35,0.62,0.3149381950227265,0.51,3.12,-52.0,2.57,79.4,-0.9998681917018621,51.99314596849683,-0.2268545942604527,71.76,Influences of temperature on the retention of PPCPs by nanofiltration membranes: Experiments and modeling assessment
VNF2,NF,Ibuprofen,CC(C)Cc1ccc(cc1)C(C)C(O)=O,43.38,5.0,7.0,25.0,0.5,0.1,206.284999999999,250,0.378,0.659,0.3727263864585965,0.51,5.2,-52.0,3.97,79.4,-0.9843983377581704,51.18871356342486,0.7761004222382355,76.49,Influences of temperature on the retention of PPCPs by nanofiltration membranes: Experiments and modeling assessment
VNF2,NF,Nalidixic acid,CCN1C=C(C(O)=O)C(=O)c2ccc(C)nc12,43.38,5.0,7.0,25.0,0.5,0.1,232.238999999999,250,0.516,0.636,0.3202563871907044,0.51,6.01,-52.0,1.59,79.4,-0.9071699361527149,47.17283667994118,0.9946735597791301,78.11,Influences of temperature on the retention of PPCPs by nanofiltration membranes: Experiments and modeling assessment
VNF2,NF,Hydrochlorothiazide,N[S](=O)(=O)c1cc2c(NCN[S]2(=O)=O)cc1Cl,43.38,5.0,7.0,25.0,0.5,0.1,297.745,150,0.413,0.567,0.3217777814959408,0.51,7.9,-44.0,-0.58,79.4,0.9921574825585734,-43.65492923257723,-0.58,80.0,Influences of temperature on the retention of PPCPs by nanofiltration membranes: Experiments and modeling assessment
VNF2,NF,Carbamazepine,NC(=O)N1c2ccccc2C=Cc3ccccc13,43.38,5.0,7.0,25.0,0.5,0.1,236.274,150,0.4480000000000001,0.576,0.3334516559578687,0.51,13.9,-44.0,2.45,79.4,0.0,0.0,2.45,83.0,Influences of temperature on the retention of PPCPs by nanofiltration membranes: Experiments and modeling assessment
VNF2,NF,Diclofenac,OC(=O)Cc1ccccc1Nc2c(Cl)cccc2Cl,43.38,5.0,7.0,25.0,0.5,0.1,296.153,250,0.462,0.634,0.3476931977505725,0.51,4.15,-52.0,4.51,79.4,-0.9985894549032847,51.9266516549708,2.18992467830834,86.21,Influences of temperature on the retention of PPCPs by nanofiltration membranes: Experiments and modeling assessment
VNF2,NF,Mefenamic acid,Cc1cccc(Nc2ccccc2C(O)=O)c1C,43.38,5.0,7.0,25.0,0.5,0.1,241.29,250,0.492,0.643,0.348183157467067,0.51,4.2,-52.0,5.12,79.4,-0.9984176147191982,51.91771596539831,2.693979543129185,86.33,Influences of temperature on the retention of PPCPs by nanofiltration membranes: Experiments and modeling assessment
VNF2,NF,Indomethacin,COc1ccc2n(c(C)c(CC(O)=O)c2c1)C(=O)c3ccc(Cl)cc3,43.38,5.0,7.0,25.0,0.5,0.1,357.793,250,0.524,0.8539999999999999,0.4061581699743521,0.51,4.5,-52.0,4.27,79.4,-0.9968476908167399,51.83607992247047,1.454273330286334,96.3,Influences of temperature on the retention of PPCPs by nanofiltration membranes: Experiments and modeling assessment
VNF2,NF,Bezafibrate,CC(C)(Oc1ccc(CCNC(=O)c2ccc(Cl)cc2)cc1)C(O)=O,43.38,5.0,7.0,25.0,0.5,0.1,361.825,250,0.413,1.0,0.4318375040547658,0.51,3.29,-52.0,3.8,79.4,-0.9998050535515521,51.98986278468071,0.5735363101768511,100.0,Influences of temperature on the retention of PPCPs by nanofiltration membranes: Experiments and modeling assessment
VNF2,NF,Candesartan,CCOc1nc2cccc(C(O)=O)c2n1Cc3ccc(cc3)c4ccccc4c5n[nH]nn5,43.38,5.0,7.0,25.0,0.5,0.1,440.463,250,0.6,0.8390000000000001,0.4542110898157602,0.51,2.45,-52.0,5.01,79.4,-0.9999435678073961,51.9970655259846,0.4037249467619235,100.0,Influences of temperature on the retention of PPCPs by nanofiltration membranes: Experiments and modeling assessment
BW400,RO,Bromoform,BrC(Br)Br,13.584,4.8,8.0,22.5,48.0,0.1,252.731,375,0.327,0.342,0.211596735007286,0.4031806108897714,15.0,-4.5,2.4,47.0,0.0,0.0,2.4,16.0,Modeling of RO/NF membrane rejections of PhACs and organic compounds: a statistical analysis
LE440,RO,Phenacetine,CCOc1ccc(NC(C)=O)cc1,17.64583333333334,5.5,8.0,22.5,48.0,0.1,179.219,65,0.345,0.6900000000000001,0.2902703986176511,0.4031806108897714,14.57,-23.0,1.58,42.0,2.242726714004387e-06,-5.158271442210089e-05,1.58,56.0,Modeling of RO/NF membrane rejections of PhACs and organic compounds: a statistical analysis
LE440,RO,Naproxen,COc1ccc2cc(ccc2c1)C(C)C(O)=O,17.64583333333334,5.5,8.0,22.5,48.0,0.1,230.262999999999,100,0.392,0.73,0.3324489960201268,0.4031806108897714,4.84,-23.0,3.18,42.0,-0.9993086397323669,22.98409871384444,1.08567052736044,75.0,Modeling of RO/NF membrane rejections of PhACs and organic compounds: a statistical analysis
LE440,RO,Dichloroacetic acid,OC(=O)C(Cl)Cl,17.64583333333334,5.5,8.0,22.5,48.0,0.1,128.942,100,0.308,0.347,0.2043171378419203,0.4031806108897714,1.26,-23.0,0.92,42.0,-0.9999998180299472,22.99999581468878,-2.785109392799795,77.0,Modeling of RO/NF membrane rejections of PhACs and organic compounds: a statistical analysis
LE440,RO,Primidone,CCC1(C(=O)NCNC1=O)c2ccccc2,17.64583333333334,5.5,8.0,22.5,48.0,0.1,218.256,100,0.417,0.54,0.3389517647396867,0.4031806108897714,12.3,-23.0,0.91,42.0,0.0001540159060116999,-0.003542365838269097,0.91,83.0,Modeling of RO/NF membrane rejections of PhACs and organic compounds: a statistical analysis
LE440,RO,Clofibric acid,CC(C)(Oc1ccc(Cl)cc1)C(O)=O,17.64583333333334,5.5,8.0,22.5,48.0,0.1,214.648,100,0.35,0.62,0.3149381950227265,0.4031806108897714,3.12,-23.0,2.57,42.0,-0.9999868176063923,22.99969680494702,-0.2271864174035798,87.0,Modeling of RO/NF membrane rejections of PhACs and organic compounds: a statistical analysis
LE440,RO,Ibuprofen,CC(C)Cc1ccc(cc1)C(C)C(O)=O,17.64583333333334,5.5,8.0,22.5,48.0,0.1,206.284999999999,100,0.378,0.659,0.3727263864585965,0.4031806108897714,5.2,-23.0,3.97,42.0,-0.9984176147191982,22.96360513854156,0.7306146051163545,91.0,Modeling of RO/NF membrane rejections of PhACs and organic compounds: a statistical analysis
LE440,RO,Diclofenac,OC(=O)Cc1ccccc1Nc2c(Cl)cccc2Cl,17.64583333333334,5.5,8.0,22.5,48.0,0.1,296.153,100,0.462,0.634,0.3476931977505725,0.4031806108897714,4.15,-23.0,4.51,42.0,-0.9998587661953429,22.99675162249289,2.186975620725377,91.0,Modeling of RO/NF membrane rejections of PhACs and organic compounds: a statistical analysis
LE440,RO,Trichloroacetic acid,OC(=O)C(Cl)(Cl)Cl,17.64583333333334,5.5,8.0,22.5,48.0,0.1,163.387,65,0.317,0.385,0.2311309197868325,0.4031806108897714,0.51,-23.0,1.33,42.0,-0.9999999676406354,22.99999925573461,-2.225018328059951,95.0,Modeling of RO/NF membrane rejections of PhACs and organic compounds: a statistical analysis
NE90,NF,Bromoform,BrC(Br)Br,25.31666666666667,2.8,8.0,22.5,48.0,0.1,252.731,180,0.327,0.342,0.211596735007286,0.49,15.0,-24.0,2.4,60.0,0.0,0.0,2.4,17.0,Modeling of RO/NF membrane rejections of PhACs and organic compounds: a statistical analysis
NF90,NF,Phenacetine,CCOc1ccc(NC(C)=O)cc1,20.352,2.4,8.0,22.5,48.0,0.1,179.219,100,0.345,0.6900000000000001,0.2902703986176511,0.34,14.57,-31.0,1.58,52.0,2.242726714004387e-06,-6.952452813413599e-05,1.58,45.0,Modeling of RO/NF membrane rejections of PhACs and organic compounds: a statistical analysis
NF90,NF,Primidone,CCC1(C(=O)NCNC1=O)c2ccccc2,20.352,2.4,8.0,22.5,48.0,0.1,218.256,100,0.417,0.54,0.3389517647396867,0.34,12.3,-31.0,0.91,52.0,0.0001540159060116999,-0.004774493086362696,0.91,82.0,Modeling of RO/NF membrane rejections of PhACs and organic compounds: a statistical analysis
NF90,NF,Ibuprofen,CC(C)Cc1ccc(cc1)C(C)C(O)=O,20.352,2.4,8.0,22.5,48.0,0.1,206.284999999999,65,0.378,0.659,0.3727263864585965,0.34,5.2,-31.0,3.97,52.0,-0.9984176147191982,30.95094605629514,0.7306146051163545,86.0,Modeling of RO/NF membrane rejections of PhACs and organic compounds: a statistical analysis
NF90,NF,Clofibric acid,CC(C)(Oc1ccc(Cl)cc1)C(O)=O,20.352,2.4,8.0,22.5,48.0,0.1,214.648,65,0.35,0.62,0.3149381950227265,0.34,3.12,-31.0,2.57,52.0,-0.9999868176063923,30.99959134579816,-0.2271864174035798,86.0,Modeling of RO/NF membrane rejections of PhACs and organic compounds: a statistical analysis
NF90,NF,Trichloroacetic acid,OC(=O)C(Cl)(Cl)Cl,20.352,2.4,8.0,22.5,48.0,0.1,163.387,100,0.317,0.385,0.2311309197868325,0.34,0.51,-31.0,1.33,52.0,-0.9999999676406354,30.99999899685969,-2.225018328059951,87.0,Modeling of RO/NF membrane rejections of PhACs and organic compounds: a statistical analysis
NF90,NF,Dichloroacetic acid,OC(=O)C(Cl)Cl,20.352,2.4,8.0,22.5,48.0,0.1,128.942,65,0.308,0.347,0.2043171378419203,0.34,1.26,-31.0,0.92,52.0,-0.9999998180299472,30.99999435892836,-2.785109392799795,89.0,Modeling of RO/NF membrane rejections of PhACs and organic compounds: a statistical analysis
NF90,NF,Naproxen,COc1ccc2cc(ccc2c1)C(C)C(O)=O,20.352,2.4,8.0,22.5,48.0,0.1,230.262999999999,100,0.392,0.73,0.3324489960201268,0.34,4.84,-31.0,3.18,52.0,-0.9993086397323669,30.97856783170338,1.08567052736044,89.0,Modeling of RO/NF membrane rejections of PhACs and organic compounds: a statistical analysis
NF90,NF,Diclofenac,OC(=O)Cc1ccccc1Nc2c(Cl)cccc2Cl,20.352,2.4,8.0,22.5,48.0,0.1,296.153,65,0.462,0.634,0.3476931977505725,0.34,4.15,-31.0,4.51,52.0,-0.9998587661953429,30.99562175205563,2.186975620725377,90.0,Modeling of RO/NF membrane rejections of PhACs and organic compounds: a statistical analysis
RE-BLR,RO,Bromoform,BrC(Br)Br,15.4,4.8,8.0,22.5,48.0,0.1,252.731,100,0.327,0.342,0.211596735007286,0.4031806108897714,15.0,-21.0,2.4,47.0,0.0,0.0,2.4,50.0,Modeling of RO/NF membrane rejections of PhACs and organic compounds: a statistical analysis
UTC70,RO,Bromoform,BrC(Br)Br,18.7,3.4,8.0,22.5,48.0,0.1,252.731,100,0.327,0.342,0.211596735007286,0.4031806108897714,15.0,-15.0,2.4,54.4,0.0,0.0,2.4,34.0,Modeling of RO/NF membrane rejections of PhACs and organic compounds: a statistical analysis
XLE440,RO,Bromoform,BrC(Br)Br,18.4,4.8,8.0,22.5,48.0,0.1,252.731,100,0.327,0.342,0.211596735007286,0.4031806108897714,15.0,-19.0,2.4,47.0,0.0,0.0,2.4,16.0,Modeling of RO/NF membrane rejections of PhACs and organic compounds: a statistical analysis
NF270,NF,Heptafluorobutyric acid,OC(=O)C(F)(F)C(F)(F)C(F)(F)F,78.60026399999998,5.171069999999999,6.5,25.0,20.0,0.001,214.035999999999,330,0.318,0.456,0.2679707509921943,0.42,0.37,-42.7,3.93,73.16,-0.9999992586903084,42.69996834607617,-1.120015246565881,93.0,Nanofiltration and granular activated carbon treatment of perfluoroalkyl acids
NF270,NF,Heptafluorobutyric acid,OC(=O)C(F)(F)C(F)(F)C(F)(F)F,104.800352,6.89476,6.5,25.0,20.0,0.001,214.035999999999,330,0.318,0.456,0.2679707509921943,0.42,0.37,-42.7,3.93,73.16,-0.9999992586903084,42.69996834607617,-1.120015246565881,94.0,Nanofiltration and granular activated carbon treatment of perfluoroalkyl acids
NF270,NF,Heptafluorobutyric acid,OC(=O)C(F)(F)C(F)(F)C(F)(F)F,131.00044,8.618450000000001,6.5,25.0,20.0,0.001,214.035999999999,330,0.318,0.456,0.2679707509921943,0.42,0.37,-42.7,3.93,73.16,-0.9999992586903084,42.69996834607617,-1.120015246565881,93.0,Nanofiltration and granular activated carbon treatment of perfluoroalkyl acids
NF270,NF,Perfluoroheptanoic acid,OC(=O)C(F)(F)C(F)(F)C(F)(F)C(F)(F)C(F)(F)C(F)(F)F,78.752264,5.18107,6.5,25.0,20.0,0.001,364.056999999999,330,0.407,0.614,0.3577383386561064,0.42,-2.29,-42.7,6.86,73.16,-0.99999999837819,42.69999993074872,1.124999962090103,97.0,Nanofiltration and granular activated carbon treatment of perfluoroalkyl acids
NF270,NF,Perfluoroheptanoic acid,OC(=O)C(F)(F)C(F)(F)C(F)(F)C(F)(F)C(F)(F)C(F)(F)F,104.952352,6.90476,6.5,25.0,20.0,0.001,364.056999999999,330,0.407,0.614,0.3577383386561064,0.42,-2.29,-42.7,6.86,73.16,-0.99999999837819,42.69999993074872,1.124999962090103,97.0,Nanofiltration and granular activated carbon treatment of perfluoroalkyl acids
NF270,NF,Perfluoroheptanoic acid,OC(=O)C(F)(F)C(F)(F)C(F)(F)C(F)(F)C(F)(F)C(F)(F)F,131.00044,8.618450000000001,6.5,25.0,20.0,0.001,364.056999999999,330,0.407,0.614,0.3577383386561064,0.42,-2.29,-42.7,6.86,73.16,-0.99999999837819,42.69999993074872,1.124999962090103,97.0,Nanofiltration and granular activated carbon treatment of perfluoroalkyl acids
NF270,NF,Norfloxacin,CCN1C=C(C(O)=O)C(=O)c2cc(F)c(cc12)N3CCNCC3,104.28,6.0,2.4,25.0,0.5,50.0,319.336,180,0.516,0.744,0.3854363846657497,0.42,6.34,-42.7,-1.03,73.16,0.9999995532140352,-42.69998092223931,-3.551574533676397,89.2,Nanoﬁltration for the removal of norﬂoxacin from pharmaceutical eﬄuent 
NF270,NF,Norfloxacin,CCN1C=C(C(O)=O)C(=O)c2cc(F)c(cc12)N3CCNCC3,104.28,6.0,6.5,25.0,0.5,5.0,319.336,330,0.516,0.744,0.3854363846657497,0.42,6.34,-27.29,-1.03,73.16,0.9784167827508827,-26.70099400127159,-3.49715194499508,91.29,Nanoﬁltration for the removal of norﬂoxacin from pharmaceutical eﬄuent 
NF270,NF,Norfloxacin,CCN1C=C(C(O)=O)C(=O)c2cc(F)c(cc12)N3CCNCC3,104.28,6.0,6.5,25.0,0.5,50.0,319.336,180,0.516,0.744,0.3854363846657497,0.42,6.34,-42.7,-1.03,73.16,0.9784167827508827,-41.7783966234627,-3.49715194499508,93.6,Nanoﬁltration for the removal of norﬂoxacin from pharmaceutical eﬄuent 
NF270,NF,Norfloxacin,CCN1C=C(C(O)=O)C(=O)c2cc(F)c(cc12)N3CCNCC3,104.28,6.0,6.5,25.0,0.5,25.0,319.336,330,0.516,0.744,0.3854363846657497,0.42,6.34,-27.29,-1.03,73.16,0.9784167827508827,-26.70099400127159,-3.49715194499508,97.45,Nanoﬁltration for the removal of norﬂoxacin from pharmaceutical eﬄuent 
NF270,NF,Norfloxacin,CCN1C=C(C(O)=O)C(=O)c2cc(F)c(cc12)N3CCNCC3,104.28,6.0,9.8,25.0,0.5,50.0,319.336,180,0.516,0.744,0.3854363846657497,0.42,6.34,-42.7,-1.03,73.16,-0.9995916114646639,42.68256180954115,1.49054587769037,87.0,Nanoﬁltration for the removal of norﬂoxacin from pharmaceutical eﬄuent 
NF270,NF,Norfloxacin,CCN1C=C(C(O)=O)C(=O)c2cc(F)c(cc12)N3CCNCC3,139.04,8.0,2.4,25.0,0.5,50.0,319.336,180,0.516,0.744,0.3854363846657497,0.42,6.34,-42.7,-1.03,73.16,0.9999995532140352,-42.69998092223931,-3.551574533676397,89.2,Nanoﬁltration for the removal of norﬂoxacin from pharmaceutical eﬄuent 
NF270,NF,Norfloxacin,CCN1C=C(C(O)=O)C(=O)c2cc(F)c(cc12)N3CCNCC3,139.04,8.0,6.5,25.0,0.5,5.0,319.336,330,0.516,0.744,0.3854363846657497,0.42,6.34,-27.29,-1.03,73.16,0.9784167827508827,-26.70099400127159,-3.49715194499508,91.29,Nanoﬁltration for the removal of norﬂoxacin from pharmaceutical eﬄuent 
NF270,NF,Norfloxacin,CCN1C=C(C(O)=O)C(=O)c2cc(F)c(cc12)N3CCNCC3,139.04,8.0,6.5,25.0,0.5,50.0,319.336,180,0.516,0.744,0.3854363846657497,0.42,6.34,-42.7,-1.03,73.16,0.9784167827508827,-41.7783966234627,-3.49715194499508,93.6,Nanoﬁltration for the removal of norﬂoxacin from pharmaceutical eﬄuent 
NF270,NF,Norfloxacin,CCN1C=C(C(O)=O)C(=O)c2cc(F)c(cc12)N3CCNCC3,139.04,8.0,6.5,25.0,0.5,25.0,319.336,330,0.516,0.744,0.3854363846657497,0.42,6.34,-27.29,-1.03,73.16,0.9784167827508827,-26.70099400127159,-3.49715194499508,97.45,Nanoﬁltration for the removal of norﬂoxacin from pharmaceutical eﬄuent 
NF270,NF,Norfloxacin,CCN1C=C(C(O)=O)C(=O)c2cc(F)c(cc12)N3CCNCC3,139.04,8.0,9.8,25.0,0.5,50.0,319.336,180,0.516,0.744,0.3854363846657497,0.42,6.34,-42.7,-1.03,73.16,-0.9995916114646639,42.68256180954115,1.49054587769037,87.0,Nanoﬁltration for the removal of norﬂoxacin from pharmaceutical eﬄuent 
NF270,NF,Norfloxacin,CCN1C=C(C(O)=O)C(=O)c2cc(F)c(cc12)N3CCNCC3,173.8,10.0,2.4,25.0,0.5,50.0,319.336,180,0.516,0.744,0.3854363846657497,0.42,6.34,-42.7,-1.03,73.16,0.9999995532140352,-42.69998092223931,-3.551574533676397,89.2,Nanoﬁltration for the removal of norﬂoxacin from pharmaceutical eﬄuent 
NF270,NF,Norfloxacin,CCN1C=C(C(O)=O)C(=O)c2cc(F)c(cc12)N3CCNCC3,173.8,10.0,6.5,25.0,0.5,5.0,319.336,330,0.516,0.744,0.3854363846657497,0.42,6.34,-27.29,-1.03,73.16,0.9784167827508827,-26.70099400127159,-3.49715194499508,91.29,Nanoﬁltration for the removal of norﬂoxacin from pharmaceutical eﬄuent 
NF270,NF,Norfloxacin,CCN1C=C(C(O)=O)C(=O)c2cc(F)c(cc12)N3CCNCC3,173.8,10.0,6.5,25.0,0.5,50.0,319.336,180,0.516,0.744,0.3854363846657497,0.42,6.34,-42.7,-1.03,73.16,0.9784167827508827,-41.7783966234627,-3.49715194499508,93.6,Nanoﬁltration for the removal of norﬂoxacin from pharmaceutical eﬄuent 
NF270,NF,Norfloxacin,CCN1C=C(C(O)=O)C(=O)c2cc(F)c(cc12)N3CCNCC3,173.8,10.0,6.5,25.0,0.5,25.0,319.336,330,0.516,0.744,0.3854363846657497,0.42,6.34,-27.29,-1.03,73.16,0.9784167827508827,-26.70099400127159,-3.49715194499508,97.45,Nanoﬁltration for the removal of norﬂoxacin from pharmaceutical eﬄuent 
NF270,NF,Norfloxacin,CCN1C=C(C(O)=O)C(=O)c2cc(F)c(cc12)N3CCNCC3,173.8,10.0,9.8,25.0,0.5,50.0,319.336,180,0.516,0.744,0.3854363846657497,0.42,6.34,-42.7,-1.03,73.16,-0.9995916114646639,42.68256180954115,1.49054587769037,87.0,Nanoﬁltration for the removal of norﬂoxacin from pharmaceutical eﬄuent 
NF270,NF,Norfloxacin,CCN1C=C(C(O)=O)C(=O)c2cc(F)c(cc12)N3CCNCC3,208.56,12.0,2.4,25.0,0.5,50.0,319.336,180,0.516,0.744,0.3854363846657497,0.42,6.34,-42.7,-1.03,73.16,0.9999995532140352,-42.69998092223931,-3.551574533676397,89.2,Nanoﬁltration for the removal of norﬂoxacin from pharmaceutical eﬄuent 
NF270,NF,Norfloxacin,CCN1C=C(C(O)=O)C(=O)c2cc(F)c(cc12)N3CCNCC3,208.56,12.0,6.5,25.0,0.5,5.0,319.336,330,0.516,0.744,0.3854363846657497,0.42,6.34,-27.29,-1.03,73.16,0.9784167827508827,-26.70099400127159,-3.49715194499508,91.29,Nanoﬁltration for the removal of norﬂoxacin from pharmaceutical eﬄuent 
NF270,NF,Norfloxacin,CCN1C=C(C(O)=O)C(=O)c2cc(F)c(cc12)N3CCNCC3,208.56,12.0,6.5,25.0,0.5,50.0,319.336,180,0.516,0.744,0.3854363846657497,0.42,6.34,-42.7,-1.03,73.16,0.9784167827508827,-41.7783966234627,-3.49715194499508,93.6,Nanoﬁltration for the removal of norﬂoxacin from pharmaceutical eﬄuent 
NF270,NF,Norfloxacin,CCN1C=C(C(O)=O)C(=O)c2cc(F)c(cc12)N3CCNCC3,208.56,12.0,6.5,25.0,0.5,25.0,319.336,330,0.516,0.744,0.3854363846657497,0.42,6.34,-27.29,-1.03,73.16,0.9784167827508827,-26.70099400127159,-3.49715194499508,97.45,Nanoﬁltration for the removal of norﬂoxacin from pharmaceutical eﬄuent 
NF270,NF,Norfloxacin,CCN1C=C(C(O)=O)C(=O)c2cc(F)c(cc12)N3CCNCC3,208.56,12.0,9.8,25.0,0.5,50.0,319.336,180,0.516,0.744,0.3854363846657497,0.42,6.34,-42.7,-1.03,73.16,-0.9995916114646639,42.68256180954115,1.49054587769037,87.0,Nanoﬁltration for the removal of norﬂoxacin from pharmaceutical eﬄuent 
NF90,NF,Norfloxacin,CCN1C=C(C(O)=O)C(=O)c2cc(F)c(cc12)N3CCNCC3,52.32,6.0,2.4,25.0,0.5,50.0,319.336,180,0.516,0.744,0.3854363846657497,0.34,6.34,-42.7,-1.03,54.1,0.9999995532140352,-42.69998092223931,-3.551574533676397,98.3,Nanoﬁltration for the removal of norﬂoxacin from pharmaceutical eﬄuent 
NF90,NF,Norfloxacin,CCN1C=C(C(O)=O)C(=O)c2cc(F)c(cc12)N3CCNCC3,52.32,6.0,6.5,25.0,0.5,5.0,319.336,330,0.516,0.744,0.3854363846657497,0.34,6.34,-27.29,-1.03,54.1,0.9784167827508827,-26.70099400127159,-3.49715194499508,98.85,Nanoﬁltration for the removal of norﬂoxacin from pharmaceutical eﬄuent 
NF90,NF,Norfloxacin,CCN1C=C(C(O)=O)C(=O)c2cc(F)c(cc12)N3CCNCC3,52.32,6.0,6.5,25.0,0.5,25.0,319.336,330,0.516,0.744,0.3854363846657497,0.34,6.34,-27.29,-1.03,54.1,0.9784167827508827,-26.70099400127159,-3.49715194499508,98.86,Nanoﬁltration for the removal of norﬂoxacin from pharmaceutical eﬄuent 
NF90,NF,Norfloxacin,CCN1C=C(C(O)=O)C(=O)c2cc(F)c(cc12)N3CCNCC3,52.32,6.0,6.5,25.0,0.5,50.0,319.336,180,0.516,0.744,0.3854363846657497,0.34,6.34,-42.7,-1.03,54.1,0.9784167827508827,-41.7783966234627,-3.49715194499508,99.5,Nanoﬁltration for the removal of norﬂoxacin from pharmaceutical eﬄuent 
NF90,NF,Norfloxacin,CCN1C=C(C(O)=O)C(=O)c2cc(F)c(cc12)N3CCNCC3,52.32,6.0,9.8,25.0,0.5,50.0,319.336,180,0.516,0.744,0.3854363846657497,0.34,6.34,-42.7,-1.03,54.1,-0.9995916114646639,42.68256180954115,1.49054587769037,98.0,Nanoﬁltration for the removal of norﬂoxacin from pharmaceutical eﬄuent 
NF90,NF,Norfloxacin,CCN1C=C(C(O)=O)C(=O)c2cc(F)c(cc12)N3CCNCC3,69.76,8.0,2.4,25.0,0.5,50.0,319.336,180,0.516,0.744,0.3854363846657497,0.34,6.34,-42.7,-1.03,54.1,0.9999995532140352,-42.69998092223931,-3.551574533676397,98.3,Nanoﬁltration for the removal of norﬂoxacin from pharmaceutical eﬄuent 
NF90,NF,Norfloxacin,CCN1C=C(C(O)=O)C(=O)c2cc(F)c(cc12)N3CCNCC3,69.76,8.0,6.5,25.0,0.5,5.0,319.336,330,0.516,0.744,0.3854363846657497,0.34,6.34,-27.29,-1.03,54.1,0.9784167827508827,-26.70099400127159,-3.49715194499508,98.85,Nanoﬁltration for the removal of norﬂoxacin from pharmaceutical eﬄuent 
NF90,NF,Norfloxacin,CCN1C=C(C(O)=O)C(=O)c2cc(F)c(cc12)N3CCNCC3,69.76,8.0,6.5,25.0,0.5,25.0,319.336,330,0.516,0.744,0.3854363846657497,0.34,6.34,-27.29,-1.03,54.1,0.9784167827508827,-26.70099400127159,-3.49715194499508,98.86,Nanoﬁltration for the removal of norﬂoxacin from pharmaceutical eﬄuent 
NF90,NF,Norfloxacin,CCN1C=C(C(O)=O)C(=O)c2cc(F)c(cc12)N3CCNCC3,69.76,8.0,6.5,25.0,0.5,50.0,319.336,180,0.516,0.744,0.3854363846657497,0.34,6.34,-42.7,-1.03,54.1,0.9784167827508827,-41.7783966234627,-3.49715194499508,99.5,Nanoﬁltration for the removal of norﬂoxacin from pharmaceutical eﬄuent 
NF90,NF,Norfloxacin,CCN1C=C(C(O)=O)C(=O)c2cc(F)c(cc12)N3CCNCC3,69.76,8.0,9.8,25.0,0.5,50.0,319.336,180,0.516,0.744,0.3854363846657497,0.34,6.34,-42.7,-1.03,54.1,-0.9995916114646639,42.68256180954115,1.49054587769037,98.0,Nanoﬁltration for the removal of norﬂoxacin from pharmaceutical eﬄuent 
NF90,NF,Norfloxacin,CCN1C=C(C(O)=O)C(=O)c2cc(F)c(cc12)N3CCNCC3,87.2,10.0,2.4,25.0,0.5,50.0,319.336,180,0.516,0.744,0.3854363846657497,0.34,6.34,-42.7,-1.03,54.1,0.9999995532140352,-42.69998092223931,-3.551574533676397,98.3,Nanoﬁltration for the removal of norﬂoxacin from pharmaceutical eﬄuent 
NF90,NF,Norfloxacin,CCN1C=C(C(O)=O)C(=O)c2cc(F)c(cc12)N3CCNCC3,87.2,10.0,6.5,25.0,0.5,5.0,319.336,330,0.516,0.744,0.3854363846657497,0.34,6.34,-27.29,-1.03,54.1,0.9784167827508827,-26.70099400127159,-3.49715194499508,98.85,Nanoﬁltration for the removal of norﬂoxacin from pharmaceutical eﬄuent 
NF90,NF,Norfloxacin,CCN1C=C(C(O)=O)C(=O)c2cc(F)c(cc12)N3CCNCC3,87.2,10.0,6.5,25.0,0.5,25.0,319.336,330,0.516,0.744,0.3854363846657497,0.34,6.34,-27.29,-1.03,54.1,0.9784167827508827,-26.70099400127159,-3.49715194499508,98.86,Nanoﬁltration for the removal of norﬂoxacin from pharmaceutical eﬄuent 
NF90,NF,Norfloxacin,CCN1C=C(C(O)=O)C(=O)c2cc(F)c(cc12)N3CCNCC3,87.2,10.0,6.5,25.0,0.5,50.0,319.336,180,0.516,0.744,0.3854363846657497,0.34,6.34,-42.7,-1.03,54.1,0.9784167827508827,-41.7783966234627,-3.49715194499508,99.5,Nanoﬁltration for the removal of norﬂoxacin from pharmaceutical eﬄuent 
NF90,NF,Norfloxacin,CCN1C=C(C(O)=O)C(=O)c2cc(F)c(cc12)N3CCNCC3,87.2,10.0,9.8,25.0,0.5,50.0,319.336,330,0.516,0.744,0.3854363846657497,0.34,6.34,-27.29,-1.03,54.1,-0.9995916114646639,27.27885507687068,1.49054587769037,98.0,Nanoﬁltration for the removal of norﬂoxacin from pharmaceutical eﬄuent 
NF90,NF,Norfloxacin,CCN1C=C(C(O)=O)C(=O)c2cc(F)c(cc12)N3CCNCC3,104.64,12.0,2.4,25.0,0.5,50.0,319.336,330,0.516,0.744,0.3854363846657497,0.34,6.34,-27.29,-1.03,54.1,0.9999995532140352,-27.28998780721102,-3.551574533676397,98.3,Nanoﬁltration for the removal of norﬂoxacin from pharmaceutical eﬄuent 
NF90,NF,Norfloxacin,CCN1C=C(C(O)=O)C(=O)c2cc(F)c(cc12)N3CCNCC3,104.64,12.0,6.5,25.0,0.5,5.0,319.336,330,0.516,0.744,0.3854363846657497,0.34,6.34,-27.29,-1.03,54.1,0.9784167827508827,-26.70099400127159,-3.49715194499508,98.85,Nanoﬁltration for the removal of norﬂoxacin from pharmaceutical eﬄuent 
NF90,NF,Norfloxacin,CCN1C=C(C(O)=O)C(=O)c2cc(F)c(cc12)N3CCNCC3,104.64,12.0,6.5,25.0,0.5,25.0,319.336,330,0.516,0.744,0.3854363846657497,0.34,6.34,-27.29,-1.03,54.1,0.9784167827508827,-26.70099400127159,-3.49715194499508,98.86,Nanoﬁltration for the removal of norﬂoxacin from pharmaceutical eﬄuent 
NF90,NF,Norfloxacin,CCN1C=C(C(O)=O)C(=O)c2cc(F)c(cc12)N3CCNCC3,104.64,12.0,6.5,25.0,0.5,50.0,319.336,330,0.516,0.744,0.3854363846657497,0.34,6.34,-27.29,-1.03,54.1,0.9784167827508827,-26.70099400127159,-3.49715194499508,99.5,Nanoﬁltration for the removal of norﬂoxacin from pharmaceutical eﬄuent 
NF90,NF,Norfloxacin,CCN1C=C(C(O)=O)C(=O)c2cc(F)c(cc12)N3CCNCC3,104.64,12.0,9.8,25.0,0.5,50.0,319.336,330,0.516,0.744,0.3854363846657497,0.34,6.34,-27.29,-1.03,54.1,-0.9995916114646639,27.27885507687068,1.49054587769037,98.0,Nanoﬁltration for the removal of norﬂoxacin from pharmaceutical eﬄuent 
NF270,NF,Ethylacetate,CCOC(C)=O,117.92,8.0,7.0,20.0,24.0,0.3,88.106,180,0.273,0.404,0.2261116348226619,0.42,4.91,-42.7,0.73,35.0,-0.9919372314813265,42.35571978425264,0.0,18.0,Nanofiltration for wastewater reuse: Counteractive effects of fouling and matrice on the rejection of pharmaceutical active compounds
NF270,NF,Acetaminophen,CC(=O)Nc1ccc(O)cc1,117.92,8.0,7.0,20.0,24.0,0.3,151.165,180,0.349,0.567,0.2518576668186564,0.42,9.5,-42.7,0.49,35.0,-0.003152309183260209,0.1346036021252109,0.49,31.0,Nanofiltration for wastewater reuse: Counteractive effects of fouling and matrice on the rejection of pharmaceutical active compounds
NF270,NF,Carbamazepine,NC(=O)N1c2ccccc2C=Cc3ccccc13,117.92,8.0,7.0,20.0,24.0,0.3,236.274,180,0.4480000000000001,0.576,0.3334516559578687,0.42,13.9,-42.7,2.45,35.0,0.0,0.0,2.45,87.0,Nanofiltration for wastewater reuse: Counteractive effects of fouling and matrice on the rejection of pharmaceutical active compounds
NF270,NF,Glucose,OC[C@@H](O)[C@@H](O)[C@H](O)[C@@H](O)C=O,117.92,8.0,7.0,20.0,24.0,0.3,180.156,180,0.401,0.481,0.2515616313767203,0.42,12.45,-42.7,-3.24,35.0,-3.548121303126307e-06,0.0001515047796434933,-3.24,88.0,Nanofiltration for wastewater reuse: Counteractive effects of fouling and matrice on the rejection of pharmaceutical active compounds
NF270,NF,Diatrizoate,[Na].CC(=O)Nc1c(I)c(NC(C)=O)c(I)c(C(O)=O)c1I,117.92,8.0,7.0,20.0,24.0,0.3,636.905,180,0.558,0.658,0.3908472293003435,0.42,0.92,-42.7,0.45,35.0,-0.9999991682369206,42.69996448371651,-0.9950181054563043,93.0,Nanofiltration for wastewater reuse: Counteractive effects of fouling and matrice on the rejection of pharmaceutical active compounds
NF270,NF,Sucrose,OC[C@H]1O[C@H](O[C@]2(CO)O[C@H](CO)[C@@H](O)[C@@H]2O)[C@H](O)[C@@H](O)[C@@H]1O,117.92,8.0,7.0,20.0,24.0,0.3,342.297,180,0.529,0.584,0.364593311558198,0.42,12.62,-42.7,-3.7,35.0,-2.398827164633922e-06,0.0001024299199298685,-3.7,95.0,Nanofiltration for wastewater reuse: Counteractive effects of fouling and matrice on the rejection of pharmaceutical active compounds
NF90,NF,Ethylacetate,CCOC(C)=O,51.52,8.0,7.0,20.0,24.0,0.3,88.106,330,0.273,0.404,0.2261116348226619,0.34,4.91,-27.29,0.73,58.1,-0.9919372314813265,27.0699670471254,0.0,76.0,Nanofiltration for wastewater reuse: Counteractive effects of fouling and matrice on the rejection of pharmaceutical active compounds
NF90,NF,Acetaminophen,CC(=O)Nc1ccc(O)cc1,51.52,8.0,7.0,20.0,24.0,0.3,151.165,330,0.349,0.567,0.2518576668186564,0.34,9.5,-27.29,0.49,58.1,-0.003152309183260209,0.0860265176111711,0.49,91.0,Nanofiltration for wastewater reuse: Counteractive effects of fouling and matrice on the rejection of pharmaceutical active compounds
NF90,NF,Glucose,OC[C@@H](O)[C@@H](O)[C@H](O)[C@@H](O)C=O,51.52,8.0,7.0,20.0,24.0,0.3,180.156,330,0.401,0.481,0.2515616313767203,0.34,12.45,-27.29,-3.24,58.1,-3.548121303126307e-06,9.682823036231692e-05,-3.24,94.0,Nanofiltration for wastewater reuse: Counteractive effects of fouling and matrice on the rejection of pharmaceutical active compounds
NF90,NF,Carbamazepine,NC(=O)N1c2ccccc2C=Cc3ccccc13,51.52,8.0,7.0,20.0,24.0,0.3,236.274,330,0.4480000000000001,0.576,0.3334516559578687,0.34,13.9,-27.29,2.45,58.1,0.0,0.0,2.45,95.0,Nanofiltration for wastewater reuse: Counteractive effects of fouling and matrice on the rejection of pharmaceutical active compounds
NF90,NF,Diatrizoate,[Na].CC(=O)Nc1c(I)c(NC(C)=O)c(I)c(C(O)=O)c1I,51.52,8.0,7.0,20.0,24.0,0.3,636.905,330,0.558,0.658,0.3908472293003435,0.34,0.92,-27.29,0.45,58.1,-0.9999991682369206,27.28997730118556,-0.9950181054563043,96.0,Nanofiltration for wastewater reuse: Counteractive effects of fouling and matrice on the rejection of pharmaceutical active compounds
NF90,NF,Sucrose,OC[C@H]1O[C@H](O[C@]2(CO)O[C@H](CO)[C@@H](O)[C@@H]2O)[C@H](O)[C@@H](O)[C@@H]1O,51.52,8.0,7.0,20.0,24.0,0.3,342.297,330,0.529,0.584,0.364593311558198,0.34,12.62,-27.29,-3.7,58.1,-2.398827164633922e-06,6.546399332285974e-05,-3.7,98.0,Nanofiltration for wastewater reuse: Counteractive effects of fouling and matrice on the rejection of pharmaceutical active compounds
NF270,NF,Carbamazepine,NC(=O)N1c2ccccc2C=Cc3ccccc13,68.4,4.5,3.11111,20.0,1.0,0.5,236.274,180,0.4480000000000001,0.576,0.3334516559578687,0.42,13.9,1.626379259961865,2.45,54.1,0.0,0.0,2.45,77.96100000000001,Pharmaceutical Retention Mechanisms by Nanofiltration Membranes
NF270,NF,Carbamazepine,NC(=O)N1c2ccccc2C=Cc3ccccc13,68.4,4.5,3.82222,20.0,1.0,0.5,236.274,180,0.4480000000000001,0.576,0.3334516559578687,0.42,13.9,-6.450470653563933,2.45,54.1,0.0,0.0,2.45,79.934,Pharmaceutical Retention Mechanisms by Nanofiltration Membranes
NF270,NF,Carbamazepine,NC(=O)N1c2ccccc2C=Cc3ccccc13,68.4,4.5,4.88889,20.0,1.0,0.5,236.274,180,0.4480000000000001,0.576,0.3334516559578687,0.42,13.9,-15.95186783464277,2.45,54.1,0.0,0.0,2.45,82.566,Pharmaceutical Retention Mechanisms by Nanofiltration Membranes
NF270,NF,Carbamazepine,NC(=O)N1c2ccccc2C=Cc3ccccc13,68.4,4.5,5.62222,20.0,1.0,0.5,236.274,180,0.4480000000000001,0.576,0.3334516559578687,0.42,13.9,-19.07103202451882,2.45,54.1,0.0,0.0,2.45,83.882,Pharmaceutical Retention Mechanisms by Nanofiltration Membranes
NF270,NF,Carbamazepine,NC(=O)N1c2ccccc2C=Cc3ccccc13,68.4,4.5,6.28889,20.0,1.0,0.5,236.274,180,0.4480000000000001,0.576,0.3334516559578687,0.42,13.9,-20.54983756891761,2.45,54.1,0.0,0.0,2.45,83.882,Pharmaceutical Retention Mechanisms by Nanofiltration Membranes
NF270,NF,Carbamazepine,NC(=O)N1c2ccccc2C=Cc3ccccc13,68.4,4.5,7.37778,20.0,1.0,0.5,236.274,180,0.4480000000000001,0.576,0.3334516559578687,0.42,13.9,-23.11607131042581,2.45,54.1,0.0,0.0,2.45,82.89500000000001,Pharmaceutical Retention Mechanisms by Nanofiltration Membranes
NF270,NF,Carbamazepine,NC(=O)N1c2ccccc2C=Cc3ccccc13,68.4,4.5,8.64444,20.0,1.0,0.5,236.274,180,0.4480000000000001,0.576,0.3334516559578687,0.42,13.9,-25.16599272324991,2.45,54.1,0.0,0.0,2.45,82.89500000000001,Pharmaceutical Retention Mechanisms by Nanofiltration Membranes
NF270,NF,Carbamazepine,NC(=O)N1c2ccccc2C=Cc3ccccc13,68.4,4.5,9.68889,20.0,1.0,0.5,236.274,180,0.4480000000000001,0.576,0.3334516559578687,0.42,13.9,-25.79133892686906,2.45,54.1,0.0,0.0,2.45,82.89500000000001,Pharmaceutical Retention Mechanisms by Nanofiltration Membranes
NF270,NF,Carbamazepine,NC(=O)N1c2ccccc2C=Cc3ccccc13,68.4,4.5,10.4667,20.0,1.0,0.5,236.274,180,0.4480000000000001,0.576,0.3334516559578687,0.42,13.9,-26.28335118656165,2.45,54.1,0.0,0.0,2.45,87.17099999999999,Pharmaceutical Retention Mechanisms by Nanofiltration Membranes
NF270,NF,Ibuprofen,CC(C)Cc1ccc(cc1)C(C)C(O)=O,68.4,4.5,3.08889,20.0,1.0,0.5,206.284999999999,180,0.378,0.659,0.3727263864585965,0.42,5.2,1.878755973942184,3.97,73.16,-0.007683168500242059,-0.01443479871863418,3.945071810173227,85.8553,Pharmaceutical Retention Mechanisms by Nanofiltration Membranes
NF270,NF,Ibuprofen,CC(C)Cc1ccc(cc1)C(C)C(O)=O,68.4,4.5,3.8,20.0,1.0,0.5,206.284999999999,180,0.378,0.659,0.3727263864585965,0.42,5.2,-6.198093939583607,3.97,73.16,-0.03828650388225469,0.237303347680447,3.845778692534172,90.1316,Pharmaceutical Retention Mechanisms by Nanofiltration Membranes
NF270,NF,Ibuprofen,CC(C)Cc1ccc(cc1)C(C)C(O)=O,68.4,4.5,4.77778,20.0,1.0,0.5,206.284999999999,180,0.378,0.659,0.3727263864585965,0.42,5.2,-15.00305772116667,3.97,73.16,-0.2744427149870656,4.117479894104638,3.079565266522916,89.4737,Pharmaceutical Retention Mechanisms by Nanofiltration Membranes
NF270,NF,Ibuprofen,CC(C)Cc1ccc(cc1)C(C)C(O)=O,68.4,4.5,5.71111,20.0,1.0,0.5,206.284999999999,180,0.378,0.659,0.3727263864585965,0.42,5.2,-19.26820757590348,3.97,73.16,-0.7643853232666622,14.72833507667613,1.489936932453014,95.7237,Pharmaceutical Retention Mechanisms by Nanofiltration Membranes
NF270,NF,Ibuprofen,CC(C)Cc1ccc(cc1)C(C)C(O)=O,68.4,4.5,6.68889,20.0,1.0,0.5,206.284999999999,180,0.378,0.659,0.3727263864585965,0.42,5.2,-21.43711645916243,3.97,73.16,-0.9685772448195963,20.76350319689237,0.8274322663891702,98.3553,Pharmaceutical Retention Mechanisms by Nanofiltration Membranes
NF270,NF,Ibuprofen,CC(C)Cc1ccc(cc1)C(C)C(O)=O,68.4,4.5,8.02222,20.0,1.0,0.5,206.284999999999,180,0.378,0.659,0.3727263864585965,0.42,5.2,-24.82418663400168,3.97,73.16,-0.9984964200974173,24.78686148588083,0.7303589195320082,99.0132,Pharmaceutical Retention Mechanisms by Nanofiltration Membranes
NF270,NF,Ibuprofen,CC(C)Cc1ccc(cc1)C(C)C(O)=O,68.4,4.5,9.08889,20.0,1.0,0.5,206.284999999999,180,0.378,0.659,0.3727263864585965,0.42,5.2,-25.41180233590783,3.97,73.16,-0.9998708620426977,25.4085207076628,0.7258995158736412,100.0,Pharmaceutical Retention Mechanisms by Nanofiltration Membranes
NF270,NF,Ibuprofen,CC(C)Cc1ccc(cc1)C(C)C(O)=O,68.4,4.5,9.84444,20.0,1.0,0.5,206.284999999999,180,0.378,0.659,0.3727263864585965,0.42,5.2,-25.88973378807576,3.97,73.16,-0.9999773248508603,25.88914673450093,0.7255540952192217,100.0,Pharmaceutical Retention Mechanisms by Nanofiltration Membranes
NF270,NF,Ibuprofen,CC(C)Cc1ccc(cc1)C(C)C(O)=O,68.4,4.5,10.4,20.0,1.0,0.5,206.284999999999,180,0.378,0.659,0.3727263864585965,0.42,5.2,-26.24115936886646,3.97,73.16,-0.9999936904663657,26.24099379938881,0.7255009966609984,100.0,Pharmaceutical Retention Mechanisms by Nanofiltration Membranes
NF270,NF,Sulfamethoxazole,Cc1onc(N[S](=O)(=O)c2ccc(N)cc2)c1,68.4,4.5,3.04444,20.0,1.0,0.5,253.283,180,0.54,0.588,0.3153427582941809,0.42,1.6,2.3836229827822,0.89,73.16,0.03248415723598184,0.07742998376399701,0.908502477740555,24.34199999999998,Pharmaceutical Retention Mechanisms by Nanofiltration Membranes
NF270,NF,Sulfamethoxazole,Cc1onc(N[S](=O)(=O)c2ccc(N)cc2)c1,68.4,4.5,3.55556,20.0,1.0,0.5,253.283,180,0.54,0.588,0.3153427582941809,0.42,1.6,-3.421722924041369,0.89,73.16,0.003786629394954302,-0.01295679660556403,0.8921568060264856,25.98700000000002,Pharmaceutical Retention Mechanisms by Nanofiltration Membranes
NF270,NF,Sulfamethoxazole,Cc1onc(N[S](=O)(=O)c2ccc(N)cc2)c1,68.4,4.5,4.42222,20.0,1.0,0.5,253.283,180,0.54,0.588,0.3153427582941809,0.42,1.6,-11.96679704303182,0.89,73.16,-0.0511137595746057,0.611667986935631,0.8608863864961945,28.94799999999998,Pharmaceutical Retention Mechanisms by Nanofiltration Membranes
NF270,NF,Sulfamethoxazole,Cc1onc(N[S](=O)(=O)c2ccc(N)cc2)c1,68.4,4.5,5.55556,20.0,1.0,0.5,253.283,180,0.54,0.588,0.3153427582941809,0.42,1.6,-18.92316699745952,0.89,73.16,-0.5919085154535375,11.20078368514564,0.5528579879088553,43.75,Pharmaceutical Retention Mechanisms by Nanofiltration Membranes
NF270,NF,Sulfamethoxazole,Cc1onc(N[S](=O)(=O)c2ccc(N)cc2)c1,68.4,4.5,6.71111,20.0,1.0,0.5,253.283,180,0.54,0.588,0.3153427582941809,0.42,1.6,-21.48640480151553,0.89,73.16,-1.741435832650668,37.4171952361965,-0.1018951412577709,81.90800000000002,Pharmaceutical Retention Mechanisms by Nanofiltration Membranes
NF270,NF,Sulfamethoxazole,Cc1onc(N[S](=O)(=O)c2ccc(N)cc2)c1,68.4,4.5,8.44444,20.0,1.0,0.5,253.283,180,0.54,0.588,0.3153427582941809,0.42,1.6,-25.06399494228561,0.89,73.16,-1.994609371361286,49.99287919563476,-0.2460989058948305,98.356,Pharmaceutical Retention Mechanisms by Nanofiltration Membranes
NF270,NF,Sulfamethoxazole,Cc1onc(N[S](=O)(=O)c2ccc(N)cc2)c1,68.4,4.5,9.64444,20.0,1.0,0.5,253.283,180,0.54,0.588,0.3153427582941809,0.42,1.6,-25.76322159108868,0.89,73.16,-1.999659109063623,51.51766073344508,-0.2489751590404602,99.34199999999998,Pharmaceutical Retention Mechanisms by Nanofiltration Membranes
NF270,NF,Sulfamethoxazole,Cc1onc(N[S](=O)(=O)c2ccc(N)cc2)c1,68.4,4.5,10.3778,20.0,1.0,0.5,253.283,180,0.54,0.588,0.3153427582941809,0.42,1.6,-26.22711651500089,0.89,73.16,-1.999937004562579,52.45258084132463,-0.2491334440544838,99.34199999999998,Pharmaceutical Retention Mechanisms by Nanofiltration Membranes
NF90,NF,Carbamazepine,NC(=O)N1c2ccccc2C=Cc3ccccc13,50.88,6.0,3.13333,20.0,1.0,0.5,236.274,330,0.4480000000000001,0.576,0.3334516559578687,0.34,13.9,12.02243731053575,2.45,54.1,0.0,0.0,2.45,98.684,Pharmaceutical Retention Mechanisms by Nanofiltration Membranes
NF90,NF,Carbamazepine,NC(=O)N1c2ccccc2C=Cc3ccccc13,50.88,6.0,3.8,20.0,1.0,0.5,236.274,330,0.4480000000000001,0.576,0.3334516559578687,0.34,13.9,5.515928172092117,2.45,54.1,0.0,0.0,2.45,98.684,Pharmaceutical Retention Mechanisms by Nanofiltration Membranes
NF90,NF,Carbamazepine,NC(=O)N1c2ccccc2C=Cc3ccccc13,50.88,6.0,4.77778,20.0,1.0,0.5,236.274,330,0.4480000000000001,0.576,0.3334516559578687,0.34,13.9,-4.613653157086326,2.45,54.1,0.0,0.0,2.45,98.35499999999999,Pharmaceutical Retention Mechanisms by Nanofiltration Membranes
NF90,NF,Carbamazepine,NC(=O)N1c2ccccc2C=Cc3ccccc13,50.88,6.0,5.55556,20.0,1.0,0.5,236.274,330,0.4480000000000001,0.576,0.3334516559578687,0.34,13.9,-12.959225191867,2.45,54.1,0.0,0.0,2.45,97.69800000000001,Pharmaceutical Retention Mechanisms by Nanofiltration Membranes
NF90,NF,Carbamazepine,NC(=O)N1c2ccccc2C=Cc3ccccc13,50.88,6.0,6.24444,20.0,1.0,0.5,236.274,330,0.4480000000000001,0.576,0.3334516559578687,0.34,13.9,-20.35090106848985,2.45,54.1,0.0,0.0,2.45,97.69800000000001,Pharmaceutical Retention Mechanisms by Nanofiltration Membranes
NF90,NF,Carbamazepine,NC(=O)N1c2ccccc2C=Cc3ccccc13,50.88,6.0,7.4,20.0,1.0,0.5,236.274,330,0.4480000000000001,0.576,0.3334516559578687,0.34,13.9,-26.00627611854546,2.45,54.1,0.0,0.0,2.45,97.03999999999999,Pharmaceutical Retention Mechanisms by Nanofiltration Membranes
NF90,NF,Carbamazepine,NC(=O)N1c2ccccc2C=Cc3ccccc13,50.88,6.0,8.15556,20.0,1.0,0.5,236.274,330,0.4480000000000001,0.576,0.3334516559578687,0.34,13.9,-27.66103194767916,2.45,54.1,0.0,0.0,2.45,97.69800000000001,Pharmaceutical Retention Mechanisms by Nanofiltration Membranes
NF90,NF,Carbamazepine,NC(=O)N1c2ccccc2C=Cc3ccccc13,50.88,6.0,9.48889,20.0,1.0,0.5,236.274,330,0.4480000000000001,0.576,0.3334516559578687,0.34,13.9,-28.24303423797635,2.45,54.1,0.0,0.0,2.45,97.03999999999999,Pharmaceutical Retention Mechanisms by Nanofiltration Membranes
NF90,NF,Carbamazepine,NC(=O)N1c2ccccc2C=Cc3ccccc13,50.88,6.0,10.4667,20.0,1.0,0.5,236.274,330,0.4480000000000001,0.576,0.3334516559578687,0.34,13.9,-28.6466,2.45,54.1,0.0,0.0,2.45,96.382,Pharmaceutical Retention Mechanisms by Nanofiltration Membranes
NF90,NF,Ibuprofen,CC(C)Cc1ccc(cc1)C(C)C(O)=O,50.88,6.0,3.2,20.0,1.0,0.5,206.284999999999,330,0.378,0.659,0.3727263864585965,0.34,5.2,11.37175711754666,3.97,73.16,-0.009900990099009901,-0.1125916546291749,3.937876044804518,100.0,Pharmaceutical Retention Mechanisms by Nanofiltration Membranes
NF90,NF,Ibuprofen,CC(C)Cc1ccc(cc1)C(C)C(O)=O,50.88,6.0,4.22222,20.0,1.0,0.5,206.284999999999,330,0.378,0.659,0.3727263864585965,0.34,5.2,1.347500382015667,3.97,73.16,-0.09522690662526045,-0.1283182930557087,3.661034446934738,100.0,Pharmaceutical Retention Mechanisms by Nanofiltration Membranes
NF90,NF,Ibuprofen,CC(C)Cc1ccc(cc1)C(C)C(O)=O,50.88,6.0,5.26667,20.0,1.0,0.5,206.284999999999,330,0.378,0.659,0.3727263864585965,0.34,5.2,-9.859438227522602,3.97,73.16,-0.5383031444632296,5.307366600516388,2.223464964473251,100.0,Pharmaceutical Retention Mechanisms by Nanofiltration Membranes
NF90,NF,Ibuprofen,CC(C)Cc1ccc(cc1)C(C)C(O)=O,50.88,6.0,5.95556,20.0,1.0,0.5,206.284999999999,330,0.378,0.659,0.3727263864585965,0.34,5.2,-17.25122140405075,3.97,73.16,-0.8506541891698409,14.67482375565219,1.210035916966093,100.0,Pharmaceutical Retention Mechanisms by Nanofiltration Membranes
NF90,NF,Ibuprofen,CC(C)Cc1ccc(cc1)C(C)C(O)=O,50.88,6.0,6.93333,20.0,1.0,0.5,206.284999999999,330,0.378,0.659,0.3727263864585965,0.34,5.2,-24.12798876290909,3.97,73.16,-0.981856625087332,23.69022561689499,0.7843470584979739,100.0,Pharmaceutical Retention Mechanisms by Nanofiltration Membranes
NF90,NF,Ibuprofen,CC(C)Cc1ccc(cc1)C(C)C(O)=O,50.88,6.0,8.35556,20.0,1.0,0.5,206.284999999999,330,0.378,0.659,0.3727263864585965,0.34,5.2,-27.74833250947514,3.97,73.16,-0.9993015480082137,27.72895163136515,0.7277466663457695,100.0,Pharmaceutical Retention Mechanisms by Nanofiltration Membranes
NF90,NF,Ibuprofen,CC(C)Cc1ccc(cc1)C(C)C(O)=O,50.88,6.0,9.71111,20.0,1.0,0.5,206.284999999999,330,0.378,0.659,0.3727263864585965,0.34,5.2,-28.34003389218786,3.97,73.16,-0.9999691768788356,28.3391603638894,0.7255805314731356,100.0,Pharmaceutical Retention Mechanisms by Nanofiltration Membranes
NF90,NF,Ibuprofen,CC(C)Cc1ccc(cc1)C(C)C(O)=O,50.88,6.0,10.4222,20.0,1.0,0.5,206.284999999999,330,0.378,0.659,0.3727263864585965,0.34,5.2,-28.6466,3.97,73.16,-0.999994004886683,28.64642826038685,0.7254999765181558,100.0,Pharmaceutical Retention Mechanisms by Nanofiltration Membranes
NF90,NF,Sulfamethoxazole,Cc1onc(N[S](=O)(=O)c2ccc(N)cc2)c1,50.88,6.0,3.13333,20.0,1.0,0.5,253.283,330,0.54,0.588,0.3153427582941809,0.34,1.6,12.02243731053575,0.89,54.1,0.025743323645258,0.309497494689947,0.9046630023138383,97.36899999999997,Pharmaceutical Retention Mechanisms by Nanofiltration Membranes
NF90,NF,Sulfamethoxazole,Cc1onc(N[S](=O)(=O)c2ccc(N)cc2)c1,50.88,6.0,3.62222,20.0,1.0,0.5,253.283,330,0.54,0.588,0.3153427582941809,0.34,1.6,7.251010288630297,0.89,54.1,0.001052849532676995,0.007634222793820492,0.8905996869458855,97.36899999999997,Pharmaceutical Retention Mechanisms by Nanofiltration Membranes
NF90,NF,Sulfamethoxazole,Cc1onc(N[S](=O)(=O)c2ccc(N)cc2)c1,50.88,6.0,4.57778,20.0,1.0,0.5,253.283,330,0.54,0.588,0.3153427582941809,0.34,1.6,-2.467655050994452,0.89,54.1,-0.07404822205970357,0.1827254691827863,0.8478232684186818,97.36899999999997,Pharmaceutical Retention Mechanisms by Nanofiltration Membranes
NF90,NF,Sulfamethoxazole,Cc1onc(N[S](=O)(=O)c2ccc(N)cc2)c1,50.88,6.0,5.53333,20.0,1.0,0.5,253.283,330,0.54,0.588,0.3153427582941809,0.34,1.6,-12.7206975023749,0.89,54.1,-0.5693098843633047,7.242018824097631,0.5657298215746183,98.02699999999999,Pharmaceutical Retention Mechanisms by Nanofiltration Membranes
NF90,NF,Sulfamethoxazole,Cc1onc(N[S](=O)(=O)c2ccc(N)cc2)c1,50.88,6.0,6.55556,20.0,1.0,0.5,253.283,330,0.54,0.588,0.3153427582941809,0.34,1.6,-22.60751259272727,0.89,54.1,-1.647808701219855,37.25285596323345,-0.04856656318735808,100.0,Pharmaceutical Retention Mechanisms by Nanofiltration Membranes
NF90,NF,Sulfamethoxazole,Cc1onc(N[S](=O)(=O)c2ccc(N)cc2)c1,50.88,6.0,7.11111,20.0,1.0,0.5,253.283,330,0.54,0.588,0.3153427582941809,0.34,1.6,-24.84353063636364,0.89,54.1,-1.889328266407306,46.9375846686377,-0.1861324032467534,99.67099999999999,Pharmaceutical Retention Mechanisms by Nanofiltration Membranes
NF90,NF,Sulfamethoxazole,Cc1onc(N[S](=O)(=O)c2ccc(N)cc2)c1,50.88,6.0,8.57778,20.0,1.0,0.5,253.283,330,0.54,0.588,0.3153427582941809,0.34,1.6,-27.84533216368666,0.89,54.1,-1.996031972877728,55.58017329411913,-0.2469091978996506,100.0,Pharmaceutical Retention Mechanisms by Nanofiltration Membranes
NF90,NF,Sulfamethoxazole,Cc1onc(N[S](=O)(=O)c2ccc(N)cc2)c1,50.88,6.0,9.84444,20.0,1.0,0.5,253.283,330,0.54,0.588,0.3153427582941809,0.34,1.6,-28.39823281170915,0.89,54.1,-1.99978490033378,56.79035717301928,-0.2490468078186366,100.0,Pharmaceutical Retention Mechanisms by Nanofiltration Membranes
NF90,NF,Sulfamethoxazole,Cc1onc(N[S](=O)(=O)c2ccc(N)cc2)c1,50.88,6.0,10.4444,20.0,1.0,0.5,253.283,330,0.54,0.588,0.3153427582941809,0.34,1.6,-28.6466,0.89,54.1,-1.999945960561909,57.29165195383279,-0.249138545254341,100.0,Pharmaceutical Retention Mechanisms by Nanofiltration Membranes
NF200,NF,Acetaminophen,CC(=O)Nc1ccc(O)cc1,24.15,4.83,7.0,20.0,96.0,0.005,151.165,180,0.349,0.567,0.2518576668186564,0.31,9.5,-20.5,0.49,30.3,-0.003152309183260209,0.06462233825683428,0.49,22.0,Proposing nanofilltration as acceptable barrier for organic contaminants in water reuse
NF200,NF,Phenacetine,CCOc1ccc(NC(C)=O)cc1,24.15,4.83,7.0,20.0,96.0,0.005,179.219,180,0.345,0.6900000000000001,0.2902703986176511,0.31,14.57,-20.5,1.58,30.3,2.509131802630197e-05,-0.0005143720195391905,1.58,42.0,Proposing nanofilltration as acceptable barrier for organic contaminants in water reuse
NF200,NF,Metronidazole,Cc1ncc(n1CCO)[N+]([O-])=O,24.15,4.83,7.0,20.0,96.0,0.005,171.155999999999,180,0.468,0.475,0.2533133143692577,0.31,2.38,-20.5,-0.02,30.3,0.9996830677911888,-20.49350288971937,-0.02,46.0,Proposing nanofilltration as acceptable barrier for organic contaminants in water reuse
NF200,NF,Bisphenol A,CC(C)(c1ccc(O)cc1)c2ccc(O)cc2,24.15,4.83,7.0,20.0,96.0,0.005,228.291,180,0.453,0.562,0.3381552020183159,0.31,9.6,-20.5,3.32,30.3,-0.002505592667285735,0.05136464967935757,3.32,55.0,Proposing nanofilltration as acceptable barrier for organic contaminants in water reuse
NF200,NF,Caffeine,Cn1cnc2N(C)C(=O)N(C)C(=O)c12,24.15,4.83,7.0,20.0,96.0,0.005,194.193999999999,180,0.4440000000000001,0.503,0.3016073766829081,0.31,10.4,-20.5,-0.07,30.3,-0.0003979487443048762,0.008157949258249962,-0.07,70.0,Proposing nanofilltration as acceptable barrier for organic contaminants in water reuse
NF200,NF,Estrone,C[C@]12CC[C@H]3[C@@H](CCc4cc(O)ccc34)[C@@H]1CCC2=O,24.15,4.83,7.0,20.0,96.0,0.005,270.372,180,0.406,0.682,0.3667832440887863,0.31,10.25,-20.5,3.13,30.3,-0.0005620252751523289,0.01152151814062274,3.13,77.0,Proposing nanofilltration as acceptable barrier for organic contaminants in water reuse
NF200,NF,Carbamazepine,NC(=O)N1c2ccccc2C=Cc3ccccc13,24.15,4.83,7.0,20.0,96.0,0.005,236.274,180,0.4480000000000001,0.576,0.3334516559578687,0.31,13.9,-20.5,2.45,30.3,0.0,0.0,2.45,80.0,Proposing nanofilltration as acceptable barrier for organic contaminants in water reuse
NF200,NF,17β-Estradiol,C[C@]12CC[C@H]3[C@@H](CCc4cc(O)ccc34)[C@@H]1CC[C@@H]2O,24.15,4.83,7.0,20.0,96.0,0.005,272.388,180,0.402,0.73,0.3807542916588625,0.31,10.46,-20.5,4.01,30.3,-0.000346616665681558,0.007105641646471939,4.01,80.0,Proposing nanofilltration as acceptable barrier for organic contaminants in water reuse
NF200,NF,Sulfamethoxazole,Cc1onc(N[S](=O)(=O)c2ccc(N)cc2)c1,24.15,4.83,7.0,20.0,96.0,0.005,253.283,180,0.54,0.588,0.3153427582941809,0.31,1.6,-20.5,0.89,30.3,-1.859097133559606,38.11149123797193,-0.1689132136423285,84.0,Proposing nanofilltration as acceptable barrier for organic contaminants in water reuse
NF200,NF,Ibuprofen,CC(C)Cc1ccc(cc1)C(C)C(O)=O,24.15,4.83,7.0,20.0,96.0,0.005,206.284999999999,180,0.378,0.659,0.3727263864585965,0.31,5.2,-20.5,3.97,30.3,-0.9843983377581704,20.18016592404249,0.7761004222382355,89.0,Proposing nanofilltration as acceptable barrier for organic contaminants in water reuse
NF200,NF,17α-Ethynilestradiol,C[C@]12CC[C@H]3[C@@H](CCc4cc(O)ccc34)[C@@H]1CC[C@@]2(O)C#C,24.15,4.83,7.0,20.0,96.0,0.005,296.41,180,0.4440000000000001,0.72,0.3945213448379869,0.31,10.33,-20.5,3.67,30.3,-0.0004675164674062613,0.009584087581828358,3.67,89.0,Proposing nanofilltration as acceptable barrier for organic contaminants in water reuse
NF200,NF,Gemfibrozil,Cc1ccc(C)c(OCCCC(C)(C)C(O)=O)c1,24.15,4.83,7.0,20.0,96.0,0.005,250.337999999999,180,0.499,0.743,0.3884540064460517,0.31,4.5,-20.5,4.39,30.3,-0.9968476908167399,20.43537766174317,2.349371680725969,90.0,Proposing nanofilltration as acceptable barrier for organic contaminants in water reuse
NF200,NF,Fenoprofen,CC(C(O)=O)c1cccc(Oc2ccccc2)c1,24.15,4.83,7.0,20.0,96.0,0.005,242.274,180,0.428,0.649,0.3525630387405402,0.31,4.5,-20.5,3.1,30.3,-0.9968476908167399,20.43537766174317,0.851321182775655,91.0,Proposing nanofilltration as acceptable barrier for organic contaminants in water reuse
NF200,NF,Ketoprofen,CC(C(O)=O)c1cccc(c1)C(=O)c2ccccc2,24.15,4.83,7.0,20.0,96.0,0.005,254.285,180,0.437,0.658,0.360215085099329,0.31,3.98,-20.5,3.12,30.3,-0.9990459185546853,20.48044133037105,0.9016259658626078,91.0,Proposing nanofilltration as acceptable barrier for organic contaminants in water reuse
NF200,NF,Naproxen,COc1ccc2cc(ccc2c1)C(C)C(O)=O,24.15,4.83,7.0,20.0,96.0,0.005,230.262999999999,180,0.392,0.73,0.3324489960201268,0.31,4.84,-20.5,3.18,30.3,-0.9931284718841809,20.35913367362571,1.09862278971032,92.0,Proposing nanofilltration as acceptable barrier for organic contaminants in water reuse
NF90,NF,"1,4-Dioxane",C1COCCO1,23.4048,2.76,7.0,20.0,96.0,0.005,88.106,180,0.293,0.362,0.2083579725259492,0.34,14.0,-27.29,-0.27,54.1,0.0,0.0,-0.27,46.0,Proposing nanofilltration as acceptable barrier for organic contaminants in water reuse
NF90,NF,Metronidazole,Cc1ncc(n1CCO)[N+]([O-])=O,23.4048,2.76,7.0,20.0,96.0,0.005,171.155999999999,200,0.468,0.475,0.2533133143692577,0.34,2.38,-27.29,-0.02,54.1,0.9996830677911888,-27.28135092002154,-0.02,71.0,Proposing nanofilltration as acceptable barrier for organic contaminants in water reuse
NF90,NF,Phenacetine,CCOc1ccc(NC(C)=O)cc1,23.4048,2.76,7.0,20.0,96.0,0.005,179.219,200,0.345,0.6900000000000001,0.2902703986176511,0.34,14.57,-27.29,1.58,54.1,2.509131802630197e-05,-0.0006847420689377808,1.58,72.0,Proposing nanofilltration as acceptable barrier for organic contaminants in water reuse
NF90,NF,Acetaminophen,CC(=O)Nc1ccc(O)cc1,23.4048,2.76,7.0,20.0,96.0,0.005,151.165,200,0.349,0.567,0.2518576668186564,0.34,9.5,-27.29,0.49,54.1,-0.003152309183260209,0.0860265176111711,0.49,75.0,Proposing nanofilltration as acceptable barrier for organic contaminants in water reuse
NF90,NF,Bisphenol A,CC(C)(c1ccc(O)cc1)c2ccc(O)cc2,23.4048,2.76,7.0,20.0,96.0,0.005,228.291,200,0.453,0.562,0.3381552020183159,0.34,9.6,-27.29,3.32,54.1,-0.002505592667285735,0.06837762389022771,3.32,89.0,Proposing nanofilltration as acceptable barrier for organic contaminants in water reuse
NF90,NF,Caffeine,Cn1cnc2N(C)C(=O)N(C)C(=O)c12,23.4048,2.76,7.0,20.0,96.0,0.005,194.193999999999,200,0.4440000000000001,0.503,0.3016073766829081,0.34,10.4,-27.29,-0.07,54.1,-0.0003979487443048762,0.01086002123208007,-0.07,90.0,Proposing nanofilltration as acceptable barrier for organic contaminants in water reuse
NF90,NF,Carbamazepine,NC(=O)N1c2ccccc2C=Cc3ccccc13,23.4048,2.76,7.0,20.0,96.0,0.005,236.274,200,0.4480000000000001,0.576,0.3334516559578687,0.34,13.9,-27.29,2.45,54.1,0.0,0.0,2.45,90.0,Proposing nanofilltration as acceptable barrier for organic contaminants in water reuse
NF90,NF,17α-Ethynilestradiol,C[C@]12CC[C@H]3[C@@H](CCc4cc(O)ccc34)[C@@H]1CC[C@@]2(O)C#C,23.4048,2.76,7.0,20.0,96.0,0.005,296.41,200,0.4440000000000001,0.72,0.3945213448379869,0.34,10.33,-27.29,3.67,54.1,-0.0004675164674062613,0.01275852439551687,3.67,90.0,Proposing nanofilltration as acceptable barrier for organic contaminants in water reuse
NF90,NF,Estrone,C[C@]12CC[C@H]3[C@@H](CCc4cc(O)ccc34)[C@@H]1CCC2=O,23.4048,2.76,7.0,20.0,96.0,0.005,270.372,200,0.406,0.682,0.3667832440887863,0.34,10.25,-27.29,3.13,54.1,-0.0005620252751523289,0.01533766975890706,3.13,93.0,Proposing nanofilltration as acceptable barrier for organic contaminants in water reuse
NF90,NF,Fenoprofen,CC(C(O)=O)c1cccc(Oc2ccccc2)c1,23.4048,2.76,7.0,20.0,96.0,0.005,242.274,200,0.428,0.649,0.3525630387405402,0.34,4.5,-27.29,3.1,54.1,-0.9968476908167399,27.20397348238883,0.851321182775655,94.0,Proposing nanofilltration as acceptable barrier for organic contaminants in water reuse
NF90,NF,Naproxen,COc1ccc2cc(ccc2c1)C(C)C(O)=O,23.4048,2.76,7.0,20.0,96.0,0.005,230.262999999999,200,0.392,0.73,0.3324489960201268,0.34,4.84,-27.29,3.18,54.1,-0.9931284718841809,27.1024759977193,1.09862278971032,95.0,Proposing nanofilltration as acceptable barrier for organic contaminants in water reuse
NF90,NF,Ketoprofen,CC(C(O)=O)c1cccc(c1)C(=O)c2ccccc2,23.4048,2.76,7.0,20.0,96.0,0.005,254.285,200,0.437,0.658,0.360215085099329,0.34,3.98,-27.29,3.12,54.1,-0.9990459185546853,27.26396311735736,0.9016259658626078,95.0,Proposing nanofilltration as acceptable barrier for organic contaminants in water reuse
NF90,NF,Ibuprofen,CC(C)Cc1ccc(cc1)C(C)C(O)=O,23.4048,2.76,7.0,20.0,96.0,0.005,206.284999999999,200,0.378,0.659,0.3727263864585965,0.34,5.2,-27.29,3.97,54.1,-0.9843983377581704,26.86423063742047,0.7761004222382355,96.0,Proposing nanofilltration as acceptable barrier for organic contaminants in water reuse
NF90,NF,Gemfibrozil,Cc1ccc(C)c(OCCCC(C)(C)C(O)=O)c1,23.4048,2.76,7.0,20.0,96.0,0.005,250.337999999999,200,0.499,0.743,0.3884540064460517,0.34,4.5,-27.29,4.39,54.1,-0.9968476908167399,27.20397348238883,2.349371680725969,96.0,Proposing nanofilltration as acceptable barrier for organic contaminants in water reuse
NF90,NF,Sulfamethoxazole,Cc1onc(N[S](=O)(=O)c2ccc(N)cc2)c1,23.4048,2.76,7.0,20.0,96.0,0.005,253.283,200,0.54,0.588,0.3153427582941809,0.34,1.6,-27.29,0.89,54.1,-1.859097133559606,50.73476077484166,-0.1689132136423285,96.0,Proposing nanofilltration as acceptable barrier for organic contaminants in water reuse
NF90,NF,17β-Estradiol,C[C@]12CC[C@H]3[C@@H](CCc4cc(O)ccc34)[C@@H]1CC[C@@H]2O,23.4048,2.76,7.0,20.0,96.0,0.005,272.388,200,0.402,0.73,0.3807542916588625,0.34,10.46,-27.29,4.01,54.1,-0.000346616665681558,0.009459168806449718,4.01,96.0,Proposing nanofilltration as acceptable barrier for organic contaminants in water reuse
XLE,RO,2-Naphthol,Oc1ccc2ccccc2c1,43.0,5.0,7.0,20.0,24.0,0.1,144.172999999999,96,0.393,0.507,0.2462906478869039,0.3,9.51,-33.0,2.7,39.8,-0.003080774927825529,0.1016655726182425,2.7,57.0,Rejection of neutral endocrine disrupting compounds (EDCs) and pharmaceutical active compounds (PhACs) by RO membranes
XLE,RO,4-Phenylphenol,Oc1ccc(cc1)c2ccccc2,43.0,5.0,7.0,20.0,24.0,0.1,170.211,96,0.341,0.609,0.2733,0.3,9.5,-33.0,3.2,39.8,-0.003152309183260209,0.1040262030475869,3.2,61.0,Rejection of neutral endocrine disrupting compounds (EDCs) and pharmaceutical active compounds (PhACs) by RO membranes
XLE,RO,Caffeine,Cn1cnc2N(C)C(=O)N(C)C(=O)c12,43.0,5.0,7.0,20.0,24.0,0.1,194.193999999999,96,0.4440000000000001,0.503,0.3016073766829081,0.3,10.4,-33.0,-0.07,39.8,-0.0003979487443048762,0.01313230856206092,-0.07,70.0,Rejection of neutral endocrine disrupting compounds (EDCs) and pharmaceutical active compounds (PhACs) by RO membranes
XLE,RO,Sulfamethoxazole,Cc1onc(N[S](=O)(=O)c2ccc(N)cc2)c1,43.0,5.0,7.0,20.0,24.0,0.1,253.283,96,0.54,0.588,0.3153427582941809,0.3,1.6,-33.0,0.89,39.8,-1.859097133559606,61.35020540746702,-0.1689132136423285,70.0,Rejection of neutral endocrine disrupting compounds (EDCs) and pharmaceutical active compounds (PhACs) by RO membranes
XLE,RO,Phenacetine,CCOc1ccc(NC(C)=O)cc1,43.0,5.0,7.0,20.0,24.0,0.1,179.219,96,0.345,0.6900000000000001,0.2902703986176511,0.3,14.57,-33.0,1.58,39.8,2.509131802630197e-05,-0.0008280134948679651,1.58,74.0,Rejection of neutral endocrine disrupting compounds (EDCs) and pharmaceutical active compounds (PhACs) by RO membranes
XLE,RO,N-acetyl-L-cysteine,CC(=O)N[C@@H](CS)C(O)=O,43.0,5.0,7.0,20.0,24.0,0.1,163.198,96,0.474,0.607,0.2714601072050887,0.3,3.24,-33.0,-0.15,39.8,-0.8910278616814726,29.4039194354886,-0.6486985766217621,79.0,Rejection of neutral endocrine disrupting compounds (EDCs) and pharmaceutical active compounds (PhACs) by RO membranes
XLE,RO,Bisphenol A,CC(C)(c1ccc(O)cc1)c2ccc(O)cc2,43.0,5.0,7.0,20.0,24.0,0.1,228.291,96,0.453,0.562,0.3381552020183159,0.3,9.6,-33.0,3.32,39.8,-0.002505592667285735,0.08268455802042926,3.32,83.0,Rejection of neutral endocrine disrupting compounds (EDCs) and pharmaceutical active compounds (PhACs) by RO membranes
XLE,RO,17β-Estradiol,C[C@]12CC[C@H]3[C@@H](CCc4cc(O)ccc34)[C@@H]1CC[C@@H]2O,43.0,5.0,7.0,20.0,24.0,0.1,272.388,96,0.402,0.73,0.3807542916588625,0.3,10.46,-33.0,4.01,39.8,-0.000346616665681558,0.01143834996749141,4.01,83.0,Rejection of neutral endocrine disrupting compounds (EDCs) and pharmaceutical active compounds (PhACs) by RO membranes
XLE,RO,Primidone,CCC1(C(=O)NCNC1=O)c2ccccc2,43.0,5.0,7.0,20.0,24.0,0.1,218.256,96,0.417,0.54,0.3389517647396867,0.3,12.3,-33.0,0.91,39.8,0.002032565918411691,-0.06707467530758582,0.91,87.0,Rejection of neutral endocrine disrupting compounds (EDCs) and pharmaceutical active compounds (PhACs) by RO membranes
XLE,RO,Carbamazepine,NC(=O)N1c2ccccc2C=Cc3ccccc13,43.0,5.0,7.0,20.0,24.0,0.1,236.274,96,0.4480000000000001,0.576,0.3334516559578687,0.3,13.9,-33.0,2.45,39.8,0.0,0.0,2.45,91.0,Rejection of neutral endocrine disrupting compounds (EDCs) and pharmaceutical active compounds (PhACs) by RO membranes
ES20,RO,"2,3-Dichlorophenol",Oc1cccc(Cl)c1Cl,15.3,3.0,3.0,25.0,0.3333333333333333,10.0,163.003,100,0.39,0.424,0.245192050607168,0.4031806108897714,7.7,-6.0,2.84,47.0,-1.995222505046134e-05,0.000119713350302768,2.84,83.4286,Rejection of organic compounds by ultra-low pressure reverse osmosis membrane
ES20,RO,"2,3-Dichlorophenol",Oc1cccc(Cl)c1Cl,15.3,3.0,5.0,25.0,0.3333333333333333,10.0,163.003,100,0.39,0.424,0.245192050607168,0.4031806108897714,7.7,-6.0,2.84,47.0,-0.001991289170728318,0.01194773502436991,2.84,82.8571,Rejection of organic compounds by ultra-low pressure reverse osmosis membrane
ES20,RO,"2,3-Dichlorophenol",Oc1cccc(Cl)c1Cl,15.3,3.0,7.0,25.0,0.3333333333333333,10.0,163.003,100,0.39,0.424,0.245192050607168,0.4031806108897714,7.7,-6.0,2.84,47.0,-0.1663375308165618,0.9980251848993709,2.84,82.2857,Rejection of organic compounds by ultra-low pressure reverse osmosis membrane
ES20,RO,"2,3-Dichlorophenol",Oc1cccc(Cl)c1Cl,15.3,3.0,9.0,25.0,0.3333333333333333,10.0,163.003,100,0.39,0.424,0.245192050607168,0.4031806108897714,7.7,-6.0,2.84,47.0,-0.9522732789657962,5.713639673794777,2.84,94.8571,Rejection of organic compounds by ultra-low pressure reverse osmosis membrane
ES20,RO,"2,4,5-trichlorophenol",C1=C(C(=CC(=C1Cl)Cl)Cl)O,15.3,3.0,3.0,25.0,0.3333333333333333,10.0,195.924,100,0.364,0.458,0.252838177165097,0.4031806108897714,7.43,-6.0,3.72,47.0,0.0009618488921233104,-0.005771093352739862,3.72,92.5714,Rejection of organic compounds by ultra-low pressure reverse osmosis membrane
ES20,RO,"2,4,5-trichlorophenol",C1=C(C(=CC(=C1Cl)Cl)Cl)O,15.3,3.0,5.0,25.0,0.3333333333333333,10.0,195.924,100,0.364,0.458,0.252838177165097,0.4031806108897714,7.43,-6.0,3.72,47.0,-0.003691599781269223,0.02214959868761534,3.72,92.5714,Rejection of organic compounds by ultra-low pressure reverse osmosis membrane
ES20,RO,"2,4,5-trichlorophenol",C1=C(C(=CC(=C1Cl)Cl)Cl)O,15.3,3.0,7.0,25.0,0.3333333333333333,10.0,195.924,100,0.364,0.458,0.252838177165097,0.4031806108897714,7.43,-6.0,3.72,47.0,-0.2708899444403955,1.625339666642373,3.72,93.1429,Rejection of organic compounds by ultra-low pressure reverse osmosis membrane
ES20,RO,"2,4,5-trichlorophenol",C1=C(C(=CC(=C1Cl)Cl)Cl)O,15.3,3.0,9.0,25.0,0.3333333333333333,10.0,195.924,100,0.364,0.458,0.252838177165097,0.4031806108897714,7.43,-6.0,3.72,47.0,-0.973790100475385,5.842740602852309,3.72,96.5714,Rejection of organic compounds by ultra-low pressure reverse osmosis membrane
ES20,RO,"2,4-dichlorophenol",Oc1ccc(Cl)cc1Cl,15.3,3.0,3.0,25.0,0.3333333333333333,10.0,163.003,100,0.364,0.458,0.2530856912673352,0.4031806108897714,7.89,-6.0,3.06,47.0,-1.288232956037854e-05,7.729397736227123e-05,3.06,76.5714,Rejection of organic compounds by ultra-low pressure reverse osmosis membrane
ES20,RO,"2,4-dichlorophenol",Oc1ccc(Cl)cc1Cl,15.3,3.0,5.0,25.0,0.3333333333333333,10.0,163.003,100,0.364,0.458,0.2530856912673352,0.4031806108897714,7.89,-6.0,3.06,47.0,-0.001286592099997101,0.007719552599982605,3.06,75.4286,Rejection of organic compounds by ultra-low pressure reverse osmosis membrane
ES20,RO,"2,4-dichlorophenol",Oc1ccc(Cl)cc1Cl,15.3,3.0,7.0,25.0,0.3333333333333333,10.0,163.003,100,0.364,0.458,0.2530856912673352,0.4031806108897714,7.89,-6.0,3.06,47.0,-0.1141230574141505,0.6847383444849031,3.06,73.1429,Rejection of organic compounds by ultra-low pressure reverse osmosis membrane
ES20,RO,"2,4-dichlorophenol",Oc1ccc(Cl)cc1Cl,15.3,3.0,9.0,25.0,0.3333333333333333,10.0,163.003,100,0.364,0.458,0.2530856912673352,0.4031806108897714,7.89,-6.0,3.06,47.0,-0.9279668414961574,5.567801048976945,3.06,90.2857,Rejection of organic compounds by ultra-low pressure reverse osmosis membrane
ES20,RO,"2,4-Dinitrophenol",Oc1ccc(cc1[N+]([O-])=O)[N+]([O-])=O,15.3,3.0,3.0,25.0,0.3333333333333333,10.0,184.107,100,0.389,0.502,0.242011081734089,0.4031806108897714,4.09,-6.0,1.67,47.0,-0.07517277876028845,0.4510366725617307,1.499272516944928,69.697,Rejection of organic compounds by ultra-low pressure reverse osmosis membrane
ES20,RO,"2,4-Dinitrophenol",Oc1ccc(cc1[N+]([O-])=O)[N+]([O-])=O,15.3,3.0,5.0,25.0,0.3333333333333333,10.0,184.107,100,0.389,0.502,0.242011081734089,0.4031806108897714,4.09,-6.0,1.67,47.0,-0.8904506387229247,5.342703832337548,-0.3523330684465256,92.1212,Rejection of organic compounds by ultra-low pressure reverse osmosis membrane
ES20,RO,"2,4-Dinitrophenol",Oc1ccc(cc1[N+]([O-])=O)[N+]([O-])=O,15.3,3.0,7.0,25.0,0.3333333333333333,10.0,184.107,100,0.389,0.502,0.242011081734089,0.4031806108897714,4.09,-6.0,1.67,47.0,-0.998771242930637,5.992627457583822,-0.598343717838095,95.7576,Rejection of organic compounds by ultra-low pressure reverse osmosis membrane
ES20,RO,"2,4-Dinitrophenol",Oc1ccc(cc1[N+]([O-])=O)[N+]([O-])=O,15.3,3.0,9.0,25.0,0.3333333333333333,10.0,184.107,100,0.389,0.502,0.242011081734089,0.4031806108897714,4.09,-6.0,1.67,47.0,-0.9999876974636461,5.999926184781877,-0.6011064495622187,96.3636,Rejection of organic compounds by ultra-low pressure reverse osmosis membrane
ES20,RO,4-Chlorophenol,Oc1ccc(Cl)cc1,15.3,3.0,3.0,25.0,0.3333333333333333,10.0,128.558,100,0.339,0.457,0.2361982832942509,0.4031806108897714,9.41,-6.0,2.39,47.0,-3.890449936382143e-07,2.334269961829286e-06,2.39,52.0,Rejection of organic compounds by ultra-low pressure reverse osmosis membrane
ES20,RO,4-Chlorophenol,Oc1ccc(Cl)cc1,15.3,3.0,5.0,25.0,0.3333333333333333,10.0,128.558,100,0.339,0.457,0.2361982832942509,0.4031806108897714,9.41,-6.0,2.39,47.0,-3.890300099706168e-05,0.0002334180059823701,2.39,48.5714,Rejection of organic compounds by ultra-low pressure reverse osmosis membrane
ES20,RO,4-Chlorophenol,Oc1ccc(Cl)cc1,15.3,3.0,7.0,25.0,0.3333333333333333,10.0,128.558,100,0.339,0.457,0.2361982832942509,0.4031806108897714,9.41,-6.0,2.39,47.0,-0.003875374493625008,0.02325224696175004,2.39,52.0,Rejection of organic compounds by ultra-low pressure reverse osmosis membrane
ES20,RO,4-Chlorophenol,Oc1ccc(Cl)cc1,15.3,3.0,9.0,25.0,0.3333333333333333,10.0,128.558,100,0.339,0.457,0.2361982832942509,0.4031806108897714,9.41,-6.0,2.39,47.0,-0.280080994052848,1.680485964317088,2.39,62.8571,Rejection of organic compounds by ultra-low pressure reverse osmosis membrane
ES20,RO,Acetic acid,CC(O)=O,15.3,3.0,3.0,25.0,0.3333333333333333,10.0,60.052,100,0.275,0.327,0.1645091332997442,0.4031806108897714,4.76,-6.0,2.14,47.0,-0.01708117154679347,0.1024870292807608,2.096071680565682,34.1695,Rejection of organic compounds by ultra-low pressure reverse osmosis membrane
ES20,RO,Acetic acid,CC(O)=O,15.3,3.0,5.0,25.0,0.3333333333333333,10.0,60.052,100,0.275,0.327,0.1645091332997442,0.4031806108897714,4.76,-6.0,2.14,47.0,-0.634743335052317,3.808460010313902,0.507605646685477,66.7119,Rejection of organic compounds by ultra-low pressure reverse osmosis membrane
ES20,RO,Acetic acid,CC(O)=O,15.3,3.0,7.0,25.0,0.3333333333333333,10.0,60.052,100,0.275,0.327,0.1645091332997442,0.4031806108897714,4.76,-6.0,2.14,47.0,-0.9942785242829096,5.965671145697458,-0.4170251139817687,78.0339,Rejection of organic compounds by ultra-low pressure reverse osmosis membrane
ES20,RO,Acetic acid,CC(O)=O,15.3,3.0,9.0,25.0,0.3333333333333333,10.0,60.052,100,0.275,0.327,0.1645091332997442,0.4031806108897714,4.76,-6.0,2.14,47.0,-0.9999424593173869,5.999654755904322,-0.4315912780629696,99.5254,Rejection of organic compounds by ultra-low pressure reverse osmosis membrane
ES20,RO,Aniline,Nc1ccccc1,15.3,3.0,3.0,25.0,0.3333333333333333,10.0,93.1289999999999,100,0.341,0.406,0.2169204363700712,0.4031806108897714,4.6,-6.0,0.9,47.0,-0.02450336755033601,0.147020205302016,0.8936196706198093,98.7879,Rejection of organic compounds by ultra-low pressure reverse osmosis membrane
ES20,RO,Aniline,Nc1ccccc1,15.3,3.0,5.0,25.0,0.3333333333333333,10.0,93.1289999999999,100,0.341,0.406,0.2169204363700712,0.4031806108897714,4.6,-6.0,0.9,47.0,-0.7152527510491988,4.291516506295193,0.7137583280172899,73.3333,Rejection of organic compounds by ultra-low pressure reverse osmosis membrane
ES20,RO,Aniline,Nc1ccccc1,15.3,3.0,7.0,25.0,0.3333333333333333,10.0,93.1289999999999,100,0.341,0.406,0.2169204363700712,0.4031806108897714,4.6,-6.0,0.9,47.0,-0.9960347143808477,5.976208286285086,0.6406466870808997,72.1212,Rejection of organic compounds by ultra-low pressure reverse osmosis membrane
ES20,RO,Aniline,Nc1ccccc1,15.3,3.0,9.0,25.0,0.3333333333333333,10.0,93.1289999999999,100,0.341,0.406,0.2169204363700712,0.4031806108897714,4.6,-6.0,0.9,47.0,-0.9999601908677747,5.999761145206648,0.6396245486785214,66.0606,Rejection of organic compounds by ultra-low pressure reverse osmosis membrane
ES20,RO,Benzylalcohol,OCc1ccccc1,15.3,3.0,3.0,25.0,0.3333333333333333,10.0,108.139999999999,100,0.336,0.464,0.2340806887054741,0.4031806108897714,15.4,-6.0,1.1,47.0,-3.981071705533378e-13,2.388643023320027e-12,1.1,75.3614,Rejection of organic compounds by ultra-low pressure reverse osmosis membrane
ES20,RO,Benzylalcohol,OCc1ccccc1,15.3,3.0,5.0,25.0,0.3333333333333333,10.0,108.139999999999,100,0.336,0.464,0.2340806887054741,0.4031806108897714,15.4,-6.0,1.1,47.0,-3.981071705376469e-11,2.388643023225881e-10,1.1,77.3042,Rejection of organic compounds by ultra-low pressure reverse osmosis membrane
ES20,RO,Benzylalcohol,OCc1ccccc1,15.3,3.0,7.0,25.0,0.3333333333333333,10.0,108.139999999999,100,0.336,0.464,0.2340806887054741,0.4031806108897714,15.4,-6.0,1.1,47.0,-3.981071689686035e-09,2.388643013811621e-08,1.1,78.268,Rejection of organic compounds by ultra-low pressure reverse osmosis membrane
ES20,RO,Benzylalcohol,OCc1ccccc1,15.3,3.0,9.0,25.0,0.3333333333333333,10.0,108.139999999999,100,0.336,0.464,0.2340806887054741,0.4031806108897714,15.4,-6.0,1.1,47.0,-3.9810701206424e-07,2.38864207238544e-06,1.1,85.0301,Rejection of organic compounds by ultra-low pressure reverse osmosis membrane
ES20,RO,Ethanol,CCO,15.3,3.0,3.0,25.0,0.3333333333333333,10.0,46.069,100,0.256,0.323,0.1660514265336832,0.4031806108897714,15.9,-6.0,-0.31,47.0,-1.258925411794003e-13,7.553552470764016e-13,-0.31,33.6445,Rejection of organic compounds by ultra-low pressure reverse osmosis membrane
ES20,RO,Ethanol,CCO,15.3,3.0,5.0,25.0,0.3333333333333333,10.0,46.069,100,0.256,0.323,0.1660514265336832,0.4031806108897714,15.9,-6.0,-0.31,47.0,-1.258925411778315e-11,7.55355247066989e-11,-0.31,31.747,Rejection of organic compounds by ultra-low pressure reverse osmosis membrane
ES20,RO,Ethanol,CCO,15.3,3.0,7.0,25.0,0.3333333333333333,10.0,46.069,100,0.256,0.323,0.1660514265336832,0.4031806108897714,15.9,-6.0,-0.31,47.0,-1.258925410209269e-09,7.553552461255615e-09,-0.31,33.9909,Rejection of organic compounds by ultra-low pressure reverse osmosis membrane
ES20,RO,Ethanol,CCO,15.3,3.0,9.0,25.0,0.3333333333333333,10.0,46.069,100,0.256,0.323,0.1660514265336832,0.4031806108897714,15.9,-6.0,-0.31,47.0,-1.258925253304866e-07,7.553551519829196e-07,-0.31,37.4398,Rejection of organic compounds by ultra-low pressure reverse osmosis membrane
ES20,RO,Ethylene glycol,OCCO,15.3,3.0,3.0,25.0,0.3333333333333333,10.0,62.068,100,0.256,0.375,0.161535170327908,0.4031806108897714,15.1,-6.0,-1.36,47.0,-7.943282347236493e-13,4.765969408341896e-12,-1.36,45.8434,Rejection of organic compounds by ultra-low pressure reverse osmosis membrane
ES20,RO,Ethylene glycol,OCCO,15.3,3.0,5.0,25.0,0.3333333333333333,10.0,62.068,100,0.256,0.375,0.161535170327908,0.4031806108897714,15.1,-6.0,-1.36,47.0,-7.943282346611834e-11,4.765969407967101e-10,-1.36,47.5602,Rejection of organic compounds by ultra-low pressure reverse osmosis membrane
ES20,RO,Ethylene glycol,OCCO,15.3,3.0,7.0,25.0,0.3333333333333333,10.0,62.068,100,0.256,0.375,0.161535170327908,0.4031806108897714,15.1,-6.0,-1.36,47.0,-7.943282284147075e-09,4.765969370488245e-08,-1.36,43.8554,Rejection of organic compounds by ultra-low pressure reverse osmosis membrane
ES20,RO,Ethylene glycol,OCCO,15.3,3.0,9.0,25.0,0.3333333333333333,10.0,62.068,100,0.256,0.375,0.161535170327908,0.4031806108897714,15.1,-6.0,-1.36,47.0,-7.943276037674379e-07,4.765965622604628e-06,-1.36,37.5151,Rejection of organic compounds by ultra-low pressure reverse osmosis membrane
ES20,RO,Glucose,OC[C@@H](O)[C@@H](O)[C@H](O)[C@@H](O)C=O,15.3,3.0,3.0,25.0,0.3333333333333333,10.0,180.156,100,0.401,0.481,0.2515616313767203,0.4031806108897714,12.45,-6.0,-3.24,47.0,-3.548133891076822e-10,2.128880334646093e-09,-3.24,95.5422,Rejection of organic compounds by ultra-low pressure reverse osmosis membrane
ES20,RO,Glucose,OC[C@@H](O)[C@@H](O)[C@H](O)[C@@H](O)C=O,15.3,3.0,5.0,25.0,0.3333333333333333,10.0,180.156,100,0.401,0.481,0.2515616313767203,0.4031806108897714,12.45,-6.0,-3.24,47.0,-3.548133766443218e-08,2.128880259865931e-07,-3.24,96.5813,Rejection of organic compounds by ultra-low pressure reverse osmosis membrane
ES20,RO,Glucose,OC[C@@H](O)[C@@H](O)[C@H](O)[C@@H](O)C=O,15.3,3.0,7.0,25.0,0.3333333333333333,10.0,180.156,100,0.401,0.481,0.2515616313767203,0.4031806108897714,12.45,-6.0,-3.24,47.0,-3.548121303126307e-06,2.128872781875784e-05,-3.24,94.4578,Rejection of organic compounds by ultra-low pressure reverse osmosis membrane
ES20,RO,Glucose,OC[C@@H](O)[C@@H](O)[C@H](O)[C@@H](O)C=O,15.3,3.0,9.0,25.0,0.3333333333333333,10.0,180.156,100,0.401,0.481,0.2515616313767203,0.4031806108897714,12.45,-6.0,-3.24,47.0,-0.0003546875413449123,0.002128125248069474,-3.24,96.6264,Rejection of organic compounds by ultra-low pressure reverse osmosis membrane
ES20,RO,Methanol,CO,15.3,3.0,3.0,25.0,0.3333333333333333,10.0,32.042,100,0.218,0.259,0.1314571764816764,0.4031806108897714,15.3,-6.0,-0.77,47.0,-5.011872336270194e-13,3.007123401762117e-12,-0.77,23.1024,Rejection of organic compounds by ultra-low pressure reverse osmosis membrane
ES20,RO,Methanol,CO,15.3,3.0,5.0,25.0,0.3333333333333333,10.0,32.042,100,0.218,0.259,0.1314571764816764,0.4031806108897714,15.3,-6.0,-0.77,47.0,-5.011872336021511e-11,3.007123401612907e-10,-0.77,23.6898,Rejection of organic compounds by ultra-low pressure reverse osmosis membrane
ES20,RO,Methanol,CO,15.3,3.0,7.0,25.0,0.3333333333333333,10.0,32.042,100,0.218,0.259,0.1314571764816764,0.4031806108897714,15.3,-6.0,-0.77,47.0,-5.011872311153847e-09,3.007123386692308e-08,-0.77,17.5754,Rejection of organic compounds by ultra-low pressure reverse osmosis membrane
ES20,RO,Methanol,CO,15.3,3.0,9.0,25.0,0.3333333333333333,10.0,32.042,100,0.218,0.259,0.1314571764816764,0.4031806108897714,15.3,-6.0,-0.77,47.0,-5.011869824387532e-07,3.007121894632519e-06,-0.77,24.5633,Rejection of organic compounds by ultra-low pressure reverse osmosis membrane
ES20,RO,o-Nitrophenol,Oc1ccccc1[N+]([O-])=O,15.3,3.0,3.0,25.0,0.3333333333333333,10.0,139.109999999999,100,0.376,0.434,0.2196209857210945,0.4031806108897714,7.23,-6.0,1.79,47.0,-5.888089837121601e-05,0.0003532853902272961,1.79,58.7879,Rejection of organic compounds by ultra-low pressure reverse osmosis membrane
ES20,RO,o-Nitrophenol,Oc1ccccc1[N+]([O-])=O,15.3,3.0,5.0,25.0,0.3333333333333333,10.0,139.109999999999,100,0.376,0.434,0.2196209857210945,0.4031806108897714,7.23,-6.0,1.79,47.0,-0.005853965847078673,0.03512379508247204,1.79,44.8485,Rejection of organic compounds by ultra-low pressure reverse osmosis membrane
ES20,RO,o-Nitrophenol,Oc1ccccc1[N+]([O-])=O,15.3,3.0,7.0,25.0,0.3333333333333333,10.0,139.109999999999,100,0.376,0.434,0.2196209857210945,0.4031806108897714,7.23,-6.0,1.79,47.0,-0.3706114527824975,2.223668716694985,1.79,80.6061,Rejection of organic compounds by ultra-low pressure reverse osmosis membrane
ES20,RO,o-Nitrophenol,Oc1ccccc1[N+]([O-])=O,15.3,3.0,9.0,25.0,0.3333333333333333,10.0,139.109999999999,100,0.376,0.434,0.2196209857210945,0.4031806108897714,7.23,-6.0,1.79,47.0,-0.9833011506249288,5.899806903749573,1.79,92.7273,Rejection of organic compounds by ultra-low pressure reverse osmosis membrane
ES20,RO,Pentachlorophenol,Oc1c(Cl)c(Cl)c(Cl)c(Cl)c1Cl,15.3,3.0,3.0,25.0,0.3333333333333333,10.0,266.337999999999,100,0.454,0.484,0.2741369962397561,0.4031806108897714,4.7,-6.0,5.12,47.0,-0.01956230387257951,0.117373823235477,5.080750665578084,81.7143,Rejection of organic compounds by ultra-low pressure reverse osmosis membrane
ES20,RO,Pentachlorophenol,Oc1c(Cl)c(Cl)c(Cl)c(Cl)c1Cl,15.3,3.0,5.0,25.0,0.3333333333333333,10.0,266.337999999999,100,0.454,0.484,0.2741369962397561,0.4031806108897714,4.7,-6.0,5.12,47.0,-0.666139424583122,3.996836547498732,3.78347393346989,85.1429,Rejection of organic compounds by ultra-low pressure reverse osmosis membrane
ES20,RO,Pentachlorophenol,Oc1c(Cl)c(Cl)c(Cl)c(Cl)c1Cl,15.3,3.0,7.0,25.0,0.3333333333333333,10.0,266.337999999999,100,0.454,0.484,0.2741369962397561,0.4031806108897714,4.7,-6.0,5.12,47.0,-0.9950131212633121,5.970078727579873,3.123629684671276,98.2857,Rejection of organic compounds by ultra-low pressure reverse osmosis membrane
ES20,RO,Pentachlorophenol,Oc1c(Cl)c(Cl)c(Cl)c(Cl)c1Cl,15.3,3.0,9.0,25.0,0.3333333333333333,10.0,266.337999999999,100,0.454,0.484,0.2741369962397561,0.4031806108897714,4.7,-6.0,5.12,47.0,-0.9999498837883978,5.999699302730386,3.113724683472503,97.7143,Rejection of organic compounds by ultra-low pressure reverse osmosis membrane
ES20,RO,p-Nitrophenol,Oc1ccc(cc1)[N+]([O-])=O,15.3,3.0,3.0,25.0,0.3333333333333333,10.0,139.109999999999,100,0.342,0.468,0.219181450465248,0.4031806108897714,7.15,-6.0,1.91,47.0,-7.07895669208657e-05,0.0004247374015251942,1.91,45.4545,Rejection of organic compounds by ultra-low pressure reverse osmosis membrane
ES20,RO,p-Nitrophenol,Oc1ccc(cc1)[N+]([O-])=O,15.3,3.0,5.0,25.0,0.3333333333333333,10.0,139.109999999999,100,0.342,0.468,0.219181450465248,0.4031806108897714,7.15,-6.0,1.91,47.0,-0.00702969143963923,0.04217814863783538,1.91,46.0606,Rejection of organic compounds by ultra-low pressure reverse osmosis membrane
ES20,RO,p-Nitrophenol,Oc1ccc(cc1)[N+]([O-])=O,15.3,3.0,7.0,25.0,0.3333333333333333,10.0,139.109999999999,100,0.342,0.468,0.219181450465248,0.4031806108897714,7.15,-6.0,1.91,47.0,-0.4145013213281903,2.487007927969142,1.91,79.3939,Rejection of organic compounds by ultra-low pressure reverse osmosis membrane
ES20,RO,p-Nitrophenol,Oc1ccc(cc1)[N+]([O-])=O,15.3,3.0,9.0,25.0,0.3333333333333333,10.0,139.109999999999,100,0.342,0.468,0.219181450465248,0.4031806108897714,7.15,-6.0,1.91,47.0,-0.9860713716585464,5.916428229951278,1.91,96.3636,Rejection of organic compounds by ultra-low pressure reverse osmosis membrane
ES20,RO,Triethylene glycol,OCCOCCOCCO,15.3,3.0,3.0,25.0,0.3333333333333333,10.0,150.174,100,0.317,0.739,0.2723664263557727,0.4031806108897714,14.06,-6.0,-1.98,47.0,-8.709635899484909e-12,5.225781539690945e-11,-1.98,89.6687,Rejection of organic compounds by ultra-low pressure reverse osmosis membrane
ES20,RO,Triethylene glycol,OCCOCCOCCO,15.3,3.0,5.0,25.0,0.3333333333333333,10.0,150.174,100,0.317,0.739,0.2723664263557727,0.4031806108897714,14.06,-6.0,-1.98,47.0,-8.709635891975011e-10,5.225781535185007e-09,-1.98,91.3102,Rejection of organic compounds by ultra-low pressure reverse osmosis membrane
ES20,RO,Triethylene glycol,OCCOCCOCCO,15.3,3.0,7.0,25.0,0.3333333333333333,10.0,150.174,100,0.317,0.739,0.2723664263557727,0.4031806108897714,14.06,-6.0,-1.98,47.0,-8.709635140983266e-08,5.22578108458996e-07,-1.98,91.3705,Rejection of organic compounds by ultra-low pressure reverse osmosis membrane
ES20,RO,Triethylene glycol,OCCOCCOCCO,15.3,3.0,9.0,25.0,0.3333333333333333,10.0,150.174,100,0.317,0.739,0.2723664263557727,0.4031806108897714,14.06,-6.0,-1.98,47.0,-8.70956004246398e-06,5.225736025478388e-05,-1.98,88.5692,Rejection of organic compounds by ultra-low pressure reverse osmosis membrane
ES20,RO,Urea,NC(N)=O,15.3,3.0,3.0,25.0,0.3333333333333333,10.0,60.056,100,0.287,0.319,0.1427714850451199,0.4031806108897714,0.1,-6.0,-2.11,47.0,-0.9987426574886448,5.992455944931868,-3.732960119075583,33.7198,Rejection of organic compounds by ultra-low pressure reverse osmosis membrane
ES20,RO,Urea,NC(N)=O,15.3,3.0,5.0,25.0,0.3333333333333333,10.0,60.056,100,0.287,0.319,0.1427714850451199,0.4031806108897714,0.1,-6.0,-2.11,47.0,-0.9999874109043695,5.999924465426217,-3.734982847489812,31.0693,Rejection of organic compounds by ultra-low pressure reverse osmosis membrane
ES20,RO,Urea,NC(N)=O,15.3,3.0,7.0,25.0,0.3333333333333333,10.0,60.056,100,0.287,0.319,0.1427714850451199,0.4031806108897714,0.1,-6.0,-2.11,47.0,-0.9999998741074746,5.999999244644847,-3.735003100236046,29.8494,Rejection of organic compounds by ultra-low pressure reverse osmosis membrane
ES20,RO,Urea,NC(N)=O,15.3,3.0,9.0,25.0,0.3333333333333333,10.0,60.056,100,0.287,0.319,0.1427714850451199,0.4031806108897714,0.1,-6.0,-2.11,47.0,-0.9999999987410746,5.999999992446448,-3.735003302766058,26.8976,Rejection of organic compounds by ultra-low pressure reverse osmosis membrane
ESNA,RO,2-Naphthol,Oc1ccc2ccccc2c1,27.14,5.52,8.0,22.0,8.0,0.1,144.172999999999,96,0.393,0.507,0.2462906478869039,0.4031806108897714,9.51,-11.0,2.7,47.3,-0.02997658915951602,0.3297424807546763,2.7,11.971197,"Rejection of organic micropollutants (disinfection by-products, endocrine disrupting compounds, and pharmaceutically active compounds) by NF/RO membranes"
ESNA,RO,2-Naphthol,Oc1ccc2ccccc2c1,27.14,5.52,8.0,22.0,20.72983333333333,0.1,144.172999999999,96,0.393,0.507,0.2462906478869039,0.4031806108897714,9.51,-11.0,2.7,47.3,-0.02997658915951602,0.3297424807546763,2.7,66.79667900000001,"Rejection of organic micropollutants (disinfection by-products, endocrine disrupting compounds, and pharmaceutically active compounds) by NF/RO membranes"
ESNA,RO,2-Naphthol,Oc1ccc2ccccc2c1,27.14,5.52,8.0,22.0,6.710833333333333,0.1,144.172999999999,96,0.393,0.507,0.2462906478869039,0.4031806108897714,9.51,-11.0,2.7,47.3,-0.02997658915951602,0.3297424807546763,2.7,80.268026,"Rejection of organic micropollutants (disinfection by-products, endocrine disrupting compounds, and pharmaceutically active compounds) by NF/RO membranes"
ESNA,RO,2-Naphthol,Oc1ccc2ccccc2c1,27.14,5.52,8.0,22.0,4.712000000000001,0.1,144.172999999999,96,0.393,0.507,0.2462906478869039,0.4031806108897714,9.51,-11.0,2.7,47.3,-0.02997658915951602,0.3297424807546763,2.7,84.778477,"Rejection of organic micropollutants (disinfection by-products, endocrine disrupting compounds, and pharmaceutically active compounds) by NF/RO membranes"
ESNA,RO,2-Naphthol,Oc1ccc2ccccc2c1,27.14,5.52,8.0,22.0,2.801333333333333,0.1,144.172999999999,96,0.393,0.507,0.2462906478869039,0.4031806108897714,9.51,-11.0,2.7,47.3,-0.02997658915951602,0.3297424807546763,2.7,90.009,"Rejection of organic micropollutants (disinfection by-products, endocrine disrupting compounds, and pharmaceutically active compounds) by NF/RO membranes"
ESNA,RO,2-Naphthol,Oc1ccc2ccccc2c1,27.14,5.52,8.0,22.0,5.1115,0.1,144.172999999999,96,0.393,0.507,0.2462906478869039,0.4031806108897714,9.51,-11.0,2.7,47.3,-0.02997658915951602,0.3297424807546763,2.7,94.299429,"Rejection of organic micropollutants (disinfection by-products, endocrine disrupting compounds, and pharmaceutically active compounds) by NF/RO membranes"
ESNA,RO,2-Naphthol,Oc1ccc2ccccc2c1,27.14,5.52,8.0,22.0,0.7556666666666667,0.1,144.172999999999,96,0.393,0.507,0.2462906478869039,0.4031806108897714,9.51,-11.0,2.7,47.3,-0.02997658915951602,0.3297424807546763,2.7,97.629762,"Rejection of organic micropollutants (disinfection by-products, endocrine disrupting compounds, and pharmaceutically active compounds) by NF/RO membranes"
ESNA,RO,Phenacetine,CCOc1ccc(NC(C)=O)cc1,27.14,5.52,8.0,22.0,8.0,0.0001,179.219,200,0.345,0.6900000000000001,0.2902703986176511,0.4031806108897714,14.57,-11.0,1.58,47.3,2.242726714004387e-06,-2.466999385404825e-05,1.58,14.0,"Rejection of organic micropollutants (disinfection by-products, endocrine disrupting compounds, and pharmaceutically active compounds) by NF/RO membranes"
ESNA,RO,Phenacetine,CCOc1ccc(NC(C)=O)cc1,27.14,5.52,8.0,22.0,8.0,0.1,179.219,96,0.345,0.6900000000000001,0.2902703986176511,0.4031806108897714,14.57,-11.0,1.58,47.3,2.242726714004387e-06,-2.466999385404825e-05,1.58,19.0,"Rejection of organic micropollutants (disinfection by-products, endocrine disrupting compounds, and pharmaceutically active compounds) by NF/RO membranes"
ESNA,RO,Bisphenol A,CC(C)(c1ccc(O)cc1)c2ccc(O)cc2,27.14,5.52,8.0,22.0,8.0,0.1,228.291,96,0.453,0.562,0.3381552020183159,0.4031806108897714,9.6,-11.0,3.32,47.3,-0.02450336755033601,0.2695370430536961,3.32,45.0,"Rejection of organic micropollutants (disinfection by-products, endocrine disrupting compounds, and pharmaceutically active compounds) by NF/RO membranes"
ESNA,RO,Primidone,CCC1(C(=O)NCNC1=O)c2ccccc2,27.14,5.52,8.0,22.0,8.0,0.0001,218.256,200,0.417,0.54,0.3389517647396867,0.4031806108897714,12.3,-11.0,0.91,47.3,0.0001540159060116999,-0.001694174966128699,0.91,72.0,"Rejection of organic micropollutants (disinfection by-products, endocrine disrupting compounds, and pharmaceutically active compounds) by NF/RO membranes"
ESNA,RO,Primidone,CCC1(C(=O)NCNC1=O)c2ccccc2,27.14,5.52,8.0,22.0,8.0,0.1,218.256,96,0.417,0.54,0.3389517647396867,0.4031806108897714,12.3,-11.0,0.91,47.3,0.0001540159060116999,-0.001694174966128699,0.91,87.0,"Rejection of organic micropollutants (disinfection by-products, endocrine disrupting compounds, and pharmaceutically active compounds) by NF/RO membranes"
ESNA,RO,Dichloroacetic acid,OC(=O)C(Cl)Cl,27.14,5.52,8.0,22.0,24.0,0.1,128.942,200,0.308,0.347,0.2043171378419203,0.4031806108897714,1.26,-11.0,0.92,47.3,-0.9999998180299472,10.99999799832942,-2.785109392799795,91.0,"Rejection of organic micropollutants (disinfection by-products, endocrine disrupting compounds, and pharmaceutically active compounds) by NF/RO membranes"
ESNA,RO,Salicylic acid,OC(=O)c1ccccc1O,27.14,5.52,8.0,22.0,24.0,0.1,138.121999999999,200,0.356,0.473,0.2233785451050889,0.4031806108897714,2.98,-11.0,2.26,47.3,0.5834965145683255,-6.41846166025158,0.5264537347919747,92.0,"Rejection of organic micropollutants (disinfection by-products, endocrine disrupting compounds, and pharmaceutically active compounds) by NF/RO membranes"
ESNA,RO,9-Anthracenecarboxylic acid,OC(=O)c1c2ccccc2cc3ccccc13,27.14,5.52,8.0,22.0,24.0,0.1,222.243,200,0.483,0.579,0.3029859936493605,0.4031806108897714,3.49,-11.0,3.85,47.3,-0.999969098000638,10.99966007800702,1.933092793546948,93.0,"Rejection of organic micropollutants (disinfection by-products, endocrine disrupting compounds, and pharmaceutically active compounds) by NF/RO membranes"
ESNA,RO,Diclofenac,OC(=O)Cc1ccccc1Nc2c(Cl)cccc2Cl,27.14,5.52,8.0,22.0,24.0,0.1,296.153,200,0.462,0.634,0.3476931977505725,0.4031806108897714,4.15,-11.0,4.51,47.3,-0.9998587661953429,10.99844642814877,2.186975620725377,93.0,"Rejection of organic micropollutants (disinfection by-products, endocrine disrupting compounds, and pharmaceutically active compounds) by NF/RO membranes"
ESNA,RO,Trichloroacetic acid,OC(=O)C(Cl)(Cl)Cl,27.14,5.52,8.0,22.0,24.0,0.1,163.387,96,0.317,0.385,0.2311309197868325,0.4031806108897714,0.51,-11.0,1.33,47.3,-0.9999999676406354,10.99999964404699,-2.225018328059951,92.96929599999999,"Rejection of organic micropollutants (disinfection by-products, endocrine disrupting compounds, and pharmaceutically active compounds) by NF/RO membranes"
ESNA,RO,Trichloroacetic acid,OC(=O)C(Cl)(Cl)Cl,27.14,5.52,8.0,22.0,24.0,0.1,163.387,200,0.317,0.385,0.2311309197868325,0.4031806108897714,0.51,-11.0,1.33,47.3,-0.9999999676406354,10.99999964404699,-2.225018328059951,94.0,"Rejection of organic micropollutants (disinfection by-products, endocrine disrupting compounds, and pharmaceutically active compounds) by NF/RO membranes"
ESNA,RO,Trichloroacetic acid,OC(=O)C(Cl)(Cl)Cl,27.14,5.52,8.0,22.0,8.0,0.1,163.387,96,0.317,0.385,0.2311309197868325,0.4031806108897714,0.51,-11.0,1.33,47.3,-0.9999999676406354,10.99999964404699,-2.225018328059951,95.56434,"Rejection of organic micropollutants (disinfection by-products, endocrine disrupting compounds, and pharmaceutically active compounds) by NF/RO membranes"
ESNA,RO,Trichloroacetic acid,OC(=O)C(Cl)(Cl)Cl,27.14,5.52,8.0,22.0,5.0,0.1,163.387,96,0.317,0.385,0.2311309197868325,0.4031806108897714,0.51,-11.0,1.33,47.3,-0.9999999676406354,10.99999964404699,-2.225018328059951,95.899589,"Rejection of organic micropollutants (disinfection by-products, endocrine disrupting compounds, and pharmaceutically active compounds) by NF/RO membranes"
ESNA,RO,Trichloroacetic acid,OC(=O)C(Cl)(Cl)Cl,27.14,5.52,8.0,22.0,3.0,0.1,163.387,96,0.317,0.385,0.2311309197868325,0.4031806108897714,0.51,-11.0,1.33,47.3,-0.9999999676406354,10.99999964404699,-2.225018328059951,96.919691,"Rejection of organic micropollutants (disinfection by-products, endocrine disrupting compounds, and pharmaceutically active compounds) by NF/RO membranes"
ESNA,RO,Trichloroacetic acid,OC(=O)C(Cl)(Cl)Cl,27.14,5.52,8.0,22.0,1.0,0.1,163.387,96,0.317,0.385,0.2311309197868325,0.4031806108897714,0.51,-11.0,1.33,47.3,-0.9999999676406354,10.99999964404699,-2.225018328059951,97.159715,"Rejection of organic micropollutants (disinfection by-products, endocrine disrupting compounds, and pharmaceutically active compounds) by NF/RO membranes"
ESNA,RO,Trichloroacetic acid,OC(=O)C(Cl)(Cl)Cl,27.14,5.52,8.0,22.0,2.0,0.1,163.387,96,0.317,0.385,0.2311309197868325,0.4031806108897714,0.51,-11.0,1.33,47.3,-0.9999999676406354,10.99999964404699,-2.225018328059951,98.1018,"Rejection of organic micropollutants (disinfection by-products, endocrine disrupting compounds, and pharmaceutically active compounds) by NF/RO membranes"
XLE,RO,2-Naphthol,Oc1ccc2ccccc2c1,47.472,5.52,8.0,22.0,8.0,0.1,144.172999999999,96,0.393,0.507,0.2462906478869039,0.3,9.51,-19.0,2.7,46.9,-0.02997658915951602,0.5695551940308045,2.7,42.774277,"Rejection of organic micropollutants (disinfection by-products, endocrine disrupting compounds, and pharmaceutically active compounds) by NF/RO membranes"
XLE,RO,2-Naphthol,Oc1ccc2ccccc2c1,47.472,5.52,8.0,22.0,24.0,0.1,144.172999999999,96,0.393,0.507,0.2462906478869039,0.3,9.51,-19.0,2.7,46.9,-0.02997658915951602,0.5695551940308045,2.7,64.13641299999999,"Rejection of organic micropollutants (disinfection by-products, endocrine disrupting compounds, and pharmaceutically active compounds) by NF/RO membranes"
XLE,RO,2-Naphthol,Oc1ccc2ccccc2c1,47.472,5.52,8.0,22.0,8.0,0.1,144.172999999999,96,0.393,0.507,0.2462906478869039,0.3,9.51,-19.0,2.7,46.9,-0.02997658915951602,0.5695551940308045,2.7,82.58733000000001,"Rejection of organic micropollutants (disinfection by-products, endocrine disrupting compounds, and pharmaceutically active compounds) by NF/RO membranes"
XLE,RO,2-Naphthol,Oc1ccc2ccccc2c1,47.472,5.52,8.0,22.0,5.0,0.1,144.172999999999,96,0.393,0.507,0.2462906478869039,0.3,9.51,-19.0,2.7,46.9,-0.02997658915951602,0.5695551940308045,2.7,86.088608,"Rejection of organic micropollutants (disinfection by-products, endocrine disrupting compounds, and pharmaceutically active compounds) by NF/RO membranes"
XLE,RO,2-Naphthol,Oc1ccc2ccccc2c1,47.472,5.52,8.0,22.0,3.0,0.1,144.172999999999,96,0.393,0.507,0.2462906478869039,0.3,9.51,-19.0,2.7,46.9,-0.02997658915951602,0.5695551940308045,2.7,87.488748,"Rejection of organic micropollutants (disinfection by-products, endocrine disrupting compounds, and pharmaceutically active compounds) by NF/RO membranes"
XLE,RO,2-Naphthol,Oc1ccc2ccccc2c1,47.472,5.52,8.0,22.0,2.0,0.1,144.172999999999,96,0.393,0.507,0.2462906478869039,0.3,9.51,-19.0,2.7,46.9,-0.02997658915951602,0.5695551940308045,2.7,92.79711,"Rejection of organic micropollutants (disinfection by-products, endocrine disrupting compounds, and pharmaceutically active compounds) by NF/RO membranes"
XLE,RO,2-Naphthol,Oc1ccc2ccccc2c1,47.472,5.52,8.0,22.0,1.0,0.1,144.172999999999,96,0.393,0.507,0.2462906478869039,0.3,9.51,-19.0,2.7,46.9,-0.02997658915951602,0.5695551940308045,2.7,96.289628,"Rejection of organic micropollutants (disinfection by-products, endocrine disrupting compounds, and pharmaceutically active compounds) by NF/RO membranes"
XLE,RO,Phenacetine,CCOc1ccc(NC(C)=O)cc1,47.472,5.52,8.0,22.0,8.0,0.0001,179.219,200,0.345,0.6900000000000001,0.2902703986176511,0.3,14.57,-19.0,1.58,46.9,2.242726714004387e-06,-4.261180756608334e-05,1.58,50.0,"Rejection of organic micropollutants (disinfection by-products, endocrine disrupting compounds, and pharmaceutically active compounds) by NF/RO membranes"
XLE,RO,Diclofenac,OC(=O)Cc1ccccc1Nc2c(Cl)cccc2Cl,47.472,5.52,8.0,22.0,8.0,0.0001,296.153,200,0.462,0.634,0.3476931977505725,0.3,4.15,-19.0,4.51,46.9,-0.9998587661953429,18.99731655771151,2.186975620725377,65.0,"Rejection of organic micropollutants (disinfection by-products, endocrine disrupting compounds, and pharmaceutically active compounds) by NF/RO membranes"
XLE,RO,Phenacetine,CCOc1ccc(NC(C)=O)cc1,47.472,5.52,8.0,22.0,8.0,0.1,179.219,200,0.345,0.6900000000000001,0.2902703986176511,0.3,14.57,-19.0,1.58,46.9,2.242726714004387e-06,-4.261180756608334e-05,1.58,71.0,"Rejection of organic micropollutants (disinfection by-products, endocrine disrupting compounds, and pharmaceutically active compounds) by NF/RO membranes"
XLE,RO,Primidone,CCC1(C(=O)NCNC1=O)c2ccccc2,47.472,5.52,8.0,22.0,8.0,0.0001,218.256,200,0.417,0.54,0.3389517647396867,0.3,12.3,-19.0,0.91,46.9,0.0001540159060116999,-0.002926302214222297,0.91,78.0,"Rejection of organic micropollutants (disinfection by-products, endocrine disrupting compounds, and pharmaceutically active compounds) by NF/RO membranes"
XLE,RO,Primidone,CCC1(C(=O)NCNC1=O)c2ccccc2,47.472,5.52,8.0,22.0,8.0,0.1,218.256,200,0.417,0.54,0.3389517647396867,0.3,12.3,-19.0,0.91,46.9,0.0001540159060116999,-0.002926302214222297,0.91,84.0,"Rejection of organic micropollutants (disinfection by-products, endocrine disrupting compounds, and pharmaceutically active compounds) by NF/RO membranes"
XLE,RO,Salicylic acid,OC(=O)c1ccccc1O,47.472,5.52,8.0,22.0,24.0,0.1,138.121999999999,200,0.356,0.473,0.2233785451050889,0.3,2.98,-19.0,2.26,47.3,0.5834965145683255,-11.08643377679818,0.5264537347919747,92.0,"Rejection of organic micropollutants (disinfection by-products, endocrine disrupting compounds, and pharmaceutically active compounds) by NF/RO membranes"
XLE,RO,Dichloroacetic acid,OC(=O)C(Cl)Cl,47.472,5.52,8.0,22.0,24.0,0.1,128.942,200,0.308,0.347,0.2043171378419203,0.3,1.26,-19.0,0.92,47.3,-0.9999998180299472,18.999996542569,-2.785109392799795,95.0,"Rejection of organic micropollutants (disinfection by-products, endocrine disrupting compounds, and pharmaceutically active compounds) by NF/RO membranes"
XLE,RO,Diclofenac,OC(=O)Cc1ccccc1Nc2c(Cl)cccc2Cl,47.472,5.52,8.0,22.0,24.0,0.1,296.153,200,0.462,0.634,0.3476931977505725,0.3,4.15,-19.0,4.51,47.3,-0.9998587661953429,18.99731655771151,2.186975620725377,95.0,"Rejection of organic micropollutants (disinfection by-products, endocrine disrupting compounds, and pharmaceutically active compounds) by NF/RO membranes"
XLE,RO,9-Anthracenecarboxylic acid,OC(=O)c1c2ccccc2cc3ccccc13,47.472,5.52,8.0,22.0,24.0,0.1,222.243,200,0.483,0.579,0.3029859936493605,0.3,3.49,-19.0,3.85,47.3,-0.999969098000638,18.99941286201212,1.933092793546948,96.0,"Rejection of organic micropollutants (disinfection by-products, endocrine disrupting compounds, and pharmaceutically active compounds) by NF/RO membranes"
XLE,RO,Bisphenol A,CC(C)(c1ccc(O)cc1)c2ccc(O)cc2,47.472,5.52,8.0,22.0,8.0,0.1,228.291,200,0.453,0.562,0.3381552020183159,0.3,9.6,-19.0,3.32,46.9,-0.02450336755033601,0.4655639834563842,3.32,99.0,"Rejection of organic micropollutants (disinfection by-products, endocrine disrupting compounds, and pharmaceutically active compounds) by NF/RO membranes"
XLE,RO,Trichloroacetic acid,OC(=O)C(Cl)(Cl)Cl,47.472,5.52,8.0,22.0,24.0,0.1,163.387,200,0.317,0.385,0.2311309197868325,0.3,0.51,-19.0,1.33,46.9,-0.9999999676406354,18.99999938517207,-2.225018328059951,78.787878,"Rejection of organic micropollutants (disinfection by-products, endocrine disrupting compounds, and pharmaceutically active compounds) by NF/RO membranes"
XLE,RO,Trichloroacetic acid,OC(=O)C(Cl)(Cl)Cl,47.472,5.52,8.0,22.0,8.0,0.1,163.387,200,0.317,0.385,0.2311309197868325,0.3,0.51,-19.0,1.33,46.9,-0.9999999676406354,18.99999938517207,-2.225018328059951,89.83008,"Rejection of organic micropollutants (disinfection by-products, endocrine disrupting compounds, and pharmaceutically active compounds) by NF/RO membranes"
XLE,RO,Trichloroacetic acid,OC(=O)C(Cl)(Cl)Cl,47.472,5.52,8.0,22.0,5.0,0.1,163.387,200,0.317,0.385,0.2311309197868325,0.3,0.51,-19.0,1.33,46.9,-0.9999999676406354,18.99999938517207,-2.225018328059951,90.459045,"Rejection of organic micropollutants (disinfection by-products, endocrine disrupting compounds, and pharmaceutically active compounds) by NF/RO membranes"
XLE,RO,Trichloroacetic acid,OC(=O)C(Cl)(Cl)Cl,47.472,5.52,8.0,22.0,3.0,0.1,163.387,200,0.317,0.385,0.2311309197868325,0.3,0.51,-19.0,1.33,46.9,-0.9999999676406354,18.99999938517207,-2.225018328059951,92.319231,"Rejection of organic micropollutants (disinfection by-products, endocrine disrupting compounds, and pharmaceutically active compounds) by NF/RO membranes"
XLE,RO,Trichloroacetic acid,OC(=O)C(Cl)(Cl)Cl,47.472,5.52,8.0,22.0,1.0,0.1,163.387,200,0.317,0.385,0.2311309197868325,0.3,0.51,-19.0,1.33,46.9,-0.9999999676406354,18.99999938517207,-2.225018328059951,92.47743,"Rejection of organic micropollutants (disinfection by-products, endocrine disrupting compounds, and pharmaceutically active compounds) by NF/RO membranes"
XLE,RO,Trichloroacetic acid,OC(=O)C(Cl)(Cl)Cl,47.472,5.52,8.0,22.0,24.0,0.1,163.387,200,0.317,0.385,0.2311309197868325,0.3,0.51,-19.0,1.33,47.3,-0.9999999676406354,18.99999938517207,-2.225018328059951,96.0,"Rejection of organic micropollutants (disinfection by-products, endocrine disrupting compounds, and pharmaceutically active compounds) by NF/RO membranes"
NF270,NF,Dibutyl phthalate,CCCCOC(=O)c1ccccc1C(=O)OCCCC,65.2,5.0,7.0,25.0,14.0,0.5,278.348,330,0.583,0.702,0.4124324852368644,0.42,3.79,-27.29,4.5,26.1,-0.9993837849532564,27.27318349137437,4.5,50.0,Rejection of Organic Micropollutants by Clean and Fouled Nanofiltration Membranes
NF270,NF,Diethyl phthalate,CCOC(=O)c1ccccc1C(=O)OCC,65.2,5.0,7.0,25.0,14.0,0.5,222.239999999999,330,0.4389999999999999,0.6900000000000001,0.345944209052952,0.42,7.84,-27.29,2.47,26.1,-0.1262895790549187,3.44644261240873,2.47,50.4,Rejection of Organic Micropollutants by Clean and Fouled Nanofiltration Membranes
NF270,NF,Acenaphthylene,c1cc2cccc3C=Cc(c1)c23,65.2,5.0,7.0,25.0,14.0,0.5,152.195999999999,330,0.434,0.473,0.3145485203085889,0.42,14.0,-27.29,3.93,26.1,0.0,0.0,3.93,86.4,Rejection of Organic Micropollutants by Clean and Fouled Nanofiltration Membranes
NF270,NF,Dimethyl phthalate,COC(=O)c1ccccc1C(=O)OC,108.0,7.0,7.0,25.0,14.0,800.0,194.185999999999,330,0.449,0.5730000000000001,0.3077975640414707,0.42,3.42,-27.29,1.6,26.1,-0.9997370423657155,27.28282388616038,1.6,14.0,Rejection of Organic Micropollutants by Clean and Fouled Nanofiltration Membranes
NF270,NF,Phenanthrene,c1ccc2c(c1)ccc3ccccc23,65.2,5.0,7.0,25.0,14.0,800.0,194.185999999999,330,0.449,0.5730000000000001,0.328323696375469,0.42,3.42,-27.29,1.6,26.1,-0.9997370423657155,27.28282388616038,1.6,65.8,Rejection of Organic Micropollutants by Clean and Fouled Nanofiltration Membranes
NF270,NF,Pyrene,c1cc2ccc3cccc4ccc(c1)c2c34,85.5,6.0,7.0,25.0,14.0,800.0,194.185999999999,330,0.449,0.5730000000000001,0.3031811231514606,0.42,3.42,-27.29,1.6,26.1,-0.9997370423657155,27.28282388616038,1.6,17.9,Rejection of Organic Micropollutants by Clean and Fouled Nanofiltration Membranes
NF90,NF,Acenaphthylene,c1cc2cccc3C=Cc(c1)c23,43.4,5.0,7.0,25.0,14.0,0.5,152.195999999999,180,0.434,0.473,0.3145485203085889,0.34,14.0,-42.7,3.93,47.3,0.0,0.0,3.93,92.4,Rejection of Organic Micropollutants by Clean and Fouled Nanofiltration Membranes
NF90,NF,Diethyl phthalate,CCOC(=O)c1ccccc1C(=O)OCC,43.4,5.0,7.0,25.0,14.0,0.5,222.239999999999,180,0.4389999999999999,0.6900000000000001,0.345944209052952,0.34,7.84,-42.7,2.47,47.3,-0.1262895790549187,5.392565025645028,2.47,95.3,Rejection of Organic Micropollutants by Clean and Fouled Nanofiltration Membranes
NF90,NF,Dimethyl phthalate,COC(=O)c1ccccc1C(=O)OC,43.4,5.0,7.0,25.0,14.0,800.0,194.185999999999,180,0.449,0.5730000000000001,0.3077975640414707,0.34,3.42,-42.7,1.6,47.3,-0.9997370423657155,42.68877170901605,1.6,95.8,Rejection of Organic Micropollutants by Clean and Fouled Nanofiltration Membranes
NF90,NF,Dibutyl phthalate,CCCCOC(=O)c1ccccc1C(=O)OCCCC,43.4,5.0,7.0,25.0,14.0,0.5,278.348,180,0.583,0.702,0.4124324852368644,0.34,3.79,-42.7,4.5,47.3,-0.9993837849532564,42.67368761750405,4.5,99.9,Rejection of Organic Micropollutants by Clean and Fouled Nanofiltration Membranes
NF90,NF,Dimethyl phthalate,COC(=O)c1ccccc1C(=O)OC,57.2,6.0,7.0,25.0,14.0,800.0,194.185999999999,180,0.449,0.5730000000000001,0.3077975640414707,0.34,3.42,-42.7,1.6,47.3,-0.9997370423657155,42.68877170901605,1.6,95.0,Rejection of Organic Micropollutants by Clean and Fouled Nanofiltration Membranes
NF90,NF,Dimethyl phthalate,COC(=O)c1ccccc1C(=O)OC,66.5,7.0,7.0,25.0,14.0,800.0,194.185999999999,180,0.449,0.5730000000000001,0.3077975640414707,0.34,3.42,-42.7,1.6,47.3,-0.9997370423657155,42.68877170901605,1.6,92.5,Rejection of Organic Micropollutants by Clean and Fouled Nanofiltration Membranes
UTC60,NF,17β-Estradiol,C[C@]12CC[C@H]3[C@@H](CCc4cc(O)ccc34)[C@@H]1CC[C@@H]2O,18.625,3.0,3.0,25.0,24.0,1.0,272.388,150,0.402,0.73,0.3807542916588625,0.4031806108897714,10.46,-4.1,4.01,51.6,-3.467368384298865e-08,1.421621037562535e-07,4.01,57.9648,Rejection of pharmaceuticals and personal care products (PPCPs) and endocrine disrupting chemicals (EDCs) by low pressure reverse osmosis membranes
UTC60,NF,17β-Estradiol,C[C@]12CC[C@H]3[C@@H](CCc4cc(O)ccc34)[C@@H]1CC[C@@H]2O,18.625,3.0,5.0,25.0,24.0,1.0,272.388,150,0.402,0.73,0.3807542916588625,0.4031806108897714,10.46,-29.21,4.01,51.6,-3.467356481922647e-06,0.0001012814828369605,4.01,57.6476,Rejection of pharmaceuticals and personal care products (PPCPs) and endocrine disrupting chemicals (EDCs) by low pressure reverse osmosis membranes
UTC60,NF,17β-Estradiol,C[C@]12CC[C@H]3[C@@H](CCc4cc(O)ccc34)[C@@H]1CC[C@@H]2O,18.625,3.0,7.0,25.0,24.0,1.0,272.388,150,0.402,0.73,0.3807542916588625,0.4031806108897714,10.46,-34.7,4.01,51.6,-0.000346616665681558,0.01202759829915006,4.01,55.7445,Rejection of pharmaceuticals and personal care products (PPCPs) and endocrine disrupting chemicals (EDCs) by low pressure reverse osmosis membranes
UTC60,NF,17β-Estradiol,C[C@]12CC[C@H]3[C@@H](CCc4cc(O)ccc34)[C@@H]1CC[C@@H]2O,18.625,3.0,10.0,25.0,24.0,1.0,272.388,150,0.402,0.73,0.3807542916588625,0.4031806108897714,10.46,-44.1,4.01,51.6,-0.2574644410569298,11.3541818506106,4.01,92.8546,Rejection of pharmaceuticals and personal care products (PPCPs) and endocrine disrupting chemicals (EDCs) by low pressure reverse osmosis membranes
UTC60,NF,"2,4-dichlorophenol",Oc1ccc(Cl)cc1Cl,18.625,3.0,4.0,25.0,24.0,10.0,163.003,150,0.364,0.458,0.2530856912673352,0.4031806108897714,7.89,-17.2,3.06,51.6,-0.0001288083614379257,0.002215503816732322,3.06,21.8062,Rejection of pharmaceuticals and personal care products (PPCPs) and endocrine disrupting chemicals (EDCs) by low pressure reverse osmosis membranes
UTC60,NF,"2,4-dichlorophenol",Oc1ccc(Cl)cc1Cl,18.625,3.0,7.0,25.0,24.0,10.0,163.003,150,0.364,0.458,0.2530856912673352,0.4031806108897714,7.89,-34.7,3.06,51.6,-0.1141230574141505,3.960070092271023,3.06,31.6388,Rejection of pharmaceuticals and personal care products (PPCPs) and endocrine disrupting chemicals (EDCs) by low pressure reverse osmosis membranes
UTC60,NF,"2,4-dichlorophenol",Oc1ccc(Cl)cc1Cl,18.625,3.0,8.0,25.0,24.0,10.0,163.003,150,0.364,0.458,0.2530856912673352,0.4031806108897714,7.89,-42.82,3.06,51.6,-0.5629847281035959,24.10700605739598,3.06,52.5727,Rejection of pharmaceuticals and personal care products (PPCPs) and endocrine disrupting chemicals (EDCs) by low pressure reverse osmosis membranes
UTC60,NF,"2,4-dichlorophenol",Oc1ccc(Cl)cc1Cl,18.625,3.0,9.0,25.0,24.0,10.0,163.003,150,0.364,0.458,0.2530856912673352,0.4031806108897714,7.89,-44.7,3.06,51.6,-0.9279668414961574,41.48011781487823,3.06,70.9692,Rejection of pharmaceuticals and personal care products (PPCPs) and endocrine disrupting chemicals (EDCs) by low pressure reverse osmosis membranes
UTC60,NF,"2,4-dichlorophenol",Oc1ccc(Cl)cc1Cl,18.625,3.0,10.0,25.0,24.0,10.0,163.003,150,0.364,0.458,0.2530856912673352,0.4031806108897714,7.89,-44.1,3.06,51.6,-0.992297320659993,43.76031184110569,3.06,93.8062,Rejection of pharmaceuticals and personal care products (PPCPs) and endocrine disrupting chemicals (EDCs) by low pressure reverse osmosis membranes
UTC60,NF,Bisphenol A,CC(C)(c1ccc(O)cc1)c2ccc(O)cc2,18.625,3.0,3.0,25.0,24.0,10.0,228.291,150,0.453,0.562,0.3381552020183159,0.4031806108897714,9.6,-4.1,3.32,51.6,-2.511885800552392e-07,1.029873178226481e-06,3.32,22.7577,Rejection of pharmaceuticals and personal care products (PPCPs) and endocrine disrupting chemicals (EDCs) by low pressure reverse osmosis membranes
UTC60,NF,Bisphenol A,CC(C)(c1ccc(O)cc1)c2ccc(O)cc2,18.625,3.0,5.0,25.0,24.0,10.0,228.291,150,0.453,0.562,0.3381552020183159,0.4031806108897714,9.6,-29.21,3.32,51.6,-2.511823337359984e-05,0.0007337035968428514,3.32,28.1498,Rejection of pharmaceuticals and personal care products (PPCPs) and endocrine disrupting chemicals (EDCs) by low pressure reverse osmosis membranes
UTC60,NF,Bisphenol A,CC(C)(c1ccc(O)cc1)c2ccc(O)cc2,18.625,3.0,7.0,25.0,24.0,10.0,228.291,150,0.453,0.562,0.3381552020183159,0.4031806108897714,9.6,-34.7,3.32,51.6,-0.002505592667285735,0.08694406555481501,3.32,31.9559,Rejection of pharmaceuticals and personal care products (PPCPs) and endocrine disrupting chemicals (EDCs) by low pressure reverse osmosis membranes
UTC60,NF,Bisphenol A,CC(C)(c1ccc(O)cc1)c2ccc(O)cc2,18.625,3.0,8.0,25.0,24.0,10.0,228.291,150,0.453,0.562,0.3381552020183159,0.4031806108897714,9.6,-42.82,3.32,51.6,-0.02450336755033601,1.049234198505388,3.32,52.5727,Rejection of pharmaceuticals and personal care products (PPCPs) and endocrine disrupting chemicals (EDCs) by low pressure reverse osmosis membranes
UTC60,NF,Bisphenol A,CC(C)(c1ccc(O)cc1)c2ccc(O)cc2,18.625,3.0,10.0,25.0,24.0,10.0,228.291,150,0.453,0.562,0.3381552020183159,0.4031806108897714,9.6,-44.1,3.32,51.6,-0.7152527510491988,31.54264632126967,3.32,94.1233,Rejection of pharmaceuticals and personal care products (PPCPs) and endocrine disrupting chemicals (EDCs) by low pressure reverse osmosis membranes
UTC60,NF,Carbamazepine,NC(=O)N1c2ccccc2C=Cc3ccccc13,18.625,3.0,3.0,25.0,24.0,10.0,236.274,150,0.4480000000000001,0.576,0.3334516559578687,0.4031806108897714,13.9,-4.1,2.45,51.6,0.0,0.0,2.45,70.069,Rejection of pharmaceuticals and personal care products (PPCPs) and endocrine disrupting chemicals (EDCs) by low pressure reverse osmosis membranes
UTC60,NF,Carbamazepine,NC(=O)N1c2ccccc2C=Cc3ccccc13,18.625,3.0,5.0,25.0,24.0,10.0,236.274,150,0.4480000000000001,0.576,0.3334516559578687,0.4031806108897714,13.9,-29.21,2.45,51.6,0.0,0.0,2.45,68.4138,Rejection of pharmaceuticals and personal care products (PPCPs) and endocrine disrupting chemicals (EDCs) by low pressure reverse osmosis membranes
UTC60,NF,Carbamazepine,NC(=O)N1c2ccccc2C=Cc3ccccc13,18.625,3.0,7.0,25.0,24.0,10.0,236.274,150,0.4480000000000001,0.576,0.3334516559578687,0.4031806108897714,13.9,-34.7,2.45,51.6,0.0,0.0,2.45,70.8966,Rejection of pharmaceuticals and personal care products (PPCPs) and endocrine disrupting chemicals (EDCs) by low pressure reverse osmosis membranes
UTC60,NF,Carbamazepine,NC(=O)N1c2ccccc2C=Cc3ccccc13,18.625,3.0,10.0,25.0,24.0,10.0,236.274,150,0.4480000000000001,0.576,0.3334516559578687,0.4031806108897714,13.9,-44.1,2.45,51.6,0.0,0.0,2.45,70.069,Rejection of pharmaceuticals and personal care products (PPCPs) and endocrine disrupting chemicals (EDCs) by low pressure reverse osmosis membranes
UTC60,NF,Clofibric acid,CC(C)(Oc1ccc(Cl)cc1)C(O)=O,18.625,3.0,3.0,25.0,24.0,10.0,214.648,150,0.35,0.62,0.3149381950227265,0.4031806108897714,3.12,-4.1,2.57,51.6,-0.4313586081163323,1.768570293276962,1.363393654387104,18.5567,Rejection of pharmaceuticals and personal care products (PPCPs) and endocrine disrupting chemicals (EDCs) by low pressure reverse osmosis membranes
UTC60,NF,Clofibric acid,CC(C)(Oc1ccc(Cl)cc1)C(O)=O,18.625,3.0,4.0,25.0,24.0,10.0,214.648,150,0.35,0.62,0.3149381950227265,0.4031806108897714,3.12,-17.2,2.57,51.6,-0.8835282880564392,15.19668655457075,0.09857409394762451,95.1527,Rejection of pharmaceuticals and personal care products (PPCPs) and endocrine disrupting chemicals (EDCs) by low pressure reverse osmosis membranes
UTC60,NF,Clofibric acid,CC(C)(Oc1ccc(Cl)cc1)C(O)=O,18.625,3.0,5.0,25.0,24.0,10.0,214.648,150,0.35,0.62,0.3149381950227265,0.4031806108897714,3.12,-29.21,2.57,51.6,-0.9869889516362479,28.8299472772948,-0.1908284839720706,95.8522,Rejection of pharmaceuticals and personal care products (PPCPs) and endocrine disrupting chemicals (EDCs) by low pressure reverse osmosis membranes
UTC60,NF,Clofibric acid,CC(C)(Oc1ccc(Cl)cc1)C(O)=O,18.625,3.0,7.0,25.0,24.0,10.0,214.648,150,0.35,0.62,0.3149381950227265,0.4031806108897714,3.12,-34.7,2.57,51.6,-0.9998681917018621,34.69542625205462,-0.2268545942604527,96.9015,Rejection of pharmaceuticals and personal care products (PPCPs) and endocrine disrupting chemicals (EDCs) by low pressure reverse osmosis membranes
UTC60,NF,Clofibric acid,CC(C)(Oc1ccc(Cl)cc1)C(O)=O,18.625,3.0,10.0,25.0,24.0,10.0,214.648,150,0.35,0.62,0.3149381950227265,0.4031806108897714,3.12,-44.1,2.57,51.6,-0.9999998681743435,44.09999418648855,-0.2272229227562206,96.9015,Rejection of pharmaceuticals and personal care products (PPCPs) and endocrine disrupting chemicals (EDCs) by low pressure reverse osmosis membranes
UTC60,NF,Diclofenac,OC(=O)Cc1ccccc1Nc2c(Cl)cccc2Cl,18.625,3.0,3.0,25.0,24.0,10.0,296.153,150,0.462,0.634,0.3476931977505725,0.4031806108897714,4.15,-4.1,4.51,51.6,-0.06611406133719554,0.2710676514825017,4.356393729302807,62.9754,Rejection of pharmaceuticals and personal care products (PPCPs) and endocrine disrupting chemicals (EDCs) by low pressure reverse osmosis membranes
UTC60,NF,Diclofenac,OC(=O)Cc1ccccc1Nc2c(Cl)cccc2Cl,18.625,3.0,4.0,25.0,24.0,10.0,296.153,150,0.462,0.634,0.3476931977505725,0.4031806108897714,4.15,-17.2,4.51,51.6,-0.4145013213281903,7.129422726844874,3.546967312542611,71.7192,Rejection of pharmaceuticals and personal care products (PPCPs) and endocrine disrupting chemicals (EDCs) by low pressure reverse osmosis membranes
UTC60,NF,Diclofenac,OC(=O)Cc1ccccc1Nc2c(Cl)cccc2Cl,18.625,3.0,5.0,25.0,24.0,10.0,296.153,150,0.462,0.634,0.3476931977505725,0.4031806108897714,4.15,-29.21,4.51,51.6,-0.8762293189310645,25.59465840597639,2.474210407978376,83.6108,Rejection of pharmaceuticals and personal care products (PPCPs) and endocrine disrupting chemicals (EDCs) by low pressure reverse osmosis membranes
UTC60,NF,Diclofenac,OC(=O)Cc1ccccc1Nc2c(Cl)cccc2Cl,18.625,3.0,7.0,25.0,24.0,10.0,296.153,150,0.462,0.634,0.3476931977505725,0.4031806108897714,4.15,-34.7,4.51,51.6,-0.9985894549032847,34.65105408514398,2.18992467830834,96.202,Rejection of pharmaceuticals and personal care products (PPCPs) and endocrine disrupting chemicals (EDCs) by low pressure reverse osmosis membranes
UTC60,NF,Diclofenac,OC(=O)Cc1ccccc1Nc2c(Cl)cccc2Cl,18.625,3.0,7.0,25.0,24.0,10.0,296.153,150,0.462,0.634,0.3476931977505725,0.4031806108897714,4.15,-34.7,4.51,51.6,-0.9985894549032847,34.65105408514398,2.18992467830834,97.2512,Rejection of pharmaceuticals and personal care products (PPCPs) and endocrine disrupting chemicals (EDCs) by low pressure reverse osmosis membranes
UTC60,NF,Diethyl phthalate,CCOC(=O)c1ccccc1C(=O)OCC,18.625,3.0,3.0,25.0,24.0,10.0,222.239999999999,65,0.4389999999999999,0.6900000000000001,0.345944209052952,0.4031806108897714,7.84,-4.1,2.47,51.6,-1.44541887808661e-05,5.9262174001551e-05,2.47,41.931,Rejection of pharmaceuticals and personal care products (PPCPs) and endocrine disrupting chemicals (EDCs) by low pressure reverse osmosis membranes
UTC60,NF,Diethyl phthalate,CCOC(=O)c1ccccc1C(=O)OCC,18.625,3.0,5.0,25.0,24.0,10.0,222.239999999999,65,0.4389999999999999,0.6900000000000001,0.345944209052952,0.4031806108897714,7.84,-29.21,2.47,51.6,-0.001443353490207936,0.0421603554489738,2.47,47.3103,Rejection of pharmaceuticals and personal care products (PPCPs) and endocrine disrupting chemicals (EDCs) by low pressure reverse osmosis membranes
UTC60,NF,Diethyl phthalate,CCOC(=O)c1ccccc1C(=O)OCC,18.625,3.0,7.0,25.0,24.0,10.0,222.239999999999,65,0.4389999999999999,0.6900000000000001,0.345944209052952,0.4031806108897714,7.84,-34.7,2.47,51.6,-0.1262895790549187,4.382248393205678,2.47,53.1034,Rejection of pharmaceuticals and personal care products (PPCPs) and endocrine disrupting chemicals (EDCs) by low pressure reverse osmosis membranes
UTC60,NF,Diethyl phthalate,CCOC(=O)c1ccccc1C(=O)OCC,18.625,3.0,10.0,25.0,24.0,10.0,222.239999999999,150,0.4389999999999999,0.6900000000000001,0.345944209052952,0.4031806108897714,7.84,-44.1,2.47,51.6,-0.993129224444049,43.79699879798257,2.47,54.7586,Rejection of pharmaceuticals and personal care products (PPCPs) and endocrine disrupting chemicals (EDCs) by low pressure reverse osmosis membranes
UTC60,NF,Gemfibrozil,Cc1ccc(C)c(OCCCC(C)(C)C(O)=O)c1,18.625,3.0,3.0,25.0,24.0,10.0,250.337999999999,65,0.499,0.743,0.3884540064460517,0.4031806108897714,4.5,-4.1,4.39,51.6,-0.0306534300317155,0.1256790631300335,4.327249934988209,44.7882,Rejection of pharmaceuticals and personal care products (PPCPs) and endocrine disrupting chemicals (EDCs) by low pressure reverse osmosis membranes
UTC60,NF,Gemfibrozil,Cc1ccc(C)c(OCCCC(C)(C)C(O)=O)c1,18.625,3.0,4.0,25.0,24.0,10.0,250.337999999999,65,0.499,0.743,0.3884540064460517,0.4031806108897714,4.5,-17.2,4.39,51.6,-0.2402530733520421,4.132352861655124,3.898182413631202,60.8768,Rejection of pharmaceuticals and personal care products (PPCPs) and endocrine disrupting chemicals (EDCs) by low pressure reverse osmosis membranes
UTC60,NF,Gemfibrozil,Cc1ccc(C)c(OCCCC(C)(C)C(O)=O)c1,18.625,3.0,5.0,25.0,24.0,10.0,250.337999999999,65,0.499,0.743,0.3884540064460517,0.4031806108897714,4.5,-29.21,4.39,51.6,-0.7597469266479578,22.19220772738685,2.834736233748019,89.9064,Rejection of pharmaceuticals and personal care products (PPCPs) and endocrine disrupting chemicals (EDCs) by low pressure reverse osmosis membranes
UTC60,NF,Gemfibrozil,Cc1ccc(C)c(OCCCC(C)(C)C(O)=O)c1,18.625,3.0,7.0,25.0,24.0,10.0,250.337999999999,65,0.499,0.743,0.3884540064460517,0.4031806108897714,4.5,-34.7,4.39,51.6,-0.9968476908167399,34.59061487134088,2.349371680725969,95.8522,Rejection of pharmaceuticals and personal care products (PPCPs) and endocrine disrupting chemicals (EDCs) by low pressure reverse osmosis membranes
UTC60,NF,Gemfibrozil,Cc1ccc(C)c(OCCCC(C)(C)C(O)=O)c1,18.625,3.0,7.0,25.0,24.0,10.0,250.337999999999,65,0.499,0.743,0.3884540064460517,0.4031806108897714,4.5,-34.7,4.39,51.6,-0.9968476908167399,34.59061487134088,2.349371680725969,98.3005,Rejection of pharmaceuticals and personal care products (PPCPs) and endocrine disrupting chemicals (EDCs) by low pressure reverse osmosis membranes
UTC60,NF,Ibuprofen,CC(C)Cc1ccc(cc1)C(C)C(O)=O,18.625,3.0,3.0,25.0,24.0,10.0,206.284999999999,65,0.378,0.659,0.3727263864585965,0.4031806108897714,5.2,-4.1,3.97,51.6,-0.006270012341433834,0.02570705059987871,3.949656822851334,26.9507,Rejection of pharmaceuticals and personal care products (PPCPs) and endocrine disrupting chemicals (EDCs) by low pressure reverse osmosis membranes
UTC60,NF,Ibuprofen,CC(C)Cc1ccc(cc1)C(C)C(O)=O,18.625,3.0,4.0,25.0,24.0,10.0,206.284999999999,65,0.378,0.659,0.3727263864585965,0.4031806108897714,5.2,-17.2,3.97,51.6,-0.05935094310276757,1.020836221367602,3.777434709258662,32.8966,Rejection of pharmaceuticals and personal care products (PPCPs) and endocrine disrupting chemicals (EDCs) by low pressure reverse osmosis membranes
UTC60,NF,Ibuprofen,CC(C)Cc1ccc(cc1)C(C)C(O)=O,18.625,3.0,5.0,25.0,24.0,10.0,206.284999999999,65,0.378,0.659,0.3727263864585965,0.4031806108897714,5.2,-29.21,3.97,51.6,-0.3868631798468569,11.30027348332669,2.714814878925577,83.9606,Rejection of pharmaceuticals and personal care products (PPCPs) and endocrine disrupting chemicals (EDCs) by low pressure reverse osmosis membranes
UTC60,NF,Ibuprofen,CC(C)Cc1ccc(cc1)C(C)C(O)=O,18.625,3.0,7.0,25.0,24.0,10.0,206.284999999999,65,0.378,0.659,0.3727263864585965,0.4031806108897714,5.2,-34.7,3.97,51.6,-0.9843983377581704,34.15862232020852,0.7761004222382355,96.202,Rejection of pharmaceuticals and personal care products (PPCPs) and endocrine disrupting chemicals (EDCs) by low pressure reverse osmosis membranes
UTC60,NF,Ibuprofen,CC(C)Cc1ccc(cc1)C(C)C(O)=O,18.625,3.0,10.0,25.0,24.0,10.0,206.284999999999,65,0.378,0.659,0.3727263864585965,0.4031806108897714,5.2,-44.1,3.97,51.6,-0.99998415131926,44.09930107317937,0.7255319466095553,97.9507,Rejection of pharmaceuticals and personal care products (PPCPs) and endocrine disrupting chemicals (EDCs) by low pressure reverse osmosis membranes
UTC60,NF,Indomethacin,COc1ccc2n(c(C)c(CC(O)=O)c2c1)C(=O)c3ccc(Cl)cc3,18.625,3.0,3.0,25.0,24.0,10.0,357.793,65,0.524,0.8539999999999999,0.4061581699743521,0.4031806108897714,4.5,-4.1,4.27,51.6,-0.0306534300317155,0.1256790631300335,4.183415378042571,68.9212,Rejection of pharmaceuticals and personal care products (PPCPs) and endocrine disrupting chemicals (EDCs) by low pressure reverse osmosis membranes
UTC60,NF,Indomethacin,COc1ccc2n(c(C)c(CC(O)=O)c2c1)C(=O)c3ccc(Cl)cc3,18.625,3.0,4.0,25.0,24.0,10.0,357.793,65,0.524,0.8539999999999999,0.4061581699743521,0.4031806108897714,4.5,-17.2,4.27,51.6,-0.2402530733520421,4.132352861655124,3.591373774198385,93.7537,Rejection of pharmaceuticals and personal care products (PPCPs) and endocrine disrupting chemicals (EDCs) by low pressure reverse osmosis membranes
UTC60,NF,Indomethacin,COc1ccc2n(c(C)c(CC(O)=O)c2c1)C(=O)c3ccc(Cl)cc3,18.625,3.0,5.0,25.0,24.0,10.0,357.793,65,0.524,0.8539999999999999,0.4061581699743521,0.4031806108897714,4.5,-29.21,4.27,51.6,-0.7597469266479578,22.19220772738685,2.123995446543173,95.8522,Rejection of pharmaceuticals and personal care products (PPCPs) and endocrine disrupting chemicals (EDCs) by low pressure reverse osmosis membranes
UTC60,NF,Indomethacin,COc1ccc2n(c(C)c(CC(O)=O)c2c1)C(=O)c3ccc(Cl)cc3,18.625,3.0,7.0,25.0,24.0,10.0,357.793,65,0.524,0.8539999999999999,0.4061581699743521,0.4031806108897714,4.5,-34.7,4.27,51.6,-0.9968476908167399,34.59061487134088,1.454273330286334,96.5517,Rejection of pharmaceuticals and personal care products (PPCPs) and endocrine disrupting chemicals (EDCs) by low pressure reverse osmosis membranes
UTC60,NF,Indomethacin,COc1ccc2n(c(C)c(CC(O)=O)c2c1)C(=O)c3ccc(Cl)cc3,18.625,3.0,7.0,25.0,24.0,10.0,357.793,65,0.524,0.8539999999999999,0.4061581699743521,0.4031806108897714,4.5,-34.7,4.27,51.6,-0.9968476908167399,34.59061487134088,1.454273330286334,96.5517,Rejection of pharmaceuticals and personal care products (PPCPs) and endocrine disrupting chemicals (EDCs) by low pressure reverse osmosis membranes
UTC60,NF,Ketoprofen,CC(C(O)=O)c1cccc(c1)C(=O)c2ccccc2,18.625,3.0,3.0,25.0,24.0,10.0,254.285,65,0.437,0.658,0.360215085099329,0.4031806108897714,3.98,-4.1,3.12,51.6,-0.09478739597319612,0.3886283234901041,2.909525291995948,28.0,Rejection of pharmaceuticals and personal care products (PPCPs) and endocrine disrupting chemicals (EDCs) by low pressure reverse osmosis membranes
UTC60,NF,Ketoprofen,CC(C(O)=O)c1cccc(c1)C(=O)c2ccccc2,18.625,3.0,4.0,25.0,24.0,10.0,254.285,65,0.437,0.658,0.360215085099329,0.4031806108897714,3.98,-17.2,3.12,51.6,-0.5115108912177917,8.797987328946016,1.984193869189093,51.0837,Rejection of pharmaceuticals and personal care products (PPCPs) and endocrine disrupting chemicals (EDCs) by low pressure reverse osmosis membranes
UTC60,NF,Ketoprofen,CC(C(O)=O)c1cccc(c1)C(=O)c2ccccc2,18.625,3.0,5.0,25.0,24.0,10.0,254.285,65,0.437,0.658,0.360215085099329,0.4031806108897714,3.98,-29.21,3.12,51.6,-0.9128258117454132,26.66364196108352,1.093077071976878,93.0542,Rejection of pharmaceuticals and personal care products (PPCPs) and endocrine disrupting chemicals (EDCs) by low pressure reverse osmosis membranes
UTC60,NF,Ketoprofen,CC(C(O)=O)c1cccc(c1)C(=O)c2ccccc2,18.625,3.0,7.0,25.0,24.0,10.0,254.285,65,0.437,0.658,0.360215085099329,0.4031806108897714,3.98,-34.7,3.12,51.6,-0.9990459185546853,34.66689337384758,0.9016259658626078,96.9015,Rejection of pharmaceuticals and personal care products (PPCPs) and endocrine disrupting chemicals (EDCs) by low pressure reverse osmosis membranes
UTC60,NF,Ketoprofen,CC(C(O)=O)c1cccc(c1)C(=O)c2ccccc2,18.625,3.0,7.0,25.0,24.0,10.0,254.285,65,0.437,0.658,0.360215085099329,0.4031806108897714,3.98,-34.7,3.12,51.6,-0.9990459185546853,34.66689337384758,0.9016259658626078,97.601,Rejection of pharmaceuticals and personal care products (PPCPs) and endocrine disrupting chemicals (EDCs) by low pressure reverse osmosis membranes
UTC60,NF,Naproxen,COc1ccc2cc(ccc2c1)C(C)C(O)=O,18.625,3.0,3.0,25.0,24.0,1.0,230.262999999999,65,0.392,0.73,0.3324489960201268,0.4031806108897714,4.84,-4.1,3.18,51.6,0.3421279372633311,-1.402724542779658,3.897024344566732,27.6502,Rejection of pharmaceuticals and personal care products (PPCPs) and endocrine disrupting chemicals (EDCs) by low pressure reverse osmosis membranes
UTC60,NF,Naproxen,COc1ccc2cc(ccc2c1)C(C)C(O)=O,18.625,3.0,4.0,25.0,24.0,1.0,230.262999999999,65,0.392,0.73,0.3324489960201268,0.4031806108897714,4.84,-17.2,3.18,51.6,-0.07468948249544373,1.284659098921632,3.023467395089972,50.734,Rejection of pharmaceuticals and personal care products (PPCPs) and endocrine disrupting chemicals (EDCs) by low pressure reverse osmosis membranes
UTC60,NF,Naproxen,COc1ccc2cc(ccc2c1)C(C)C(O)=O,18.625,3.0,5.0,25.0,24.0,1.0,230.262999999999,65,0.392,0.73,0.3324489960201268,0.4031806108897714,4.84,-29.21,3.18,51.6,-0.5875081373266712,17.16111269131207,1.948713129761041,92.7044,Rejection of pharmaceuticals and personal care products (PPCPs) and endocrine disrupting chemicals (EDCs) by low pressure reverse osmosis membranes
UTC60,NF,Naproxen,COc1ccc2cc(ccc2c1)C(C)C(O)=O,18.625,3.0,7.0,25.0,24.0,10.0,230.262999999999,65,0.392,0.73,0.3324489960201268,0.4031806108897714,4.84,-34.7,3.18,51.6,-0.9931284718841809,34.46155797438108,1.09862278971032,97.2512,Rejection of pharmaceuticals and personal care products (PPCPs) and endocrine disrupting chemicals (EDCs) by low pressure reverse osmosis membranes
UTC60,NF,Naproxen,COc1ccc2cc(ccc2c1)C(C)C(O)=O,18.625,3.0,10.0,25.0,24.0,10.0,230.262999999999,65,0.392,0.73,0.3324489960201268,0.4031806108897714,4.84,-44.1,3.18,51.6,-0.9999930817373932,44.09969490461904,1.084236088583024,97.2512,Rejection of pharmaceuticals and personal care products (PPCPs) and endocrine disrupting chemicals (EDCs) by low pressure reverse osmosis membranes
UTC60,NF,Nonylphenol,CCCCCCCCCc1ccccc1O,18.625,3.0,3.0,25.0,24.0,1.0,220.356,65,0.364,0.9029999999999999,0.3799131329745689,0.4031806108897714,10.25,-4.1,5.71,51.6,-5.623412935675732e-08,2.30559930362705e-07,5.71,29.7357,Rejection of pharmaceuticals and personal care products (PPCPs) and endocrine disrupting chemicals (EDCs) by low pressure reverse osmosis membranes
UTC60,NF,Nonylphenol,CCCCCCCCCc1ccccc1O,18.625,3.0,5.0,25.0,24.0,1.0,220.356,65,0.364,0.9029999999999999,0.3799131329745689,0.4031806108897714,10.25,-29.21,5.71,51.6,-5.623381629304709e-06,0.0001642589773919906,5.71,37.0308,Rejection of pharmaceuticals and personal care products (PPCPs) and endocrine disrupting chemicals (EDCs) by low pressure reverse osmosis membranes
UTC60,NF,Nonylphenol,CCCCCCCCCc1ccccc1O,18.625,3.0,7.0,25.0,24.0,1.0,220.356,65,0.364,0.9029999999999999,0.3799131329745689,0.4031806108897714,10.25,-34.7,5.71,51.6,-0.0005620252751523289,0.01950227704778582,5.71,39.8855,Rejection of pharmaceuticals and personal care products (PPCPs) and endocrine disrupting chemicals (EDCs) by low pressure reverse osmosis membranes
UTC60,NF,Nonylphenol,CCCCCCCCCc1ccccc1O,18.625,3.0,10.0,25.0,24.0,1.0,220.356,65,0.364,0.9029999999999999,0.3799131329745689,0.4031806108897714,10.25,-44.1,5.71,51.6,-0.3599350001971149,15.87313350869277,5.71,96.0264,Rejection of pharmaceuticals and personal care products (PPCPs) and endocrine disrupting chemicals (EDCs) by low pressure reverse osmosis membranes
UTC60,NF,Phenacetine,CCOc1ccc(NC(C)=O)cc1,18.625,3.0,3.0,25.0,24.0,10.0,179.219,65,0.345,0.6900000000000001,0.2902703986176511,0.4031806108897714,14.57,-4.1,1.58,51.6,0.2007600089105187,-0.8231160365331264,1.58,13.7931,Rejection of pharmaceuticals and personal care products (PPCPs) and endocrine disrupting chemicals (EDCs) by low pressure reverse osmosis membranes
UTC60,NF,Phenacetine,CCOc1ccc(NC(C)=O)cc1,18.625,3.0,5.0,25.0,24.0,10.0,179.219,65,0.345,0.6900000000000001,0.2902703986176511,0.4031806108897714,14.57,-29.21,1.58,51.6,0.002505592398133942,-0.07318835394949245,1.58,16.6897,Rejection of pharmaceuticals and personal care products (PPCPs) and endocrine disrupting chemicals (EDCs) by low pressure reverse osmosis membranes
UTC60,NF,Phenacetine,CCOc1ccc(NC(C)=O)cc1,18.625,3.0,7.0,25.0,24.0,10.0,179.219,65,0.345,0.6900000000000001,0.2902703986176511,0.4031806108897714,14.57,-34.7,1.58,51.6,2.509131802630197e-05,-0.0008706687355126785,1.58,18.7586,Rejection of pharmaceuticals and personal care products (PPCPs) and endocrine disrupting chemicals (EDCs) by low pressure reverse osmosis membranes
UTC60,NF,Phenacetine,CCOc1ccc(NC(C)=O)cc1,18.625,3.0,10.0,25.0,24.0,10.0,179.219,65,0.345,0.6900000000000001,0.2902703986176511,0.4031806108897714,14.57,-44.1,1.58,51.6,-2.688950475914097e-05,0.001185827159878117,1.58,20.4138,Rejection of pharmaceuticals and personal care products (PPCPs) and endocrine disrupting chemicals (EDCs) by low pressure reverse osmosis membranes
UTC60,NF,Triclosan,Oc1cc(Cl)ccc1Oc2ccc(Cl)cc2Cl,18.625,3.0,3.0,25.0,24.0,1.0,289.544999999999,65,0.417,0.655,0.3336369670933355,0.4031806108897714,7.9,-4.1,4.76,51.6,-1.258909563061765e-05,5.161529208553236e-05,4.76,17.0485,Rejection of pharmaceuticals and personal care products (PPCPs) and endocrine disrupting chemicals (EDCs) by low pressure reverse osmosis membranes
UTC60,NF,Triclosan,Oc1cc(Cl)ccc1Oc2ccc(Cl)cc2Cl,18.625,3.0,5.0,25.0,24.0,1.0,289.544999999999,65,0.417,0.655,0.3336369670933355,0.4031806108897714,7.9,-29.21,4.76,51.6,-0.001257342511355291,0.03672697475668805,4.76,17.6828,Rejection of pharmaceuticals and personal care products (PPCPs) and endocrine disrupting chemicals (EDCs) by low pressure reverse osmosis membranes
UTC60,NF,Triclosan,Oc1cc(Cl)ccc1Oc2ccc(Cl)cc2Cl,18.625,3.0,7.0,25.0,24.0,1.0,289.544999999999,65,0.417,0.655,0.3336369670933355,0.4031806108897714,7.9,-34.7,4.76,51.6,-0.1118157697781168,3.880007211300654,4.76,36.0793,Rejection of pharmaceuticals and personal care products (PPCPs) and endocrine disrupting chemicals (EDCs) by low pressure reverse osmosis membranes
UTC60,NF,Triclosan,Oc1cc(Cl)ccc1Oc2ccc(Cl)cc2Cl,18.625,3.0,10.0,25.0,24.0,1.0,289.544999999999,65,0.417,0.655,0.3336369670933355,0.4031806108897714,7.9,-44.1,4.76,51.6,-0.9921193161496697,43.75246184220044,4.76,93.489,Rejection of pharmaceuticals and personal care products (PPCPs) and endocrine disrupting chemicals (EDCs) by low pressure reverse osmosis membranes
UTC70,RO,Carbamazepine,NC(=O)N1c2ccccc2C=Cc3ccccc13,12.375,3.0,7.0,25.0,24.0,10.0,236.274,150,0.4480000000000001,0.576,0.3334516559578687,0.4031806108897714,13.9,-15.88,2.45,54.4,0.0,0.0,2.45,91.0,Rejection of pharmaceuticals and personal care products (PPCPs) and endocrine disrupting chemicals (EDCs) by low pressure reverse osmosis membranes
UTC70,RO,Carbamazepine,NC(=O)N1c2ccccc2C=Cc3ccccc13,12.375,3.0,7.0,25.0,24.0,10.0,236.274,150,0.4480000000000001,0.576,0.3334516559578687,0.4031806108897714,13.9,-15.88,2.45,54.4,0.0,0.0,2.45,92.0526,Rejection of pharmaceuticals and personal care products (PPCPs) and endocrine disrupting chemicals (EDCs) by low pressure reverse osmosis membranes
UTC70,RO,Carbamazepine,NC(=O)N1c2ccccc2C=Cc3ccccc13,12.375,3.0,7.0,25.0,24.0,10.0,236.274,150,0.4480000000000001,0.576,0.3334516559578687,0.4031806108897714,13.9,-15.88,2.45,54.4,0.0,0.0,2.45,93.0,Rejection of pharmaceuticals and personal care products (PPCPs) and endocrine disrupting chemicals (EDCs) by low pressure reverse osmosis membranes
UTC70,RO,Carbamazepine,NC(=O)N1c2ccccc2C=Cc3ccccc13,12.375,3.0,7.0,25.0,24.0,10.0,236.274,150,0.4480000000000001,0.576,0.3334516559578687,0.4031806108897714,13.9,-15.88,2.45,54.4,0.0,0.0,2.45,97.0526,Rejection of pharmaceuticals and personal care products (PPCPs) and endocrine disrupting chemicals (EDCs) by low pressure reverse osmosis membranes
UTC70,RO,Clofibric acid,CC(C)(Oc1ccc(Cl)cc1)C(O)=O,12.375,3.0,3.0,25.0,24.0,10.0,214.648,150,0.35,0.62,0.3149381950227265,0.4031806108897714,3.12,4.52,2.57,54.4,-0.4313586081163323,-1.949740908685822,1.363393654387104,86.9877,Rejection of pharmaceuticals and personal care products (PPCPs) and endocrine disrupting chemicals (EDCs) by low pressure reverse osmosis membranes
UTC70,RO,Clofibric acid,CC(C)(Oc1ccc(Cl)cc1)C(O)=O,12.375,3.0,5.0,25.0,24.0,10.0,214.648,150,0.35,0.62,0.3149381950227265,0.4031806108897714,3.12,-26.34,2.57,54.4,-0.9869889516362479,25.99728898609877,-0.1908284839720706,96.9136,Rejection of pharmaceuticals and personal care products (PPCPs) and endocrine disrupting chemicals (EDCs) by low pressure reverse osmosis membranes
UTC70,RO,Clofibric acid,CC(C)(Oc1ccc(Cl)cc1)C(O)=O,12.375,3.0,7.0,25.0,24.0,10.0,214.648,150,0.35,0.62,0.3149381950227265,0.4031806108897714,3.12,-15.88,2.57,54.4,-0.9998681917018621,15.87790688422557,-0.2268545942604527,97.2593,Rejection of pharmaceuticals and personal care products (PPCPs) and endocrine disrupting chemicals (EDCs) by low pressure reverse osmosis membranes
UTC70,RO,Clofibric acid,CC(C)(Oc1ccc(Cl)cc1)C(O)=O,12.375,3.0,10.0,25.0,24.0,10.0,214.648,150,0.35,0.62,0.3149381950227265,0.4031806108897714,3.12,-42.15,2.57,54.4,-0.9999998681743435,42.14999444354858,-0.2272229227562206,97.1605,Rejection of pharmaceuticals and personal care products (PPCPs) and endocrine disrupting chemicals (EDCs) by low pressure reverse osmosis membranes
UTC70,RO,Diclofenac,OC(=O)Cc1ccccc1Nc2c(Cl)cccc2Cl,12.375,3.0,3.0,25.0,24.0,10.0,296.153,150,0.462,0.634,0.3476931977505725,0.4031806108897714,4.15,4.52,4.51,54.4,-0.06611406133719554,-0.2988355572441238,4.356393729302807,93.0123,Rejection of pharmaceuticals and personal care products (PPCPs) and endocrine disrupting chemicals (EDCs) by low pressure reverse osmosis membranes
UTC70,RO,Diclofenac,OC(=O)Cc1ccccc1Nc2c(Cl)cccc2Cl,12.375,3.0,5.0,25.0,24.0,10.0,296.153,150,0.462,0.634,0.3476931977505725,0.4031806108897714,4.15,-26.34,4.51,54.4,-0.8762293189310645,23.07988026064424,2.474210407978376,97.0123,Rejection of pharmaceuticals and personal care products (PPCPs) and endocrine disrupting chemicals (EDCs) by low pressure reverse osmosis membranes
UTC70,RO,Diclofenac,OC(=O)Cc1ccccc1Nc2c(Cl)cccc2Cl,12.375,3.0,7.0,25.0,24.0,10.0,296.153,150,0.462,0.634,0.3476931977505725,0.4031806108897714,4.15,-15.88,4.51,54.4,-0.9985894549032847,15.85760054386416,2.18992467830834,97.4074,Rejection of pharmaceuticals and personal care products (PPCPs) and endocrine disrupting chemicals (EDCs) by low pressure reverse osmosis membranes
UTC70,RO,Diclofenac,OC(=O)Cc1ccccc1Nc2c(Cl)cccc2Cl,12.375,3.0,10.0,25.0,24.0,10.0,296.153,150,0.462,0.634,0.3476931977505725,0.4031806108897714,4.15,-42.15,4.51,54.4,-0.9999985874644506,42.14994046162659,2.186650766628119,97.358,Rejection of pharmaceuticals and personal care products (PPCPs) and endocrine disrupting chemicals (EDCs) by low pressure reverse osmosis membranes
UTC70,RO,Diethyl phthalate,CCOC(=O)c1ccccc1C(=O)OCC,12.375,3.0,7.0,25.0,24.0,10.0,222.239999999999,150,0.4389999999999999,0.6900000000000001,0.345944209052952,0.4031806108897714,7.84,-15.88,2.47,54.4,-0.1262895790549187,2.005478515392109,2.47,83.9474,Rejection of pharmaceuticals and personal care products (PPCPs) and endocrine disrupting chemicals (EDCs) by low pressure reverse osmosis membranes
UTC70,RO,Diethyl phthalate,CCOC(=O)c1ccccc1C(=O)OCC,12.375,3.0,7.0,25.0,24.0,10.0,222.239999999999,150,0.4389999999999999,0.6900000000000001,0.345944209052952,0.4031806108897714,7.84,-15.88,2.47,54.4,-0.1262895790549187,2.005478515392109,2.47,88.0,Rejection of pharmaceuticals and personal care products (PPCPs) and endocrine disrupting chemicals (EDCs) by low pressure reverse osmosis membranes
UTC70,RO,Diethyl phthalate,CCOC(=O)c1ccccc1C(=O)OCC,12.375,3.0,7.0,25.0,24.0,10.0,222.239999999999,150,0.4389999999999999,0.6900000000000001,0.345944209052952,0.4031806108897714,7.84,-15.88,2.47,54.4,-0.1262895790549187,2.005478515392109,2.47,90.2105,Rejection of pharmaceuticals and personal care products (PPCPs) and endocrine disrupting chemicals (EDCs) by low pressure reverse osmosis membranes
UTC70,RO,Diethyl phthalate,CCOC(=O)c1ccccc1C(=O)OCC,12.375,3.0,7.0,25.0,24.0,10.0,222.239999999999,150,0.4389999999999999,0.6900000000000001,0.345944209052952,0.4031806108897714,7.84,-15.88,2.47,54.4,-0.1262895790549187,2.005478515392109,2.47,90.2632,Rejection of pharmaceuticals and personal care products (PPCPs) and endocrine disrupting chemicals (EDCs) by low pressure reverse osmosis membranes
UTC70,RO,Gemfibrozil,Cc1ccc(C)c(OCCCC(C)(C)C(O)=O)c1,12.375,3.0,3.0,25.0,24.0,10.0,250.337999999999,150,0.499,0.743,0.3884540064460517,0.4031806108897714,4.5,4.52,4.39,54.4,-0.0306534300317155,-0.138553503743354,4.327249934988209,90.9383,Rejection of pharmaceuticals and personal care products (PPCPs) and endocrine disrupting chemicals (EDCs) by low pressure reverse osmosis membranes
UTC70,RO,Gemfibrozil,Cc1ccc(C)c(OCCCC(C)(C)C(O)=O)c1,12.375,3.0,5.0,25.0,24.0,10.0,250.337999999999,150,0.499,0.743,0.3884540064460517,0.4031806108897714,4.5,-26.34,4.39,54.4,-0.7597469266479578,20.01173404790721,2.834736233748019,97.0617,Rejection of pharmaceuticals and personal care products (PPCPs) and endocrine disrupting chemicals (EDCs) by low pressure reverse osmosis membranes
UTC70,RO,Gemfibrozil,Cc1ccc(C)c(OCCCC(C)(C)C(O)=O)c1,12.375,3.0,7.0,25.0,24.0,10.0,250.337999999999,150,0.499,0.743,0.3884540064460517,0.4031806108897714,4.5,-15.88,4.39,54.4,-0.9968476908167399,15.82994133016983,2.349371680725969,97.5556,Rejection of pharmaceuticals and personal care products (PPCPs) and endocrine disrupting chemicals (EDCs) by low pressure reverse osmosis membranes
UTC70,RO,Gemfibrozil,Cc1ccc(C)c(OCCCC(C)(C)C(O)=O)c1,12.375,3.0,10.0,25.0,24.0,10.0,250.337999999999,150,0.499,0.743,0.3884540064460517,0.4031806108897714,4.5,-42.15,4.39,54.4,-0.9999968377323398,42.14986671041812,2.34292512079838,97.358,Rejection of pharmaceuticals and personal care products (PPCPs) and endocrine disrupting chemicals (EDCs) by low pressure reverse osmosis membranes
UTC70,RO,Ibuprofen,CC(C)Cc1ccc(cc1)C(C)C(O)=O,12.375,3.0,3.0,25.0,24.0,10.0,206.284999999999,150,0.378,0.659,0.3727263864585965,0.4031806108897714,5.2,4.52,3.97,54.4,-0.006270012341433834,-0.02834045578328093,3.949656822851334,91.9753,Rejection of pharmaceuticals and personal care products (PPCPs) and endocrine disrupting chemicals (EDCs) by low pressure reverse osmosis membranes
UTC70,RO,Ibuprofen,CC(C)Cc1ccc(cc1)C(C)C(O)=O,12.375,3.0,5.0,25.0,24.0,10.0,206.284999999999,150,0.378,0.659,0.3727263864585965,0.4031806108897714,5.2,-26.34,3.97,54.4,-0.3868631798468569,10.18997615716621,2.714814878925577,97.1605,Rejection of pharmaceuticals and personal care products (PPCPs) and endocrine disrupting chemicals (EDCs) by low pressure reverse osmosis membranes
UTC70,RO,Ibuprofen,CC(C)Cc1ccc(cc1)C(C)C(O)=O,12.375,3.0,7.0,25.0,24.0,10.0,206.284999999999,150,0.378,0.659,0.3727263864585965,0.4031806108897714,5.2,-15.88,3.97,54.4,-0.9843983377581704,15.63224560359975,0.7761004222382355,96.963,Rejection of pharmaceuticals and personal care products (PPCPs) and endocrine disrupting chemicals (EDCs) by low pressure reverse osmosis membranes
UTC70,RO,Ibuprofen,CC(C)Cc1ccc(cc1)C(C)C(O)=O,12.375,3.0,10.0,25.0,24.0,10.0,206.284999999999,150,0.378,0.659,0.3727263864585965,0.4031806108897714,5.2,-42.15,3.97,54.4,-0.99998415131926,42.14933197810681,0.7255319466095553,97.8025,Rejection of pharmaceuticals and personal care products (PPCPs) and endocrine disrupting chemicals (EDCs) by low pressure reverse osmosis membranes
UTC70,RO,Ketoprofen,CC(C(O)=O)c1cccc(c1)C(=O)c2ccccc2,12.375,3.0,3.0,25.0,24.0,10.0,254.285,150,0.437,0.658,0.360215085099329,0.4031806108897714,3.98,4.52,3.12,54.4,-0.09478739597319612,-0.4284390297988464,2.909525291995948,90.0,Rejection of pharmaceuticals and personal care products (PPCPs) and endocrine disrupting chemicals (EDCs) by low pressure reverse osmosis membranes
UTC70,RO,Ketoprofen,CC(C(O)=O)c1cccc(c1)C(=O)c2ccccc2,12.375,3.0,5.0,25.0,24.0,10.0,254.285,150,0.437,0.658,0.360215085099329,0.4031806108897714,3.98,-26.34,3.12,54.4,-0.9128258117454132,24.04383188137419,1.093077071976878,96.6173,Rejection of pharmaceuticals and personal care products (PPCPs) and endocrine disrupting chemicals (EDCs) by low pressure reverse osmosis membranes
UTC70,RO,Ketoprofen,CC(C(O)=O)c1cccc(c1)C(=O)c2ccccc2,12.375,3.0,7.0,25.0,24.0,10.0,254.285,150,0.437,0.658,0.360215085099329,0.4031806108897714,3.98,-15.88,3.12,54.4,-0.9990459185546853,15.8648491866484,0.9016259658626078,97.1605,Rejection of pharmaceuticals and personal care products (PPCPs) and endocrine disrupting chemicals (EDCs) by low pressure reverse osmosis membranes
UTC70,RO,Ketoprofen,CC(C(O)=O)c1cccc(c1)C(=O)c2ccccc2,12.375,3.0,10.0,25.0,24.0,10.0,254.285,150,0.437,0.658,0.360215085099329,0.4031806108897714,3.98,-42.15,3.12,54.4,-0.9999990450083259,42.14995974710094,0.8995095556588959,97.6049,Rejection of pharmaceuticals and personal care products (PPCPs) and endocrine disrupting chemicals (EDCs) by low pressure reverse osmosis membranes
UTC70,RO,Naproxen,COc1ccc2cc(ccc2c1)C(C)C(O)=O,12.375,3.0,3.0,25.0,24.0,1.0,230.262999999999,150,0.392,0.73,0.3324489960201268,0.4031806108897714,4.84,4.52,3.18,54.4,0.3421279372633311,1.546418276430257,3.897024344566732,88.963,Rejection of pharmaceuticals and personal care products (PPCPs) and endocrine disrupting chemicals (EDCs) by low pressure reverse osmosis membranes
UTC70,RO,Naproxen,COc1ccc2cc(ccc2c1)C(C)C(O)=O,12.375,3.0,5.0,25.0,24.0,1.0,230.262999999999,150,0.392,0.73,0.3324489960201268,0.4031806108897714,4.84,-26.34,3.18,54.4,-0.5875081373266712,15.47496433718452,1.948713129761041,96.6667,Rejection of pharmaceuticals and personal care products (PPCPs) and endocrine disrupting chemicals (EDCs) by low pressure reverse osmosis membranes
UTC70,RO,Naproxen,COc1ccc2cc(ccc2c1)C(C)C(O)=O,12.375,3.0,7.0,25.0,24.0,1.0,230.262999999999,150,0.392,0.73,0.3324489960201268,0.4031806108897714,4.84,-15.88,3.18,54.4,-0.9931284718841809,15.77088013352079,1.09862278971032,97.2099,Rejection of pharmaceuticals and personal care products (PPCPs) and endocrine disrupting chemicals (EDCs) by low pressure reverse osmosis membranes
UTC70,RO,Naproxen,COc1ccc2cc(ccc2c1)C(C)C(O)=O,12.375,3.0,10.0,25.0,24.0,1.0,230.262999999999,150,0.392,0.73,0.3324489960201268,0.4031806108897714,4.84,-42.15,3.18,54.4,-0.9999930817373932,42.14970839523112,1.084236088583024,97.4074,Rejection of pharmaceuticals and personal care products (PPCPs) and endocrine disrupting chemicals (EDCs) by low pressure reverse osmosis membranes
UTC70,RO,Phenacetine,CCOc1ccc(NC(C)=O)cc1,12.375,3.0,3.0,25.0,24.0,10.0,179.219,150,0.345,0.6900000000000001,0.2902703986176511,0.4031806108897714,14.57,4.52,1.58,54.4,0.2007600089105187,0.9074352402755442,1.58,77.0,Rejection of pharmaceuticals and personal care products (PPCPs) and endocrine disrupting chemicals (EDCs) by low pressure reverse osmosis membranes
UTC70,RO,Phenacetine,CCOc1ccc(NC(C)=O)cc1,12.375,3.0,5.0,25.0,24.0,10.0,179.219,150,0.345,0.6900000000000001,0.2902703986176511,0.4031806108897714,14.57,-26.34,1.58,54.4,0.002505592398133942,-0.06599730376684804,1.58,80.0526,Rejection of pharmaceuticals and personal care products (PPCPs) and endocrine disrupting chemicals (EDCs) by low pressure reverse osmosis membranes
UTC70,RO,Phenacetine,CCOc1ccc(NC(C)=O)cc1,12.375,3.0,7.0,25.0,24.0,10.0,179.219,150,0.345,0.6900000000000001,0.2902703986176511,0.4031806108897714,14.57,-15.88,1.58,54.4,2.509131802630197e-05,-0.0003984501302576754,1.58,86.0,Rejection of pharmaceuticals and personal care products (PPCPs) and endocrine disrupting chemicals (EDCs) by low pressure reverse osmosis membranes
UTC70,RO,Phenacetine,CCOc1ccc(NC(C)=O)cc1,12.375,3.0,10.0,25.0,24.0,10.0,179.219,150,0.345,0.6900000000000001,0.2902703986176511,0.4031806108897714,14.57,-42.15,1.58,54.4,-2.688950475914097e-05,0.001133392625597792,1.58,82.0526,Rejection of pharmaceuticals and personal care products (PPCPs) and endocrine disrupting chemicals (EDCs) by low pressure reverse osmosis membranes
BW400,RO,Bromoform,BrC(Br)Br,17.56666666666667,6.2,8.0,23.0,48.0,0.1,252.731,100,0.327,0.342,0.211596735007286,0.4031806108897714,15.0,-23.02,2.4,56.8,0.0,0.0,2.4,15.16,Rejection of trace organic compounds by high-pressure membranes
BW400,RO,Bromoform,BrC(Br)Br,17.56666666666667,6.2,8.0,23.0,24.0,0.1,252.731,100,0.327,0.342,0.211596735007286,0.4031806108897714,15.0,-4.49,2.4,56.8,0.0,0.0,2.4,38.12,Rejection of trace organic compounds by high-pressure membranes
BW400,RO,Bromoform,BrC(Br)Br,17.56666666666667,6.2,8.0,23.0,12.0,0.1,252.731,100,0.327,0.342,0.211596735007286,0.4031806108897714,15.0,-4.49,2.4,56.8,0.0,0.0,2.4,70.08,Rejection of trace organic compounds by high-pressure membranes
BW400,RO,Bromoform,BrC(Br)Br,17.56666666666667,6.2,8.0,23.0,6.0,0.1,252.731,100,0.327,0.342,0.211596735007286,0.4031806108897714,15.0,-4.49,2.4,56.8,0.0,0.0,2.4,86.89,Rejection of trace organic compounds by high-pressure membranes
BW400,RO,Bromoform,BrC(Br)Br,17.56666666666667,6.2,8.0,23.0,2.0,0.1,252.731,100,0.327,0.342,0.211596735007286,0.4031806108897714,15.0,-4.49,2.4,56.8,0.0,0.0,2.4,95.08,Rejection of trace organic compounds by high-pressure membranes
LE440,RO,Bromoform,BrC(Br)Br,16.3625,5.1,3.0,23.0,48.0,0.1,252.731,100,0.327,0.342,0.211596735007286,0.4031806108897714,15.0,-23.02,2.4,41.5,0.0,0.0,2.4,13.75,Rejection of trace organic compounds by high-pressure membranes
LE440,RO,Bromoform,BrC(Br)Br,16.3625,5.1,3.0,23.0,24.0,0.1,252.731,100,0.327,0.342,0.211596735007286,0.4031806108897714,15.0,-23.02,2.4,41.5,0.0,0.0,2.4,40.89,Rejection of trace organic compounds by high-pressure membranes
LE440,RO,Bromoform,BrC(Br)Br,16.3625,5.1,3.0,23.0,12.0,0.1,252.731,100,0.327,0.342,0.211596735007286,0.4031806108897714,15.0,-23.02,2.4,41.5,0.0,0.0,2.4,82.56,Rejection of trace organic compounds by high-pressure membranes
LE440,RO,Bromoform,BrC(Br)Br,16.3625,5.1,3.0,23.0,6.0,0.1,252.731,100,0.327,0.342,0.211596735007286,0.4031806108897714,15.0,-23.02,2.4,41.5,0.0,0.0,2.4,95.65,Rejection of trace organic compounds by high-pressure membranes
LE440,RO,Bromoform,BrC(Br)Br,16.3625,5.1,3.0,23.0,2.0,0.1,252.731,100,0.327,0.342,0.211596735007286,0.4031806108897714,15.0,-23.02,2.4,41.5,0.0,0.0,2.4,99.52,Rejection of trace organic compounds by high-pressure membranes
LE440,RO,Bromoform,BrC(Br)Br,16.3625,5.1,5.0,23.0,48.0,0.1,252.731,100,0.327,0.342,0.211596735007286,0.4031806108897714,15.0,-23.02,2.4,41.5,0.0,0.0,2.4,6.97,Rejection of trace organic compounds by high-pressure membranes
LE440,RO,Bromoform,BrC(Br)Br,16.3625,5.1,5.0,23.0,24.0,0.1,252.731,100,0.327,0.342,0.211596735007286,0.4031806108897714,15.0,-23.02,2.4,41.5,0.0,0.0,2.4,30.23,Rejection of trace organic compounds by high-pressure membranes
LE440,RO,Bromoform,BrC(Br)Br,16.3625,5.1,5.0,23.0,12.0,0.1,252.731,100,0.327,0.342,0.211596735007286,0.4031806108897714,15.0,-23.02,2.4,41.5,0.0,0.0,2.4,72.39,Rejection of trace organic compounds by high-pressure membranes
LE440,RO,Bromoform,BrC(Br)Br,16.3625,5.1,5.0,23.0,6.0,0.1,252.731,100,0.327,0.342,0.211596735007286,0.4031806108897714,15.0,-23.02,2.4,41.5,0.0,0.0,2.4,89.35,Rejection of trace organic compounds by high-pressure membranes
LE440,RO,Bromoform,BrC(Br)Br,16.3625,5.1,5.0,23.0,2.0,0.1,252.731,100,0.327,0.342,0.211596735007286,0.4031806108897714,15.0,-23.02,2.4,41.5,0.0,0.0,2.4,92.25,Rejection of trace organic compounds by high-pressure membranes
LE440,RO,Bromoform,BrC(Br)Br,16.3625,5.1,8.0,23.0,48.0,0.1,252.731,100,0.327,0.342,0.211596735007286,0.4031806108897714,15.0,-23.02,2.4,41.5,0.0,0.0,2.4,6.0,Rejection of trace organic compounds by high-pressure membranes
LE440,RO,Bromoform,BrC(Br)Br,16.3625,5.1,8.0,23.0,48.0,0.1,252.731,100,0.327,0.342,0.211596735007286,0.4031806108897714,15.0,-23.02,2.4,41.5,0.0,0.0,2.4,6.2,Rejection of trace organic compounds by high-pressure membranes
LE440,RO,Bromoform,BrC(Br)Br,16.3625,5.1,8.0,23.0,48.0,0.1,252.731,180,0.327,0.342,0.211596735007286,0.4031806108897714,15.0,-23.02,2.4,41.5,0.0,0.0,2.4,6.56,Rejection of trace organic compounds by high-pressure membranes
LE440,RO,Bromoform,BrC(Br)Br,16.3625,5.1,8.0,23.0,24.0,0.1,252.731,180,0.327,0.342,0.211596735007286,0.4031806108897714,15.0,-23.02,2.4,41.5,0.0,0.0,2.4,44.67,Rejection of trace organic compounds by high-pressure membranes
LE440,RO,Bromoform,BrC(Br)Br,16.3625,5.1,8.0,23.0,24.0,0.1,252.731,100,0.327,0.342,0.211596735007286,0.4031806108897714,15.0,-23.02,2.4,41.5,0.0,0.0,2.4,44.76,Rejection of trace organic compounds by high-pressure membranes
LE440,RO,Bromoform,BrC(Br)Br,16.3625,5.1,8.0,23.0,24.0,0.1,252.731,100,0.327,0.342,0.211596735007286,0.4031806108897714,15.0,-23.02,2.4,41.5,0.0,0.0,2.4,45.2,Rejection of trace organic compounds by high-pressure membranes
LE440,RO,Bromoform,BrC(Br)Br,16.3625,5.1,8.0,23.0,12.0,0.1,252.731,100,0.327,0.342,0.211596735007286,0.4031806108897714,15.0,-23.02,2.4,41.5,0.0,0.0,2.4,72.87,Rejection of trace organic compounds by high-pressure membranes
LE440,RO,Bromoform,BrC(Br)Br,16.3625,5.1,8.0,23.0,12.0,0.1,252.731,180,0.327,0.342,0.211596735007286,0.4031806108897714,15.0,-23.02,2.4,41.5,0.0,0.0,2.4,73.77,Rejection of trace organic compounds by high-pressure membranes
LE440,RO,Bromoform,BrC(Br)Br,16.3625,5.1,8.0,23.0,12.0,0.1,252.731,100,0.327,0.342,0.211596735007286,0.4031806108897714,15.0,-23.02,2.4,41.5,0.0,0.0,2.4,73.8,Rejection of trace organic compounds by high-pressure membranes
LE440,RO,Bromoform,BrC(Br)Br,16.3625,5.1,8.0,23.0,6.0,0.1,252.731,100,0.327,0.342,0.211596735007286,0.4031806108897714,15.0,-23.02,2.4,41.5,0.0,0.0,2.4,83.53,Rejection of trace organic compounds by high-pressure membranes
LE440,RO,Bromoform,BrC(Br)Br,16.3625,5.1,8.0,23.0,6.0,0.1,252.731,100,0.327,0.342,0.211596735007286,0.4031806108897714,15.0,-23.02,2.4,41.5,0.0,0.0,2.4,83.79,Rejection of trace organic compounds by high-pressure membranes
LE440,RO,Bromoform,BrC(Br)Br,16.3625,5.1,8.0,23.0,6.0,0.1,252.731,180,0.327,0.342,0.211596735007286,0.4031806108897714,15.0,-23.02,2.4,41.5,0.0,0.0,2.4,84.02,Rejection of trace organic compounds by high-pressure membranes
LE440,RO,Bromoform,BrC(Br)Br,16.3625,5.1,8.0,23.0,2.0,0.1,252.731,100,0.327,0.342,0.211596735007286,0.4031806108897714,15.0,-23.02,2.4,41.5,0.0,0.0,2.4,84.5,Rejection of trace organic compounds by high-pressure membranes
LE440,RO,Bromoform,BrC(Br)Br,16.3625,5.1,8.0,23.0,2.0,0.1,252.731,180,0.327,0.342,0.211596735007286,0.4031806108897714,15.0,-23.02,2.4,41.5,0.0,0.0,2.4,84.84,Rejection of trace organic compounds by high-pressure membranes
LE440,RO,Bromoform,BrC(Br)Br,16.3625,5.1,8.0,23.0,2.0,0.1,252.731,100,0.327,0.342,0.211596735007286,0.4031806108897714,15.0,-23.02,2.4,41.5,0.0,0.0,2.4,86.15,Rejection of trace organic compounds by high-pressure membranes
LE440,RO,Bromoform,BrC(Br)Br,16.3625,5.1,10.0,23.0,48.0,0.1,252.731,100,0.327,0.342,0.211596735007286,0.4031806108897714,15.0,-23.02,2.4,41.5,0.0,0.0,2.4,39.92,Rejection of trace organic compounds by high-pressure membranes
LE440,RO,Bromoform,BrC(Br)Br,16.3625,5.1,10.0,23.0,24.0,0.1,252.731,100,0.327,0.342,0.211596735007286,0.4031806108897714,15.0,-23.02,2.4,41.5,0.0,0.0,2.4,66.09,Rejection of trace organic compounds by high-pressure membranes
LE440,RO,Bromoform,BrC(Br)Br,16.3625,5.1,10.0,23.0,12.0,0.1,252.731,100,0.327,0.342,0.211596735007286,0.4031806108897714,15.0,-23.02,2.4,41.5,0.0,0.0,2.4,88.86,Rejection of trace organic compounds by high-pressure membranes
LE440,RO,Bromoform,BrC(Br)Br,16.3625,5.1,10.0,23.0,6.0,0.1,252.731,100,0.327,0.342,0.211596735007286,0.4031806108897714,15.0,-23.02,2.4,41.5,0.0,0.0,2.4,97.58,Rejection of trace organic compounds by high-pressure membranes
LE440,RO,Bromoform,BrC(Br)Br,16.3625,5.1,10.0,23.0,2.0,0.1,252.731,100,0.327,0.342,0.211596735007286,0.4031806108897714,15.0,-23.02,2.4,41.5,0.0,0.0,2.4,99.52,Rejection of trace organic compounds by high-pressure membranes
NF90,NF,Bromoform,BrC(Br)Br,26.01666666666667,2.8,8.0,23.0,48.0,0.1,252.731,100,0.327,0.342,0.211596735007286,0.34,15.0,-30.76,2.4,59.8,0.0,0.0,2.4,0.82,Rejection of trace organic compounds by high-pressure membranes
NF90,NF,Bromoform,BrC(Br)Br,26.01666666666667,2.8,8.0,23.0,24.0,0.1,252.731,100,0.327,0.342,0.211596735007286,0.34,15.0,-30.76,2.4,59.8,0.0,0.0,2.4,17.62,Rejection of trace organic compounds by high-pressure membranes
NF90,NF,Bromoform,BrC(Br)Br,26.01666666666667,2.8,8.0,23.0,51.33333333333334,0.1,252.731,100,0.327,0.342,0.211596735007286,0.34,15.0,-30.76,2.4,59.8,0.0,0.0,2.4,31.97,Rejection of trace organic compounds by high-pressure membranes
NF90,NF,Bromoform,BrC(Br)Br,26.01666666666667,2.8,8.0,23.0,6.0,0.1,252.731,100,0.327,0.342,0.211596735007286,0.34,15.0,-30.76,2.4,59.8,0.0,0.0,2.4,79.92,Rejection of trace organic compounds by high-pressure membranes
NF90,NF,Bromoform,BrC(Br)Br,26.01666666666667,2.8,8.0,23.0,3.0,0.1,252.731,100,0.327,0.342,0.211596735007286,0.34,15.0,-30.76,2.4,59.8,0.0,0.0,2.4,91.39,Rejection of trace organic compounds by high-pressure membranes
XLE440,RO,Bromoform,BrC(Br)Br,15.71666666666667,4.1,8.0,23.0,48.0,0.1,252.731,100,0.327,0.342,0.211596735007286,0.4031806108897714,15.0,-19.42,2.4,39.8,0.0,0.0,2.4,16.39,Rejection of trace organic compounds by high-pressure membranes
XLE440,RO,Bromoform,BrC(Br)Br,15.71666666666667,4.1,8.0,23.0,24.0,0.1,252.731,100,0.327,0.342,0.211596735007286,0.4031806108897714,15.0,-19.42,2.4,39.8,0.0,0.0,2.4,41.8,Rejection of trace organic compounds by high-pressure membranes
XLE440,RO,Bromoform,BrC(Br)Br,15.7166666666667,4.1,8.0,23.0,12.0,0.1,252.731,100,0.327,0.342,0.211596735007286,0.4031806108897714,15.0,-19.42,2.4,39.8,0.0,0.0,2.4,73.36,Rejection of trace organic compounds by high-pressure membranes
XLE440,RO,Bromoform,BrC(Br)Br,15.71666666666667,4.1,8.0,23.0,6.0,0.1,252.731,100,0.327,0.342,0.211596735007286,0.4031806108897714,15.0,-19.42,2.4,39.8,0.0,0.0,2.4,88.12,Rejection of trace organic compounds by high-pressure membranes
XLE440,RO,Bromoform,BrC(Br)Br,15.71666666666667,4.1,8.0,23.0,3.0,0.1,252.731,100,0.327,0.342,0.211596735007286,0.4031806108897714,15.0,-19.42,2.4,39.8,0.0,0.0,2.4,94.67,Rejection of trace organic compounds by high-pressure membranes
De-DL,NF,Serine,N[C@@H](CO)C(O)=O,32.8,8.0,3.0,25.0,2.0,0.0210186,105.092999999999,260,0.306,0.43,0.1782033343668347,0.45,2.21,7.0,-3.07,46.0,0.9999905617854518,6.999933932498163,-2.761049835183246,26.0,Relation between membrane characteristics and performance in nanofiltration
De-DL,NF,Diphenylaminosulfonic acid,O[S](=O)(=O)N(c1ccccc1)c2ccccc2,32.8,8.0,3.0,25.0,2.0,0.049856,249.29,260,0.499,0.5900000000000001,0.3241825505657863,0.45,-1.33,7.0,2.39,46.0,-0.9999532286735305,-6.999672600714714,-1.924798508132155,31.0,Relation between membrane characteristics and performance in nanofiltration
De-DL,NF,Tryptophane,N[C@@H](Cc1c[nH]c2ccccc12)C(O)=O,32.8,8.0,3.0,25.0,2.0,0.0408458,204.228999999999,260,0.411,0.622,0.2924204382401059,0.45,2.38,7.0,-1.06,46.0,0.9999961961404267,6.999973372982986,-1.06,36.0,Relation between membrane characteristics and performance in nanofiltration
De-DL,NF,Glutamine,N[C@@H](CCC(N)=O)C(O)=O,32.8,8.0,3.0,25.0,2.0,0.0292292,146.146,260,0.347,0.523,0.2437649963788605,0.45,2.27,7.0,-3.64,46.0,-0.8430219644140362,-5.901153750898254,-3.800221898638986,39.0,Relation between membrane characteristics and performance in nanofiltration
De-DL,NF,Phenylalanine,N[C@@H](Cc1ccccc1)C(O)=O,32.8,8.0,3.0,25.0,2.0,0.0330384,165.191999999999,260,0.345,0.585,0.272385470173311,0.45,2.2,7.0,-1.38,46.0,0.9999886721558955,6.999920705091268,-1.326946631175209,39.0,Relation between membrane characteristics and performance in nanofiltration
De-DL,NF,Isoleucine,CC[C@H](C)[C@H](N)C(O)=O,32.8,8.0,3.0,25.0,2.0,0.026235,131.174999999999,260,0.353,0.514,0.264356489173457,0.45,2.17,7.0,-1.7,46.0,0.9999892350070191,6.999924645049133,-1.603759317827203,59.0,Relation between membrane characteristics and performance in nanofiltration
De-DL,NF,4-Methyl-3-nitrophenol,Cc1ccc(O)cc1[N+]([O-])=O,29.6,8.0,6.0,25.0,2.0,0.306274,153.137,310,0.392,0.449,0.2506959187743933,0.45,8.66,-17.0,2.1,44.0,-0.002182985771453137,0.03711075811470332,2.1,5.0,Relation between membrane characteristics and performance in nanofiltration
De-DL,NF,Benzylalcohol,OCc1ccccc1,29.6,8.0,6.0,25.0,2.0,0.21628,108.139999999999,310,0.336,0.464,0.2340806887054741,0.45,15.4,-17.0,1.1,44.0,-3.981071703950069e-10,6.767821896715116e-09,1.1,8.0,Relation between membrane characteristics and performance in nanofiltration
De-DL,NF,Benzonitrile,N#Cc1ccccc1,29.6,8.0,6.0,25.0,2.0,0.206248,103.123999999999,310,0.341,0.452,0.2322023269185876,0.45,14.0,-17.0,1.56,44.0,0.0,0.0,1.56,12.0,Relation between membrane characteristics and performance in nanofiltration
De-DL,NF,p-Tolualdehyde,Cc1ccc(C=O)cc1,29.6,8.0,6.0,25.0,2.0,0.240302,120.150999999999,310,0.332,0.489,0.2530889581120866,0.45,14.0,-17.0,2.26,44.0,0.0,0.0,2.26,14.0,Relation between membrane characteristics and performance in nanofiltration
De-DL,NF,4-Chloro-3-nitrobenzaldehyde,[O-][N+](=O)c1cc(C=O)ccc1Cl,29.6,8.0,6.0,25.0,2.0,0.37112,185.565999999999,310,0.393,0.5,0.2621239557222039,0.45,14.0,-17.0,2.18,44.0,0.0,0.0,2.18,14.0,Relation between membrane characteristics and performance in nanofiltration
De-DL,NF,Benzylideneacetone,CC(=O)C=Cc1ccccc1,29.6,8.0,6.0,25.0,2.0,0.292378,146.189,310,0.351,0.599,0.2856074856199798,0.45,14.0,-17.0,2.07,44.0,0.0,0.0,2.07,18.0,Relation between membrane characteristics and performance in nanofiltration
De-DL,NF,Xylitol,OC[C@@H](O)[C@H](O)[C@@H](O)CO,29.6,8.0,6.0,25.0,2.0,0.304292,152.146,310,0.337,0.518,0.2463766830114021,0.45,11.3,-17.0,-2.56,44.0,-5.011847217534286e-06,8.520140269808286e-05,-2.56,42.0,Relation between membrane characteristics and performance in nanofiltration
De-DL,NF,"3,5-Dihydroxybenzoic acid",OC(=O)c1cc(O)cc(O)c1,29.6,8.0,6.0,25.0,2.0,0.308242,154.120999999999,310,0.389,0.481,0.2277471565708836,0.45,3.96,-17.0,0.86,44.0,-0.9909623162617605,16.84635937644993,-1.395211954450909,44.0,Relation between membrane characteristics and performance in nanofiltration
De-DL,NF,Xylose,OC[C@@H](O)[C@H](O)[C@@H](O)C=O,29.6,8.0,6.0,25.0,2.0,0.30026,150.13,310,0.406,0.411,0.2271758314535358,0.45,12.14,-17.0,-2.39,44.0,-7.244354352679074e-07,1.231540239955443e-05,-2.39,100.0,Relation between membrane characteristics and performance in nanofiltration
De-DL,NF,Raffinose,OC[C@H]1O[C@H](OC[C@H]2O[C@H](O[C@]3(CO)O[C@H](CO)[C@@H](O)[C@@H]3O)[C@H](O)[C@@H](O)[C@@H]2O)[C@H](O)[C@@H](O)[C@H]1O,29.6,8.0,6.0,25.0,2.0,1.008876,504.438,310,0.5730000000000001,0.753,0.424151565064248,0.45,12.81,-17.0,-5.104,44.0,-1.548816379029223e-07,2.632987844349678e-06,-5.104,100.0,Relation between membrane characteristics and performance in nanofiltration
De-DL,NF,Glutamine,N[C@@H](CCC(N)=O)C(O)=O,32.8,8.0,10.0,25.0,2.0,0.0292292,146.146,260,0.347,0.523,0.2437649963788605,0.45,2.27,-21.0,-3.64,47.0,-0.999999981379129,20.99999960896171,-3.830056608746701,31.0,Relation between membrane characteristics and performance in nanofiltration
De-DL,NF,Isoleucine,CC[C@H](C)[C@H](N)C(O)=O,32.8,8.0,10.0,25.0,2.0,0.026235,131.174999999999,260,0.353,0.514,0.264356489173457,0.45,2.17,-21.0,-1.7,47.0,-0.9999999812183917,20.99999960558623,-1.796241716406644,39.0,Relation between membrane characteristics and performance in nanofiltration
De-DL,NF,Serine,N[C@@H](CO)C(O)=O,32.8,8.0,10.0,25.0,2.0,0.0210186,105.092999999999,260,0.306,0.43,0.1782033343668347,0.45,2.21,-21.0,-3.07,47.0,-0.9999999792001641,20.99999956320345,-3.378953074356042,52.0,Relation between membrane characteristics and performance in nanofiltration
De-DL,NF,Phenylalanine,N[C@@H](Cc1ccccc1)C(O)=O,32.8,8.0,10.0,25.0,2.0,0.0330384,165.191999999999,260,0.345,0.585,0.272385470173311,0.45,2.2,-21.0,-1.38,47.0,-0.999999980340147,20.99999958714309,-1.433053968768856,84.0,Relation between membrane characteristics and performance in nanofiltration
De-DL,NF,Tryptophane,N[C@@H](Cc1c[nH]c2ccccc12)C(O)=O,32.8,8.0,10.0,25.0,2.0,0.0408458,204.228999999999,260,0.411,0.622,0.2924204382401059,0.45,2.38,-21.0,-1.06,47.0,-0.9999999642347988,20.99999924893077,-1.06,91.0,Relation between membrane characteristics and performance in nanofiltration
De-DL,NF,Diphenylaminosulfonic acid,O[S](=O)(=O)N(c1ccccc1)c2ccccc2,32.8,8.0,10.0,25.0,2.0,0.049856,249.29,260,0.499,0.5900000000000001,0.3241825505657863,0.45,-1.33,-21.0,2.39,47.0,-0.9999999999953226,20.99999999990177,-1.925000326400955,95.0,Relation between membrane characteristics and performance in nanofiltration
De-HL,NF,Diphenylaminosulfonic acid,O[S](=O)(=O)N(c1ccccc1)c2ccccc2,96.0,8.0,3.0,25.0,2.0,0.049856,249.29,310,0.499,0.5900000000000001,0.3241825505657863,0.45,-1.33,4.0,2.39,46.0,-0.9999532286735305,-3.999812914694122,-1.924798508132155,74.0,Relation between membrane characteristics and performance in nanofiltration
De-HL,NF,Serine,N[C@@H](CO)C(O)=O,96.0,8.0,3.0,25.0,2.0,0.0210186,105.092999999999,300,0.306,0.43,0.1782033343668347,0.45,2.21,4.0,-3.07,46.0,0.9999905617854518,3.999962247141807,-2.761049835183246,89.0,Relation between membrane characteristics and performance in nanofiltration
De-HL,NF,Isoleucine,CC[C@H](C)[C@H](N)C(O)=O,96.0,8.0,3.0,25.0,2.0,0.026235,131.174999999999,300,0.353,0.514,0.264356489173457,0.45,2.17,4.0,-1.7,46.0,0.9999892350070191,3.999956940028076,-1.603759317827203,92.0,Relation between membrane characteristics and performance in nanofiltration
De-HL,NF,Phenylalanine,N[C@@H](Cc1ccccc1)C(O)=O,96.0,8.0,3.0,25.0,2.0,0.0330384,165.191999999999,300,0.345,0.585,0.272385470173311,0.45,2.2,4.0,-1.38,46.0,0.9999886721558955,3.999954688623582,-1.326946631175209,93.0,Relation between membrane characteristics and performance in nanofiltration
De-HL,NF,Tryptophane,N[C@@H](Cc1c[nH]c2ccccc12)C(O)=O,96.0,8.0,3.0,25.0,2.0,0.0408458,204.228999999999,300,0.411,0.622,0.2924204382401059,0.45,2.38,4.0,-1.06,46.0,0.9999961961404267,3.999984784561707,-1.06,95.0,Relation between membrane characteristics and performance in nanofiltration
De-HL,NF,Glutamine,N[C@@H](CCC(N)=O)C(O)=O,96.0,8.0,3.0,25.0,2.0,0.0292292,146.146,310,0.347,0.523,0.2437649963788605,0.45,2.27,4.0,-3.64,46.0,-0.8430219644140362,-3.372087857656145,-3.800221898638986,97.0,Relation between membrane characteristics and performance in nanofiltration
De-HL,NF,4-Methyl-3-nitrophenol,Cc1ccc(O)cc1[N+]([O-])=O,91.2,8.0,6.0,25.0,2.0,0.306274,153.137,310,0.392,0.449,0.2506959187743933,0.45,8.66,-13.0,2.1,47.0,-0.002182985771453137,0.02837881502889078,2.1,0.0,Relation between membrane characteristics and performance in nanofiltration
De-HL,NF,Benzonitrile,N#Cc1ccccc1,91.2,8.0,6.0,25.0,2.0,0.206248,103.123999999999,310,0.1,0.452,0.2322023269185876,0.45,14.0,-13.0,1.56,47.0,0.0,0.0,1.56,5.0,Relation between membrane characteristics and performance in nanofiltration
De-HL,NF,p-Tolualdehyde,Cc1ccc(C=O)cc1,91.2,8.0,6.0,25.0,2.0,0.240302,120.150999999999,310,0.332,0.489,0.2530889581120866,0.45,14.0,-13.0,2.26,47.0,0.0,0.0,2.26,6.0,Relation between membrane characteristics and performance in nanofiltration
De-HL,NF,Benzylalcohol,OCc1ccccc1,91.2,8.0,6.0,25.0,2.0,0.21628,108.139999999999,310,0.336,0.464,0.2340806887054741,0.45,15.4,-13.0,1.1,47.0,-3.981071703950069e-10,5.175393215135089e-09,1.1,9.0,Relation between membrane characteristics and performance in nanofiltration
De-HL,NF,4-Chloro-3-nitrobenzaldehyde,[O-][N+](=O)c1cc(C=O)ccc1Cl,91.2,8.0,6.0,25.0,2.0,0.308242,185.565999999999,310,0.393,0.5,0.2621239557222039,0.45,14.0,-13.0,2.18,47.0,0.0,0.0,2.18,14.0,Relation between membrane characteristics and performance in nanofiltration
De-HL,NF,Benzylideneacetone,CC(=O)C=Cc1ccccc1,91.2,8.0,6.0,25.0,2.0,0.292378,146.189,310,0.351,0.599,0.2856074856199798,0.45,14.0,-13.0,2.07,47.0,0.0,0.0,2.07,17.0,Relation between membrane characteristics and performance in nanofiltration
De-HL,NF,"3,5-Dihydroxybenzoic acid",OC(=O)c1cc(O)cc(O)c1,91.2,8.0,6.0,25.0,2.0,0.308242,154.120999999999,310,0.389,0.481,0.2277471565708836,0.45,3.96,-13.0,0.86,47.0,-0.9909623162617605,12.88251011140289,-1.395211954450909,33.0,Relation between membrane characteristics and performance in nanofiltration
De-HL,NF,Xylose,OC[C@@H](O)[C@H](O)[C@@H](O)C=O,91.2,8.0,6.0,25.0,2.0,0.30026,150.13,310,0.406,0.411,0.2271758314535358,0.45,12.14,-13.0,-2.39,47.0,-7.244354352679074e-07,9.417660658482797e-06,-2.39,85.0,Relation between membrane characteristics and performance in nanofiltration
De-HL,NF,Xylitol,OC[C@@H](O)[C@H](O)[C@@H](O)CO,91.2,8.0,6.0,25.0,2.0,0.30026,152.146,310,0.337,0.518,0.2463766830114021,0.45,11.3,-13.0,-2.56,47.0,-5.011847217534286e-06,6.515401382794571e-05,-2.56,85.0,Relation between membrane characteristics and performance in nanofiltration
De-HL,NF,Raffinose,OC[C@H]1O[C@H](OC[C@H]2O[C@H](O[C@]3(CO)O[C@H](CO)[C@@H](O)[C@@H]3O)[C@H](O)[C@@H](O)[C@@H]2O)[C@H](O)[C@@H](O)[C@H]1O,91.2,8.0,6.0,25.0,2.0,0.240302,504.438,310,0.5730000000000001,0.753,0.424151565064248,0.45,12.81,-13.0,-5.104,47.0,-1.548816379029223e-07,2.013461292737989e-06,-5.104,93.0,Relation between membrane characteristics and performance in nanofiltration
De-HL,NF,Glutamine,N[C@@H](CCC(N)=O)C(O)=O,85.6,8.0,10.0,25.0,2.0,0.0292292,146.146,260,0.347,0.523,0.2437649963788605,0.45,2.27,-17.0,-3.64,35.0,-0.999999981379129,16.99999968344519,-3.830056608746701,87.0,Relation between membrane characteristics and performance in nanofiltration
De-HL,NF,Serine,N[C@@H](CO)C(O)=O,85.6,8.0,10.0,25.0,2.0,0.0210186,105.092999999999,260,0.306,0.43,0.1782033343668347,0.45,2.21,-17.0,-3.07,35.0,-0.9999999792001641,16.99999964640279,-3.378953074356042,89.0,Relation between membrane characteristics and performance in nanofiltration
De-HL,NF,Isoleucine,CC[C@H](C)[C@H](N)C(O)=O,85.6,8.0,10.0,25.0,2.0,0.026235,131.174999999999,260,0.353,0.514,0.264356489173457,0.45,2.17,-17.0,-1.7,35.0,-0.9999999812183917,16.99999968071266,-1.796241716406644,92.0,Relation between membrane characteristics and performance in nanofiltration
De-HL,NF,Phenylalanine,N[C@@H](Cc1ccccc1)C(O)=O,85.6,8.0,10.0,25.0,2.0,0.0330384,165.191999999999,260,0.345,0.585,0.272385470173311,0.45,2.2,-17.0,-1.38,35.0,-0.999999980340147,16.9999996657825,-1.433053968768856,95.0,Relation between membrane characteristics and performance in nanofiltration
De-HL,NF,Tryptophane,N[C@@H](Cc1c[nH]c2ccccc12)C(O)=O,85.6,8.0,10.0,25.0,2.0,0.0408458,204.228999999999,260,0.411,0.622,0.2924204382401059,0.45,2.38,-17.0,-1.06,35.0,-0.9999999642347988,16.99999939199158,-1.06,96.0,Relation between membrane characteristics and performance in nanofiltration
De-HL,NF,Diphenylaminosulfonic acid,O[S](=O)(=O)N(c1ccccc1)c2ccccc2,85.6,8.0,10.0,25.0,2.0,0.049856,249.29,300,0.499,0.5900000000000001,0.3241825505657863,0.45,-1.33,-17.0,2.39,35.0,-0.9999999999953226,16.99999999992048,-1.925000326400955,99.0,Relation between membrane characteristics and performance in nanofiltration
NTR7450,NF,Tryptophane,N[C@@H](Cc1c[nH]c2ccccc12)C(O)=O,25.6,8.0,3.0,25.0,2.0,0.0408458,204.228999999999,310,0.411,0.622,0.2924204382401059,0.69,2.38,1.0,-1.06,66.0,0.9999961961404267,0.9999961961404267,-1.06,45.0,Relation between membrane characteristics and performance in nanofiltration
NTR7450,NF,Phenylalanine,N[C@@H](Cc1ccccc1)C(O)=O,25.6,8.0,3.0,25.0,2.0,0.0330384,165.191999999999,310,0.345,0.585,0.272385470173311,0.69,2.2,1.0,-1.38,66.0,0.9999886721558955,0.9999886721558955,-1.326946631175209,46.0,Relation between membrane characteristics and performance in nanofiltration
NTR7450,NF,Serine,N[C@@H](CO)C(O)=O,25.6,8.0,3.0,25.0,2.0,0.0210186,105.092999999999,310,0.306,0.43,0.1782033343668347,0.69,2.21,1.0,-3.07,66.0,0.9999905617854518,0.9999905617854518,-2.761049835183246,50.0,Relation between membrane characteristics and performance in nanofiltration
NTR7450,NF,Glutamine,N[C@@H](CCC(N)=O)C(O)=O,25.6,8.0,3.0,25.0,2.0,0.0292292,146.146,310,0.347,0.523,0.2437649963788605,0.69,2.27,1.0,-3.64,66.0,-0.8430219644140362,-0.8430219644140362,-3.800221898638986,75.0,Relation between membrane characteristics and performance in nanofiltration
NTR7450,NF,Isoleucine,CC[C@H](C)[C@H](N)C(O)=O,25.6,8.0,3.0,25.0,2.0,0.026235,131.174999999999,310,0.353,0.514,0.264356489173457,0.69,2.17,1.0,-1.7,66.0,0.9999892350070191,0.9999892350070191,-1.603759317827203,76.0,Relation between membrane characteristics and performance in nanofiltration
NTR7450,NF,Diphenylaminosulfonic acid,O[S](=O)(=O)N(c1ccccc1)c2ccccc2,25.6,8.0,3.0,25.0,2.0,0.049856,249.29,310,0.499,0.5900000000000001,0.3241825505657863,0.69,-1.33,1.0,2.39,66.0,-0.9999532286735305,-0.9999532286735305,-1.924798508132155,83.0,Relation between membrane characteristics and performance in nanofiltration
NTR7450,NF,Benzonitrile,N#Cc1ccccc1,45.6,8.0,6.0,25.0,2.0,0.206248,103.123999999999,310,0.341,0.452,0.2322023269185876,0.69,14.0,-15.23,1.56,70.0,0.0,0.0,1.56,8.0,Relation between membrane characteristics and performance in nanofiltration
NTR7450,NF,p-Tolualdehyde,Cc1ccc(C=O)cc1,45.6,8.0,6.0,25.0,2.0,0.240302,120.150999999999,310,0.332,0.489,0.2530889581120866,0.69,14.0,-15.23,2.26,70.0,0.0,0.0,2.26,8.0,Relation between membrane characteristics and performance in nanofiltration
NTR7450,NF,4-Chloro-3-nitrobenzaldehyde,[O-][N+](=O)c1cc(C=O)ccc1Cl,45.6,8.0,6.0,25.0,2.0,0.37112,185.565999999999,310,0.393,0.5,0.2621239557222039,0.69,14.0,-15.23,2.18,70.0,0.0,0.0,2.18,8.0,Relation between membrane characteristics and performance in nanofiltration
NTR7450,NF,4-Methyl-3-nitrophenol,Cc1ccc(O)cc1[N+]([O-])=O,45.6,8.0,6.0,25.0,2.0,0.306274,153.137,310,0.392,0.449,0.2506959187743933,0.69,8.66,-15.23,2.1,70.0,-0.002182985771453137,0.03324687329923127,2.1,9.0,Relation between membrane characteristics and performance in nanofiltration
NTR7450,NF,Benzylideneacetone,CC(=O)C=Cc1ccccc1,45.6,8.0,6.0,25.0,2.0,0.292378,146.189,310,0.351,0.599,0.2856074856199798,0.69,14.0,-15.23,2.07,70.0,0.0,0.0,2.07,15.0,Relation between membrane characteristics and performance in nanofiltration
NTR7450,NF,Xylitol,OC[C@@H](O)[C@H](O)[C@@H](O)CO,45.6,8.0,6.0,25.0,2.0,0.304292,152.146,310,0.337,0.518,0.2463766830114021,0.69,11.3,-15.23,-2.56,70.0,-5.011847217534286e-06,7.633043312304718e-05,-2.56,15.0,Relation between membrane characteristics and performance in nanofiltration
NTR7450,NF,Benzylalcohol,OCc1ccccc1,45.6,8.0,6.0,25.0,2.0,0.21628,108.139999999999,310,0.336,0.464,0.2340806887054741,0.69,15.4,-15.23,1.1,70.0,-3.981071703950069e-10,6.063172205115955e-09,1.1,17.0,Relation between membrane characteristics and performance in nanofiltration
NTR7450,NF,"3,5-Dihydroxybenzoic acid",OC(=O)c1cc(O)cc(O)c1,45.6,8.0,6.0,25.0,2.0,0.308242,154.120999999999,310,0.389,0.481,0.2277471565708836,0.69,3.96,-15.23,0.86,70.0,-0.9909623162617605,15.09235607666661,-1.395211954450909,28.0,Relation between membrane characteristics and performance in nanofiltration
NTR7450,NF,Xylose,OC[C@@H](O)[C@H](O)[C@@H](O)C=O,45.6,8.0,6.0,25.0,2.0,0.30026,150.13,310,0.406,0.411,0.2271758314535358,0.69,12.14,-15.23,-2.39,70.0,-7.244354352679074e-07,1.103315167913023e-05,-2.39,71.0,Relation between membrane characteristics and performance in nanofiltration
NTR7450,NF,Raffinose,OC[C@H]1O[C@H](OC[C@H]2O[C@H](O[C@]3(CO)O[C@H](CO)[C@@H](O)[C@@H]3O)[C@H](O)[C@@H](O)[C@@H]2O)[C@H](O)[C@@H](O)[C@H]1O,45.6,8.0,6.0,25.0,2.0,1.008876,504.438,310,0.5730000000000001,0.753,0.424151565064248,0.69,12.81,-15.23,-5.104,70.0,-1.548816379029223e-07,2.358847345261506e-06,-5.104,90.0,Relation between membrane characteristics and performance in nanofiltration
NTR7450,NF,Glutamine,N[C@@H](CCC(N)=O)C(O)=O,39.2,8.0,10.0,25.0,2.0,0.0292292,146.146,260,0.347,0.523,0.2437649963788605,0.69,2.27,-19.0,-3.64,71.0,-0.999999981379129,18.99999964620345,-3.830056608746701,31.0,Relation between membrane characteristics and performance in nanofiltration
NTR7450,NF,Serine,N[C@@H](CO)C(O)=O,39.2,8.0,10.0,25.0,2.0,0.0210186,105.092999999999,260,0.306,0.43,0.1782033343668347,0.69,2.21,-19.0,-3.07,71.0,-0.9999999792001641,18.99999960480312,-3.378953074356042,39.0,Relation between membrane characteristics and performance in nanofiltration
NTR7450,NF,Isoleucine,CC[C@H](C)[C@H](N)C(O)=O,39.2,8.0,10.0,25.0,2.0,0.026235,131.174999999999,260,0.353,0.514,0.264356489173457,0.69,2.17,-19.0,-1.7,71.0,-0.9999999812183917,18.99999964314944,-1.796241716406644,39.0,Relation between membrane characteristics and performance in nanofiltration
NTR7450,NF,Phenylalanine,N[C@@H](Cc1ccccc1)C(O)=O,39.2,8.0,10.0,25.0,2.0,0.0330384,165.191999999999,260,0.345,0.585,0.272385470173311,0.69,2.2,-19.0,-1.38,71.0,-0.999999980340147,18.9999996264628,-1.433053968768856,91.0,Relation between membrane characteristics and performance in nanofiltration
NTR7450,NF,Tryptophane,N[C@@H](Cc1c[nH]c2ccccc12)C(O)=O,39.2,8.0,10.0,25.0,2.0,0.0408458,204.228999999999,260,0.411,0.622,0.2924204382401059,0.69,2.38,-19.0,-1.06,71.0,-0.9999999642347988,18.99999932046117,-1.06,91.0,Relation between membrane characteristics and performance in nanofiltration
NTR7450,NF,Diphenylaminosulfonic acid,O[S](=O)(=O)N(c1ccccc1)c2ccccc2,39.2,8.0,10.0,25.0,2.0,0.049856,249.29,260,0.499,0.5900000000000001,0.3241825505657863,0.69,-1.33,-19.0,2.39,71.0,-0.9999999999953226,18.99999999991113,-1.925000326400955,97.0,Relation between membrane characteristics and performance in nanofiltration
CPA3,RO,Dexamethasone,C[C@@H]1C[C@H]2[C@@H]3CCC4=CC(=O)C=C[C@]4(C)[C@@]3(F)[C@@H](O)C[C@]2(C)[C@@]1(O)C(=O)CO,27.79,10.0,7.0,25.0,2.0,15.0,392.467,96,0.486,0.743,0.4409415966246648,0.4031806108897714,12.13,-15.0,1.83,73.0,-7.413047459329147e-06,0.0001111957118899372,1.83,96.3,Removal of Glucocorticosteroids and Anesthetics from Water with RO/NF Membranes
CPA3,RO,Dexamethasone,C[C@@H]1C[C@H]2[C@@H]3CCC4=CC(=O)C=C[C@]4(C)[C@@]3(F)[C@@H](O)C[C@]2(C)[C@@]1(O)C(=O)CO,27.79,10.0,7.0,25.0,4.0,15.0,392.467,96,0.486,0.743,0.4409415966246648,0.4031806108897714,12.13,-15.0,1.83,73.0,-7.413047459329147e-06,0.0001111957118899372,1.83,96.6,Removal of Glucocorticosteroids and Anesthetics from Water with RO/NF Membranes
CPA3,RO,Dexamethasone,C[C@@H]1C[C@H]2[C@@H]3CCC4=CC(=O)C=C[C@]4(C)[C@@]3(F)[C@@H](O)C[C@]2(C)[C@@]1(O)C(=O)CO,27.79,10.0,7.0,25.0,12.0,15.0,392.467,96,0.486,0.743,0.4409415966246648,0.4031806108897714,12.13,-15.0,1.83,73.0,-7.413047459329147e-06,0.0001111957118899372,1.83,96.7,Removal of Glucocorticosteroids and Anesthetics from Water with RO/NF Membranes
CPA3,RO,Dexamethasone,C[C@@H]1C[C@H]2[C@@H]3CCC4=CC(=O)C=C[C@]4(C)[C@@]3(F)[C@@H](O)C[C@]2(C)[C@@]1(O)C(=O)CO,27.79,10.0,7.0,25.0,6.0,15.0,392.467,96,0.486,0.743,0.4409415966246648,0.4031806108897714,12.13,-15.0,1.83,73.0,-7.413047459329147e-06,0.0001111957118899372,1.83,96.8,Removal of Glucocorticosteroids and Anesthetics from Water with RO/NF Membranes
CPA3,RO,Dexamethasone,C[C@@H]1C[C@H]2[C@@H]3CCC4=CC(=O)C=C[C@]4(C)[C@@]3(F)[C@@H](O)C[C@]2(C)[C@@]1(O)C(=O)CO,27.79,10.0,7.0,25.0,8.0,15.0,392.467,96,0.486,0.743,0.4409415966246648,0.4031806108897714,12.13,-15.0,1.83,73.0,-7.413047459329147e-06,0.0001111957118899372,1.83,96.8,Removal of Glucocorticosteroids and Anesthetics from Water with RO/NF Membranes
CPA3,RO,Dexamethasone,C[C@@H]1C[C@H]2[C@@H]3CCC4=CC(=O)C=C[C@]4(C)[C@@]3(F)[C@@H](O)C[C@]2(C)[C@@]1(O)C(=O)CO,27.79,10.0,7.0,25.0,24.0,15.0,392.467,96,0.486,0.743,0.4409415966246648,0.4031806108897714,12.13,-15.0,1.83,73.0,-7.413047459329147e-06,0.0001111957118899372,1.83,97.1,Removal of Glucocorticosteroids and Anesthetics from Water with RO/NF Membranes
CPA3,RO,Dexamethasone,C[C@@H]1C[C@H]2[C@@H]3CCC4=CC(=O)C=C[C@]4(C)[C@@]3(F)[C@@H](O)C[C@]2(C)[C@@]1(O)C(=O)CO,27.79,10.0,7.0,25.0,0.5,15.0,392.467,96,0.486,0.743,0.4409415966246648,0.4031806108897714,12.13,-15.0,1.83,73.0,-7.413047459329147e-06,0.0001111957118899372,1.83,98.2,Removal of Glucocorticosteroids and Anesthetics from Water with RO/NF Membranes
CPA3,RO,Hydrocortisone,C[C@]12CCC(=O)C=C1CC[C@H]3[C@@H]4CC[C@](O)(C(=O)CO)[C@@]4(C)C[C@H](O)[C@H]23,27.79,10.0,7.0,25.0,2.0,15.0,362.466,96,0.445,0.753,0.4058140559527056,0.4031806108897714,12.58,-15.0,1.61,73.0,-2.630261073603865e-06,3.945391610405797e-05,1.61,92.2,Removal of Glucocorticosteroids and Anesthetics from Water with RO/NF Membranes
CPA3,RO,Hydrocortisone,C[C@]12CCC(=O)C=C1CC[C@H]3[C@@H]4CC[C@](O)(C(=O)CO)[C@@]4(C)C[C@H](O)[C@H]23,27.79,10.0,7.0,25.0,6.0,15.0,362.466,96,0.445,0.753,0.4058140559527056,0.4031806108897714,12.58,-15.0,1.61,73.0,-2.630261073603865e-06,3.945391610405797e-05,1.61,93.6,Removal of Glucocorticosteroids and Anesthetics from Water with RO/NF Membranes
CPA3,RO,Hydrocortisone,C[C@]12CCC(=O)C=C1CC[C@H]3[C@@H]4CC[C@](O)(C(=O)CO)[C@@]4(C)C[C@H](O)[C@H]23,27.79,10.0,7.0,25.0,4.0,15.0,362.466,96,0.445,0.753,0.4058140559527056,0.4031806108897714,12.58,-15.0,1.61,73.0,-2.630261073603865e-06,3.945391610405797e-05,1.61,93.9,Removal of Glucocorticosteroids and Anesthetics from Water with RO/NF Membranes
CPA3,RO,Hydrocortisone,C[C@]12CCC(=O)C=C1CC[C@H]3[C@@H]4CC[C@](O)(C(=O)CO)[C@@]4(C)C[C@H](O)[C@H]23,27.79,10.0,7.0,25.0,8.0,15.0,362.466,96,0.445,0.753,0.4058140559527056,0.4031806108897714,12.58,-15.0,1.61,73.0,-2.630261073603865e-06,3.945391610405797e-05,1.61,94.0,Removal of Glucocorticosteroids and Anesthetics from Water with RO/NF Membranes
CPA3,RO,Hydrocortisone,C[C@]12CCC(=O)C=C1CC[C@H]3[C@@H]4CC[C@](O)(C(=O)CO)[C@@]4(C)C[C@H](O)[C@H]23,27.79,10.0,7.0,25.0,24.0,15.0,362.466,96,0.445,0.753,0.4058140559527056,0.4031806108897714,12.58,-15.0,1.61,73.0,-2.630261073603865e-06,3.945391610405797e-05,1.61,94.5,Removal of Glucocorticosteroids and Anesthetics from Water with RO/NF Membranes
CPA3,RO,Hydrocortisone,C[C@]12CCC(=O)C=C1CC[C@H]3[C@@H]4CC[C@](O)(C(=O)CO)[C@@]4(C)C[C@H](O)[C@H]23,27.79,10.0,7.0,25.0,12.0,15.0,362.466,96,0.445,0.753,0.4058140559527056,0.4031806108897714,12.58,-15.0,1.61,73.0,-2.630261073603865e-06,3.945391610405797e-05,1.61,94.6,Removal of Glucocorticosteroids and Anesthetics from Water with RO/NF Membranes
CPA3,RO,Hydrocortisone,C[C@]12CCC(=O)C=C1CC[C@H]3[C@@H]4CC[C@](O)(C(=O)CO)[C@@]4(C)C[C@H](O)[C@H]23,27.79,10.0,7.0,25.0,0.5,15.0,362.466,96,0.445,0.753,0.4058140559527056,0.4031806108897714,12.58,-15.0,1.61,73.0,-2.630261073603865e-06,3.945391610405797e-05,1.61,95.8,Removal of Glucocorticosteroids and Anesthetics from Water with RO/NF Membranes
CPA3,RO,Lidocaine,CCN(CC)CC(=O)Nc1c(C)cccc1C,27.79,10.0,7.0,25.0,24.0,15.0,234.343,96,0.451,0.675,0.3764144754956523,0.4031806108897714,14.23,-15.0,2.44,73.0,0.8944287193736347,-13.41643079060452,2.44,77.2,Removal of Glucocorticosteroids and Anesthetics from Water with RO/NF Membranes
CPA3,RO,Lidocaine,CCN(CC)CC(=O)Nc1c(C)cccc1C,27.79,10.0,7.0,25.0,4.0,15.0,234.343,96,0.451,0.675,0.3764144754956523,0.4031806108897714,14.23,-15.0,2.44,73.0,0.8944287193736347,-13.41643079060452,2.44,81.8,Removal of Glucocorticosteroids and Anesthetics from Water with RO/NF Membranes
CPA3,RO,Lidocaine,CCN(CC)CC(=O)Nc1c(C)cccc1C,27.79,10.0,7.0,25.0,12.0,15.0,234.343,96,0.451,0.675,0.3764144754956523,0.4031806108897714,14.23,-15.0,2.44,73.0,0.8944287193736347,-13.41643079060452,2.44,82.5,Removal of Glucocorticosteroids and Anesthetics from Water with RO/NF Membranes
CPA3,RO,Lidocaine,CCN(CC)CC(=O)Nc1c(C)cccc1C,27.79,10.0,7.0,25.0,6.0,15.0,234.343,96,0.451,0.675,0.3764144754956523,0.4031806108897714,14.23,-15.0,2.44,73.0,0.8944287193736347,-13.41643079060452,2.44,82.9,Removal of Glucocorticosteroids and Anesthetics from Water with RO/NF Membranes
CPA3,RO,Lidocaine,CCN(CC)CC(=O)Nc1c(C)cccc1C,27.79,10.0,7.0,25.0,8.0,15.0,234.343,96,0.451,0.675,0.3764144754956523,0.4031806108897714,14.23,-15.0,2.44,73.0,0.8944287193736347,-13.41643079060452,2.44,84.0,Removal of Glucocorticosteroids and Anesthetics from Water with RO/NF Membranes
CPA3,RO,Lidocaine,CCN(CC)CC(=O)Nc1c(C)cccc1C,27.79,10.0,7.0,25.0,2.0,15.0,234.343,96,0.451,0.675,0.3764144754956523,0.4031806108897714,14.23,-15.0,2.44,73.0,0.8944287193736347,-13.41643079060452,2.44,86.8,Removal of Glucocorticosteroids and Anesthetics from Water with RO/NF Membranes
CPA3,RO,Lidocaine,CCN(CC)CC(=O)Nc1c(C)cccc1C,27.79,10.0,7.0,25.0,0.5,15.0,234.343,96,0.451,0.675,0.3764144754956523,0.4031806108897714,14.23,-15.0,2.44,73.0,0.8944287193736347,-13.41643079060452,2.44,98.8,Removal of Glucocorticosteroids and Anesthetics from Water with RO/NF Membranes
LFC1,RO,Dexamethasone,C[C@@H]1C[C@H]2[C@@H]3CCC4=CC(=O)C=C[C@]4(C)[C@@]3(F)[C@@H](O)C[C@]2(C)[C@@]1(O)C(=O)CO,24.3,10.0,7.0,25.0,2.0,15.0,392.467,100,0.486,0.743,0.4409415966246648,0.4031806108897714,12.13,-3.2,1.83,78.0,-7.413047459329147e-06,2.372175186985327e-05,1.83,99.7,Removal of Glucocorticosteroids and Anesthetics from Water with RO/NF Membranes
LFC1,RO,Dexamethasone,C[C@@H]1C[C@H]2[C@@H]3CCC4=CC(=O)C=C[C@]4(C)[C@@]3(F)[C@@H](O)C[C@]2(C)[C@@]1(O)C(=O)CO,24.3,10.0,7.0,25.0,6.0,15.0,392.467,100,0.486,0.743,0.4409415966246648,0.4031806108897714,12.13,-3.2,1.83,78.0,-7.413047459329147e-06,2.372175186985327e-05,1.83,99.7,Removal of Glucocorticosteroids and Anesthetics from Water with RO/NF Membranes
LFC1,RO,Dexamethasone,C[C@@H]1C[C@H]2[C@@H]3CCC4=CC(=O)C=C[C@]4(C)[C@@]3(F)[C@@H](O)C[C@]2(C)[C@@]1(O)C(=O)CO,24.3,10.0,7.0,25.0,12.0,15.0,392.467,100,0.486,0.743,0.4409415966246648,0.4031806108897714,12.13,-3.2,1.83,78.0,-7.413047459329147e-06,2.372175186985327e-05,1.83,99.7,Removal of Glucocorticosteroids and Anesthetics from Water with RO/NF Membranes
LFC1,RO,Dexamethasone,C[C@@H]1C[C@H]2[C@@H]3CCC4=CC(=O)C=C[C@]4(C)[C@@]3(F)[C@@H](O)C[C@]2(C)[C@@]1(O)C(=O)CO,24.3,10.0,7.0,25.0,0.5,15.0,392.467,100,0.486,0.743,0.4409415966246648,0.4031806108897714,12.13,-3.2,1.83,78.0,-7.413047459329147e-06,2.372175186985327e-05,1.83,99.8,Removal of Glucocorticosteroids and Anesthetics from Water with RO/NF Membranes
LFC1,RO,Dexamethasone,C[C@@H]1C[C@H]2[C@@H]3CCC4=CC(=O)C=C[C@]4(C)[C@@]3(F)[C@@H](O)C[C@]2(C)[C@@]1(O)C(=O)CO,24.3,10.0,7.0,25.0,4.0,15.0,392.467,100,0.486,0.743,0.4409415966246648,0.4031806108897714,12.13,-3.2,1.83,78.0,-7.413047459329147e-06,2.372175186985327e-05,1.83,99.8,Removal of Glucocorticosteroids and Anesthetics from Water with RO/NF Membranes
LFC1,RO,Dexamethasone,C[C@@H]1C[C@H]2[C@@H]3CCC4=CC(=O)C=C[C@]4(C)[C@@]3(F)[C@@H](O)C[C@]2(C)[C@@]1(O)C(=O)CO,24.3,10.0,7.0,25.0,8.0,15.0,392.467,100,0.486,0.743,0.4409415966246648,0.4031806108897714,12.13,-3.2,1.83,78.0,-7.413047459329147e-06,2.372175186985327e-05,1.83,99.8,Removal of Glucocorticosteroids and Anesthetics from Water with RO/NF Membranes
LFC1,RO,Dexamethasone,C[C@@H]1C[C@H]2[C@@H]3CCC4=CC(=O)C=C[C@]4(C)[C@@]3(F)[C@@H](O)C[C@]2(C)[C@@]1(O)C(=O)CO,24.3,10.0,7.0,25.0,24.0,15.0,392.467,100,0.486,0.743,0.4409415966246648,0.4031806108897714,12.13,-3.2,1.83,78.0,-7.413047459329147e-06,2.372175186985327e-05,1.83,99.8,Removal of Glucocorticosteroids and Anesthetics from Water with RO/NF Membranes
LFC1,RO,Hydrocortisone,C[C@]12CCC(=O)C=C1CC[C@H]3[C@@H]4CC[C@](O)(C(=O)CO)[C@@]4(C)C[C@H](O)[C@H]23,24.3,10.0,7.0,25.0,12.0,15.0,362.466,100,0.445,0.753,0.4058140559527056,0.4031806108897714,12.58,-3.2,1.61,78.0,-2.630261073603865e-06,8.416835435532367e-06,1.61,99.4,Removal of Glucocorticosteroids and Anesthetics from Water with RO/NF Membranes
LFC1,RO,Hydrocortisone,C[C@]12CCC(=O)C=C1CC[C@H]3[C@@H]4CC[C@](O)(C(=O)CO)[C@@]4(C)C[C@H](O)[C@H]23,24.3,10.0,7.0,25.0,2.0,15.0,362.466,100,0.445,0.753,0.4058140559527056,0.4031806108897714,12.58,-3.2,1.61,78.0,-2.630261073603865e-06,8.416835435532367e-06,1.61,99.5,Removal of Glucocorticosteroids and Anesthetics from Water with RO/NF Membranes
LFC1,RO,Hydrocortisone,C[C@]12CCC(=O)C=C1CC[C@H]3[C@@H]4CC[C@](O)(C(=O)CO)[C@@]4(C)C[C@H](O)[C@H]23,24.3,10.0,7.0,25.0,6.0,15.0,362.466,100,0.445,0.753,0.4058140559527056,0.4031806108897714,12.58,-3.2,1.61,78.0,-2.630261073603865e-06,8.416835435532367e-06,1.61,99.5,Removal of Glucocorticosteroids and Anesthetics from Water with RO/NF Membranes
LFC1,RO,Hydrocortisone,C[C@]12CCC(=O)C=C1CC[C@H]3[C@@H]4CC[C@](O)(C(=O)CO)[C@@]4(C)C[C@H](O)[C@H]23,24.3,10.0,7.0,25.0,8.0,15.0,362.466,100,0.445,0.753,0.4058140559527056,0.4031806108897714,12.58,-3.2,1.61,78.0,-2.630261073603865e-06,8.416835435532367e-06,1.61,99.5,Removal of Glucocorticosteroids and Anesthetics from Water with RO/NF Membranes
LFC1,RO,Hydrocortisone,C[C@]12CCC(=O)C=C1CC[C@H]3[C@@H]4CC[C@](O)(C(=O)CO)[C@@]4(C)C[C@H](O)[C@H]23,24.3,10.0,7.0,25.0,0.5,15.0,362.466,100,0.445,0.753,0.4058140559527056,0.4031806108897714,12.58,-3.2,1.61,78.0,-2.630261073603865e-06,8.416835435532367e-06,1.61,99.6,Removal of Glucocorticosteroids and Anesthetics from Water with RO/NF Membranes
LFC1,RO,Hydrocortisone,C[C@]12CCC(=O)C=C1CC[C@H]3[C@@H]4CC[C@](O)(C(=O)CO)[C@@]4(C)C[C@H](O)[C@H]23,24.3,10.0,7.0,25.0,4.0,15.0,362.466,100,0.445,0.753,0.4058140559527056,0.4031806108897714,12.58,-3.2,1.61,78.0,-2.630261073603865e-06,8.416835435532367e-06,1.61,99.6,Removal of Glucocorticosteroids and Anesthetics from Water with RO/NF Membranes
LFC1,RO,Hydrocortisone,C[C@]12CCC(=O)C=C1CC[C@H]3[C@@H]4CC[C@](O)(C(=O)CO)[C@@]4(C)C[C@H](O)[C@H]23,24.3,10.0,7.0,25.0,24.0,15.0,362.466,100,0.445,0.753,0.4058140559527056,0.4031806108897714,12.58,-3.2,1.61,78.0,-2.630261073603865e-06,8.416835435532367e-06,1.61,99.7,Removal of Glucocorticosteroids and Anesthetics from Water with RO/NF Membranes
LFC1,RO,Lidocaine,CCN(CC)CC(=O)Nc1c(C)cccc1C,24.3,10.0,7.0,25.0,0.5,15.0,234.343,100,0.451,0.675,0.3764144754956523,0.4031806108897714,14.23,-3.2,2.44,78.0,0.8944287193736347,-2.862171901995631,2.44,100.0,Removal of Glucocorticosteroids and Anesthetics from Water with RO/NF Membranes
LFC1,RO,Lidocaine,CCN(CC)CC(=O)Nc1c(C)cccc1C,24.3,10.0,7.0,25.0,2.0,15.0,234.343,100,0.451,0.675,0.3764144754956523,0.4031806108897714,14.23,-3.2,2.44,78.0,0.8944287193736347,-2.862171901995631,2.44,100.0,Removal of Glucocorticosteroids and Anesthetics from Water with RO/NF Membranes
LFC1,RO,Lidocaine,CCN(CC)CC(=O)Nc1c(C)cccc1C,24.3,10.0,7.0,25.0,4.0,15.0,234.343,100,0.451,0.675,0.3764144754956523,0.4031806108897714,14.23,-3.2,2.44,78.0,0.8944287193736347,-2.862171901995631,2.44,100.0,Removal of Glucocorticosteroids and Anesthetics from Water with RO/NF Membranes
LFC1,RO,Lidocaine,CCN(CC)CC(=O)Nc1c(C)cccc1C,24.3,10.0,7.0,25.0,6.0,15.0,234.343,100,0.451,0.675,0.3764144754956523,0.4031806108897714,14.23,-3.2,2.44,78.0,0.8944287193736347,-2.862171901995631,2.44,100.0,Removal of Glucocorticosteroids and Anesthetics from Water with RO/NF Membranes
LFC1,RO,Lidocaine,CCN(CC)CC(=O)Nc1c(C)cccc1C,24.3,10.0,7.0,25.0,8.0,15.0,234.343,100,0.451,0.675,0.3764144754956523,0.4031806108897714,14.23,-3.2,2.44,78.0,0.8944287193736347,-2.862171901995631,2.44,100.0,Removal of Glucocorticosteroids and Anesthetics from Water with RO/NF Membranes
LFC1,RO,Lidocaine,CCN(CC)CC(=O)Nc1c(C)cccc1C,24.3,10.0,7.0,25.0,12.0,15.0,234.343,100,0.451,0.675,0.3764144754956523,0.4031806108897714,14.23,-3.2,2.44,78.0,0.8944287193736347,-2.862171901995631,2.44,100.0,Removal of Glucocorticosteroids and Anesthetics from Water with RO/NF Membranes
LFC1,RO,Lidocaine,CCN(CC)CC(=O)Nc1c(C)cccc1C,24.3,10.0,7.0,25.0,24.0,15.0,234.343,100,0.451,0.675,0.3764144754956523,0.4031806108897714,14.23,-3.2,2.44,78.0,0.8944287193736347,-2.862171901995631,2.44,100.0,Removal of Glucocorticosteroids and Anesthetics from Water with RO/NF Membranes
NF270,NF,Dexamethasone,C[C@@H]1C[C@H]2[C@@H]3CCC4=CC(=O)C=C[C@]4(C)[C@@]3(F)[C@@H](O)C[C@]2(C)[C@@]1(O)C(=O)CO,145.11,10.0,7.0,25.0,2.0,15.0,392.467,180,0.486,0.743,0.4409415966246648,0.42,12.13,-42.7,1.83,73.16,-7.413047459329147e-06,0.0003165371265133546,1.83,99.0,Removal of Glucocorticosteroids and Anesthetics from Water with RO/NF Membranes
NF270,NF,Dexamethasone,C[C@@H]1C[C@H]2[C@@H]3CCC4=CC(=O)C=C[C@]4(C)[C@@]3(F)[C@@H](O)C[C@]2(C)[C@@]1(O)C(=O)CO,145.11,10.0,7.0,25.0,4.0,15.0,392.467,180,0.486,0.743,0.4409415966246648,0.42,12.13,-42.7,1.83,73.16,-7.413047459329147e-06,0.0003165371265133546,1.83,99.0,Removal of Glucocorticosteroids and Anesthetics from Water with RO/NF Membranes
NF270,NF,Dexamethasone,C[C@@H]1C[C@H]2[C@@H]3CCC4=CC(=O)C=C[C@]4(C)[C@@]3(F)[C@@H](O)C[C@]2(C)[C@@]1(O)C(=O)CO,145.11,10.0,7.0,25.0,8.0,15.0,392.467,180,0.486,0.743,0.4409415966246648,0.42,12.13,-42.7,1.83,73.16,-7.413047459329147e-06,0.0003165371265133546,1.83,99.0,Removal of Glucocorticosteroids and Anesthetics from Water with RO/NF Membranes
NF270,NF,Dexamethasone,C[C@@H]1C[C@H]2[C@@H]3CCC4=CC(=O)C=C[C@]4(C)[C@@]3(F)[C@@H](O)C[C@]2(C)[C@@]1(O)C(=O)CO,145.11,10.0,7.0,25.0,0.5,15.0,392.467,180,0.486,0.743,0.4409415966246648,0.42,12.13,-42.7,1.83,73.16,-7.413047459329147e-06,0.0003165371265133546,1.83,99.1,Removal of Glucocorticosteroids and Anesthetics from Water with RO/NF Membranes
NF270,NF,Dexamethasone,C[C@@H]1C[C@H]2[C@@H]3CCC4=CC(=O)C=C[C@]4(C)[C@@]3(F)[C@@H](O)C[C@]2(C)[C@@]1(O)C(=O)CO,145.11,10.0,7.0,25.0,6.0,15.0,392.467,180,0.486,0.743,0.4409415966246648,0.42,12.13,-42.7,1.83,73.16,-7.413047459329147e-06,0.0003165371265133546,1.83,99.1,Removal of Glucocorticosteroids and Anesthetics from Water with RO/NF Membranes
NF270,NF,Dexamethasone,C[C@@H]1C[C@H]2[C@@H]3CCC4=CC(=O)C=C[C@]4(C)[C@@]3(F)[C@@H](O)C[C@]2(C)[C@@]1(O)C(=O)CO,145.11,10.0,7.0,25.0,24.0,15.0,392.467,180,0.486,0.743,0.4409415966246648,0.42,12.13,-42.7,1.83,73.16,-7.413047459329147e-06,0.0003165371265133546,1.83,99.1,Removal of Glucocorticosteroids and Anesthetics from Water with RO/NF Membranes
NF270,NF,Dexamethasone,C[C@@H]1C[C@H]2[C@@H]3CCC4=CC(=O)C=C[C@]4(C)[C@@]3(F)[C@@H](O)C[C@]2(C)[C@@]1(O)C(=O)CO,145.11,10.0,7.0,25.0,12.0,15.0,392.467,180,0.486,0.743,0.4409415966246648,0.42,12.13,-42.7,1.83,73.16,-7.413047459329147e-06,0.0003165371265133546,1.83,99.2,Removal of Glucocorticosteroids and Anesthetics from Water with RO/NF Membranes
NF270,NF,Hydrocortisone,C[C@]12CCC(=O)C=C1CC[C@H]3[C@@H]4CC[C@](O)(C(=O)CO)[C@@]4(C)C[C@H](O)[C@H]23,145.11,10.0,7.0,25.0,0.5,15.0,362.466,180,0.445,0.753,0.4058140559527056,0.42,12.58,-42.7,1.61,73.16,-2.630261073603865e-06,0.000112312147842885,1.61,94.8,Removal of Glucocorticosteroids and Anesthetics from Water with RO/NF Membranes
NF270,NF,Hydrocortisone,C[C@]12CCC(=O)C=C1CC[C@H]3[C@@H]4CC[C@](O)(C(=O)CO)[C@@]4(C)C[C@H](O)[C@H]23,145.11,10.0,7.0,25.0,2.0,15.0,362.466,180,0.445,0.753,0.4058140559527056,0.42,12.58,-42.7,1.61,73.16,-2.630261073603865e-06,0.000112312147842885,1.61,94.9,Removal of Glucocorticosteroids and Anesthetics from Water with RO/NF Membranes
NF270,NF,Hydrocortisone,C[C@]12CCC(=O)C=C1CC[C@H]3[C@@H]4CC[C@](O)(C(=O)CO)[C@@]4(C)C[C@H](O)[C@H]23,145.11,10.0,7.0,25.0,6.0,15.0,362.466,180,0.445,0.753,0.4058140559527056,0.42,12.58,-42.7,1.61,73.16,-2.630261073603865e-06,0.000112312147842885,1.61,95.1,Removal of Glucocorticosteroids and Anesthetics from Water with RO/NF Membranes
NF270,NF,Hydrocortisone,C[C@]12CCC(=O)C=C1CC[C@H]3[C@@H]4CC[C@](O)(C(=O)CO)[C@@]4(C)C[C@H](O)[C@H]23,145.11,10.0,7.0,25.0,4.0,15.0,362.466,180,0.445,0.753,0.4058140559527056,0.42,12.58,-42.7,1.61,73.16,-2.630261073603865e-06,0.000112312147842885,1.61,95.2,Removal of Glucocorticosteroids and Anesthetics from Water with RO/NF Membranes
NF270,NF,Hydrocortisone,C[C@]12CCC(=O)C=C1CC[C@H]3[C@@H]4CC[C@](O)(C(=O)CO)[C@@]4(C)C[C@H](O)[C@H]23,145.11,10.0,7.0,25.0,8.0,15.0,362.466,180,0.445,0.753,0.4058140559527056,0.42,12.58,-42.7,1.61,73.16,-2.630261073603865e-06,0.000112312147842885,1.61,95.2,Removal of Glucocorticosteroids and Anesthetics from Water with RO/NF Membranes
NF270,NF,Hydrocortisone,C[C@]12CCC(=O)C=C1CC[C@H]3[C@@H]4CC[C@](O)(C(=O)CO)[C@@]4(C)C[C@H](O)[C@H]23,145.11,10.0,7.0,25.0,12.0,15.0,362.466,180,0.445,0.753,0.4058140559527056,0.42,12.58,-42.7,1.61,73.16,-2.630261073603865e-06,0.000112312147842885,1.61,95.6,Removal of Glucocorticosteroids and Anesthetics from Water with RO/NF Membranes
NF270,NF,Hydrocortisone,C[C@]12CCC(=O)C=C1CC[C@H]3[C@@H]4CC[C@](O)(C(=O)CO)[C@@]4(C)C[C@H](O)[C@H]23,145.11,10.0,7.0,25.0,24.0,15.0,362.466,180,0.445,0.753,0.4058140559527056,0.42,12.58,-42.7,1.61,73.16,-2.630261073603865e-06,0.000112312147842885,1.61,95.7,Removal of Glucocorticosteroids and Anesthetics from Water with RO/NF Membranes
NF270,NF,Lidocaine,CCN(CC)CC(=O)Nc1c(C)cccc1C,145.11,10.0,7.0,25.0,4.0,15.0,234.343,180,0.451,0.675,0.3764144754956523,0.42,14.23,-42.7,2.44,73.16,0.8944287193736347,-38.1921063172542,2.44,55.3,Removal of Glucocorticosteroids and Anesthetics from Water with RO/NF Membranes
NF270,NF,Lidocaine,CCN(CC)CC(=O)Nc1c(C)cccc1C,145.11,10.0,7.0,25.0,6.0,15.0,234.343,180,0.451,0.675,0.3764144754956523,0.42,14.23,-42.7,2.44,73.16,0.8944287193736347,-38.1921063172542,2.44,56.6,Removal of Glucocorticosteroids and Anesthetics from Water with RO/NF Membranes
NF270,NF,Lidocaine,CCN(CC)CC(=O)Nc1c(C)cccc1C,145.11,10.0,7.0,25.0,2.0,15.0,234.343,180,0.451,0.675,0.3764144754956523,0.42,14.23,-42.7,2.44,73.16,0.8944287193736347,-38.1921063172542,2.44,56.8,Removal of Glucocorticosteroids and Anesthetics from Water with RO/NF Membranes
NF270,NF,Lidocaine,CCN(CC)CC(=O)Nc1c(C)cccc1C,145.11,10.0,7.0,25.0,8.0,15.0,234.343,180,0.451,0.675,0.3764144754956523,0.42,14.23,-42.7,2.44,73.16,0.8944287193736347,-38.1921063172542,2.44,59.0,Removal of Glucocorticosteroids and Anesthetics from Water with RO/NF Membranes
NF270,NF,Lidocaine,CCN(CC)CC(=O)Nc1c(C)cccc1C,145.11,10.0,7.0,25.0,0.5,15.0,234.343,180,0.451,0.675,0.3764144754956523,0.42,14.23,-42.7,2.44,73.16,0.8944287193736347,-38.1921063172542,2.44,60.8,Removal of Glucocorticosteroids and Anesthetics from Water with RO/NF Membranes
NF270,NF,Lidocaine,CCN(CC)CC(=O)Nc1c(C)cccc1C,145.11,10.0,7.0,25.0,24.0,15.0,234.343,180,0.451,0.675,0.3764144754956523,0.42,14.23,-42.7,2.44,73.16,0.8944287193736347,-38.1921063172542,2.44,61.6,Removal of Glucocorticosteroids and Anesthetics from Water with RO/NF Membranes
NF270,NF,Lidocaine,CCN(CC)CC(=O)Nc1c(C)cccc1C,145.11,10.0,7.0,25.0,12.0,15.0,234.343,180,0.451,0.675,0.3764144754956523,0.42,14.23,-42.7,2.44,73.16,0.8944287193736347,-38.1921063172542,2.44,63.0,Removal of Glucocorticosteroids and Anesthetics from Water with RO/NF Membranes
NF90,NF,Dexamethasone,C[C@@H]1C[C@H]2[C@@H]3CCC4=CC(=O)C=C[C@]4(C)[C@@]3(F)[C@@H](O)C[C@]2(C)[C@@]1(O)C(=O)CO,84.76,10.0,7.0,25.0,0.5,15.0,392.467,330,0.486,0.743,0.4409415966246648,0.34,12.13,-27.29,1.83,54.1,-7.413047459329147e-06,0.0002023020651650924,1.83,99.6,Removal of Glucocorticosteroids and Anesthetics from Water with RO/NF Membranes
NF90,NF,Dexamethasone,C[C@@H]1C[C@H]2[C@@H]3CCC4=CC(=O)C=C[C@]4(C)[C@@]3(F)[C@@H](O)C[C@]2(C)[C@@]1(O)C(=O)CO,84.76,10.0,7.0,25.0,2.0,15.0,392.467,330,0.486,0.743,0.4409415966246648,0.34,12.13,-27.29,1.83,54.1,-7.413047459329147e-06,0.0002023020651650924,1.83,99.6,Removal of Glucocorticosteroids and Anesthetics from Water with RO/NF Membranes
NF90,NF,Dexamethasone,C[C@@H]1C[C@H]2[C@@H]3CCC4=CC(=O)C=C[C@]4(C)[C@@]3(F)[C@@H](O)C[C@]2(C)[C@@]1(O)C(=O)CO,84.76,10.0,7.0,25.0,4.0,15.0,392.467,330,0.486,0.743,0.4409415966246648,0.34,12.13,-27.29,1.83,54.1,-7.413047459329147e-06,0.0002023020651650924,1.83,99.6,Removal of Glucocorticosteroids and Anesthetics from Water with RO/NF Membranes
NF90,NF,Dexamethasone,C[C@@H]1C[C@H]2[C@@H]3CCC4=CC(=O)C=C[C@]4(C)[C@@]3(F)[C@@H](O)C[C@]2(C)[C@@]1(O)C(=O)CO,84.76,10.0,7.0,25.0,6.0,15.0,392.467,330,0.486,0.743,0.4409415966246648,0.34,12.13,-27.29,1.83,54.1,-7.413047459329147e-06,0.0002023020651650924,1.83,99.6,Removal of Glucocorticosteroids and Anesthetics from Water with RO/NF Membranes
NF90,NF,Dexamethasone,C[C@@H]1C[C@H]2[C@@H]3CCC4=CC(=O)C=C[C@]4(C)[C@@]3(F)[C@@H](O)C[C@]2(C)[C@@]1(O)C(=O)CO,84.76,10.0,7.0,25.0,8.0,15.0,392.467,330,0.486,0.743,0.4409415966246648,0.34,12.13,-27.29,1.83,54.1,-7.413047459329147e-06,0.0002023020651650924,1.83,99.6,Removal of Glucocorticosteroids and Anesthetics from Water with RO/NF Membranes
NF90,NF,Dexamethasone,C[C@@H]1C[C@H]2[C@@H]3CCC4=CC(=O)C=C[C@]4(C)[C@@]3(F)[C@@H](O)C[C@]2(C)[C@@]1(O)C(=O)CO,84.76,10.0,7.0,25.0,12.0,15.0,392.467,330,0.486,0.743,0.4409415966246648,0.34,12.13,-27.29,1.83,54.1,-7.413047459329147e-06,0.0002023020651650924,1.83,99.6,Removal of Glucocorticosteroids and Anesthetics from Water with RO/NF Membranes
NF90,NF,Dexamethasone,C[C@@H]1C[C@H]2[C@@H]3CCC4=CC(=O)C=C[C@]4(C)[C@@]3(F)[C@@H](O)C[C@]2(C)[C@@]1(O)C(=O)CO,84.76,10.0,7.0,25.0,24.0,15.0,392.467,330,0.486,0.743,0.4409415966246648,0.34,12.13,-27.29,1.83,54.1,-7.413047459329147e-06,0.0002023020651650924,1.83,99.7,Removal of Glucocorticosteroids and Anesthetics from Water with RO/NF Membranes
NF90,NF,Hydrocortisone,C[C@]12CCC(=O)C=C1CC[C@H]3[C@@H]4CC[C@](O)(C(=O)CO)[C@@]4(C)C[C@H](O)[C@H]23,84.76,10.0,7.0,25.0,2.0,15.0,362.466,330,0.445,0.753,0.4058140559527056,0.34,12.58,-27.29,1.61,54.1,-2.630261073603865e-06,7.177982469864946e-05,1.61,99.3,Removal of Glucocorticosteroids and Anesthetics from Water with RO/NF Membranes
NF90,NF,Hydrocortisone,C[C@]12CCC(=O)C=C1CC[C@H]3[C@@H]4CC[C@](O)(C(=O)CO)[C@@]4(C)C[C@H](O)[C@H]23,84.76,10.0,7.0,25.0,4.0,15.0,362.466,330,0.445,0.753,0.4058140559527056,0.34,12.58,-27.29,1.61,54.1,-2.630261073603865e-06,7.177982469864946e-05,1.61,99.3,Removal of Glucocorticosteroids and Anesthetics from Water with RO/NF Membranes
NF90,NF,Hydrocortisone,C[C@]12CCC(=O)C=C1CC[C@H]3[C@@H]4CC[C@](O)(C(=O)CO)[C@@]4(C)C[C@H](O)[C@H]23,84.76,10.0,7.0,25.0,8.0,15.0,362.466,330,0.445,0.753,0.4058140559527056,0.34,12.58,-27.29,1.61,54.1,-2.630261073603865e-06,7.177982469864946e-05,1.61,99.3,Removal of Glucocorticosteroids and Anesthetics from Water with RO/NF Membranes
NF90,NF,Hydrocortisone,C[C@]12CCC(=O)C=C1CC[C@H]3[C@@H]4CC[C@](O)(C(=O)CO)[C@@]4(C)C[C@H](O)[C@H]23,84.76,10.0,7.0,25.0,0.5,15.0,362.466,330,0.445,0.753,0.4058140559527056,0.34,12.58,-27.29,1.61,54.1,-2.630261073603865e-06,7.177982469864946e-05,1.61,99.4,Removal of Glucocorticosteroids and Anesthetics from Water with RO/NF Membranes
NF90,NF,Hydrocortisone,C[C@]12CCC(=O)C=C1CC[C@H]3[C@@H]4CC[C@](O)(C(=O)CO)[C@@]4(C)C[C@H](O)[C@H]23,84.76,10.0,7.0,25.0,6.0,15.0,362.466,330,0.445,0.753,0.4058140559527056,0.34,12.58,-27.29,1.61,54.1,-2.630261073603865e-06,7.177982469864946e-05,1.61,99.4,Removal of Glucocorticosteroids and Anesthetics from Water with RO/NF Membranes
NF90,NF,Hydrocortisone,C[C@]12CCC(=O)C=C1CC[C@H]3[C@@H]4CC[C@](O)(C(=O)CO)[C@@]4(C)C[C@H](O)[C@H]23,84.76,10.0,7.0,25.0,12.0,15.0,362.466,330,0.445,0.753,0.4058140559527056,0.34,12.58,-27.29,1.61,54.1,-2.630261073603865e-06,7.177982469864946e-05,1.61,99.4,Removal of Glucocorticosteroids and Anesthetics from Water with RO/NF Membranes
NF90,NF,Hydrocortisone,C[C@]12CCC(=O)C=C1CC[C@H]3[C@@H]4CC[C@](O)(C(=O)CO)[C@@]4(C)C[C@H](O)[C@H]23,84.76,10.0,7.0,25.0,24.0,15.0,362.466,330,0.445,0.753,0.4058140559527056,0.34,12.58,-27.29,1.61,54.1,-2.630261073603865e-06,7.177982469864946e-05,1.61,99.4,Removal of Glucocorticosteroids and Anesthetics from Water with RO/NF Membranes
NF90,NF,Lidocaine,CCN(CC)CC(=O)Nc1c(C)cccc1C,84.76,10.0,7.0,25.0,4.0,15.0,234.343,330,0.451,0.675,0.3764144754956523,0.34,14.23,-27.29,2.44,54.1,0.8944287193736347,-24.40895975170649,2.44,99.1,Removal of Glucocorticosteroids and Anesthetics from Water with RO/NF Membranes
NF90,NF,Lidocaine,CCN(CC)CC(=O)Nc1c(C)cccc1C,84.76,10.0,7.0,25.0,6.0,15.0,234.343,330,0.451,0.675,0.3764144754956523,0.34,14.23,-27.29,2.44,54.1,0.8944287193736347,-24.40895975170649,2.44,99.1,Removal of Glucocorticosteroids and Anesthetics from Water with RO/NF Membranes
NF90,NF,Lidocaine,CCN(CC)CC(=O)Nc1c(C)cccc1C,84.76,10.0,7.0,25.0,8.0,15.0,234.343,330,0.451,0.675,0.3764144754956523,0.34,14.23,-27.29,2.44,54.1,0.8944287193736347,-24.40895975170649,2.44,99.1,Removal of Glucocorticosteroids and Anesthetics from Water with RO/NF Membranes
NF90,NF,Lidocaine,CCN(CC)CC(=O)Nc1c(C)cccc1C,84.76,10.0,7.0,25.0,12.0,15.0,234.343,330,0.451,0.675,0.3764144754956523,0.34,14.23,-27.29,2.44,54.1,0.8944287193736347,-24.40895975170649,2.44,99.2,Removal of Glucocorticosteroids and Anesthetics from Water with RO/NF Membranes
NF90,NF,Lidocaine,CCN(CC)CC(=O)Nc1c(C)cccc1C,84.76,10.0,7.0,25.0,24.0,15.0,234.343,330,0.451,0.675,0.3764144754956523,0.34,14.23,-27.29,2.44,54.1,0.8944287193736347,-24.40895975170649,2.44,99.2,Removal of Glucocorticosteroids and Anesthetics from Water with RO/NF Membranes
NF90,NF,Lidocaine,CCN(CC)CC(=O)Nc1c(C)cccc1C,84.76,10.0,7.0,25.0,0.5,15.0,234.343,330,0.451,0.675,0.3764144754956523,0.34,14.23,-27.29,2.44,54.1,0.8944287193736347,-24.40895975170649,2.44,99.3,Removal of Glucocorticosteroids and Anesthetics from Water with RO/NF Membranes
NF90,NF,Lidocaine,CCN(CC)CC(=O)Nc1c(C)cccc1C,84.76,10.0,7.0,25.0,2.0,15.0,234.343,330,0.451,0.675,0.3764144754956523,0.34,14.23,-27.29,2.44,54.1,0.8944287193736347,-24.40895975170649,2.44,99.4,Removal of Glucocorticosteroids and Anesthetics from Water with RO/NF Membranes
SWC1,RO,Dexamethasone,C[C@@H]1C[C@H]2[C@@H]3CCC4=CC(=O)C=C[C@]4(C)[C@@]3(F)[C@@H](O)C[C@]2(C)[C@@]1(O)C(=O)CO,7.13,10.0,7.0,25.0,2.0,15.0,392.467,100,0.486,0.743,0.4409415966246648,0.4031806108897714,12.13,-30.6,1.83,48.8,-7.413047459329147e-06,0.0002268392522554719,1.83,99.6,Removal of Glucocorticosteroids and Anesthetics from Water with RO/NF Membranes
SWC1,RO,Dexamethasone,C[C@@H]1C[C@H]2[C@@H]3CCC4=CC(=O)C=C[C@]4(C)[C@@]3(F)[C@@H](O)C[C@]2(C)[C@@]1(O)C(=O)CO,7.13,10.0,7.0,25.0,4.0,15.0,392.467,100,0.486,0.743,0.4409415966246648,0.4031806108897714,12.13,-30.6,1.83,48.8,-7.413047459329147e-06,0.0002268392522554719,1.83,99.6,Removal of Glucocorticosteroids and Anesthetics from Water with RO/NF Membranes
SWC1,RO,Dexamethasone,C[C@@H]1C[C@H]2[C@@H]3CCC4=CC(=O)C=C[C@]4(C)[C@@]3(F)[C@@H](O)C[C@]2(C)[C@@]1(O)C(=O)CO,7.13,10.0,7.0,25.0,6.0,15.0,392.467,100,0.486,0.743,0.4409415966246648,0.4031806108897714,12.13,-30.6,1.83,48.8,-7.413047459329147e-06,0.0002268392522554719,1.83,99.6,Removal of Glucocorticosteroids and Anesthetics from Water with RO/NF Membranes
SWC1,RO,Dexamethasone,C[C@@H]1C[C@H]2[C@@H]3CCC4=CC(=O)C=C[C@]4(C)[C@@]3(F)[C@@H](O)C[C@]2(C)[C@@]1(O)C(=O)CO,7.13,10.0,7.0,25.0,8.0,15.0,392.467,100,0.486,0.743,0.4409415966246648,0.4031806108897714,12.13,-30.6,1.83,48.8,-7.413047459329147e-06,0.0002268392522554719,1.83,99.6,Removal of Glucocorticosteroids and Anesthetics from Water with RO/NF Membranes
SWC1,RO,Dexamethasone,C[C@@H]1C[C@H]2[C@@H]3CCC4=CC(=O)C=C[C@]4(C)[C@@]3(F)[C@@H](O)C[C@]2(C)[C@@]1(O)C(=O)CO,7.13,10.0,7.0,25.0,12.0,15.0,392.467,100,0.486,0.743,0.4409415966246648,0.4031806108897714,12.13,-30.6,1.83,48.8,-7.413047459329147e-06,0.0002268392522554719,1.83,99.6,Removal of Glucocorticosteroids and Anesthetics from Water with RO/NF Membranes
SWC1,RO,Dexamethasone,C[C@@H]1C[C@H]2[C@@H]3CCC4=CC(=O)C=C[C@]4(C)[C@@]3(F)[C@@H](O)C[C@]2(C)[C@@]1(O)C(=O)CO,7.13,10.0,7.0,25.0,24.0,15.0,392.467,100,0.486,0.743,0.4409415966246648,0.4031806108897714,12.13,-30.6,1.83,48.8,-7.413047459329147e-06,0.0002268392522554719,1.83,99.6,Removal of Glucocorticosteroids and Anesthetics from Water with RO/NF Membranes
SWC1,RO,Dexamethasone,C[C@@H]1C[C@H]2[C@@H]3CCC4=CC(=O)C=C[C@]4(C)[C@@]3(F)[C@@H](O)C[C@]2(C)[C@@]1(O)C(=O)CO,7.13,10.0,7.0,25.0,0.5,15.0,392.467,100,0.486,0.743,0.4409415966246648,0.4031806108897714,12.13,-30.6,1.83,48.8,-7.413047459329147e-06,0.0002268392522554719,1.83,99.9,Removal of Glucocorticosteroids and Anesthetics from Water with RO/NF Membranes
SWC1,RO,Hydrocortisone,C[C@]12CCC(=O)C=C1CC[C@H]3[C@@H]4CC[C@](O)(C(=O)CO)[C@@]4(C)C[C@H](O)[C@H]23,7.13,10.0,7.0,25.0,8.0,15.0,362.466,100,0.445,0.753,0.4058140559527056,0.4031806108897714,12.58,-30.6,1.61,48.8,-2.630261073603865e-06,8.048598885227827e-05,1.61,99.5,Removal of Glucocorticosteroids and Anesthetics from Water with RO/NF Membranes
SWC1,RO,Hydrocortisone,C[C@]12CCC(=O)C=C1CC[C@H]3[C@@H]4CC[C@](O)(C(=O)CO)[C@@]4(C)C[C@H](O)[C@H]23,7.13,10.0,7.0,25.0,12.0,15.0,362.466,100,0.445,0.753,0.4058140559527056,0.4031806108897714,12.58,-30.6,1.61,48.8,-2.630261073603865e-06,8.048598885227827e-05,1.61,99.5,Removal of Glucocorticosteroids and Anesthetics from Water with RO/NF Membranes
SWC1,RO,Hydrocortisone,C[C@]12CCC(=O)C=C1CC[C@H]3[C@@H]4CC[C@](O)(C(=O)CO)[C@@]4(C)C[C@H](O)[C@H]23,7.13,10.0,7.0,25.0,2.0,15.0,362.466,100,0.445,0.753,0.4058140559527056,0.4031806108897714,12.58,-30.6,1.61,48.8,-2.630261073603865e-06,8.048598885227827e-05,1.61,99.6,Removal of Glucocorticosteroids and Anesthetics from Water with RO/NF Membranes
SWC1,RO,Hydrocortisone,C[C@]12CCC(=O)C=C1CC[C@H]3[C@@H]4CC[C@](O)(C(=O)CO)[C@@]4(C)C[C@H](O)[C@H]23,7.13,10.0,7.0,25.0,4.0,15.0,362.466,100,0.445,0.753,0.4058140559527056,0.4031806108897714,12.58,-30.6,1.61,48.8,-2.630261073603865e-06,8.048598885227827e-05,1.61,99.6,Removal of Glucocorticosteroids and Anesthetics from Water with RO/NF Membranes
SWC1,RO,Hydrocortisone,C[C@]12CCC(=O)C=C1CC[C@H]3[C@@H]4CC[C@](O)(C(=O)CO)[C@@]4(C)C[C@H](O)[C@H]23,7.13,10.0,7.0,25.0,6.0,15.0,362.466,100,0.445,0.753,0.4058140559527056,0.4031806108897714,12.58,-30.6,1.61,48.8,-2.630261073603865e-06,8.048598885227827e-05,1.61,99.6,Removal of Glucocorticosteroids and Anesthetics from Water with RO/NF Membranes
SWC1,RO,Hydrocortisone,C[C@]12CCC(=O)C=C1CC[C@H]3[C@@H]4CC[C@](O)(C(=O)CO)[C@@]4(C)C[C@H](O)[C@H]23,7.13,10.0,7.0,25.0,24.0,15.0,362.466,100,0.445,0.753,0.4058140559527056,0.4031806108897714,12.58,-30.6,1.61,48.8,-2.630261073603865e-06,8.048598885227827e-05,1.61,99.6,Removal of Glucocorticosteroids and Anesthetics from Water with RO/NF Membranes
SWC1,RO,Hydrocortisone,C[C@]12CCC(=O)C=C1CC[C@H]3[C@@H]4CC[C@](O)(C(=O)CO)[C@@]4(C)C[C@H](O)[C@H]23,7.13,10.0,7.0,25.0,0.5,15.0,362.466,100,0.445,0.753,0.4058140559527056,0.4031806108897714,12.58,-30.6,1.61,48.8,-2.630261073603865e-06,8.048598885227827e-05,1.61,99.9,Removal of Glucocorticosteroids and Anesthetics from Water with RO/NF Membranes
SWC1,RO,Lidocaine,CCN(CC)CC(=O)Nc1c(C)cccc1C,7.13,10.0,7.0,25.0,12.0,15.0,234.343,100,0.451,0.675,0.3764144754956523,0.4031806108897714,14.23,-30.6,2.44,48.8,0.8944287193736347,-27.36951881283322,2.44,98.3,Removal of Glucocorticosteroids and Anesthetics from Water with RO/NF Membranes
SWC1,RO,Lidocaine,CCN(CC)CC(=O)Nc1c(C)cccc1C,7.13,10.0,7.0,25.0,8.0,15.0,234.343,100,0.451,0.675,0.3764144754956523,0.4031806108897714,14.23,-30.6,2.44,48.8,0.8944287193736347,-27.36951881283322,2.44,98.5,Removal of Glucocorticosteroids and Anesthetics from Water with RO/NF Membranes
SWC1,RO,Lidocaine,CCN(CC)CC(=O)Nc1c(C)cccc1C,7.13,10.0,7.0,25.0,4.0,15.0,234.343,100,0.451,0.675,0.3764144754956523,0.4031806108897714,14.23,-30.6,2.44,48.8,0.8944287193736347,-27.36951881283322,2.44,98.6,Removal of Glucocorticosteroids and Anesthetics from Water with RO/NF Membranes
SWC1,RO,Lidocaine,CCN(CC)CC(=O)Nc1c(C)cccc1C,7.13,10.0,7.0,25.0,24.0,15.0,234.343,100,0.451,0.675,0.3764144754956523,0.4031806108897714,14.23,-30.6,2.44,48.8,0.8944287193736347,-27.36951881283322,2.44,98.6,Removal of Glucocorticosteroids and Anesthetics from Water with RO/NF Membranes
SWC1,RO,Lidocaine,CCN(CC)CC(=O)Nc1c(C)cccc1C,7.13,10.0,7.0,25.0,6.0,15.0,234.343,100,0.451,0.675,0.3764144754956523,0.4031806108897714,14.23,-30.6,2.44,48.8,0.8944287193736347,-27.36951881283322,2.44,98.8,Removal of Glucocorticosteroids and Anesthetics from Water with RO/NF Membranes
SWC1,RO,Lidocaine,CCN(CC)CC(=O)Nc1c(C)cccc1C,7.13,10.0,7.0,25.0,2.0,15.0,234.343,100,0.451,0.675,0.3764144754956523,0.4031806108897714,14.23,-30.6,2.44,48.8,0.8944287193736347,-27.36951881283322,2.44,99.3,Removal of Glucocorticosteroids and Anesthetics from Water with RO/NF Membranes
SWC1,RO,Lidocaine,CCN(CC)CC(=O)Nc1c(C)cccc1C,7.13,10.0,7.0,25.0,0.5,15.0,234.343,100,0.451,0.675,0.3764144754956523,0.4031806108897714,14.23,-30.6,2.44,48.8,0.8944287193736347,-27.36951881283322,2.44,100.0,Removal of Glucocorticosteroids and Anesthetics from Water with RO/NF Membranes
XLE,RO,Dexamethasone,C[C@@H]1C[C@H]2[C@@H]3CCC4=CC(=O)C=C[C@]4(C)[C@@]3(F)[C@@H](O)C[C@]2(C)[C@@]1(O)C(=O)CO,83.79,10.0,7.0,25.0,0.5,15.0,392.467,100,0.486,0.743,0.4409415966246648,0.3,12.13,-33.0,1.83,65.0,-7.413047459329147e-06,0.0002446305661578619,1.83,99.3,Removal of Glucocorticosteroids and Anesthetics from Water with RO/NF Membranes
XLE,RO,Dexamethasone,C[C@@H]1C[C@H]2[C@@H]3CCC4=CC(=O)C=C[C@]4(C)[C@@]3(F)[C@@H](O)C[C@]2(C)[C@@]1(O)C(=O)CO,83.79,10.0,7.0,25.0,6.0,15.0,392.467,100,0.486,0.743,0.4409415966246648,0.3,12.13,-33.0,1.83,65.0,-7.413047459329147e-06,0.0002446305661578619,1.83,99.4,Removal of Glucocorticosteroids and Anesthetics from Water with RO/NF Membranes
XLE,RO,Dexamethasone,C[C@@H]1C[C@H]2[C@@H]3CCC4=CC(=O)C=C[C@]4(C)[C@@]3(F)[C@@H](O)C[C@]2(C)[C@@]1(O)C(=O)CO,83.79,10.0,7.0,25.0,8.0,15.0,392.467,100,0.486,0.743,0.4409415966246648,0.3,12.13,-33.0,1.83,65.0,-7.413047459329147e-06,0.0002446305661578619,1.83,99.4,Removal of Glucocorticosteroids and Anesthetics from Water with RO/NF Membranes
XLE,RO,Dexamethasone,C[C@@H]1C[C@H]2[C@@H]3CCC4=CC(=O)C=C[C@]4(C)[C@@]3(F)[C@@H](O)C[C@]2(C)[C@@]1(O)C(=O)CO,83.79,10.0,7.0,25.0,2.0,15.0,392.467,100,0.486,0.743,0.4409415966246648,0.3,12.13,-33.0,1.83,65.0,-7.413047459329147e-06,0.0002446305661578619,1.83,99.5,Removal of Glucocorticosteroids and Anesthetics from Water with RO/NF Membranes
XLE,RO,Dexamethasone,C[C@@H]1C[C@H]2[C@@H]3CCC4=CC(=O)C=C[C@]4(C)[C@@]3(F)[C@@H](O)C[C@]2(C)[C@@]1(O)C(=O)CO,83.79,10.0,7.0,25.0,4.0,15.0,392.467,100,0.486,0.743,0.4409415966246648,0.3,12.13,-33.0,1.83,65.0,-7.413047459329147e-06,0.0002446305661578619,1.83,99.5,Removal of Glucocorticosteroids and Anesthetics from Water with RO/NF Membranes
XLE,RO,Dexamethasone,C[C@@H]1C[C@H]2[C@@H]3CCC4=CC(=O)C=C[C@]4(C)[C@@]3(F)[C@@H](O)C[C@]2(C)[C@@]1(O)C(=O)CO,83.79,10.0,7.0,25.0,12.0,15.0,392.467,100,0.486,0.743,0.4409415966246648,0.3,12.13,-33.0,1.83,65.0,-7.413047459329147e-06,0.0002446305661578619,1.83,99.5,Removal of Glucocorticosteroids and Anesthetics from Water with RO/NF Membranes
XLE,RO,Dexamethasone,C[C@@H]1C[C@H]2[C@@H]3CCC4=CC(=O)C=C[C@]4(C)[C@@]3(F)[C@@H](O)C[C@]2(C)[C@@]1(O)C(=O)CO,83.79,10.0,7.0,25.0,24.0,15.0,392.467,100,0.486,0.743,0.4409415966246648,0.3,12.13,-33.0,1.83,65.0,-7.413047459329147e-06,0.0002446305661578619,1.83,99.6,Removal of Glucocorticosteroids and Anesthetics from Water with RO/NF Membranes
XLE,RO,Hydrocortisone,C[C@]12CCC(=O)C=C1CC[C@H]3[C@@H]4CC[C@](O)(C(=O)CO)[C@@]4(C)C[C@H](O)[C@H]23,83.79,10.0,7.0,25.0,24.0,15.0,362.466,100,0.445,0.753,0.4058140559527056,0.3,12.58,-33.0,1.61,65.0,-2.630261073603865e-06,8.679861542892754e-05,1.61,98.8,Removal of Glucocorticosteroids and Anesthetics from Water with RO/NF Membranes
XLE,RO,Hydrocortisone,C[C@]12CCC(=O)C=C1CC[C@H]3[C@@H]4CC[C@](O)(C(=O)CO)[C@@]4(C)C[C@H](O)[C@H]23,83.79,10.0,7.0,25.0,0.5,15.0,362.466,100,0.445,0.753,0.4058140559527056,0.3,12.58,-33.0,1.61,65.0,-2.630261073603865e-06,8.679861542892754e-05,1.61,99.3,Removal of Glucocorticosteroids and Anesthetics from Water with RO/NF Membranes
XLE,RO,Hydrocortisone,C[C@]12CCC(=O)C=C1CC[C@H]3[C@@H]4CC[C@](O)(C(=O)CO)[C@@]4(C)C[C@H](O)[C@H]23,83.79,10.0,7.0,25.0,2.0,15.0,362.466,100,0.445,0.753,0.4058140559527056,0.3,12.58,-33.0,1.61,65.0,-2.630261073603865e-06,8.679861542892754e-05,1.61,99.3,Removal of Glucocorticosteroids and Anesthetics from Water with RO/NF Membranes
XLE,RO,Hydrocortisone,C[C@]12CCC(=O)C=C1CC[C@H]3[C@@H]4CC[C@](O)(C(=O)CO)[C@@]4(C)C[C@H](O)[C@H]23,83.79,10.0,7.0,25.0,4.0,15.0,362.466,100,0.445,0.753,0.4058140559527056,0.3,12.58,-33.0,1.61,65.0,-2.630261073603865e-06,8.679861542892754e-05,1.61,99.3,Removal of Glucocorticosteroids and Anesthetics from Water with RO/NF Membranes
XLE,RO,Hydrocortisone,C[C@]12CCC(=O)C=C1CC[C@H]3[C@@H]4CC[C@](O)(C(=O)CO)[C@@]4(C)C[C@H](O)[C@H]23,83.79,10.0,7.0,25.0,6.0,15.0,362.466,100,0.445,0.753,0.4058140559527056,0.3,12.58,-33.0,1.61,65.0,-2.630261073603865e-06,8.679861542892754e-05,1.61,99.3,Removal of Glucocorticosteroids and Anesthetics from Water with RO/NF Membranes
XLE,RO,Hydrocortisone,C[C@]12CCC(=O)C=C1CC[C@H]3[C@@H]4CC[C@](O)(C(=O)CO)[C@@]4(C)C[C@H](O)[C@H]23,83.79,10.0,7.0,25.0,8.0,15.0,362.466,100,0.445,0.753,0.4058140559527056,0.3,12.58,-33.0,1.61,65.0,-2.630261073603865e-06,8.679861542892754e-05,1.61,99.3,Removal of Glucocorticosteroids and Anesthetics from Water with RO/NF Membranes
XLE,RO,Hydrocortisone,C[C@]12CCC(=O)C=C1CC[C@H]3[C@@H]4CC[C@](O)(C(=O)CO)[C@@]4(C)C[C@H](O)[C@H]23,83.79,10.0,7.0,25.0,12.0,15.0,362.466,100,0.445,0.753,0.4058140559527056,0.3,12.58,-33.0,1.61,65.0,-2.630261073603865e-06,8.679861542892754e-05,1.61,99.3,Removal of Glucocorticosteroids and Anesthetics from Water with RO/NF Membranes
XLE,RO,Lidocaine,CCN(CC)CC(=O)Nc1c(C)cccc1C,83.79,10.0,7.0,25.0,8.0,15.0,234.343,100,0.451,0.675,0.3764144754956523,0.3,14.23,-33.0,2.44,65.0,0.8944287193736347,-29.51614773932994,2.44,97.2,Removal of Glucocorticosteroids and Anesthetics from Water with RO/NF Membranes
XLE,RO,Lidocaine,CCN(CC)CC(=O)Nc1c(C)cccc1C,83.79,10.0,7.0,25.0,2.0,15.0,234.343,100,0.451,0.675,0.3764144754956523,0.3,14.23,-33.0,2.44,65.0,0.8944287193736347,-29.51614773932994,2.44,97.3,Removal of Glucocorticosteroids and Anesthetics from Water with RO/NF Membranes
XLE,RO,Lidocaine,CCN(CC)CC(=O)Nc1c(C)cccc1C,83.79,10.0,7.0,25.0,6.0,15.0,234.343,100,0.451,0.675,0.3764144754956523,0.3,14.23,-33.0,2.44,65.0,0.8944287193736347,-29.51614773932994,2.44,97.5,Removal of Glucocorticosteroids and Anesthetics from Water with RO/NF Membranes
XLE,RO,Lidocaine,CCN(CC)CC(=O)Nc1c(C)cccc1C,83.79,10.0,7.0,25.0,4.0,15.0,234.343,100,0.451,0.675,0.3764144754956523,0.3,14.23,-33.0,2.44,65.0,0.8944287193736347,-29.51614773932994,2.44,97.7,Removal of Glucocorticosteroids and Anesthetics from Water with RO/NF Membranes
XLE,RO,Lidocaine,CCN(CC)CC(=O)Nc1c(C)cccc1C,83.79,10.0,7.0,25.0,12.0,15.0,234.343,100,0.451,0.675,0.3764144754956523,0.3,14.23,-33.0,2.44,65.0,0.8944287193736347,-29.51614773932994,2.44,98.1,Removal of Glucocorticosteroids and Anesthetics from Water with RO/NF Membranes
XLE,RO,Lidocaine,CCN(CC)CC(=O)Nc1c(C)cccc1C,83.79,10.0,7.0,25.0,24.0,15.0,234.343,100,0.451,0.675,0.3764144754956523,0.3,14.23,-33.0,2.44,65.0,0.8944287193736347,-29.51614773932994,2.44,98.3,Removal of Glucocorticosteroids and Anesthetics from Water with RO/NF Membranes
XLE,RO,Lidocaine,CCN(CC)CC(=O)Nc1c(C)cccc1C,83.79,10.0,7.0,25.0,0.5,15.0,234.343,100,0.451,0.675,0.3764144754956523,0.3,14.23,-33.0,2.44,65.0,0.8944287193736347,-29.51614773932994,2.44,98.4,Removal of Glucocorticosteroids and Anesthetics from Water with RO/NF Membranes
NF270,NF,Bromoacetic acid,OC(=O)CBr,111.005636,6.89476,3.5,25.0,0.5,0.1,138.948,96,0.268,0.358,0.1841392424323127,0.42,2.89,-5.89372,0.41,73.16,-0.8029091701538159,4.732121834318948,-2.054439755434213,18.18199999999999,Removal of haloacetic acids from swimming pool water by reverse osmosis and nanofiltration
NF270,NF,Bromoacetic acid,OC(=O)CBr,111.005636,6.89476,5.5,25.0,0.5,0.1,138.948,180,0.268,0.358,0.1841392424323127,0.42,2.89,-22.1256,0.41,73.16,-0.9975513019253107,22.07142108587865,-2.65187197498184,17.17199999999998,Removal of haloacetic acids from swimming pool water by reverse osmosis and nanofiltration
NF270,NF,Bromoacetic acid,OC(=O)CBr,111.005636,6.89476,7.5,25.0,0.5,0.1,138.948,330,0.268,0.358,0.1841392424323127,0.42,2.89,-35.6522,0.41,73.16,-0.9999754535133879,35.65132486375001,-2.65931263672657,62.62609999999999,Removal of haloacetic acids from swimming pool water by reverse osmosis and nanofiltration
NF270,NF,Bromochloroacetic acid,OC(=O)C(Cl)Br,111.005636,6.89476,3.5,25.0,0.5,0.1,173.393,96,0.323,0.358,0.2022924921824368,0.42,1.4,-5.89372,0.61,73.16,-0.9921193161496697,5.847273455977632,-2.564912592835439,26.76799999999999,Removal of haloacetic acids from swimming pool water by reverse osmosis and nanofiltration
NF270,NF,Bromochloroacetic acid,OC(=O)C(Cl)Br,111.005636,6.89476,5.5,25.0,0.5,0.1,173.393,180,0.323,0.358,0.2022924921824368,0.42,1.4,-22.1256,0.61,73.16,-0.9999205734855999,22.12384264071299,-2.589877644672065,33.83799999999999,Removal of haloacetic acids from swimming pool water by reverse osmosis and nanofiltration
NF270,NF,Bromochloroacetic acid,OC(=O)C(Cl)Br,111.005636,6.89476,7.5,25.0,0.5,0.1,173.393,330,0.323,0.358,0.2022924921824368,0.42,1.4,-35.6522,0.61,73.16,-0.9999992056723962,35.6521716804734,-2.590129278035108,65.15139999999998,Removal of haloacetic acids from swimming pool water by reverse osmosis and nanofiltration
NF270,NF,Bromodichloroacetic acid,OC(=O)C(Cl)(Cl)Br,111.005636,6.89476,3.5,25.0,0.5,0.1,207.838,96,0.325,0.397,0.2184269227652916,0.42,0.03,-5.89372,1.53,73.16,-0.9996612706203316,5.891723623880461,-1.963822142975559,31.81799999999998,Removal of haloacetic acids from swimming pool water by reverse osmosis and nanofiltration
NF270,NF,Bromodichloroacetic acid,OC(=O)C(Cl)(Cl)Br,111.005636,6.89476,5.5,25.0,0.5,0.1,207.838,180,0.325,0.397,0.2184269227652916,0.42,0.03,-22.1256,1.53,73.16,-0.9999966115699201,22.12552502895142,-1.964994161607822,43.43419999999999,Removal of haloacetic acids from swimming pool water by reverse osmosis and nanofiltration
NF270,NF,Bromodichloroacetic acid,OC(=O)C(Cl)(Cl)Br,111.005636,6.89476,7.5,25.0,0.5,0.1,207.838,330,0.325,0.397,0.2184269227652916,0.42,0.03,-35.6522,1.53,73.16,-0.9999999661155854,35.65219879194608,-1.965005885765064,70.20189999999998,Removal of haloacetic acids from swimming pool water by reverse osmosis and nanofiltration
NF270,NF,Chloroacetic acid,OC(=O)CCl,111.005636,6.89476,3.5,25.0,0.5,0.1,94.497,96,0.264,0.343,0.1808083224788762,0.42,2.87,-5.89372,0.22,73.16,-0.8100951586047567,4.774474038172027,-2.436629979300485,16.66699999999999,Removal of haloacetic acids from swimming pool water by reverse osmosis and nanofiltration
NF270,NF,Chloroacetic acid,OC(=O)CCl,111.005636,6.89476,5.5,25.0,0.5,0.1,94.497,180,0.264,0.343,0.1808083224788762,0.42,2.87,-22.1256,0.22,73.16,-0.997661253741052,22.07385383577302,-3.051735138424791,17.67699999999999,Removal of haloacetic acids from swimming pool water by reverse osmosis and nanofiltration
NF270,NF,Chloroacetic acid,OC(=O)CCl,111.005636,6.89476,7.5,25.0,0.5,0.1,94.497,330,0.264,0.343,0.1808083224788762,0.42,2.87,-35.6522,0.22,73.16,-0.9999765582613749,35.65136425044619,-3.059327959261412,64.14129999999999,Removal of haloacetic acids from swimming pool water by reverse osmosis and nanofiltration
NF270,NF,Dibromoacetic acid,OC(=O)C(Br)Br,111.005636,6.89476,3.5,25.0,0.5,0.1,217.844,96,0.325,0.382,0.2049532737194045,0.42,1.48,-5.89372,1.65,73.16,-0.9905404124990876,5.837967839954123,-0.6631023776509091,27.27299999999998,Removal of haloacetic acids from swimming pool water by reverse osmosis and nanofiltration
NF270,NF,Dibromoacetic acid,OC(=O)C(Br)Br,111.005636,6.89476,5.5,25.0,0.5,0.1,217.844,180,0.325,0.382,0.2049532737194045,0.42,1.48,-22.1256,1.65,73.16,-0.9999045098606353,22.12348722337247,-0.6849693460231565,34.34299999999999,Removal of haloacetic acids from swimming pool water by reverse osmosis and nanofiltration
NF270,NF,Dibromoacetic acid,OC(=O)C(Br)Br,111.005636,6.89476,7.5,25.0,0.5,0.1,217.844,330,0.325,0.382,0.2049532737194045,0.42,1.48,-35.6522,1.65,73.16,-0.9999990450083259,35.65216595244584,-0.6851901037753243,65.65639999999999,Removal of haloacetic acids from swimming pool water by reverse osmosis and nanofiltration
NF270,NF,Dibromochloroacetic acid,OC(=O)C(Cl)(Br)Br,111.005636,6.89476,3.5,25.0,0.5,0.1,252.289,96,0.333,0.378,0.2209596757817225,0.42,0.03,-5.89372,2.86,73.16,-0.9996612706203316,5.891723623880461,-1.733451427117284,30.80799999999999,Removal of haloacetic acids from swimming pool water by reverse osmosis and nanofiltration
NF270,NF,Dibromochloroacetic acid,OC(=O)C(Cl)(Br)Br,111.005636,6.89476,5.5,25.0,0.5,0.1,252.289,180,0.333,0.378,0.2209596757817225,0.42,0.03,-22.1256,2.86,73.16,-0.9999966115699201,22.12552502895142,-1.734992321426916,40.40399999999998,Removal of haloacetic acids from swimming pool water by reverse osmosis and nanofiltration
NF270,NF,Dibromochloroacetic acid,OC(=O)C(Cl)(Br)Br,111.005636,6.89476,7.5,25.0,0.5,0.1,252.289,330,0.333,0.378,0.2209596757817225,0.42,0.03,-35.6522,2.86,73.16,-0.9999999661155854,35.65219879194608,-1.73500773559072,74.24229999999999,Removal of haloacetic acids from swimming pool water by reverse osmosis and nanofiltration
NF270,NF,Dichloroacetic acid,OC(=O)C(Cl)Cl,111.005636,6.89476,3.5,25.0,0.5,0.1,128.942,96,0.308,0.347,0.2043171378419203,0.42,1.26,-5.89372,0.92,73.16,-0.9942785242829096,5.85999922413667,-2.763911369741273,26.26199999999999,Removal of haloacetic acids from swimming pool water by reverse osmosis and nanofiltration
NF270,NF,Dichloroacetic acid,OC(=O)C(Cl)Cl,111.005636,6.89476,5.5,25.0,0.5,0.1,128.942,180,0.308,0.347,0.2043171378419203,0.42,1.26,-22.1256,0.92,73.16,-0.9999424593173869,22.12432687787278,-2.784896872456456,29.29299999999999,Removal of haloacetic acids from swimming pool water by reverse osmosis and nanofiltration
NF270,NF,Dichloroacetic acid,OC(=O)C(Cl)Cl,111.005636,6.89476,7.5,25.0,0.5,0.1,128.942,330,0.308,0.347,0.2043171378419203,0.42,1.26,-35.6522,0.92,73.16,-0.9999994245603939,35.65217948431208,-2.785107934951792,62.62609999999999,Removal of haloacetic acids from swimming pool water by reverse osmosis and nanofiltration
NF270,NF,Erythritol,OC[C@@H](O)[C@@H](O)CO,111.005636,6.89476,3.5,25.0,0.5,0.1,122.119999999999,96,0.336,0.472,0.2077294751387896,0.42,13.903,-5.89372,-2.29,73.16,-3.953666200524956e-11,2.330180155935794e-10,-2.29,38.3838,Removal of haloacetic acids from swimming pool water by reverse osmosis and nanofiltration
NF270,NF,Erythritol,OC[C@@H](O)[C@@H](O)CO,111.005636,6.89476,5.5,25.0,0.5,0.1,122.119999999999,180,0.336,0.472,0.2077294751387896,0.42,13.903,-22.1256,-2.29,73.16,-3.953666185049789e-09,8.74772365439376e-08,-2.29,31.8182,Removal of haloacetic acids from swimming pool water by reverse osmosis and nanofiltration
NF270,NF,Erythritol,OC[C@@H](O)[C@@H](O)CO,111.005636,6.89476,7.5,25.0,0.5,0.1,122.119999999999,330,0.336,0.472,0.2077294751387896,0.42,13.903,-35.6522,-2.29,73.16,-3.953664637534242e-07,1.409568423902983e-05,-2.29,33.8384,Removal of haloacetic acids from swimming pool water by reverse osmosis and nanofiltration
NF270,NF,Glucose,OC[C@@H](O)[C@@H](O)[C@H](O)[C@@H](O)C=O,111.005636,6.89476,3.5,25.0,0.5,0.1,180.156,96,0.401,0.481,0.2515616313767203,0.42,12.45,-5.89372,-3.24,73.16,-1.122018453043038e-09,6.612862597068816e-09,-3.24,81.3131,Removal of haloacetic acids from swimming pool water by reverse osmosis and nanofiltration
NF270,NF,Glucose,OC[C@@H](O)[C@@H](O)[C@H](O)[C@@H](O)C=O,111.005636,6.89476,5.5,25.0,0.5,0.1,180.156,180,0.401,0.481,0.2515616313767203,0.42,12.45,-22.1256,-3.24,73.16,-1.122018328409435e-07,2.482532872705579e-06,-3.24,80.303,Removal of haloacetic acids from swimming pool water by reverse osmosis and nanofiltration
NF270,NF,Glucose,OC[C@@H](O)[C@@H](O)[C@H](O)[C@@H](O)C=O,111.005636,6.89476,7.5,25.0,0.5,0.1,180.156,330,0.401,0.481,0.2515616313767203,0.42,12.45,-35.6522,-3.24,73.16,-1.122005865189099e-05,0.0004000197750689479,-3.24,78.7879,Removal of haloacetic acids from swimming pool water by reverse osmosis and nanofiltration
NF270,NF,Glycerol,OCC(O)CO,111.005636,6.89476,3.5,25.0,0.5,0.1,92.094,96,0.301,0.438,0.1899123866414896,0.42,14.4,-5.89372,-1.76,73.16,-1.258925411778315e-11,7.419753877906092e-11,-1.76,21.7172,Removal of haloacetic acids from swimming pool water by reverse osmosis and nanofiltration
NF270,NF,Glycerol,OCC(O)CO,111.005636,6.89476,5.5,25.0,0.5,0.1,92.094,180,0.301,0.438,0.1899123866414896,0.42,14.4,-22.1256,-1.76,73.16,-1.258925410209269e-09,2.78544800561262e-08,-1.76,16.6667,Removal of haloacetic acids from swimming pool water by reverse osmosis and nanofiltration
NF270,NF,Glycerol,OCC(O)CO,111.005636,6.89476,7.5,25.0,0.5,0.1,92.094,330,0.301,0.438,0.1899123866414896,0.42,14.4,-35.6522,-1.76,73.16,-1.258925253304866e-07,4.488345491587575e-06,-1.76,19.697,Removal of haloacetic acids from swimming pool water by reverse osmosis and nanofiltration
NF270,NF,Raffinose,OC[C@H]1O[C@H](OC[C@H]2O[C@H](O[C@]3(CO)O[C@H](CO)[C@@H](O)[C@@H]3O)[C@H](O)[C@@H](O)[C@@H]2O)[C@H](O)[C@@H](O)[C@H]1O,111.005636,6.89476,3.5,25.0,0.5,0.1,504.438,96,0.5730000000000001,0.753,0.424151565064248,0.42,12.81,-5.89372,-5.104,73.16,-4.897788191285612e-10,2.886619221874384e-09,-5.104,100.0,Removal of haloacetic acids from swimming pool water by reverse osmosis and nanofiltration
NF270,NF,Raffinose,OC[C@H]1O[C@H](OC[C@H]2O[C@H](O[C@]3(CO)O[C@H](CO)[C@@H](O)[C@@H]3O)[C@H](O)[C@@H](O)[C@@H]2O)[C@H](O)[C@@H](O)[C@H]1O,111.005636,6.89476,5.5,25.0,0.5,0.1,504.438,180,0.5730000000000001,0.753,0.424151565064248,0.42,12.81,-22.1256,-5.104,73.16,-4.897787953801176e-08,1.083664971506233e-06,-5.104,99.4949,Removal of haloacetic acids from swimming pool water by reverse osmosis and nanofiltration
NF270,NF,Raffinose,OC[C@H]1O[C@H](OC[C@H]2O[C@H](O[C@]3(CO)O[C@H](CO)[C@@H](O)[C@@H]3O)[C@H](O)[C@@H](O)[C@@H]2O)[C@H](O)[C@@H](O)[C@H]1O,111.005636,6.89476,7.5,25.0,0.5,0.1,504.438,330,0.5730000000000001,0.753,0.424151565064248,0.42,12.81,-35.6522,-5.104,73.16,-4.897764205472748e-06,0.0001746160690063555,-5.104,99.4949,Removal of haloacetic acids from swimming pool water by reverse osmosis and nanofiltration
NF270,NF,Sucrose,OC[C@H]1O[C@H](O[C@]2(CO)O[C@H](CO)[C@@H](O)[C@@H]2O)[C@H](O)[C@@H](O)[C@@H]1O,111.005636,6.89476,3.5,25.0,0.5,0.1,342.297,96,0.529,0.584,0.364593311558198,0.42,12.62,-5.89372,-3.7,73.16,-7.585775744537426e-10,4.470843822109512e-09,-3.7,99.4949,Removal of haloacetic acids from swimming pool water by reverse osmosis and nanofiltration
NF270,NF,Sucrose,OC[C@H]1O[C@H](O[C@]2(CO)O[C@H](CO)[C@@H](O)[C@@H]2O)[C@H](O)[C@@H](O)[C@@H]1O,111.005636,6.89476,5.5,25.0,0.5,0.1,342.297,180,0.529,0.584,0.364593311558198,0.42,12.62,-22.1256,-3.7,73.16,-7.585775174851948e-08,1.678398272087043e-06,-3.7,98.9899,Removal of haloacetic acids from swimming pool water by reverse osmosis and nanofiltration
NF270,NF,Sucrose,OC[C@H]1O[C@H](O[C@]2(CO)O[C@H](CO)[C@@H](O)[C@@H]2O)[C@H](O)[C@@H](O)[C@@H]1O,111.005636,6.89476,7.5,25.0,0.5,0.1,342.297,330,0.529,0.584,0.364593311558198,0.42,12.62,-35.6522,-3.7,73.16,-7.585718206734624e-06,0.0002704475426501442,-3.7,98.9899,Removal of haloacetic acids from swimming pool water by reverse osmosis and nanofiltration
NF270,NF,Tribromoacetic acid,OC(=O)C(Br)(Br)Br,111.005636,6.89476,3.5,25.0,0.5,0.1,296.74,96,0.339,0.396,0.2234705763266645,0.42,0.72,-5.89372,3.33,73.16,-0.998343162757957,5.883955065209826,-1.247441902701456,49.49479999999998,Removal of haloacetic acids from swimming pool water by reverse osmosis and nanofiltration
NF270,NF,Tribromoacetic acid,OC(=O)C(Br)(Br)Br,111.005636,6.89476,5.5,25.0,0.5,0.1,296.74,180,0.339,0.396,0.2234705763266645,0.42,0.72,-22.1256,3.33,73.16,-0.999983404406344,22.125232812533,-1.254962473915809,41.41399999999999,Removal of haloacetic acids from swimming pool water by reverse osmosis and nanofiltration
NF270,NF,Tribromoacetic acid,OC(=O)C(Br)(Br)Br,111.005636,6.89476,7.5,25.0,0.5,0.1,296.74,330,0.339,0.396,0.2234705763266645,0.42,0.72,-35.6522,3.33,73.16,-0.9999998340413367,35.65219408320855,-1.255037804425865,72.7271,Removal of haloacetic acids from swimming pool water by reverse osmosis and nanofiltration
NF270,NF,Trichloroacetic acid,OC(=O)C(Cl)(Cl)Cl,111.005636,6.89476,3.5,25.0,0.5,0.1,163.387,96,0.317,0.385,0.2311309197868325,0.42,0.51,-5.89372,1.33,73.16,-0.9989777530658435,5.887695162799223,-2.221384336393762,33.83799999999999,Removal of haloacetic acids from swimming pool water by reverse osmosis and nanofiltration
NF270,NF,Trichloroacetic acid,OC(=O)C(Cl)(Cl)Cl,111.005636,6.89476,5.5,25.0,0.5,0.1,163.387,180,0.317,0.385,0.2311309197868325,0.42,0.51,-22.1256,1.33,73.16,-0.999989767174789,22.12537359260251,-2.224982065215739,43.93929999999999,Removal of haloacetic acids from swimming pool water by reverse osmosis and nanofiltration
NF270,NF,Trichloroacetic acid,OC(=O)C(Cl)(Cl)Cl,111.005636,6.89476,7.5,25.0,0.5,0.1,163.387,330,0.317,0.385,0.2311309197868325,0.42,0.51,-35.6522,1.33,73.16,-0.9999998976707112,35.65219635173573,-2.22501807931558,69.19179999999999,Removal of haloacetic acids from swimming pool water by reverse osmosis and nanofiltration
NF270,NF,Xylose,OC[C@@H](O)[C@H](O)[C@@H](O)C=O,111.005636,6.89476,3.5,25.0,0.5,0.1,150.13,96,0.406,0.411,0.2271758314535358,0.42,12.14,-5.89372,-2.39,73.16,-2.290867647519692e-09,1.350173247153976e-08,-2.39,53.0303,Removal of haloacetic acids from swimming pool water by reverse osmosis and nanofiltration
NF270,NF,Xylose,OC[C@@H](O)[C@H](O)[C@@H](O)C=O,111.005636,6.89476,5.5,25.0,0.5,0.1,150.13,180,0.406,0.411,0.2271758314535358,0.42,12.14,-22.1256,-2.39,73.16,-2.290867127960428e-07,5.068680972640123e-06,-2.39,48.4848,Removal of haloacetic acids from swimming pool water by reverse osmosis and nanofiltration
NF270,NF,Xylose,OC[C@@H](O)[C@H](O)[C@@H](O)C=O,111.005636,6.89476,7.5,25.0,0.5,0.1,150.13,330,0.406,0.411,0.2271758314535358,0.42,12.14,-35.6522,-2.39,73.16,-2.290815173223981e-05,0.00081672600718816,-2.39,52.0202,Removal of haloacetic acids from swimming pool water by reverse osmosis and nanofiltration
NF90,NF,Glycerol,OCC(O)CO,53.02070440000001,6.89476,3.5,25.0,0.5,0.1,92.094,330,0.301,0.438,0.1899123866414896,0.34,14.4,5.2657,-1.76,54.1,-1.258925411778315e-11,-6.629123540801073e-11,-1.76,74.09,Removal of haloacetic acids from swimming pool water by reverse osmosis and nanofiltration
NF90,NF,Chloroacetic acid,OC(=O)CCl,53.02070440000001,6.89476,3.5,25.0,0.5,0.1,94.497,330,0.264,0.343,0.1808083224788762,0.34,2.87,5.2657,0.22,54.1,-0.8100951586047567,-4.265718076665067,-2.436629979300485,78.811,Removal of haloacetic acids from swimming pool water by reverse osmosis and nanofiltration
NF90,NF,Bromoacetic acid,OC(=O)CBr,53.02070440000001,6.89476,3.5,25.0,0.5,0.1,138.948,330,0.268,0.358,0.1841392424323127,0.34,2.89,5.2657,0.41,54.1,-0.8029091701538159,-4.227878817278948,-2.054439755434213,81.021,Removal of haloacetic acids from swimming pool water by reverse osmosis and nanofiltration
NF90,NF,Dibromochloroacetic acid,OC(=O)C(Cl)(Br)Br,53.02070440000001,6.89476,3.5,25.0,0.5,0.1,252.289,330,0.333,0.378,0.2209596757817225,0.34,0.03,5.2657,2.86,54.1,-0.9996612706203316,-5.26391635270548,-1.733451427117284,88.729,Removal of haloacetic acids from swimming pool water by reverse osmosis and nanofiltration
NF90,NF,Dichloroacetic acid,OC(=O)C(Cl)Cl,53.02070440000001,6.89476,3.5,25.0,0.5,0.1,128.942,330,0.308,0.347,0.2043171378419203,0.34,1.26,5.2657,0.92,54.1,-0.9942785242829096,-5.235572425316517,-2.763911369741273,90.453,Removal of haloacetic acids from swimming pool water by reverse osmosis and nanofiltration
NF90,NF,Bromochloroacetic acid,OC(=O)C(Cl)Br,53.02070440000001,6.89476,3.5,25.0,0.5,0.1,173.393,330,0.323,0.358,0.2022924921824368,0.34,1.4,5.2657,0.61,54.1,-0.9921193161496697,-5.224202683049316,-2.564912592835439,90.485,Removal of haloacetic acids from swimming pool water by reverse osmosis and nanofiltration
NF90,NF,Dibromoacetic acid,OC(=O)C(Br)Br,53.02070440000001,6.89476,3.5,25.0,0.5,0.1,217.844,330,0.325,0.382,0.2049532737194045,0.34,1.48,5.2657,1.65,54.1,-0.9905404124990876,-5.215888650096446,-0.6631023776509091,90.881,Removal of haloacetic acids from swimming pool water by reverse osmosis and nanofiltration
NF90,NF,Bromodichloroacetic acid,OC(=O)C(Cl)(Cl)Br,53.02070440000001,6.89476,3.5,25.0,0.5,0.1,207.838,330,0.325,0.397,0.2184269227652916,0.34,0.03,5.2657,1.53,54.1,-0.9996612706203316,-5.26391635270548,-1.963822142975559,93.778,Removal of haloacetic acids from swimming pool water by reverse osmosis and nanofiltration
NF90,NF,Erythritol,OC[C@@H](O)[C@@H](O)CO,53.02070440000001,6.89476,3.5,25.0,0.5,0.1,122.119999999999,330,0.336,0.472,0.2077294751387896,0.34,13.903,5.2657,-2.29,54.1,-3.953666200524956e-11,-2.081882011210426e-10,-2.29,94.079,Removal of haloacetic acids from swimming pool water by reverse osmosis and nanofiltration
NF90,NF,Trichloroacetic acid,OC(=O)C(Cl)(Cl)Cl,53.02070440000001,6.89476,3.5,25.0,0.5,0.1,163.387,330,0.317,0.385,0.2311309197868325,0.34,0.51,5.2657,1.33,54.1,-0.9989777530658435,-5.260317154318812,-2.221384336393762,94.472,Removal of haloacetic acids from swimming pool water by reverse osmosis and nanofiltration
NF90,NF,Xylose,OC[C@@H](O)[C@H](O)[C@@H](O)C=O,53.02070440000001,6.89476,3.5,25.0,0.5,0.1,150.13,330,0.406,0.411,0.2271758314535358,0.34,12.14,5.2657,-2.39,54.1,-2.290867647519692e-09,-1.206302177154444e-08,-2.39,96.278,Removal of haloacetic acids from swimming pool water by reverse osmosis and nanofiltration
NF90,NF,Sucrose,OC[C@H]1O[C@H](O[C@]2(CO)O[C@H](CO)[C@@H](O)[C@@H]2O)[C@H](O)[C@@H](O)[C@@H]1O,53.02070440000001,6.89476,3.5,25.0,0.5,0.1,342.297,330,0.529,0.584,0.364593311558198,0.34,12.62,5.2657,-3.7,54.1,-7.585775744537426e-10,-3.994441933801072e-09,-3.7,99.684,Removal of haloacetic acids from swimming pool water by reverse osmosis and nanofiltration
NF90,NF,Glucose,OC[C@@H](O)[C@@H](O)[C@H](O)[C@@H](O)C=O,53.02070440000001,6.89476,3.5,25.0,0.5,0.1,180.156,330,0.401,0.481,0.2515616313767203,0.34,12.45,5.2657,-3.24,54.1,-1.122018453043038e-09,-5.908212568188727e-09,-3.24,100.0,Removal of haloacetic acids from swimming pool water by reverse osmosis and nanofiltration
NF90,NF,Tribromoacetic acid,OC(=O)C(Br)(Br)Br,53.02070440000001,6.89476,3.5,25.0,0.5,0.1,296.74,330,0.339,0.396,0.2234705763266645,0.34,0.72,5.2657,3.33,54.1,-0.998343162757957,-5.256975592134574,-1.247441902701456,100.0,Removal of haloacetic acids from swimming pool water by reverse osmosis and nanofiltration
NF90,NF,Raffinose,OC[C@H]1O[C@H](OC[C@H]2O[C@H](O[C@]3(CO)O[C@H](CO)[C@@H](O)[C@@H]3O)[C@H](O)[C@@H](O)[C@@H]2O)[C@H](O)[C@@H](O)[C@H]1O,53.02070440000001,6.89476,3.5,25.0,0.5,0.1,504.438,330,0.5730000000000001,0.753,0.424151565064248,0.34,12.81,5.2657,-5.104,54.1,-4.897788191285612e-10,-2.579028327885265e-09,-5.104,100.0,Removal of haloacetic acids from swimming pool water by reverse osmosis and nanofiltration
XLE,RO,Bromoacetic acid,OC(=O)CBr,49.98701,6.89476,3.5,25.0,0.5,0.1,138.948,330,0.268,0.358,0.1841392424323127,0.3,2.89,-1.15942,0.41,39.8,-0.8029091701538159,0.9309089500597372,-2.054439755434213,78.636,Removal of haloacetic acids from swimming pool water by reverse osmosis and nanofiltration
XLE,RO,Chloroacetic acid,OC(=O)CCl,49.98701,6.89476,3.5,25.0,0.5,0.1,94.497,330,0.264,0.343,0.1808083224788762,0.3,2.87,-1.15942,0.22,39.8,-0.8100951586047567,0.9392405287895269,-2.436629979300485,81.364,Removal of haloacetic acids from swimming pool water by reverse osmosis and nanofiltration
XLE,RO,Glycerol,OCC(O)CO,49.98701,6.89476,3.5,25.0,0.5,0.1,92.094,330,0.301,0.438,0.1899123866414896,0.3,14.4,-1.15942,-1.76,39.8,-1.258925411778315e-11,1.459623300924014e-11,-1.76,89.091,Removal of haloacetic acids from swimming pool water by reverse osmosis and nanofiltration
XLE,RO,Dibromochloroacetic acid,OC(=O)C(Cl)(Br)Br,49.98701,6.89476,3.5,25.0,0.5,0.1,252.289,330,0.333,0.378,0.2209596757817225,0.3,0.03,-1.15942,2.86,39.8,-0.9996612706203316,1.159027270382625,-1.733451427117284,92.273,Removal of haloacetic acids from swimming pool water by reverse osmosis and nanofiltration
XLE,RO,Bromochloroacetic acid,OC(=O)C(Cl)Br,49.98701,6.89476,3.5,25.0,0.5,0.1,173.393,330,0.323,0.358,0.2022924921824368,0.3,1.4,-1.15942,0.61,39.8,-0.9921193161496697,1.15028297753025,-2.564912592835439,92.955,Removal of haloacetic acids from swimming pool water by reverse osmosis and nanofiltration
XLE,RO,Dibromoacetic acid,OC(=O)C(Br)Br,49.98701,6.89476,3.5,25.0,0.5,0.1,217.844,330,0.325,0.382,0.2049532737194045,0.3,1.48,-1.15942,1.65,39.8,-0.9905404124990876,1.148452365059692,-0.6631023776509091,92.955,Removal of haloacetic acids from swimming pool water by reverse osmosis and nanofiltration
XLE,RO,Bromodichloroacetic acid,OC(=O)C(Cl)(Cl)Br,49.98701,6.89476,3.5,25.0,0.5,0.1,207.838,330,0.325,0.397,0.2184269227652916,0.3,0.03,-1.15942,1.53,39.8,-0.9996612706203316,1.159027270382625,-1.963822142975559,93.864,Removal of haloacetic acids from swimming pool water by reverse osmosis and nanofiltration
XLE,RO,Dichloroacetic acid,OC(=O)C(Cl)Cl,49.98701,6.89476,3.5,25.0,0.5,0.1,128.942,330,0.308,0.347,0.2043171378419203,0.3,1.26,-1.15942,0.92,39.8,-0.9942785242829096,1.152786406624091,-2.763911369741273,94.091,Removal of haloacetic acids from swimming pool water by reverse osmosis and nanofiltration
XLE,RO,Trichloroacetic acid,OC(=O)C(Cl)(Cl)Cl,49.98701,6.89476,3.5,25.0,0.5,0.1,163.387,330,0.317,0.385,0.2311309197868325,0.3,0.51,-1.15942,1.33,39.8,-0.9989777530658435,1.1582347864596,-2.221384336393762,95.682,Removal of haloacetic acids from swimming pool water by reverse osmosis and nanofiltration
XLE,RO,Xylose,OC[C@@H](O)[C@H](O)[C@@H](O)C=O,49.98701,6.89476,3.5,25.0,0.5,0.1,150.13,330,0.406,0.411,0.2271758314535358,0.3,12.14,-1.15942,-2.39,39.8,-2.290867647519692e-09,2.656077767887281e-09,-2.39,96.591,Removal of haloacetic acids from swimming pool water by reverse osmosis and nanofiltration
XLE,RO,Erythritol,OC[C@@H](O)[C@@H](O)CO,49.98701,6.89476,3.5,25.0,0.5,0.1,122.119999999999,330,0.336,0.472,0.2077294751387896,0.3,13.903,-1.15942,-2.29,39.8,-3.953666200524956e-11,4.583959666212644e-11,-2.29,97.273,Removal of haloacetic acids from swimming pool water by reverse osmosis and nanofiltration
XLE,RO,Sucrose,OC[C@H]1O[C@H](O[C@]2(CO)O[C@H](CO)[C@@H](O)[C@@H]2O)[C@H](O)[C@@H](O)[C@@H]1O,49.98701,6.89476,3.5,25.0,0.5,0.1,342.297,330,0.529,0.584,0.364593311558198,0.3,12.62,-1.15942,-3.7,39.8,-7.585775744537426e-10,8.795100113731581e-10,-3.7,98.636,Removal of haloacetic acids from swimming pool water by reverse osmosis and nanofiltration
XLE,RO,Raffinose,OC[C@H]1O[C@H](OC[C@H]2O[C@H](O[C@]3(CO)O[C@H](CO)[C@@H](O)[C@@H]3O)[C@H](O)[C@@H](O)[C@@H]2O)[C@H](O)[C@@H](O)[C@H]1O,49.98701,6.89476,3.5,25.0,0.5,0.1,504.438,330,0.5730000000000001,0.753,0.424151565064248,0.3,12.81,-1.15942,-5.104,39.8,-4.897788191285612e-10,5.678593584740364e-10,-5.104,99.091,Removal of haloacetic acids from swimming pool water by reverse osmosis and nanofiltration
XLE,RO,Tribromoacetic acid,OC(=O)C(Br)(Br)Br,49.98701,6.89476,3.5,25.0,0.5,0.1,296.74,330,0.339,0.396,0.2234705763266645,0.3,0.72,-1.15942,3.33,39.8,-0.998343162757957,1.15749902976483,-1.247441902701456,99.773,Removal of haloacetic acids from swimming pool water by reverse osmosis and nanofiltration
XLE,RO,Glucose,OC[C@@H](O)[C@@H](O)[C@H](O)[C@@H](O)C=O,49.98701,6.89476,3.5,25.0,0.5,0.1,180.156,330,0.401,0.481,0.2515616313767203,0.3,12.45,-1.15942,-3.24,39.8,-1.122018453043038e-09,1.300890634827159e-09,-3.24,100.0,Removal of haloacetic acids from swimming pool water by reverse osmosis and nanofiltration
AK,RO,Formaldehyde,C=O,44.67087011349307,8.0,7.0,20.0,0.5,0.030026,30.026,200,0.208,0.234,0.1273761264285796,0.4031806108897714,13.27,-19.9,0.35,50.0,-5.37031507967257e-07,1.068692700854841e-05,0.35,3.35,Removal of organic contaminants by RO and NF membranes
AK,RO,Methanol,CO,44.67087011349307,8.0,7.0,20.0,0.5,0.032042,32.042,200,0.22,0.262,0.1314571764816764,0.4031806108897714,15.3,-19.9,-0.77,50.0,-5.011872311153847e-09,9.973625899196154e-08,-0.77,3.77,Removal of organic contaminants by RO and NF membranes
AK,RO,Urea,NC(N)=O,44.67087011349307,8.0,7.0,20.0,0.5,0.060056,60.056,200,0.287,0.319,0.1427714850451199,0.4031806108897714,0.1,-19.9,-2.11,50.0,-0.9999998741074746,19.89999749473874,-3.735003100236046,17.16,Removal of organic contaminants by RO and NF membranes
AK,RO,Isopropanol,CC(C)O,44.67087011349307,8.0,7.0,20.0,0.5,0.060096,60.096,200,0.295,0.336,0.1953570494677862,0.4031806108897714,17.1,-19.9,0.05,50.0,-7.943282346611806e-11,1.580713186975749e-09,0.05,65.27,Removal of organic contaminants by RO and NF membranes
AK,RO,2-(2-Butoxyethoxy)ethanol,CCCCOCCOCCO,44.67087011349307,8.0,7.0,20.0,0.5,0.162229,162.228999999999,200,0.325,0.808,0.3154284711145045,0.4031806108897714,14.37,-19.9,0.56,50.0,-4.265795006045845e-08,8.488932062031231e-07,0.56,81.59,Removal of organic contaminants by RO and NF membranes
AK,RO,Creatine,CN(CC(O)=O)C(N)=N,44.67087011349307,8.0,7.0,20.0,0.5,0.131135,131.135,200,0.335,0.4360000000000001,0.2224063906661976,0.4031806108897714,3.8,-19.9,-3.72,50.0,0.9936934052044928,-19.7744987635694,-3.973078521843911,96.65,Removal of organic contaminants by RO and NF membranes
De-HL,NF,Formaldehyde,C=O,74.304,8.0,7.0,20.0,0.5,0.030026,30.026,200,0.208,0.234,0.1273761264285796,0.45,13.27,-10.1,0.35,50.0,-5.37031507967257e-07,5.424018230469296e-06,0.35,3.35,Removal of organic contaminants by RO and NF membranes
De-HL,NF,Methanol,CO,74.304,8.0,7.0,20.0,0.5,0.032042,32.042,200,0.22,0.262,0.1314571764816764,0.45,15.3,-10.1,-0.77,50.0,-5.011872311153847e-09,5.061991034265385e-08,-0.77,3.77,Removal of organic contaminants by RO and NF membranes
De-HL,NF,Urea,NC(N)=O,74.304,8.0,7.0,20.0,0.5,0.060056,60.056,200,0.287,0.319,0.1427714850451199,0.45,0.1,-10.1,-2.11,50.0,-0.9999998741074746,10.09999872848549,-3.735003100236046,17.16,Removal of organic contaminants by RO and NF membranes
De-HL,NF,Isopropanol,CC(C)O,74.304,8.0,7.0,20.0,0.5,0.060096,60.096,200,0.295,0.336,0.1953570494677862,0.45,17.1,-10.1,0.05,50.0,-7.943282346611806e-11,8.022715170077923e-10,0.05,65.27,Removal of organic contaminants by RO and NF membranes
De-HL,NF,2-(2-Butoxyethoxy)ethanol,CCCCOCCOCCO,74.304,8.0,7.0,20.0,0.5,0.162229,162.228999999999,200,0.325,0.808,0.3154284711145045,0.45,14.37,-10.1,0.56,50.0,-4.265795006045845e-08,4.308452956106303e-07,0.56,81.59,Removal of organic contaminants by RO and NF membranes
De-HL,NF,Creatine,CN(CC(O)=O)C(N)=N,74.304,8.0,7.0,20.0,0.5,0.131135,131.135,200,0.335,0.4360000000000001,0.2224063906661976,0.45,3.8,-10.1,-3.72,50.0,0.9936934052044928,-10.03630339256538,-3.973078521843911,96.65,Removal of organic contaminants by RO and NF membranes
ESNA,RO,Methanol,CO,39.33333333333334,8.0,7.0,20.0,0.5,0.032042,32.042,175,0.22,0.262,0.1314571764816764,0.4031806108897714,15.3,-5.0,-0.77,63.2,-5.011872311153847e-09,2.505936155576923e-08,-0.77,6.7,Removal of organic contaminants by RO and NF membranes
ESNA,RO,Formaldehyde,C=O,39.33333333333334,8.0,7.0,20.0,0.5,0.030026,30.026,175,0.208,0.234,0.1273761264285796,0.4031806108897714,13.27,-5.0,0.35,63.2,-5.37031507967257e-07,2.685157539836285e-06,0.35,12.13,Removal of organic contaminants by RO and NF membranes
ESNA,RO,Urea,NC(N)=O,39.33333333333334,8.0,7.0,20.0,0.5,0.060056,60.056,175,0.287,0.319,0.1427714850451199,0.4031806108897714,0.1,-5.0,-2.11,63.2,-0.9999998741074746,4.999999370537373,-3.735003100236046,22.18,Removal of organic contaminants by RO and NF membranes
ESNA,RO,Isopropanol,CC(C)O,39.33333333333334,8.0,7.0,20.0,0.5,0.060096,60.096,175,0.295,0.336,0.1953570494677862,0.4031806108897714,17.1,-5.0,0.05,63.2,-7.943282346611806e-11,3.971641173305903e-10,0.05,51.46,Removal of organic contaminants by RO and NF membranes
ESNA,RO,2-(2-Butoxyethoxy)ethanol,CCCCOCCOCCO,39.33333333333334,8.0,7.0,20.0,0.5,0.162229,162.228999999999,175,0.325,0.808,0.3154284711145045,0.4031806108897714,14.37,-5.0,0.56,63.2,-4.265795006045845e-08,2.132897503022923e-07,0.56,61.09,Removal of organic contaminants by RO and NF membranes
ESNA,RO,Creatine,CN(CC(O)=O)C(N)=N,39.33333333333334,8.0,7.0,20.0,0.5,0.131135,131.135,175,0.335,0.4360000000000001,0.2224063906661976,0.4031806108897714,3.8,-5.0,-3.72,63.2,0.9936934052044928,-4.968467026022464,-3.973078521843911,89.54,Removal of organic contaminants by RO and NF membranes
ESPA,RO,Methanol,CO,48.0,8.0,7.0,20.0,0.5,0.032042,32.042,150,0.22,0.262,0.1314571764816764,0.4031806108897714,15.3,-13.79,-0.77,47.0,-5.011872311153847e-09,6.911371917081154e-08,-0.77,10.15,Removal of organic contaminants by RO and NF membranes
ESPA,RO,Urea,NC(N)=O,48.0,8.0,7.0,20.0,0.5,0.060056,60.056,150,0.287,0.319,0.1427714850451199,0.4031806108897714,0.1,-13.79,-2.11,47.0,-0.9999998741074746,13.78999826394207,-3.735003100236046,12.31,Removal of organic contaminants by RO and NF membranes
ESPA,RO,Formaldehyde,C=O,48.0,8.0,7.0,20.0,0.5,0.030026,30.026,150,0.208,0.234,0.1273761264285796,0.4031806108897714,13.27,-13.79,0.35,47.0,-5.37031507967257e-07,7.405664494868474e-06,0.35,16.03,Removal of organic contaminants by RO and NF membranes
ESPA,RO,Isopropanol,CC(C)O,48.0,8.0,7.0,20.0,0.5,0.060096,60.096,150,0.295,0.336,0.1953570494677862,0.4031806108897714,17.1,-13.79,0.05,47.0,-7.943282346611806e-11,1.095378635597768e-09,0.05,68.19,Removal of organic contaminants by RO and NF membranes
ESPA,RO,2-(2-Butoxyethoxy)ethanol,CCCCOCCOCCO,48.0,8.0,7.0,20.0,0.5,0.162229,162.228999999999,150,0.325,0.808,0.3154284711145045,0.4031806108897714,14.37,-13.79,0.56,47.0,-4.265795006045845e-08,5.882531313337221e-07,0.56,85.21,Removal of organic contaminants by RO and NF membranes
ESPA,RO,Creatine,CN(CC(O)=O)C(N)=N,48.0,8.0,7.0,20.0,0.5,0.131135,131.135,150,0.335,0.4360000000000001,0.2224063906661976,0.4031806108897714,3.8,-13.79,-3.72,47.0,0.9936934052044928,-13.70303205776995,-3.973078521843911,98.59,Removal of organic contaminants by RO and NF membranes
DK,NF,Chlortoluron,CN(C)C(=O)Nc1ccc(C)c(Cl)c1,29.0,10.0,7.0,20.0,1.0,0.05,212.679999999999,250,0.393,0.637,0.3203990057170411,0.48,14.43,-17.39,2.41,40.6,-3.715352152933304e-08,6.460997393951015e-07,2.41,69.8,Removal of phenyl-urea herbicides in ultrapure water by ultrafiltration and nanofiltration processes
DK,NF,Chlortoluron,CN(C)C(=O)Nc1ccc(C)c(Cl)c1,58.0,20.0,3.0,20.0,1.0,0.05,212.679999999999,250,0.393,0.637,0.3203990057170411,0.48,14.43,-17.39,2.41,40.6,-3.715352290957918e-12,6.46099763397582e-11,2.41,81.3,Removal of phenyl-urea herbicides in ultrapure water by ultrafiltration and nanofiltration processes
DK,NF,Chlortoluron,CN(C)C(=O)Nc1ccc(C)c(Cl)c1,58.0,20.0,7.0,20.0,1.0,0.05,212.679999999999,250,0.393,0.637,0.3203990057170411,0.48,14.43,-17.39,2.41,40.6,-3.715352152933304e-08,6.460997393951015e-07,2.41,70.5,Removal of phenyl-urea herbicides in ultrapure water by ultrafiltration and nanofiltration processes
DK,NF,Chlortoluron,CN(C)C(=O)Nc1ccc(C)c(Cl)c1,58.0,20.0,7.0,20.0,1.0,0.05,212.679999999999,250,0.393,0.637,0.3203990057170411,0.48,14.43,-17.39,2.41,40.6,-3.715352152933304e-08,6.460997393951015e-07,2.41,81.6,Removal of phenyl-urea herbicides in ultrapure water by ultrafiltration and nanofiltration processes
DK,NF,Chlortoluron,CN(C)C(=O)Nc1ccc(C)c(Cl)c1,58.0,20.0,7.0,20.0,1.0,0.05,212.679999999999,250,0.393,0.637,0.3203990057170411,0.48,14.43,-17.39,2.41,40.6,-3.715352152933304e-08,6.460997393951015e-07,2.41,85.9,Removal of phenyl-urea herbicides in ultrapure water by ultrafiltration and nanofiltration processes
DK,NF,Chlortoluron,CN(C)C(=O)Nc1ccc(C)c(Cl)c1,58.0,20.0,9.0,20.0,1.0,0.05,212.679999999999,250,0.393,0.637,0.3203990057170411,0.48,14.43,-17.39,2.41,40.6,-3.715338487180367e-06,6.460973629206659e-05,2.41,60.3,Removal of phenyl-urea herbicides in ultrapure water by ultrafiltration and nanofiltration processes
DK,NF,Chlortoluron,CN(C)C(=O)Nc1ccc(C)c(Cl)c1,101.5,35.0,7.0,20.0,1.0,0.05,212.679999999999,250,0.393,0.637,0.3203990057170411,0.48,14.43,-17.39,2.41,40.6,-3.715352152933304e-08,6.460997393951015e-07,2.41,90.3,Removal of phenyl-urea herbicides in ultrapure water by ultrafiltration and nanofiltration processes
DK,NF,Diuron,CN(C)C(=O)Nc1ccc(Cl)c(Cl)c1,29.0,10.0,7.0,20.0,1.0,0.05,233.097999999999,250,0.393,0.65,0.3452604307057441,0.48,13.55,-17.39,2.68,40.6,-2.818382136936434e-07,4.901166536132459e-06,2.68,61.9,Removal of phenyl-urea herbicides in ultrapure water by ultrafiltration and nanofiltration processes
DK,NF,Diuron,CN(C)C(=O)Nc1ccc(Cl)c(Cl)c1,58.0,20.0,3.0,20.0,1.0,0.05,233.097999999999,250,0.393,0.65,0.3452604307057441,0.48,13.55,-17.39,2.68,40.6,-2.818382931185014e-11,4.90116791733074e-10,2.68,80.1,Removal of phenyl-urea herbicides in ultrapure water by ultrafiltration and nanofiltration processes
DK,NF,Diuron,CN(C)C(=O)Nc1ccc(Cl)c(Cl)c1,58.0,20.0,7.0,20.0,1.0,0.05,233.097999999999,250,0.393,0.65,0.3452604307057441,0.48,13.55,-17.39,2.68,40.6,-2.818382136936434e-07,4.901166536132459e-06,2.68,64.7,Removal of phenyl-urea herbicides in ultrapure water by ultrafiltration and nanofiltration processes
DK,NF,Diuron,CN(C)C(=O)Nc1ccc(Cl)c(Cl)c1,58.0,20.0,7.0,20.0,1.0,0.05,233.097999999999,250,0.393,0.65,0.3452604307057441,0.48,13.55,-17.39,2.68,40.6,-2.818382136936434e-07,4.901166536132459e-06,2.68,68.9,Removal of phenyl-urea herbicides in ultrapure water by ultrafiltration and nanofiltration processes
DK,NF,Diuron,CN(C)C(=O)Nc1ccc(Cl)c(Cl)c1,58.0,20.0,7.0,20.0,1.0,0.05,233.097999999999,250,0.393,0.65,0.3452604307057441,0.48,13.55,-17.39,2.68,40.6,-2.818382136936434e-07,4.901166536132459e-06,2.68,81.4,Removal of phenyl-urea herbicides in ultrapure water by ultrafiltration and nanofiltration processes
DK,NF,Diuron,CN(C)C(=O)Nc1ccc(Cl)c(Cl)c1,58.0,20.0,9.0,20.0,1.0,0.05,233.097999999999,250,0.393,0.65,0.3452604307057441,0.48,13.55,-17.39,2.68,40.6,-2.818303500679631e-05,0.0004901029787681879,2.68,51.1,Removal of phenyl-urea herbicides in ultrapure water by ultrafiltration and nanofiltration processes
DK,NF,Diuron,CN(C)C(=O)Nc1ccc(Cl)c(Cl)c1,101.5,35.0,7.0,20.0,1.0,0.05,233.097999999999,250,0.393,0.65,0.3452604307057441,0.48,13.55,-17.39,2.68,40.6,-2.818382136936434e-07,4.901166536132459e-06,2.68,86.1,Removal of phenyl-urea herbicides in ultrapure water by ultrafiltration and nanofiltration processes
DK,NF,Isoproturon,CC(C)c1ccc(NC(=O)N(C)C)cc1,29.0,10.0,7.0,20.0,1.0,0.05,206.289,250,0.351,0.6980000000000001,0.343886878173025,0.48,15.06,-17.39,2.87,40.6,-8.709635823703039e-09,1.514605669741959e-07,2.87,85.3,Removal of phenyl-urea herbicides in ultrapure water by ultrafiltration and nanofiltration processes
DK,NF,Isoproturon,CC(C)c1ccc(NC(=O)N(C)C)cc1,58.0,20.0,3.0,20.0,1.0,0.05,206.289,250,0.351,0.6980000000000001,0.343886878173025,0.48,15.06,-17.39,2.87,40.6,-8.709635899553204e-13,1.514605682932302e-11,2.87,95.4,Removal of phenyl-urea herbicides in ultrapure water by ultrafiltration and nanofiltration processes
DK,NF,Isoproturon,CC(C)c1ccc(NC(=O)N(C)C)cc1,58.0,20.0,7.0,20.0,1.0,0.05,206.289,250,0.351,0.6980000000000001,0.343886878173025,0.48,15.06,-17.39,2.87,40.6,-8.709635823703039e-09,1.514605669741959e-07,2.87,90.3,Removal of phenyl-urea herbicides in ultrapure water by ultrafiltration and nanofiltration processes
DK,NF,Isoproturon,CC(C)c1ccc(NC(=O)N(C)C)cc1,58.0,20.0,7.0,20.0,1.0,0.05,206.289,250,0.351,0.6980000000000001,0.343886878173025,0.48,15.06,-17.39,2.87,40.6,-8.709635823703039e-09,1.514605669741959e-07,2.87,93.4,Removal of phenyl-urea herbicides in ultrapure water by ultrafiltration and nanofiltration processes
DK,NF,Isoproturon,CC(C)c1ccc(NC(=O)N(C)C)cc1,58.0,20.0,7.0,20.0,1.0,0.05,206.289,250,0.351,0.6980000000000001,0.343886878173025,0.48,15.06,-17.39,2.87,40.6,-8.709635823703039e-09,1.514605669741959e-07,2.87,94.6,Removal of phenyl-urea herbicides in ultrapure water by ultrafiltration and nanofiltration processes
DK,NF,Isoproturon,CC(C)c1ccc(NC(=O)N(C)C)cc1,58.0,20.0,9.0,20.0,1.0,0.05,206.289,250,0.351,0.6980000000000001,0.343886878173025,0.48,15.06,-17.39,2.87,40.6,-8.709628313791642e-07,1.514604363768367e-05,2.87,80.9,Removal of phenyl-urea herbicides in ultrapure water by ultrafiltration and nanofiltration processes
DK,NF,Isoproturon,CC(C)c1ccc(NC(=O)N(C)C)cc1,101.5,35.0,7.0,20.0,1.0,0.05,206.289,250,0.351,0.6980000000000001,0.343886878173025,0.48,15.06,-17.39,2.87,40.6,-8.709635823703039e-09,1.514605669741959e-07,2.87,97.1,Removal of phenyl-urea herbicides in ultrapure water by ultrafiltration and nanofiltration processes
DK,NF,Linuron,CON(C)C(=O)Nc1ccc(Cl)c(Cl)c1,29.0,10.0,7.0,20.0,1.0,0.05,249.096999999999,250,0.398,0.639,0.3121424816914341,0.48,12.13,-17.39,3.2,40.6,-7.413047459329147e-06,0.0001289128953177339,3.2,75.2,Removal of phenyl-urea herbicides in ultrapure water by ultrafiltration and nanofiltration processes
DK,NF,Linuron,CON(C)C(=O)Nc1ccc(Cl)c(Cl)c1,58.0,20.0,3.0,20.0,1.0,0.05,249.096999999999,250,0.398,0.639,0.3121424816914341,0.48,12.13,-17.39,3.2,40.6,-7.413102407513729e-10,1.289138508666637e-08,3.2,87.6,Removal of phenyl-urea herbicides in ultrapure water by ultrafiltration and nanofiltration processes
DK,NF,Linuron,CON(C)C(=O)Nc1ccc(Cl)c(Cl)c1,58.0,20.0,7.0,20.0,1.0,0.05,249.096999999999,250,0.398,0.639,0.3121424816914341,0.48,12.13,-17.39,3.2,40.6,-7.413047459329147e-06,0.0001289128953177339,3.2,75.7,Removal of phenyl-urea herbicides in ultrapure water by ultrafiltration and nanofiltration processes
DK,NF,Linuron,CON(C)C(=O)Nc1ccc(Cl)c(Cl)c1,58.0,20.0,7.0,20.0,1.0,0.05,249.096999999999,250,0.398,0.639,0.3121424816914341,0.48,12.13,-17.39,3.2,40.6,-7.413047459329147e-06,0.0001289128953177339,3.2,85.4,Removal of phenyl-urea herbicides in ultrapure water by ultrafiltration and nanofiltration processes
DK,NF,Linuron,CON(C)C(=O)Nc1ccc(Cl)c(Cl)c1,58.0,20.0,7.0,20.0,1.0,0.05,249.096999999999,250,0.398,0.639,0.3121424816914341,0.48,12.13,-17.39,3.2,40.6,-7.413047459329147e-06,0.0001289128953177339,3.2,89.8,Removal of phenyl-urea herbicides in ultrapure water by ultrafiltration and nanofiltration processes
DK,NF,Linuron,CON(C)C(=O)Nc1ccc(Cl)c(Cl)c1,58.0,20.0,9.0,20.0,1.0,0.05,249.096999999999,250,0.398,0.639,0.3121424816914341,0.48,12.13,-17.39,3.2,40.6,-0.0007407611075055647,0.01288183565952177,3.2,65.4,Removal of phenyl-urea herbicides in ultrapure water by ultrafiltration and nanofiltration processes
DK,NF,Linuron,CON(C)C(=O)Nc1ccc(Cl)c(Cl)c1,101.5,35.0,7.0,20.0,1.0,0.05,249.096999999999,250,0.398,0.639,0.3121424816914341,0.48,12.13,-17.39,3.2,40.6,-7.413047459329147e-06,0.0001289128953177339,3.2,93.6,Removal of phenyl-urea herbicides in ultrapure water by ultrafiltration and nanofiltration processes
De-HL,NF,Carbamazepine,NC(=O)N1c2ccccc2C=Cc3ccccc13,46.44,5.0,7.0,25.0,24.0,0.02,236.274,180,0.4480000000000001,0.576,0.3334516559578687,0.45,13.9,-30.6,2.45,26.8,0.0,0.0,2.45,72.793,Role of membrane and compound properties in affecting the rejection of pharmaceuticals by different RO/NF membranes
De-HL,NF,Chloramphenicol,OCC(NC(=O)C(Cl)Cl)C(O)c1ccc(cc1)[N+]([O-])=O,46.44,5.0,7.0,25.0,24.0,0.02,323.132,180,0.4349999999999999,0.747,0.3567609688384578,0.45,11.03,-30.6,1.1,26.8,-9.331672125655432e-05,0.002855491670450562,1.1,72.973,Role of membrane and compound properties in affecting the rejection of pharmaceuticals by different RO/NF membranes
De-HL,NF,Chloramphenicol,OCC(NC(=O)C(Cl)Cl)C(O)c1ccc(cc1)[N+]([O-])=O,46.44,5.0,7.0,25.0,0.5,0.02,323.132,180,0.4349999999999999,0.747,0.3567609688384578,0.45,11.03,-30.6,1.1,26.8,-9.331672125655432e-05,0.002855491670450562,1.1,75.495,Role of membrane and compound properties in affecting the rejection of pharmaceuticals by different RO/NF membranes
De-HL,NF,Carbamazepine,NC(=O)N1c2ccccc2C=Cc3ccccc13,46.44,5.0,7.0,25.0,0.5,0.02,236.274,180,0.4480000000000001,0.576,0.3334516559578687,0.45,13.9,-30.6,2.45,26.8,0.0,0.0,2.45,82.342,Role of membrane and compound properties in affecting the rejection of pharmaceuticals by different RO/NF membranes
De-HL,NF,Diclofenac,OC(=O)Cc1ccccc1Nc2c(Cl)cccc2Cl,46.44,5.0,7.0,25.0,24.0,0.02,296.153,180,0.462,0.634,0.3476931977505725,0.45,4.15,-30.6,4.51,26.8,-0.9985894549032847,30.55683732004051,2.18992467830834,89.369,Role of membrane and compound properties in affecting the rejection of pharmaceuticals by different RO/NF membranes
De-HL,NF,Clofibric acid,CC(C)(Oc1ccc(Cl)cc1)C(O)=O,46.44,5.0,7.0,25.0,0.5,0.02,214.648,180,0.35,0.62,0.3149381950227265,0.45,3.12,-30.6,2.57,26.8,-0.9998681917018621,30.59596666607698,-0.2268545942604527,91.171,Role of membrane and compound properties in affecting the rejection of pharmaceuticals by different RO/NF membranes
De-HL,NF,Clofibric acid,CC(C)(Oc1ccc(Cl)cc1)C(O)=O,46.44,5.0,7.0,25.0,24.0,0.02,214.648,180,0.35,0.62,0.3149381950227265,0.45,3.12,-30.6,2.57,26.8,-0.9998681917018621,30.59596666607698,-0.2268545942604527,91.712,Role of membrane and compound properties in affecting the rejection of pharmaceuticals by different RO/NF membranes
De-HL,NF,Ampicillin,CC1(C)S[C@@H]2[C@H](NC(=O)[C@H](N)c3ccccc3)C(=O)N2[C@H]1C(O)=O,46.44,5.0,7.0,25.0,0.5,0.02,349.412,180,0.449,0.794,0.3887097462414054,0.45,2.5,-30.6,1.35,26.8,-0.9998422007010169,30.59517134145112,-2.208809086313118,92.793,Role of membrane and compound properties in affecting the rejection of pharmaceuticals by different RO/NF membranes
De-HL,NF,Ciprofloxacin,OC(=O)C1=CN(C2CC2)c3cc(N4CCNCC4)c(F)cc3C1=O,46.44,5.0,7.0,25.0,24.0,0.02,331.347,180,0.502,0.748,0.3689424368716731,0.45,6.16,-30.6,0.28,26.8,0.7009062548873292,-21.44773139955227,-1.96689089734763,94.054,Role of membrane and compound properties in affecting the rejection of pharmaceuticals by different RO/NF membranes
De-HL,NF,Cephalexin,O.CC1=C(N2[C@H](SC1)[C@H](NC(=O)[C@H](N)c3ccccc3)C2=O)C(O)=O,46.44,5.0,7.0,25.0,0.5,0.02,365.411,180,0.474,0.638,0.3912530682327713,0.45,2.53,-30.6,0.65,26.8,-0.9999193485754344,30.5975320664083,-3.423892027280182,94.054,Role of membrane and compound properties in affecting the rejection of pharmaceuticals by different RO/NF membranes
De-HL,NF,Cephalexin,O.CC1=C(N2[C@H](SC1)[C@H](NC(=O)[C@H](N)c3ccccc3)C2=O)C(O)=O,46.44,5.0,7.0,25.0,24.0,0.02,365.411,180,0.474,0.638,0.3912530682327713,0.45,2.53,-30.6,0.65,26.8,-0.9999193485754344,30.5975320664083,-3.423892027280182,95.135,Role of membrane and compound properties in affecting the rejection of pharmaceuticals by different RO/NF membranes
De-HL,NF,Gemfibrozil,Cc1ccc(C)c(OCCCC(C)(C)C(O)=O)c1,46.44,5.0,7.0,25.0,24.0,0.02,250.337999999999,180,0.499,0.743,0.3884540064460517,0.45,4.5,-30.6,4.39,26.8,-0.9968476908167399,30.50353933899224,2.349371680725969,95.856,Role of membrane and compound properties in affecting the rejection of pharmaceuticals by different RO/NF membranes
De-HL,NF,Diclofenac,OC(=O)Cc1ccccc1Nc2c(Cl)cccc2Cl,46.44,5.0,7.0,25.0,0.5,0.02,296.153,180,0.462,0.634,0.3476931977505725,0.45,4.15,-30.6,4.51,26.8,-0.9985894549032847,30.55683732004051,2.18992467830834,97.477,Role of membrane and compound properties in affecting the rejection of pharmaceuticals by different RO/NF membranes
De-HL,NF,Ampicillin,CC1(C)S[C@@H]2[C@H](NC(=O)[C@H](N)c3ccccc3)C(=O)N2[C@H]1C(O)=O,46.44,5.0,7.0,25.0,24.0,0.02,349.412,180,0.449,0.794,0.3887097462414054,0.45,2.5,-30.6,1.35,26.8,-0.9998422007010169,30.59517134145112,-2.208809086313118,97.477,Role of membrane and compound properties in affecting the rejection of pharmaceuticals by different RO/NF membranes
De-HL,NF,Gemfibrozil,Cc1ccc(C)c(OCCCC(C)(C)C(O)=O)c1,46.44,5.0,7.0,25.0,0.5,0.02,250.337999999999,180,0.499,0.743,0.3884540064460517,0.45,4.5,-30.6,4.39,26.8,-0.9968476908167399,30.50353933899224,2.349371680725969,99.279,Role of membrane and compound properties in affecting the rejection of pharmaceuticals by different RO/NF membranes
De-HL,NF,Ciprofloxacin,OC(=O)C1=CN(C2CC2)c3cc(N4CCNCC4)c(F)cc3C1=O,46.44,5.0,7.0,25.0,0.5,0.02,331.347,180,0.502,0.748,0.3689424368716731,0.45,6.16,-30.6,0.28,26.8,0.7009062548873292,-21.44773139955227,-1.96689089734763,99.279,Role of membrane and compound properties in affecting the rejection of pharmaceuticals by different RO/NF membranes
De-HL,NF,glucose,OC[C@@H](O)[C@@H](O)[C@H](O)[C@@H](O)C=O,9.288,1.0,7.0,25.0,12.0,10.0,180.156,180,0.0,0.0,0.2515616313767203,0.45,12.45,-30.6,-3.24,26.8,-3.548121303126307e-06,0.000108572511875665,-3.24,70.6458,Role of membrane and compound properties in affecting the rejection of pharmaceuticals by different RO/NF membranes
De-HL,NF,glucose,OC[C@@H](O)[C@@H](O)[C@H](O)[C@@H](O)C=O,13.932,1.5,7.0,25.0,12.0,10.0,180.156,180,0.0,0.0,0.2515616313767203,0.45,12.45,-30.6,-3.24,26.8,-3.548121303126307e-06,0.000108572511875665,-3.24,77.6908,Role of membrane and compound properties in affecting the rejection of pharmaceuticals by different RO/NF membranes
De-HL,NF,glucose,OC[C@@H](O)[C@@H](O)[C@H](O)[C@@H](O)C=O,27.864,3.0,7.0,25.0,12.0,10.0,180.156,180,0.0,0.0,0.2515616313767203,0.45,12.45,-30.6,-3.24,26.8,-3.548121303126307e-06,0.000108572511875665,-3.24,80.0391,Role of membrane and compound properties in affecting the rejection of pharmaceuticals by different RO/NF membranes
De-HL,NF,glucose,OC[C@@H](O)[C@@H](O)[C@H](O)[C@@H](O)C=O,41.79600000000001,4.5,7.0,25.0,12.0,10.0,180.156,180,0.0,0.0,0.2515616313767203,0.45,12.45,-30.6,-3.24,26.8,-3.548121303126307e-06,0.000108572511875665,-3.24,82.3875,Role of membrane and compound properties in affecting the rejection of pharmaceuticals by different RO/NF membranes
De-HL,NF,Sulfamethoxazole,Cc1onc(N[S](=O)(=O)c2ccc(N)cc2)c1,46.44,5.0,7.0,25.0,0.5,0.02,253.283,180,0.54,0.588,0.3153427582941809,0.45,1.6,-30.6,0.89,26.8,-1.859097133559606,56.88837228692396,-0.1689132136423285,81.261,Role of membrane and compound properties in affecting the rejection of pharmaceuticals by different RO/NF membranes
De-HL,NF,Sulfadiazine,Nc1ccc(cc1)[S](=O)(=O)Nc2ncccn2,46.44,5.0,7.0,25.0,0.5,0.02,250.283,180,0.453,0.612,0.3093115947296739,0.45,6.36,-30.6,-0.09,26.8,-0.8136122105055866,24.89653364147095,-0.09,81.622,Role of membrane and compound properties in affecting the rejection of pharmaceuticals by different RO/NF membranes
De-HL,NF,Sulfamethazine,Cc1cc(C)nc(N[S](=O)(=O)c2ccc(N)cc2)n1,46.44,5.0,7.0,25.0,0.5,0.02,278.337,180,0.49,0.704,0.3369726188920903,0.45,2.65,-30.6,0.89,26.8,-0.9995563875055626,30.58642545767022,0.89,86.306,Role of membrane and compound properties in affecting the rejection of pharmaceuticals by different RO/NF membranes
De-HL,NF,Sulfadiazine,Nc1ccc(cc1)[S](=O)(=O)Nc2ncccn2,46.44,5.0,7.0,25.0,24.0,0.02,250.283,180,0.453,0.612,0.3093115947296739,0.45,6.36,-30.6,-0.09,26.8,-0.8136122105055866,24.89653364147095,-0.09,88.829,Role of membrane and compound properties in affecting the rejection of pharmaceuticals by different RO/NF membranes
De-HL,NF,Sulfamethazine,Cc1cc(C)nc(N[S](=O)(=O)c2ccc(N)cc2)n1,46.44,5.0,7.0,25.0,24.0,0.02,278.337,180,0.49,0.704,0.3369726188920903,0.45,2.65,-30.6,0.89,26.8,-0.9995563875055626,30.58642545767022,0.89,88.829,Role of membrane and compound properties in affecting the rejection of pharmaceuticals by different RO/NF membranes
De-HL,NF,Sulfamethoxazole,Cc1onc(N[S](=O)(=O)c2ccc(N)cc2)c1,46.44,5.0,7.0,25.0,24.0,0.02,253.283,180,0.54,0.588,0.3153427582941809,0.45,1.6,-30.6,0.89,26.8,-1.859097133559606,56.88837228692396,-0.1689132136423285,89.009,Role of membrane and compound properties in affecting the rejection of pharmaceuticals by different RO/NF membranes
De-HL,NF,Naproxen,COc1ccc2cc(ccc2c1)C(C)C(O)=O,46.44,5.0,7.0,25.0,0.5,0.02,230.262999999999,180,0.392,0.73,0.3324489960201268,0.45,4.84,-30.6,3.18,26.8,-0.9931284718841809,30.38973123965594,1.09862278971032,89.55,Role of membrane and compound properties in affecting the rejection of pharmaceuticals by different RO/NF membranes
De-HL,NF,Naproxen,COc1ccc2cc(ccc2c1)C(C)C(O)=O,46.44,5.0,7.0,25.0,24.0,0.02,230.262999999999,180,0.392,0.73,0.3324489960201268,0.45,4.84,-30.6,3.18,26.8,-0.9931284718841809,30.38973123965594,1.09862278971032,91.351,Role of membrane and compound properties in affecting the rejection of pharmaceuticals by different RO/NF membranes
De-HL,NF,Nalidixic acid,CCN1C=C(C(O)=O)C(=O)c2ccc(C)nc12,46.44,5.0,7.0,25.0,24.0,0.02,232.238999999999,180,0.516,0.636,0.3202563871907044,0.45,6.01,-30.6,1.59,26.8,-0.9071699361527149,27.75940004627308,0.9946735597791301,92.252,Role of membrane and compound properties in affecting the rejection of pharmaceuticals by different RO/NF membranes
De-HL,NF,Indomethacin,COc1ccc2n(c(C)c(CC(O)=O)c2c1)C(=O)c3ccc(Cl)cc3,46.44,5.0,7.0,25.0,24.0,0.02,357.793,180,0.524,0.8539999999999999,0.4061581699743521,0.45,4.5,-30.6,4.27,26.8,-0.9968476908167399,30.50353933899224,1.454273330286334,93.153,Role of membrane and compound properties in affecting the rejection of pharmaceuticals by different RO/NF membranes
De-HL,NF,Norfloxacin,CCN1C=C(C(O)=O)C(=O)c2cc(F)c(cc12)N3CCNCC3,46.44,5.0,7.0,25.0,24.0,0.02,319.336,180,0.516,0.744,0.3854363846657497,0.45,6.34,-30.6,-1.03,26.8,0.8359071041684609,-25.57875738755491,-3.137803008127174,95.676,Role of membrane and compound properties in affecting the rejection of pharmaceuticals by different RO/NF membranes
De-HL,NF,Nalidixic acid,CCN1C=C(C(O)=O)C(=O)c2ccc(C)nc12,46.44,5.0,7.0,25.0,0.5,0.02,232.238999999999,180,0.516,0.636,0.3202563871907044,0.45,6.01,-30.6,1.59,26.8,-0.9071699361527149,27.75940004627308,0.9946735597791301,97.838,Role of membrane and compound properties in affecting the rejection of pharmaceuticals by different RO/NF membranes
De-HL,NF,Norfloxacin,CCN1C=C(C(O)=O)C(=O)c2cc(F)c(cc12)N3CCNCC3,46.44,5.0,7.0,25.0,0.5,0.02,319.336,180,0.516,0.744,0.3854363846657497,0.45,6.34,-30.6,-1.03,26.8,0.8359071041684609,-25.57875738755491,-3.137803008127174,99.459,Role of membrane and compound properties in affecting the rejection of pharmaceuticals by different RO/NF membranes
De-HL,NF,Indomethacin,COc1ccc2n(c(C)c(CC(O)=O)c2c1)C(=O)c3ccc(Cl)cc3,46.44,5.0,7.0,25.0,0.5,0.02,357.793,180,0.524,0.8539999999999999,0.4061581699743521,0.45,4.5,-30.6,4.27,26.8,-0.9968476908167399,30.50353933899224,1.454273330286334,100.0,Role of membrane and compound properties in affecting the rejection of pharmaceuticals by different RO/NF membranes
De-HL,NF,glucose,OC[C@@H](O)[C@@H](O)[C@H](O)[C@@H](O)C=O,55.728,6.0,7.0,25.0,12.0,10.0,180.156,180,0.0,0.0,0.2515616313767203,0.45,12.45,-30.6,-3.24,26.8,-3.548121303126307e-06,0.000108572511875665,-3.24,85.1272,Role of membrane and compound properties in affecting the rejection of pharmaceuticals by different RO/NF membranes
De-HL,NF,glucose,OC[C@@H](O)[C@@H](O)[C@H](O)[C@@H](O)C=O,69.66,7.5,7.0,25.0,12.0,10.0,180.156,180,0.0,0.0,0.2515616313767203,0.45,12.45,-13.79,-3.24,26.8,-3.548121303126307e-06,4.892859277011177e-05,-3.24,87.8669,Role of membrane and compound properties in affecting the rejection of pharmaceuticals by different RO/NF membranes
De-HL,NF,glucose,OC[C@@H](O)[C@@H](O)[C@H](O)[C@@H](O)C=O,83.59200000000001,9.0,7.0,25.0,12.0,10.0,180.156,180,0.0,0.0,0.2515616313767203,0.45,12.45,-13.79,-3.24,26.8,-3.548121303126307e-06,4.892859277011177e-05,-3.24,91.3894,Role of membrane and compound properties in affecting the rejection of pharmaceuticals by different RO/NF membranes
ESPA1,RO,Carbamazepine,NC(=O)N1c2ccccc2C=Cc3ccccc13,15.498,5.0,7.0,25.0,24.0,0.02,236.274,175,0.4480000000000001,0.576,0.3334516559578687,0.4031806108897714,13.9,-27.29,2.45,22.6,0.0,0.0,2.45,94.0227,Role of membrane and compound properties in affecting the rejection of pharmaceuticals by different RO/NF membranes
ESPA1,RO,Chloramphenicol,OCC(NC(=O)C(Cl)Cl)C(O)c1ccc(cc1)[N+]([O-])=O,15.498,5.0,7.0,25.0,24.0,0.02,323.132,175,0.4349999999999999,0.747,0.3567609688384578,0.4031806108897714,11.03,-27.29,1.1,22.6,-9.331672125655432e-05,0.002546613323091367,1.1,95.1975,Role of membrane and compound properties in affecting the rejection of pharmaceuticals by different RO/NF membranes
ESPA1,RO,Cephalexin,O.CC1=C(N2[C@H](SC1)[C@H](NC(=O)[C@H](N)c3ccccc3)C2=O)C(O)=O,15.498,5.0,7.0,25.0,24.0,0.02,365.411,175,0.474,0.638,0.3912530682327713,0.4031806108897714,2.53,-27.29,0.65,22.6,-0.9999193485754344,27.28779902262361,-3.423892027280182,95.2613,Role of membrane and compound properties in affecting the rejection of pharmaceuticals by different RO/NF membranes
ESPA1,RO,Clofibric acid,CC(C)(Oc1ccc(Cl)cc1)C(O)=O,15.498,5.0,7.0,25.0,24.0,0.02,214.648,175,0.35,0.62,0.3149381950227265,0.4031806108897714,3.12,-27.29,2.57,22.6,-0.9998681917018621,27.28640295154382,-0.2268545942604527,95.531,Role of membrane and compound properties in affecting the rejection of pharmaceuticals by different RO/NF membranes
ESPA1,RO,Diclofenac,OC(=O)Cc1ccccc1Nc2c(Cl)cccc2Cl,15.498,5.0,7.0,25.0,24.0,0.02,296.153,175,0.462,0.634,0.3476931977505725,0.4031806108897714,4.15,-27.29,4.51,22.6,-0.9985894549032847,27.25150622431064,2.18992467830834,95.7354,Role of membrane and compound properties in affecting the rejection of pharmaceuticals by different RO/NF membranes
ESPA1,RO,Cephalexin,O.CC1=C(N2[C@H](SC1)[C@H](NC(=O)[C@H](N)c3ccccc3)C2=O)C(O)=O,15.498,5.0,7.0,25.0,0.5,0.02,365.411,175,0.474,0.638,0.3912530682327713,0.4031806108897714,2.53,-27.29,0.65,22.6,-0.9999193485754344,27.28779902262361,-3.423892027280182,95.7675,Role of membrane and compound properties in affecting the rejection of pharmaceuticals by different RO/NF membranes
ESPA1,RO,Chloramphenicol,OCC(NC(=O)C(Cl)Cl)C(O)c1ccc(cc1)[N+]([O-])=O,15.498,5.0,7.0,25.0,0.5,0.02,323.132,175,0.4349999999999999,0.747,0.3567609688384578,0.4031806108897714,11.03,-27.29,1.1,22.6,-9.331672125655432e-05,0.002546613323091367,1.1,96.9275,Role of membrane and compound properties in affecting the rejection of pharmaceuticals by different RO/NF membranes
ESPA1,RO,Clofibric acid,CC(C)(Oc1ccc(Cl)cc1)C(O)=O,15.498,5.0,7.0,25.0,0.5,0.02,214.648,175,0.35,0.62,0.3149381950227265,0.4031806108897714,3.12,-27.29,2.57,22.6,-0.9998681917018621,27.28640295154382,-0.2268545942604527,97.0921,Role of membrane and compound properties in affecting the rejection of pharmaceuticals by different RO/NF membranes
ESPA1,RO,Carbamazepine,NC(=O)N1c2ccccc2C=Cc3ccccc13,15.498,5.0,7.0,25.0,0.5,0.02,236.274,175,0.4480000000000001,0.576,0.3334516559578687,0.4031806108897714,13.9,-27.29,2.45,22.6,0.0,0.0,2.45,98.7904,Role of membrane and compound properties in affecting the rejection of pharmaceuticals by different RO/NF membranes
ESPA1,RO,Diclofenac,OC(=O)Cc1ccccc1Nc2c(Cl)cccc2Cl,15.498,5.0,7.0,25.0,0.5,0.02,296.153,175,0.462,0.634,0.3476931977505725,0.4031806108897714,4.15,-27.29,4.51,22.6,-0.9985894549032847,27.25150622431064,2.18992467830834,99.4484,Role of membrane and compound properties in affecting the rejection of pharmaceuticals by different RO/NF membranes
ESPA1,RO,Gemfibrozil,Cc1ccc(C)c(OCCCC(C)(C)C(O)=O)c1,15.498,5.0,7.0,25.0,0.5,0.02,250.337999999999,175,0.499,0.743,0.3884540064460517,0.4031806108897714,4.5,-27.29,4.39,22.6,-0.9968476908167399,27.20397348238883,2.349371680725969,99.979,Role of membrane and compound properties in affecting the rejection of pharmaceuticals by different RO/NF membranes
ESPA1,RO,Gemfibrozil,Cc1ccc(C)c(OCCCC(C)(C)C(O)=O)c1,15.498,5.0,7.0,25.0,24.0,0.02,250.337999999999,175,0.499,0.743,0.3884540064460517,0.4031806108897714,4.5,-27.29,4.39,22.6,-0.9968476908167399,27.20397348238883,2.349371680725969,100.0,Role of membrane and compound properties in affecting the rejection of pharmaceuticals by different RO/NF membranes
ESPA1,RO,Ciprofloxacin,OC(=O)C1=CN(C2CC2)c3cc(N4CCNCC4)c(F)cc3C1=O,15.498,5.0,7.0,25.0,0.5,0.02,331.347,175,0.502,0.748,0.3689424368716731,0.4031806108897714,6.16,-27.29,0.28,22.6,0.7009062548873292,-19.12773169587521,-1.96689089734763,100.0,Role of membrane and compound properties in affecting the rejection of pharmaceuticals by different RO/NF membranes
ESPA1,RO,Ciprofloxacin,OC(=O)C1=CN(C2CC2)c3cc(N4CCNCC4)c(F)cc3C1=O,15.498,5.0,7.0,25.0,24.0,0.02,331.347,175,0.502,0.748,0.3689424368716731,0.4031806108897714,6.16,-27.29,0.28,22.6,0.7009062548873292,-19.12773169587521,-1.96689089734763,100.0,Role of membrane and compound properties in affecting the rejection of pharmaceuticals by different RO/NF membranes
ESPA1,RO,Ampicillin,CC1(C)S[C@@H]2[C@H](NC(=O)[C@H](N)c3ccccc3)C(=O)N2[C@H]1C(O)=O,15.498,5.0,7.0,25.0,0.5,0.02,349.412,175,0.449,0.794,0.3887097462414054,0.4031806108897714,2.5,-27.29,1.35,22.6,-0.9998422007010169,27.28569365713075,-2.208809086313118,100.0,Role of membrane and compound properties in affecting the rejection of pharmaceuticals by different RO/NF membranes
ESPA1,RO,Ampicillin,CC1(C)S[C@@H]2[C@H](NC(=O)[C@H](N)c3ccccc3)C(=O)N2[C@H]1C(O)=O,15.498,5.0,7.0,25.0,24.0,0.02,349.412,175,0.449,0.794,0.3887097462414054,0.4031806108897714,2.5,-27.29,1.35,22.6,-0.9998422007010169,27.28569365713075,-2.208809086313118,100.0,Role of membrane and compound properties in affecting the rejection of pharmaceuticals by different RO/NF membranes
ESPA1,RO,Glucose,OC[C@@H](O)[C@@H](O)[C@H](O)[C@@H](O)C=O,7.749,2.5,7.0,25.0,12.0,10.0,180.156,330,0.4,0.48,0.2515616313767203,0.4031806108897714,12.45,-13.79,-3.24,26.8,-3.548121303126307e-06,4.892859277011177e-05,-3.24,93.9335,Role of membrane and compound properties in affecting the rejection of pharmaceuticals by different RO/NF membranes
ESPA1,RO,Sulfadiazine,Nc1ccc(cc1)[S](=O)(=O)Nc2ncccn2,15.498,5.0,7.0,25.0,24.0,0.02,250.283,175,0.453,0.612,0.3093115947296739,0.4031806108897714,6.36,-27.29,-0.09,22.6,-0.8136122105055866,22.20347722469746,-0.09,93.7308,Role of membrane and compound properties in affecting the rejection of pharmaceuticals by different RO/NF membranes
ESPA1,RO,Sulfadiazine,Nc1ccc(cc1)[S](=O)(=O)Nc2ncccn2,15.498,5.0,7.0,25.0,0.5,0.02,250.283,175,0.453,0.612,0.3093115947296739,0.4031806108897714,6.36,-27.29,-0.09,22.6,-0.8136122105055866,22.20347722469746,-0.09,94.1951,Role of membrane and compound properties in affecting the rejection of pharmaceuticals by different RO/NF membranes
ESPA1,RO,Sulfamethazine,Cc1cc(C)nc(N[S](=O)(=O)c2ccc(N)cc2)n1,15.498,5.0,7.0,25.0,24.0,0.02,278.337,175,0.49,0.704,0.3369726188920903,0.4031806108897714,2.65,-27.29,0.89,22.6,-0.9995563875055626,27.2778938150268,0.89,94.8035,Role of membrane and compound properties in affecting the rejection of pharmaceuticals by different RO/NF membranes
ESPA1,RO,Sulfamethazine,Cc1cc(C)nc(N[S](=O)(=O)c2ccc(N)cc2)n1,15.498,5.0,7.0,25.0,0.5,0.02,278.337,175,0.49,0.704,0.3369726188920903,0.4031806108897714,2.65,-27.29,0.89,22.6,-0.9995563875055626,27.2778938150268,0.89,95.6052,Role of membrane and compound properties in affecting the rejection of pharmaceuticals by different RO/NF membranes
ESPA1,RO,Sulfamethoxazole,Cc1onc(N[S](=O)(=O)c2ccc(N)cc2)c1,15.498,5.0,7.0,25.0,24.0,0.02,253.283,175,0.54,0.588,0.3153427582941809,0.4031806108897714,1.6,-27.29,0.89,22.6,-1.859097133559606,50.73476077484166,-0.1689132136423285,96.0165,Role of membrane and compound properties in affecting the rejection of pharmaceuticals by different RO/NF membranes
ESPA1,RO,Sulfamethoxazole,Cc1onc(N[S](=O)(=O)c2ccc(N)cc2)c1,15.498,5.0,7.0,25.0,0.5,0.02,253.283,175,0.54,0.588,0.3153427582941809,0.4031806108897714,1.6,-27.29,0.89,22.6,-1.859097133559606,50.73476077484166,-0.1689132136423285,96.2276,Role of membrane and compound properties in affecting the rejection of pharmaceuticals by different RO/NF membranes
ESPA1,RO,Indomethacin,COc1ccc2n(c(C)c(CC(O)=O)c2c1)C(=O)c3ccc(Cl)cc3,15.498,5.0,7.0,25.0,24.0,0.02,357.793,175,0.524,0.8539999999999999,0.4061581699743521,0.4031806108897714,4.5,-27.29,4.27,22.6,-0.9968476908167399,27.20397348238883,1.454273330286334,97.0719,Role of membrane and compound properties in affecting the rejection of pharmaceuticals by different RO/NF membranes
ESPA1,RO,Nalidixic acid,CCN1C=C(C(O)=O)C(=O)c2ccc(C)nc12,15.498,5.0,7.0,25.0,24.0,0.02,232.238999999999,175,0.516,0.636,0.3202563871907044,0.4031806108897714,6.01,-27.29,1.59,22.6,-0.9071699361527149,24.75666755760759,0.9946735597791301,97.3948,Role of membrane and compound properties in affecting the rejection of pharmaceuticals by different RO/NF membranes
ESPA1,RO,Glucose,OC[C@@H](O)[C@@H](O)[C@H](O)[C@@H](O)C=O,15.498,5.0,7.0,25.0,12.0,10.0,180.156,330,0.4,0.48,0.2515616313767203,0.4031806108897714,12.45,-13.79,-3.24,26.8,-3.548121303126307e-06,4.892859277011177e-05,-3.24,98.8258,Role of membrane and compound properties in affecting the rejection of pharmaceuticals by different RO/NF membranes
ESPA1,RO,Nalidixic acid,CCN1C=C(C(O)=O)C(=O)c2ccc(C)nc12,15.498,5.0,7.0,25.0,0.5,0.02,232.238999999999,175,0.516,0.636,0.3202563871907044,0.4031806108897714,6.01,-27.29,1.59,22.6,-0.9071699361527149,24.75666755760759,0.9946735597791301,99.9685,Role of membrane and compound properties in affecting the rejection of pharmaceuticals by different RO/NF membranes
ESPA1,RO,Naproxen,COc1ccc2cc(ccc2c1)C(C)C(O)=O,15.498,5.0,7.0,25.0,0.5,0.02,230.262999999999,175,0.392,0.73,0.3324489960201268,0.4031806108897714,4.84,-27.29,3.18,22.6,-0.9931284718841809,27.1024759977193,1.09862278971032,100.0,Role of membrane and compound properties in affecting the rejection of pharmaceuticals by different RO/NF membranes
ESPA1,RO,Naproxen,COc1ccc2cc(ccc2c1)C(C)C(O)=O,15.498,5.0,7.0,25.0,24.0,0.02,230.262999999999,175,0.392,0.73,0.3324489960201268,0.4031806108897714,4.84,-27.29,3.18,22.6,-0.9931284718841809,27.1024759977193,1.09862278971032,100.0,Role of membrane and compound properties in affecting the rejection of pharmaceuticals by different RO/NF membranes
ESPA1,RO,Norfloxacin,CCN1C=C(C(O)=O)C(=O)c2cc(F)c(cc12)N3CCNCC3,15.498,5.0,7.0,25.0,0.5,0.02,319.336,175,0.516,0.744,0.3854363846657497,0.4031806108897714,6.34,-27.29,-1.03,22.6,0.8359071041684609,-22.8119048727573,-3.137803008127174,100.0,Role of membrane and compound properties in affecting the rejection of pharmaceuticals by different RO/NF membranes
ESPA1,RO,Norfloxacin,CCN1C=C(C(O)=O)C(=O)c2cc(F)c(cc12)N3CCNCC3,15.498,5.0,7.0,25.0,24.0,0.02,319.336,175,0.516,0.744,0.3854363846657497,0.4031806108897714,6.34,-27.29,-1.03,22.6,0.8359071041684609,-22.8119048727573,-3.137803008127174,100.0,Role of membrane and compound properties in affecting the rejection of pharmaceuticals by different RO/NF membranes
ESPA1,RO,Indomethacin,COc1ccc2n(c(C)c(CC(O)=O)c2c1)C(=O)c3ccc(Cl)cc3,15.498,5.0,7.0,25.0,0.5,0.02,357.793,175,0.524,0.8539999999999999,0.4061581699743521,0.4031806108897714,4.5,-27.29,4.27,22.6,-0.9968476908167399,27.20397348238883,1.454273330286334,100.0,Role of membrane and compound properties in affecting the rejection of pharmaceuticals by different RO/NF membranes
ESPA1,RO,Glucose,OC[C@@H](O)[C@@H](O)[C@H](O)[C@@H](O)C=O,23.247,7.5,7.0,25.0,12.0,10.0,180.156,330,0.4,0.48,0.2515616313767203,0.4031806108897714,12.45,-13.79,-3.24,26.8,-3.548121303126307e-06,4.892859277011177e-05,-3.24,100.0,Role of membrane and compound properties in affecting the rejection of pharmaceuticals by different RO/NF membranes
ESPA1,RO,Glucose,OC[C@@H](O)[C@@H](O)[C@H](O)[C@@H](O)C=O,27.8964,9.0,7.0,25.0,12.0,10.0,180.156,330,0.4,0.48,0.2515616313767203,0.4031806108897714,12.45,-13.79,-3.24,26.8,-3.548121303126307e-06,4.892859277011177e-05,-3.24,100.0,Role of membrane and compound properties in affecting the rejection of pharmaceuticals by different RO/NF membranes
ESPA1,RO,Glucose,OC[C@@H](O)[C@@H](O)[C@H](O)[C@@H](O)C=O,37.1952,12.0,7.0,25.0,12.0,10.0,180.156,330,0.4,0.48,0.2515616313767203,0.4031806108897714,12.45,-13.79,-3.24,26.8,-3.548121303126307e-06,4.892859277011177e-05,-3.24,100.0,Role of membrane and compound properties in affecting the rejection of pharmaceuticals by different RO/NF membranes
NF270,NF,Ampicillin,CC1(C)S[C@@H]2[C@H](NC(=O)[C@H](N)c3ccccc3)C(=O)N2[C@H]1C(O)=O,76.0,5.0,7.0,25.0,0.5,0.02,349.412,330,0.449,0.794,0.3887097462414054,0.42,2.5,-13.79,1.35,31.3,-0.9998422007010169,13.78782394766702,-2.208809086313118,81.423,Role of membrane and compound properties in affecting the rejection of pharmaceuticals by different RO/NF membranes
NF270,NF,Carbamazepine,NC(=O)N1c2ccccc2C=Cc3ccccc13,76.0,5.0,7.0,25.0,0.5,0.02,236.274,330,0.4480000000000001,0.576,0.3334516559578687,0.42,13.9,-13.79,2.45,31.3,0.0,0.0,2.45,87.113,Role of membrane and compound properties in affecting the rejection of pharmaceuticals by different RO/NF membranes
NF270,NF,Carbamazepine,NC(=O)N1c2ccccc2C=Cc3ccccc13,76.0,5.0,7.0,25.0,24.0,0.02,236.274,330,0.4480000000000001,0.576,0.3334516559578687,0.42,13.9,-13.79,2.45,31.3,0.0,0.0,2.45,87.782,Role of membrane and compound properties in affecting the rejection of pharmaceuticals by different RO/NF membranes
NF270,NF,Ampicillin,CC1(C)S[C@@H]2[C@H](NC(=O)[C@H](N)c3ccccc3)C(=O)N2[C@H]1C(O)=O,76.0,5.0,7.0,25.0,24.0,0.02,349.412,200,0.449,0.794,0.3887097462414054,0.42,2.5,-42.7,1.35,31.3,-0.9998422007010169,42.69326196993342,-2.208809086313118,92.636,Role of membrane and compound properties in affecting the rejection of pharmaceuticals by different RO/NF membranes
NF270,NF,Cephalexin,O.CC1=C(N2[C@H](SC1)[C@H](NC(=O)[C@H](N)c3ccccc3)C2=O)C(O)=O,76.0,5.0,7.0,25.0,0.5,0.02,365.411,330,0.474,0.638,0.3912530682327713,0.42,2.53,-13.79,0.65,31.3,-0.9999193485754344,13.78888781685524,-3.423892027280182,92.803,Role of membrane and compound properties in affecting the rejection of pharmaceuticals by different RO/NF membranes
NF270,NF,Clofibric acid,CC(C)(Oc1ccc(Cl)cc1)C(O)=O,76.0,5.0,7.0,25.0,0.5,0.02,214.648,330,0.35,0.62,0.3149381950227265,0.42,3.12,-13.79,2.57,31.3,-0.9998681917018621,13.78818236356868,-0.2268545942604527,93.473,Role of membrane and compound properties in affecting the rejection of pharmaceuticals by different RO/NF membranes
NF270,NF,Clofibric acid,CC(C)(Oc1ccc(Cl)cc1)C(O)=O,76.0,5.0,7.0,25.0,24.0,0.02,214.648,330,0.35,0.62,0.3149381950227265,0.42,3.12,-13.79,2.57,31.3,-0.9998681917018621,13.78818236356868,-0.2268545942604527,93.473,Role of membrane and compound properties in affecting the rejection of pharmaceuticals by different RO/NF membranes
NF270,NF,Diclofenac,OC(=O)Cc1ccccc1Nc2c(Cl)cccc2Cl,76.0,5.0,7.0,25.0,24.0,0.02,296.153,200,0.462,0.634,0.3476931977505725,0.42,4.15,-42.7,4.51,31.3,-0.9985894549032847,42.63976972437026,2.18992467830834,93.473,Role of membrane and compound properties in affecting the rejection of pharmaceuticals by different RO/NF membranes
NF270,NF,Gemfibrozil,Cc1ccc(C)c(OCCCC(C)(C)C(O)=O)c1,76.0,5.0,7.0,25.0,24.0,0.02,250.337999999999,330,0.499,0.743,0.3884540064460517,0.42,4.5,-13.79,4.39,31.3,-0.9968476908167399,13.74652965636284,2.349371680725969,93.808,Role of membrane and compound properties in affecting the rejection of pharmaceuticals by different RO/NF membranes
NF270,NF,Gemfibrozil,Cc1ccc(C)c(OCCCC(C)(C)C(O)=O)c1,76.0,5.0,7.0,25.0,0.5,0.02,250.337999999999,330,0.499,0.743,0.3884540064460517,0.42,4.5,-13.79,4.39,31.3,-0.9968476908167399,13.74652965636284,2.349371680725969,94.142,Role of membrane and compound properties in affecting the rejection of pharmaceuticals by different RO/NF membranes
NF270,NF,Diclofenac,OC(=O)Cc1ccccc1Nc2c(Cl)cccc2Cl,76.0,5.0,7.0,25.0,0.5,0.02,296.153,330,0.462,0.634,0.3476931977505725,0.42,4.15,-13.79,4.51,31.3,-0.9985894549032847,13.77054858311629,2.18992467830834,94.142,Role of membrane and compound properties in affecting the rejection of pharmaceuticals by different RO/NF membranes
NF270,NF,Ciprofloxacin,OC(=O)C1=CN(C2CC2)c3cc(N4CCNCC4)c(F)cc3C1=O,76.0,5.0,7.0,25.0,0.5,0.02,331.347,330,0.502,0.748,0.3689424368716731,0.42,6.16,-13.79,0.28,31.3,0.7009062548873292,-9.665497254896268,-1.96689089734763,94.644,Role of membrane and compound properties in affecting the rejection of pharmaceuticals by different RO/NF membranes
NF270,NF,Cephalexin,O.CC1=C(N2[C@H](SC1)[C@H](NC(=O)[C@H](N)c3ccccc3)C2=O)C(O)=O,76.0,5.0,7.0,25.0,24.0,0.02,365.411,200,0.474,0.638,0.3912530682327713,0.42,2.53,-42.7,0.65,31.3,-0.9999193485754344,42.69655618417105,-3.423892027280182,94.812,Role of membrane and compound properties in affecting the rejection of pharmaceuticals by different RO/NF membranes
NF270,NF,Ciprofloxacin,OC(=O)C1=CN(C2CC2)c3cc(N4CCNCC4)c(F)cc3C1=O,76.0,5.0,7.0,25.0,24.0,0.02,331.347,200,0.502,0.748,0.3689424368716731,0.42,6.16,-42.7,0.28,31.3,0.7009062548873292,-29.92869708368896,-1.96689089734763,95.649,Role of membrane and compound properties in affecting the rejection of pharmaceuticals by different RO/NF membranes
NF270,NF,Chloramphenicol,OCC(NC(=O)C(Cl)Cl)C(O)c1ccc(cc1)[N+]([O-])=O,76.0,5.0,7.0,25.0,0.5,0.02,323.132,330,0.4349999999999999,0.747,0.3567609688384578,0.42,11.03,-13.79,1.1,31.3,-9.331672125655432e-05,0.001286837586127884,1.1,95.983,Role of membrane and compound properties in affecting the rejection of pharmaceuticals by different RO/NF membranes
NF270,NF,Chloramphenicol,OCC(NC(=O)C(Cl)Cl)C(O)c1ccc(cc1)[N+]([O-])=O,76.0,5.0,7.0,25.0,24.0,0.02,323.132,200,0.4349999999999999,0.747,0.3567609688384578,0.42,11.03,-42.7,1.1,31.3,-9.331672125655432e-05,0.00398462399765487,1.1,96.987,Role of membrane and compound properties in affecting the rejection of pharmaceuticals by different RO/NF membranes
NF270,NF,glucose,OC[C@@H](O)[C@@H](O)[C@H](O)[C@@H](O)C=O,15.2,1.0,7.0,25.0,12.0,10.0,180.156,330,0.0,0.0,0.2515616313767203,0.42,12.45,-13.79,-3.24,26.8,-3.548121303126307e-06,4.892859277011177e-05,-3.24,65.5577,Role of membrane and compound properties in affecting the rejection of pharmaceuticals by different RO/NF membranes
NF270,NF,glucose,OC[C@@H](O)[C@@H](O)[C@H](O)[C@@H](O)C=O,30.4,2.0,7.0,25.0,12.0,10.0,180.156,330,0.0,0.0,0.2515616313767203,0.42,12.45,-13.79,-3.24,26.8,-3.548121303126307e-06,4.892859277011177e-05,-3.24,77.8865,Role of membrane and compound properties in affecting the rejection of pharmaceuticals by different RO/NF membranes
NF270,NF,glucose,OC[C@@H](O)[C@@H](O)[C@H](O)[C@@H](O)C=O,45.6,3.0,7.0,25.0,12.0,10.0,180.156,330,0.0,0.0,0.2515616313767203,0.42,12.45,-13.79,-3.24,26.8,-3.548121303126307e-06,4.892859277011177e-05,-3.24,79.2564,Role of membrane and compound properties in affecting the rejection of pharmaceuticals by different RO/NF membranes
NF270,NF,glucose,OC[C@@H](O)[C@@H](O)[C@H](O)[C@@H](O)C=O,60.8,4.0,7.0,25.0,12.0,10.0,180.156,330,0.0,0.0,0.2515616313767203,0.42,12.45,-13.79,-3.24,26.8,-3.548121303126307e-06,4.892859277011177e-05,-3.24,83.7573,Role of membrane and compound properties in affecting the rejection of pharmaceuticals by different RO/NF membranes
NF270,NF,glucose,OC[C@@H](O)[C@@H](O)[C@H](O)[C@@H](O)C=O,76.0,5.0,7.0,25.0,12.0,10.0,180.156,330,0.0,0.0,0.2515616313767203,0.42,12.45,-13.79,-3.24,26.8,-3.548121303126307e-06,4.892859277011177e-05,-3.24,85.5186,Role of membrane and compound properties in affecting the rejection of pharmaceuticals by different RO/NF membranes
NF270,NF,Naproxen,COc1ccc2cc(ccc2c1)C(C)C(O)=O,76.0,5.0,7.0,25.0,0.5,0.02,230.262999999999,330,0.392,0.73,0.3324489960201268,0.42,4.84,-13.79,3.18,31.3,-0.9931284718841809,13.69524162728285,1.09862278971032,86.778,Role of membrane and compound properties in affecting the rejection of pharmaceuticals by different RO/NF membranes
NF270,NF,Sulfadiazine,Nc1ccc(cc1)[S](=O)(=O)Nc2ncccn2,76.0,5.0,7.0,25.0,0.5,0.02,250.283,330,0.453,0.612,0.3093115947296739,0.42,6.36,-13.79,-0.09,31.3,-0.8136122105055866,11.21971238287204,-0.09,90.46,Role of membrane and compound properties in affecting the rejection of pharmaceuticals by different RO/NF membranes
NF270,NF,Sulfamethazine,Cc1cc(C)nc(N[S](=O)(=O)c2ccc(N)cc2)n1,76.0,5.0,7.0,25.0,0.5,0.02,278.337,330,0.49,0.704,0.3369726188920903,0.42,2.65,-13.79,0.89,31.3,-0.9995563875055626,13.78388258370171,0.89,90.962,Role of membrane and compound properties in affecting the rejection of pharmaceuticals by different RO/NF membranes
NF270,NF,Sulfadiazine,Nc1ccc(cc1)[S](=O)(=O)Nc2ncccn2,76.0,5.0,7.0,25.0,24.0,0.02,250.283,330,0.453,0.612,0.3093115947296739,0.42,6.36,-13.79,-0.09,31.3,-0.8136122105055866,11.21971238287204,-0.09,92.134,Role of membrane and compound properties in affecting the rejection of pharmaceuticals by different RO/NF membranes
NF270,NF,Nalidixic acid,CCN1C=C(C(O)=O)C(=O)c2ccc(C)nc12,76.0,5.0,7.0,25.0,0.5,0.02,232.238999999999,330,0.516,0.636,0.3202563871907044,0.42,6.01,-13.79,1.59,31.3,-0.9071699361527149,12.50987341954594,0.9946735597791301,92.971,Role of membrane and compound properties in affecting the rejection of pharmaceuticals by different RO/NF membranes
NF270,NF,Sulfamethoxazole,Cc1onc(N[S](=O)(=O)c2ccc(N)cc2)c1,76.0,5.0,7.0,25.0,0.5,0.02,253.283,330,0.54,0.588,0.3153427582941809,0.42,1.6,-13.79,0.89,31.3,-1.859097133559606,25.63694947178697,-0.1689132136423285,92.971,Role of membrane and compound properties in affecting the rejection of pharmaceuticals by different RO/NF membranes
NF270,NF,Sulfamethazine,Cc1cc(C)nc(N[S](=O)(=O)c2ccc(N)cc2)n1,76.0,5.0,7.0,25.0,24.0,0.02,278.337,330,0.49,0.704,0.3369726188920903,0.42,2.65,-42.7,0.89,31.3,-0.9995563875055626,42.68105774648753,0.89,93.138,Role of membrane and compound properties in affecting the rejection of pharmaceuticals by different RO/NF membranes
NF270,NF,Nalidixic acid,CCN1C=C(C(O)=O)C(=O)c2ccc(C)nc12,76.0,5.0,7.0,25.0,24.0,0.02,232.238999999999,330,0.516,0.636,0.3202563871907044,0.42,6.01,-13.79,1.59,31.3,-0.9071699361527149,12.50987341954594,0.9946735597791301,93.473,Role of membrane and compound properties in affecting the rejection of pharmaceuticals by different RO/NF membranes
NF270,NF,Sulfamethoxazole,Cc1onc(N[S](=O)(=O)c2ccc(N)cc2)c1,76.0,5.0,7.0,25.0,24.0,0.02,253.283,330,0.54,0.588,0.3153427582941809,0.42,1.6,-13.79,0.89,31.3,-1.859097133559606,25.63694947178697,-0.1689132136423285,93.808,Role of membrane and compound properties in affecting the rejection of pharmaceuticals by different RO/NF membranes
NF270,NF,Norfloxacin,CCN1C=C(C(O)=O)C(=O)c2cc(F)c(cc12)N3CCNCC3,76.0,5.0,7.0,25.0,0.5,0.02,319.336,330,0.516,0.744,0.3854363846657497,0.42,6.34,-13.79,-1.03,31.3,0.8359071041684609,-11.52715896648307,-3.137803008127174,93.975,Role of membrane and compound properties in affecting the rejection of pharmaceuticals by different RO/NF membranes
NF270,NF,Indomethacin,COc1ccc2n(c(C)c(CC(O)=O)c2c1)C(=O)c3ccc(Cl)cc3,76.0,5.0,7.0,25.0,24.0,0.02,357.793,200,0.524,0.8539999999999999,0.4061581699743521,0.42,4.5,-42.7,4.27,31.3,-0.9968476908167399,42.56539639787479,1.454273330286334,95.314,Role of membrane and compound properties in affecting the rejection of pharmaceuticals by different RO/NF membranes
NF270,NF,Norfloxacin,CCN1C=C(C(O)=O)C(=O)c2cc(F)c(cc12)N3CCNCC3,76.0,5.0,7.0,25.0,24.0,0.02,319.336,200,0.516,0.744,0.3854363846657497,0.42,6.34,-42.7,-1.03,31.3,0.8359071041684609,-35.69323334799329,-3.137803008127174,97.49,Role of membrane and compound properties in affecting the rejection of pharmaceuticals by different RO/NF membranes
NF270,NF,Indomethacin,COc1ccc2n(c(C)c(CC(O)=O)c2c1)C(=O)c3ccc(Cl)cc3,76.0,5.0,7.0,25.0,0.5,0.02,357.793,330,0.524,0.8539999999999999,0.4061581699743521,0.42,4.5,-13.79,4.27,31.3,-0.9968476908167399,13.74652965636284,1.454273330286334,97.49,Role of membrane and compound properties in affecting the rejection of pharmaceuticals by different RO/NF membranes
NF270,NF,Naproxen,COc1ccc2cc(ccc2c1)C(C)C(O)=O,76.0,5.0,7.0,25.0,24.0,0.02,230.262999999999,330,0.392,0.73,0.3324489960201268,0.42,4.84,-13.79,3.18,31.3,-0.9931284718841809,13.69524162728285,1.09862278971032,100.0,Role of membrane and compound properties in affecting the rejection of pharmaceuticals by different RO/NF membranes
NF270,NF,glucose,OC[C@@H](O)[C@@H](O)[C@H](O)[C@@H](O)C=O,91.2,6.0,7.0,25.0,12.0,10.0,180.156,330,0.0,0.0,0.2515616313767203,0.42,12.45,-13.79,-3.24,26.8,-3.548121303126307e-06,4.892859277011177e-05,-3.24,88.0626,Role of membrane and compound properties in affecting the rejection of pharmaceuticals by different RO/NF membranes
NF270,NF,glucose,OC[C@@H](O)[C@@H](O)[C@H](O)[C@@H](O)C=O,106.4,7.0,7.0,25.0,12.0,10.0,180.156,330,0.0,0.0,0.2515616313767203,0.42,12.45,-13.79,-3.24,26.8,-3.548121303126307e-06,4.892859277011177e-05,-3.24,89.2368,Role of membrane and compound properties in affecting the rejection of pharmaceuticals by different RO/NF membranes
NF90,NF,Ampicillin,CC1(C)S[C@@H]2[C@H](NC(=O)[C@H](N)c3ccccc3)C(=O)N2[C@H]1C(O)=O,42.4,5.0,7.0,25.0,24.0,0.02,349.412,175,0.449,0.794,0.3887097462414054,0.34,2.5,-27.29,1.35,37.0,-0.9998422007010169,27.28569365713075,-2.208809086313118,93.5565,Role of membrane and compound properties in affecting the rejection of pharmaceuticals by different RO/NF membranes
NF90,NF,Chloramphenicol,OCC(NC(=O)C(Cl)Cl)C(O)c1ccc(cc1)[N+]([O-])=O,42.4,5.0,7.0,25.0,0.5,0.02,323.132,200,0.4349999999999999,0.747,0.3567609688384578,0.34,11.03,-42.7,1.1,37.0,-9.331672125655432e-05,0.00398462399765487,1.1,96.2762,Role of membrane and compound properties in affecting the rejection of pharmaceuticals by different RO/NF membranes
NF90,NF,Gemfibrozil,Cc1ccc(C)c(OCCCC(C)(C)C(O)=O)c1,42.4,5.0,7.0,25.0,0.5,0.02,250.337999999999,200,0.499,0.743,0.3884540064460517,0.34,4.5,-42.7,4.39,37.0,-0.9968476908167399,42.56539639787479,2.349371680725969,96.9038,Role of membrane and compound properties in affecting the rejection of pharmaceuticals by different RO/NF membranes
NF90,NF,Cephalexin,O.CC1=C(N2[C@H](SC1)[C@H](NC(=O)[C@H](N)c3ccccc3)C2=O)C(O)=O,42.4,5.0,7.0,25.0,24.0,0.02,365.411,175,0.474,0.638,0.3912530682327713,0.34,2.53,-27.29,0.65,37.0,-0.9999193485754344,27.28779902262361,-3.423892027280182,97.0711,Role of membrane and compound properties in affecting the rejection of pharmaceuticals by different RO/NF membranes
NF90,NF,Chloramphenicol,OCC(NC(=O)C(Cl)Cl)C(O)c1ccc(cc1)[N+]([O-])=O,42.4,5.0,7.0,25.0,24.0,0.02,323.132,200,0.4349999999999999,0.747,0.3567609688384578,0.34,11.03,-42.7,1.1,37.0,-9.331672125655432e-05,0.00398462399765487,1.1,97.2385,Role of membrane and compound properties in affecting the rejection of pharmaceuticals by different RO/NF membranes
NF90,NF,Gemfibrozil,Cc1ccc(C)c(OCCCC(C)(C)C(O)=O)c1,42.4,5.0,7.0,25.0,24.0,0.02,250.337999999999,200,0.499,0.743,0.3884540064460517,0.34,4.5,-42.7,4.39,37.0,-0.9968476908167399,42.56539639787479,2.349371680725969,97.364,Role of membrane and compound properties in affecting the rejection of pharmaceuticals by different RO/NF membranes
NF90,NF,Ciprofloxacin,OC(=O)C1=CN(C2CC2)c3cc(N4CCNCC4)c(F)cc3C1=O,42.4,5.0,7.0,25.0,24.0,0.02,331.347,200,0.502,0.748,0.3689424368716731,0.34,6.16,-42.7,0.28,37.0,0.7009062548873292,-29.92869708368896,-1.96689089734763,97.7824,Role of membrane and compound properties in affecting the rejection of pharmaceuticals by different RO/NF membranes
NF90,NF,Diclofenac,OC(=O)Cc1ccccc1Nc2c(Cl)cccc2Cl,42.4,5.0,7.0,25.0,0.5,0.02,296.153,200,0.462,0.634,0.3476931977505725,0.34,4.15,-42.7,4.51,37.0,-0.9985894549032847,42.63976972437026,2.18992467830834,97.9916,Role of membrane and compound properties in affecting the rejection of pharmaceuticals by different RO/NF membranes
NF90,NF,Cephalexin,O.CC1=C(N2[C@H](SC1)[C@H](NC(=O)[C@H](N)c3ccccc3)C2=O)C(O)=O,42.4,5.0,7.0,25.0,0.5,0.02,365.411,200,0.474,0.638,0.3912530682327713,0.34,2.53,-42.7,0.65,37.0,-0.9999193485754344,42.69655618417105,-3.423892027280182,98.0335,Role of membrane and compound properties in affecting the rejection of pharmaceuticals by different RO/NF membranes
NF90,NF,Ampicillin,CC1(C)S[C@@H]2[C@H](NC(=O)[C@H](N)c3ccccc3)C(=O)N2[C@H]1C(O)=O,42.4,5.0,7.0,25.0,0.5,0.02,349.412,200,0.449,0.794,0.3887097462414054,0.34,2.5,-42.7,1.35,37.0,-0.9998422007010169,42.69326196993342,-2.208809086313118,98.159,Role of membrane and compound properties in affecting the rejection of pharmaceuticals by different RO/NF membranes
NF90,NF,Diclofenac,OC(=O)Cc1ccccc1Nc2c(Cl)cccc2Cl,42.4,5.0,7.0,25.0,24.0,0.02,296.153,200,0.462,0.634,0.3476931977505725,0.34,4.15,-42.7,4.51,37.0,-0.9985894549032847,42.63976972437026,2.18992467830834,98.3682,Role of membrane and compound properties in affecting the rejection of pharmaceuticals by different RO/NF membranes
NF90,NF,Ciprofloxacin,OC(=O)C1=CN(C2CC2)c3cc(N4CCNCC4)c(F)cc3C1=O,42.4,5.0,7.0,25.0,0.5,0.02,331.347,200,0.502,0.748,0.3689424368716731,0.34,6.16,-42.7,0.28,37.0,0.7009062548873292,-29.92869708368896,-1.96689089734763,99.1213,Role of membrane and compound properties in affecting the rejection of pharmaceuticals by different RO/NF membranes
NF90,NF,Clofibric acid,CC(C)(Oc1ccc(Cl)cc1)C(O)=O,42.4,5.0,7.0,25.0,0.5,0.02,214.648,200,0.35,0.62,0.3149381950227265,0.34,3.12,-42.7,2.57,37.0,-0.9998681917018621,42.69437178566952,-0.2268545942604527,99.1632,Role of membrane and compound properties in affecting the rejection of pharmaceuticals by different RO/NF membranes
NF90,NF,Clofibric acid,CC(C)(Oc1ccc(Cl)cc1)C(O)=O,42.4,5.0,7.0,25.0,24.0,0.02,214.648,200,0.35,0.62,0.3149381950227265,0.34,3.12,-42.7,2.57,37.0,-0.9998681917018621,42.69437178566952,-0.2268545942604527,99.1632,Role of membrane and compound properties in affecting the rejection of pharmaceuticals by different RO/NF membranes
NF90,NF,Carbamazepine,NC(=O)N1c2ccccc2C=Cc3ccccc13,42.4,5.0,7.0,25.0,0.5,0.02,236.274,200,0.4480000000000001,0.576,0.3334516559578687,0.34,13.9,-42.7,2.45,37.0,0.0,0.0,2.45,99.8326,Role of membrane and compound properties in affecting the rejection of pharmaceuticals by different RO/NF membranes
NF90,NF,Carbamazepine,NC(=O)N1c2ccccc2C=Cc3ccccc13,42.4,5.0,7.0,25.0,24.0,0.02,236.274,200,0.4480000000000001,0.576,0.3334516559578687,0.34,13.9,-42.7,2.45,37.0,0.0,0.0,2.45,99.8326,Role of membrane and compound properties in affecting the rejection of pharmaceuticals by different RO/NF membranes
NF90,NF,glucose,OC[C@@H](O)[C@@H](O)[C@H](O)[C@@H](O)C=O,14.3458632,1.79099,7.0,25.0,12.0,10.0,180.156,330,0.0,0.0,0.2515616313767203,0.34,12.45,-13.79,-3.24,26.8,-3.548121303126307e-06,4.892859277011177e-05,-3.24,89.4325,Role of membrane and compound properties in affecting the rejection of pharmaceuticals by different RO/NF membranes
NF90,NF,glucose,OC[C@@H](O)[C@@H](O)[C@H](O)[C@@H](O)C=O,20.3007528,3.53153,7.0,25.0,12.0,10.0,180.156,330,0.0,0.0,0.2515616313767203,0.34,12.45,-13.79,-3.24,26.8,-3.548121303126307e-06,4.892859277011177e-05,-3.24,89.4325,Role of membrane and compound properties in affecting the rejection of pharmaceuticals by different RO/NF membranes
NF90,NF,glucose,OC[C@@H](O)[C@@H](O)[C@H](O)[C@@H](O)C=O,40.704,4.8,7.0,25.0,12.0,10.0,180.156,330,0.0,0.0,0.2515616313767203,0.34,12.45,-13.79,-3.24,26.8,-3.548121303126307e-06,4.892859277011177e-05,-3.24,94.5205,Role of membrane and compound properties in affecting the rejection of pharmaceuticals by different RO/NF membranes
NF90,NF,glucose,OC[C@@H](O)[C@@H](O)[C@H](O)[C@@H](O)C=O,30.045114,4.91892,7.0,25.0,12.0,10.0,180.156,330,0.0,0.0,0.2515616313767203,0.34,12.45,-13.79,-3.24,26.8,-3.548121303126307e-06,4.892859277011177e-05,-3.24,93.9335,Role of membrane and compound properties in affecting the rejection of pharmaceuticals by different RO/NF membranes
NF90,NF,Indomethacin,COc1ccc2n(c(C)c(CC(O)=O)c2c1)C(=O)c3ccc(Cl)cc3,42.4,5.0,7.0,25.0,0.5,0.02,357.793,200,0.524,0.8539999999999999,0.4061581699743521,0.34,4.5,-42.7,4.27,37.0,-0.9968476908167399,42.56539639787479,1.454273330286334,97.6569,Role of membrane and compound properties in affecting the rejection of pharmaceuticals by different RO/NF membranes
NF90,NF,Nalidixic acid,CCN1C=C(C(O)=O)C(=O)c2ccc(C)nc12,42.4,5.0,7.0,25.0,0.5,0.02,232.238999999999,200,0.516,0.636,0.3202563871907044,0.34,6.01,-42.7,1.59,37.0,-0.9071699361527149,38.73615627372093,0.9946735597791301,97.7824,Role of membrane and compound properties in affecting the rejection of pharmaceuticals by different RO/NF membranes
NF90,NF,Nalidixic acid,CCN1C=C(C(O)=O)C(=O)c2ccc(C)nc12,42.4,5.0,7.0,25.0,24.0,0.02,232.238999999999,200,0.516,0.636,0.3202563871907044,0.34,6.01,-42.7,1.59,37.0,-0.9071699361527149,38.73615627372093,0.9946735597791301,97.7824,Role of membrane and compound properties in affecting the rejection of pharmaceuticals by different RO/NF membranes
NF90,NF,Sulfamethazine,Cc1cc(C)nc(N[S](=O)(=O)c2ccc(N)cc2)n1,42.4,5.0,7.0,25.0,0.5,0.02,278.337,200,0.49,0.704,0.3369726188920903,0.34,2.65,-42.7,0.89,37.0,-0.9995563875055626,42.68105774648753,0.89,97.8661,Role of membrane and compound properties in affecting the rejection of pharmaceuticals by different RO/NF membranes
NF90,NF,Indomethacin,COc1ccc2n(c(C)c(CC(O)=O)c2c1)C(=O)c3ccc(Cl)cc3,42.4,5.0,7.0,25.0,24.0,0.02,357.793,175,0.524,0.8539999999999999,0.4061581699743521,0.34,4.5,-27.29,4.27,37.0,-0.9968476908167399,27.20397348238883,1.454273330286334,98.159,Role of membrane and compound properties in affecting the rejection of pharmaceuticals by different RO/NF membranes
NF90,NF,Sulfamethoxazole,Cc1onc(N[S](=O)(=O)c2ccc(N)cc2)c1,42.4,5.0,7.0,25.0,0.5,0.02,253.283,200,0.54,0.588,0.3153427582941809,0.34,1.6,-42.7,0.89,37.0,-1.859097133559606,79.3834476029952,-0.1689132136423285,98.2845,Role of membrane and compound properties in affecting the rejection of pharmaceuticals by different RO/NF membranes
NF90,NF,Norfloxacin,CCN1C=C(C(O)=O)C(=O)c2cc(F)c(cc12)N3CCNCC3,42.4,5.0,7.0,25.0,24.0,0.02,319.336,200,0.516,0.744,0.3854363846657497,0.34,6.34,-42.7,-1.03,37.0,0.8359071041684609,-35.69323334799329,-3.137803008127174,98.4519,Role of membrane and compound properties in affecting the rejection of pharmaceuticals by different RO/NF membranes
NF90,NF,Sulfamethoxazole,Cc1onc(N[S](=O)(=O)c2ccc(N)cc2)c1,42.4,5.0,7.0,25.0,24.0,0.02,253.283,200,0.54,0.588,0.3153427582941809,0.34,1.6,-42.7,0.89,37.0,-1.859097133559606,79.3834476029952,-0.1689132136423285,98.6192,Role of membrane and compound properties in affecting the rejection of pharmaceuticals by different RO/NF membranes
NF90,NF,Sulfadiazine,Nc1ccc(cc1)[S](=O)(=O)Nc2ncccn2,42.4,5.0,7.0,25.0,0.5,0.02,250.283,200,0.453,0.612,0.3093115947296739,0.34,6.36,-42.7,-0.09,37.0,-0.8136122105055866,34.74124138858855,-0.09,98.954,Role of membrane and compound properties in affecting the rejection of pharmaceuticals by different RO/NF membranes
NF90,NF,Sulfamethazine,Cc1cc(C)nc(N[S](=O)(=O)c2ccc(N)cc2)n1,42.4,5.0,7.0,25.0,24.0,0.02,278.337,200,0.49,0.704,0.3369726188920903,0.34,2.65,-42.7,0.89,37.0,-0.9995563875055626,42.68105774648753,0.89,99.0377,Role of membrane and compound properties in affecting the rejection of pharmaceuticals by different RO/NF membranes
NF90,NF,Sulfadiazine,Nc1ccc(cc1)[S](=O)(=O)Nc2ncccn2,42.4,5.0,7.0,25.0,24.0,0.02,250.283,200,0.453,0.612,0.3093115947296739,0.34,6.36,-42.7,-0.09,37.0,-0.8136122105055866,34.74124138858855,-0.09,99.5397,Role of membrane and compound properties in affecting the rejection of pharmaceuticals by different RO/NF membranes
NF90,NF,Norfloxacin,CCN1C=C(C(O)=O)C(=O)c2cc(F)c(cc12)N3CCNCC3,42.4,5.0,7.0,25.0,0.5,0.02,319.336,200,0.516,0.744,0.3854363846657497,0.34,6.34,-42.7,-1.03,37.0,0.8359071041684609,-35.69323334799329,-3.137803008127174,99.5816,Role of membrane and compound properties in affecting the rejection of pharmaceuticals by different RO/NF membranes
NF90,NF,Naproxen,COc1ccc2cc(ccc2c1)C(C)C(O)=O,42.4,5.0,7.0,25.0,0.5,0.02,230.262999999999,200,0.392,0.73,0.3324489960201268,0.34,4.84,-42.7,3.18,37.0,-0.9931284718841809,42.40658574945453,1.09862278971032,99.9582,Role of membrane and compound properties in affecting the rejection of pharmaceuticals by different RO/NF membranes
NF90,NF,Naproxen,COc1ccc2cc(ccc2c1)C(C)C(O)=O,42.4,5.0,7.0,25.0,24.0,0.02,230.262999999999,200,0.392,0.73,0.3324489960201268,0.34,4.84,-42.7,3.18,37.0,-0.9931284718841809,42.40658574945453,1.09862278971032,99.9582,Role of membrane and compound properties in affecting the rejection of pharmaceuticals by different RO/NF membranes
NF90,NF,glucose,OC[C@@H](O)[C@@H](O)[C@H](O)[C@@H](O)C=O,34.646616,5.92793,7.0,25.0,12.0,10.0,180.156,330,0.0,0.0,0.2515616313767203,0.34,12.45,-13.79,-3.24,26.8,-3.548121303126307e-06,4.892859277011177e-05,-3.24,96.8689,Role of membrane and compound properties in affecting the rejection of pharmaceuticals by different RO/NF membranes
NF90,NF,glucose,OC[C@@H](O)[C@@H](O)[C@H](O)[C@@H](O)C=O,50.88,6.0,7.0,25.0,12.0,10.0,180.156,330,0.0,0.0,0.2515616313767203,0.34,12.45,-13.79,-3.24,26.8,-3.548121303126307e-06,4.892859277011177e-05,-3.24,96.0861,Role of membrane and compound properties in affecting the rejection of pharmaceuticals by different RO/NF membranes
NF90,NF,glucose,OC[C@@H](O)[C@@H](O)[C@H](O)[C@@H](O)C=O,42.496236,7.18919,7.0,25.0,12.0,10.0,180.156,330,0.0,0.0,0.2515616313767203,0.34,12.45,-13.79,-3.24,26.8,-3.548121303126307e-06,4.892859277011177e-05,-3.24,98.0431,Role of membrane and compound properties in affecting the rejection of pharmaceuticals by different RO/NF membranes
XLE440,RO,Bromoform,BrC(Br)Br,15.71666666666667,4.1,8.0,22.5,48.0,0.1,252.731,100,0.327,0.342,0.211596735007286,0.4031806108897714,15.0,-19.4,2.4,39.8,0.0,0.0,2.4,16.4,Solute transport model for trace organic neutral and charged compounds through nanofilltration and reverse osmosis membranes
XLE440,RO,Trichloroacetic acid,OC(=O)C(Cl)(Cl)Cl,15.71666666666667,4.1,8.0,22.5,48.0,0.1,163.387,100,0.317,0.385,0.2311309197868325,0.4031806108897714,0.51,-19.4,1.33,39.8,-0.9999999676406354,19.39999937222833,-2.225018328059951,82.1,Solute transport model for trace organic neutral and charged compounds through nanofilltration and reverse osmosis membranes
XLE440,RO,Ibuprofen,CC(C)Cc1ccc(cc1)C(C)C(O)=O,15.71666666666667,4.1,8.0,22.5,48.0,0.1,206.284999999999,100,0.378,0.659,0.3727263864585965,0.4031806108897714,5.2,-19.4,3.97,39.8,-0.9984176147191982,19.36930172555244,0.7306146051163545,94.5,Solute transport model for trace organic neutral and charged compounds through nanofilltration and reverse osmosis membranes
BW30,RO,"2,6-Dichlorobenzamide",NC(=O)c1c(Cl)cccc1Cl,29.0,10.0,7.0,22.0,1.0,1.0,190.029,330,0.429,0.48,0.2621979662106118,0.4031806108897714,14.73,-42.7,0.77,79.4,-1.862087101989175e-08,7.951111925493777e-07,0.77,95.2851,"The eﬀect of water matrix, feed concentration and recovery on the rejection of pesticides using NF/RO membranes in water treatment"
BW30,RO,"2,6-Dichlorobenzamide",NC(=O)c1c(Cl)cccc1Cl,29.0,10.0,7.0,22.0,1.0,5.0,190.029,330,0.429,0.48,0.2621979662106118,0.4031806108897714,14.73,-42.7,0.77,79.4,-1.862087101989175e-08,7.951111925493777e-07,0.77,98.337,"The eﬀect of water matrix, feed concentration and recovery on the rejection of pesticides using NF/RO membranes in water treatment"
BW30,RO,"2,6-Dichlorobenzamide",NC(=O)c1c(Cl)cccc1Cl,29.0,10.0,7.0,22.0,1.0,10.0,190.029,330,0.429,0.48,0.2621979662106118,0.4031806108897714,14.73,-42.7,0.77,79.4,-1.862087101989175e-08,7.951111925493777e-07,0.77,98.337,"The eﬀect of water matrix, feed concentration and recovery on the rejection of pesticides using NF/RO membranes in water treatment"
BW30,RO,MCPA,Cc1cc(Cl)ccc1OCC(O)=O,29.0,10.0,7.0,22.0,1.0,1.0,200.620999999999,330,0.418,0.637,0.2666825610504536,0.4031806108897714,3.07,-42.7,3.25,79.4,-0.9998825240467272,42.69498377679525,-0.4526737921536998,96.3816,"The eﬀect of water matrix, feed concentration and recovery on the rejection of pesticides using NF/RO membranes in water treatment"
BW30,RO,MCPA,Cc1cc(Cl)ccc1OCC(O)=O,29.0,10.0,7.0,22.0,1.0,10.0,200.620999999999,330,0.418,0.637,0.2666825610504536,0.4031806108897714,3.07,-42.7,3.25,79.4,-0.9998825240467272,42.69498377679525,-0.4526737921536998,98.575,"The eﬀect of water matrix, feed concentration and recovery on the rejection of pesticides using NF/RO membranes in water treatment"
BW30,RO,MCPA,Cc1cc(Cl)ccc1OCC(O)=O,29.0,10.0,7.0,22.0,1.0,5.0,200.620999999999,330,0.418,0.637,0.2666825610504536,0.4031806108897714,3.07,-42.7,3.25,79.4,-0.9998825240467272,42.69498377679525,-0.4526737921536998,99.05,"The eﬀect of water matrix, feed concentration and recovery on the rejection of pesticides using NF/RO membranes in water treatment"
BW30,RO,Mecoprop,CC(Oc1ccc(Cl)cc1C)C(O)=O,29.0,10.0,7.0,22.0,1.0,1.0,214.647999999999,330,0.41,0.564,0.3149381950227256,0.4031806108897714,3.19,-42.7,3.13,79.4,-0.9998451423227231,42.69338757718028,0.001188348285212193,96.7105,"The eﬀect of water matrix, feed concentration and recovery on the rejection of pesticides using NF/RO membranes in water treatment"
BW30,RO,Mecoprop,CC(Oc1ccc(Cl)cc1C)C(O)=O,29.0,10.0,7.0,22.0,1.0,5.0,214.647999999999,330,0.41,0.564,0.3149381950227256,0.4031806108897714,3.19,-42.7,3.13,79.4,-0.9998451423227231,42.69338757718028,0.001188348285212193,99.05,"The eﬀect of water matrix, feed concentration and recovery on the rejection of pesticides using NF/RO membranes in water treatment"
BW30,RO,Mecoprop,CC(Oc1ccc(Cl)cc1C)C(O)=O,29.0,10.0,7.0,22.0,1.0,10.0,214.647999999999,330,0.41,0.564,0.3149381950227256,0.4031806108897714,3.19,-42.7,3.13,79.4,-0.9998451423227231,42.69338757718028,0.001188348285212193,99.05,"The eﬀect of water matrix, feed concentration and recovery on the rejection of pesticides using NF/RO membranes in water treatment"
NF270,NF,"2,6-Dichlorobenzamide",NC(=O)c1c(Cl)cccc1Cl,152.0,10.0,7.0,22.0,1.0,5.0,190.029,330,0.429,0.48,0.2621979662106118,0.42,14.73,-33.0,0.77,17.5,-1.862087101989175e-08,6.144887436564277e-07,0.77,26.603,"The eﬀect of water matrix, feed concentration and recovery on the rejection of pesticides using NF/RO membranes in water treatment"
NF270,NF,"2,6-Dichlorobenzamide",NC(=O)c1c(Cl)cccc1Cl,152.0,10.0,7.0,22.0,1.0,1.0,190.029,330,0.429,0.48,0.2621979662106118,0.42,14.73,-33.0,0.77,17.5,-1.862087101989175e-08,6.144887436564277e-07,0.77,30.3728,"The eﬀect of water matrix, feed concentration and recovery on the rejection of pesticides using NF/RO membranes in water treatment"
NF270,NF,"2,6-Dichlorobenzamide",NC(=O)c1c(Cl)cccc1Cl,152.0,10.0,7.0,22.0,1.0,10.0,190.029,100,0.429,0.48,0.2621979662106118,0.42,14.73,-33.0,0.77,17.5,-1.862087101989175e-08,6.144887436564277e-07,0.77,31.354,"The eﬀect of water matrix, feed concentration and recovery on the rejection of pesticides using NF/RO membranes in water treatment"
NF270,NF,"2,6-Dichlorobenzamide",NC(=O)c1c(Cl)cccc1Cl,152.0,10.0,7.0,22.0,1.0,0.001,190.029,330,0.429,0.48,0.2621979662106118,0.42,14.73,-33.0,0.77,17.5,-1.862087101989175e-08,6.144887436564277e-07,0.77,31.591,"The eﬀect of water matrix, feed concentration and recovery on the rejection of pesticides using NF/RO membranes in water treatment"
NF270,NF,MCPA,Cc1cc(Cl)ccc1OCC(O)=O,152.0,10.0,7.0,22.0,1.0,10.0,200.620999999999,100,0.418,0.637,0.2666825610504536,0.42,3.07,-33.0,3.25,17.5,-0.9998825240467272,32.996123293542,-0.4526737921536998,37.292,"The eﬀect of water matrix, feed concentration and recovery on the rejection of pesticides using NF/RO membranes in water treatment"
NF270,NF,MCPA,Cc1cc(Cl)ccc1OCC(O)=O,152.0,10.0,7.0,22.0,1.0,5.0,200.620999999999,100,0.418,0.637,0.2666825610504536,0.42,3.07,-33.0,3.25,17.5,-0.9998825240467272,32.996123293542,-0.4526737921536998,44.656,"The eﬀect of water matrix, feed concentration and recovery on the rejection of pesticides using NF/RO membranes in water treatment"
NF270,NF,MCPA,Cc1cc(Cl)ccc1OCC(O)=O,152.0,10.0,7.0,22.0,1.0,1.0,200.620999999999,100,0.418,0.637,0.2666825610504536,0.42,3.07,-33.0,3.25,17.5,-0.9998825240467272,32.996123293542,-0.4526737921536998,66.6667,"The eﬀect of water matrix, feed concentration and recovery on the rejection of pesticides using NF/RO membranes in water treatment"
NF270,NF,MCPA,Cc1cc(Cl)ccc1OCC(O)=O,152.0,10.0,7.0,22.0,1.0,0.001,200.620999999999,100,0.418,0.637,0.2666825610504536,0.42,3.07,-33.0,3.25,17.5,-0.9998825240467272,32.996123293542,-0.4526737921536998,92.637,"The eﬀect of water matrix, feed concentration and recovery on the rejection of pesticides using NF/RO membranes in water treatment"
NF270,NF,Mecoprop,CC(Oc1ccc(Cl)cc1C)C(O)=O,152.0,10.0,7.0,22.0,1.0,10.0,214.647999999999,100,0.41,0.564,0.3149381950227256,0.42,3.19,-33.0,3.13,17.5,-0.9998451423227231,32.99488969664986,0.001188348285212193,53.682,"The eﬀect of water matrix, feed concentration and recovery on the rejection of pesticides using NF/RO membranes in water treatment"
NF270,NF,Mecoprop,CC(Oc1ccc(Cl)cc1C)C(O)=O,152.0,10.0,7.0,22.0,1.0,5.0,214.647999999999,100,0.41,0.564,0.3149381950227256,0.42,3.19,-33.0,3.13,17.5,-0.9998451423227231,32.99488969664986,0.001188348285212193,61.52,"The eﬀect of water matrix, feed concentration and recovery on the rejection of pesticides using NF/RO membranes in water treatment"
NF270,NF,Mecoprop,CC(Oc1ccc(Cl)cc1C)C(O)=O,152.0,10.0,7.0,22.0,1.0,1.0,214.647999999999,100,0.41,0.564,0.3149381950227256,0.42,3.19,-33.0,3.13,17.5,-0.9998451423227231,32.99488969664986,0.001188348285212193,79.2763,"The eﬀect of water matrix, feed concentration and recovery on the rejection of pesticides using NF/RO membranes in water treatment"
NF270,NF,Mecoprop,CC(Oc1ccc(Cl)cc1C)C(O)=O,152.0,10.0,7.0,22.0,1.0,0.001,214.647999999999,100,0.41,0.564,0.3149381950227256,0.42,3.19,-33.0,3.13,17.5,-0.9998451423227231,32.99488969664986,0.001188348285212193,90.024,"The eﬀect of water matrix, feed concentration and recovery on the rejection of pesticides using NF/RO membranes in water treatment"
XLE,RO,"2,6-Dichlorobenzamide",NC(=O)c1c(Cl)cccc1Cl,57.0,10.0,7.0,22.0,1.0,1.0,190.029,96,0.429,0.48,0.2621979662106118,0.3,14.73,-16.26,0.77,75.8,-1.862087101989175e-08,3.027753627834399e-07,0.77,92.1053,"The eﬀect of water matrix, feed concentration and recovery on the rejection of pesticides using NF/RO membranes in water treatment"
XLE,RO,"2,6-Dichlorobenzamide",NC(=O)c1c(Cl)cccc1Cl,57.0,10.0,7.0,22.0,1.0,5.0,190.029,96,0.429,0.48,0.2621979662106118,0.3,14.73,-16.26,0.77,75.8,-1.862087101989175e-08,3.027753627834399e-07,0.77,92.399,"The eﬀect of water matrix, feed concentration and recovery on the rejection of pesticides using NF/RO membranes in water treatment"
XLE,RO,"2,6-Dichlorobenzamide",NC(=O)c1c(Cl)cccc1Cl,57.0,10.0,7.0,22.0,1.0,10.0,190.029,96,0.429,0.48,0.2621979662106118,0.3,14.73,-16.26,0.77,75.8,-1.862087101989175e-08,3.027753627834399e-07,0.77,93.349,"The eﬀect of water matrix, feed concentration and recovery on the rejection of pesticides using NF/RO membranes in water treatment"
XLE,RO,"2,6-Dichlorobenzamide",NC(=O)c1c(Cl)cccc1Cl,57.0,10.0,7.0,22.0,1.0,0.001,190.029,96,0.429,0.48,0.2621979662106118,0.3,14.73,-16.26,0.77,75.8,-1.862087101989175e-08,3.027753627834399e-07,0.77,94.062,"The eﬀect of water matrix, feed concentration and recovery on the rejection of pesticides using NF/RO membranes in water treatment"
XLE,RO,MCPA,Cc1cc(Cl)ccc1OCC(O)=O,57.0,10.0,7.0,22.0,1.0,5.0,200.620999999999,96,0.418,0.637,0.2666825610504536,0.3,3.07,-16.26,3.25,75.8,-0.9998825240467272,16.25808984099979,-0.4526737921536998,92.399,"The eﬀect of water matrix, feed concentration and recovery on the rejection of pesticides using NF/RO membranes in water treatment"
XLE,RO,MCPA,Cc1cc(Cl)ccc1OCC(O)=O,57.0,10.0,7.0,22.0,1.0,1.0,200.620999999999,96,0.418,0.637,0.2666825610504536,0.3,3.07,-16.26,3.25,75.8,-0.9998825240467272,16.25808984099979,-0.4526737921536998,92.8728,"The eﬀect of water matrix, feed concentration and recovery on the rejection of pesticides using NF/RO membranes in water treatment"
XLE,RO,MCPA,Cc1cc(Cl)ccc1OCC(O)=O,57.0,10.0,7.0,22.0,1.0,10.0,200.620999999999,96,0.418,0.637,0.2666825610504536,0.3,3.07,-16.26,3.25,75.8,-0.9998825240467272,16.25808984099979,-0.4526737921536998,93.587,"The eﬀect of water matrix, feed concentration and recovery on the rejection of pesticides using NF/RO membranes in water treatment"
XLE,RO,MCPA,Cc1cc(Cl)ccc1OCC(O)=O,57.0,10.0,7.0,22.0,1.0,0.001,200.620999999999,96,0.418,0.637,0.2666825610504536,0.3,3.07,-16.26,3.25,75.8,-0.9998825240467272,16.25808984099979,-0.4526737921536998,94.537,"The eﬀect of water matrix, feed concentration and recovery on the rejection of pesticides using NF/RO membranes in water treatment"
XLE,RO,Mecoprop,CC(Oc1ccc(Cl)cc1C)C(O)=O,57.0,10.0,7.0,22.0,1.0,5.0,214.647999999999,96,0.41,0.564,0.3149381950227256,0.3,3.19,-42.7,3.13,75.8,-0.9998451423227231,42.69338757718028,0.001188348285212193,92.874,"The eﬀect of water matrix, feed concentration and recovery on the rejection of pesticides using NF/RO membranes in water treatment"
XLE,RO,Mecoprop,CC(Oc1ccc(Cl)cc1C)C(O)=O,57.0,10.0,7.0,22.0,1.0,1.0,214.647999999999,96,0.41,0.564,0.3149381950227256,0.3,3.19,-42.7,3.13,75.8,-0.9998451423227231,42.69338757718028,0.001188348285212193,93.2018,"The eﬀect of water matrix, feed concentration and recovery on the rejection of pesticides using NF/RO membranes in water treatment"
XLE,RO,Mecoprop,CC(Oc1ccc(Cl)cc1C)C(O)=O,57.0,10.0,7.0,22.0,1.0,10.0,214.647999999999,96,0.41,0.564,0.3149381950227256,0.3,3.19,-42.7,3.13,75.8,-0.9998451423227231,42.69338757718028,0.001188348285212193,93.349,"The eﬀect of water matrix, feed concentration and recovery on the rejection of pesticides using NF/RO membranes in water treatment"
XLE,RO,Mecoprop,CC(Oc1ccc(Cl)cc1C)C(O)=O,57.0,10.0,7.0,22.0,1.0,0.001,214.647999999999,96,0.41,0.564,0.3149381950227256,0.3,3.19,-16.26,3.13,75.8,-0.9998451423227231,16.25748201416748,0.001188348285212193,95.012,"The eﬀect of water matrix, feed concentration and recovery on the rejection of pesticides using NF/RO membranes in water treatment"
TS80,NF,Acetaminophen,CC(=O)Nc1ccc(O)cc1,45.0,10.0,8.1,21.0,0.5,0.001,151.165,200,0.349,0.567,0.2518576668186564,0.42,9.5,-32.7,0.49,56.6,-0.03828650388225469,1.251968676949728,0.49,28.9,The influence of natural organic matter and cations on the rejection of endocrine disrupting and pharmaceutically active compounds by nanofilltration
TS80,NF,Oxybenzone,COc1ccc(c(O)c1)C(=O)c2ccccc2,45.0,10.0,8.1,21.0,0.5,0.001,228.246999999999,200,0.399,0.6990000000000001,0.3371015768798998,0.42,7.1,-32.7,3.79,56.6,-0.9090909090909091,29.72727272727273,3.79,84.0,The influence of natural organic matter and cations on the rejection of endocrine disrupting and pharmaceutically active compounds by nanofilltration
TS80,NF,Estrone,C[C@]12CC[C@H]3[C@@H](CCc4cc(O)ccc34)[C@@H]1CCC2=O,45.0,10.0,8.1,21.0,0.5,0.001,270.372,200,0.406,0.682,0.3667832440887863,0.42,10.25,-32.7,3.13,56.6,-0.00702969143963923,0.2298709100762028,3.13,92.0,The influence of natural organic matter and cations on the rejection of endocrine disrupting and pharmaceutically active compounds by nanofilltration
TS80,NF,Carbamazepine,NC(=O)N1c2ccccc2C=Cc3ccccc13,45.0,10.0,8.1,21.0,0.5,0.001,236.274,200,0.4480000000000001,0.576,0.3334516559578687,0.42,13.9,-32.7,2.45,56.6,0.0,0.0,2.45,93.4,The influence of natural organic matter and cations on the rejection of endocrine disrupting and pharmaceutically active compounds by nanofilltration
TS80,NF,Gemfibrozil,Cc1ccc(C)c(OCCCC(C)(C)C(O)=O)c1,45.0,10.0,8.1,21.0,0.5,0.001,250.337999999999,200,0.499,0.743,0.3884540064460517,0.42,4.5,-32.7,4.39,56.6,-0.9997488744367387,32.69178819408135,2.34343272183694,95.2,The influence of natural organic matter and cations on the rejection of endocrine disrupting and pharmaceutically active compounds by nanofilltration
NF270,NF,Acetaminophen,CC(=O)Nc1ccc(O)cc1,76.0,5.0,7.0,21.0,24.0,0.00112,151.165,200,0.349,0.567,0.2518576668186564,0.42,9.5,-42.7,0.49,29.8,-0.003152309183260209,0.1346036021252109,0.49,1.3,The rejection of endocrine disrupting and pharmaceutically active compounds by NF and RO membranes as a function of compound and water matrix properties
NF270,NF,Bisphenol A,CC(C)(c1ccc(O)cc1)c2ccc(O)cc2,76.0,5.0,7.0,21.0,24.0,0.00207,228.291,200,0.453,0.562,0.3381552020183159,0.42,9.6,-42.7,3.32,29.8,-0.002505592667285735,0.1069888068931009,3.32,4.6,The rejection of endocrine disrupting and pharmaceutically active compounds by NF and RO membranes as a function of compound and water matrix properties
NF270,NF,Carbamazepine,NC(=O)N1c2ccccc2C=Cc3ccccc13,76.0,5.0,7.0,21.0,24.0,0.00113,236.274,200,0.4480000000000001,0.576,0.3334516559578687,0.42,13.9,-42.7,2.45,29.8,0.0,0.0,2.45,5.8,The rejection of endocrine disrupting and pharmaceutically active compounds by NF and RO membranes as a function of compound and water matrix properties
NF270,NF,Estriol,C[C@]12CC[C@H]3[C@@H](CCc4cc(O)ccc34)[C@@H]1C[C@@H](O)[C@@H]2O,76.0,5.0,7.0,21.0,24.0,0.00094,288.387,200,0.415,0.731,0.3750996998534068,0.42,10.54,-42.7,2.45,29.8,-0.0002883199979169637,0.01231126391105435,2.45,8.6,The rejection of endocrine disrupting and pharmaceutically active compounds by NF and RO membranes as a function of compound and water matrix properties
NF270,NF,Sulfamethoxazole,Cc1onc(N[S](=O)(=O)c2ccc(N)cc2)c1,76.0,5.0,7.0,21.0,24.0,0.00119,253.283,200,0.54,0.588,0.3153427582941809,0.42,1.6,-42.7,0.89,29.8,-1.859097133559606,79.3834476029952,-0.1689132136423285,9.7,The rejection of endocrine disrupting and pharmaceutically active compounds by NF and RO membranes as a function of compound and water matrix properties
NF270,NF,Gemfibrozil,Cc1ccc(C)c(OCCCC(C)(C)C(O)=O)c1,76.0,5.0,7.0,21.0,24.0,0.00137,250.337999999999,200,0.499,0.743,0.3884540064460517,0.42,4.5,-42.7,4.39,29.8,-0.9968476908167399,42.56539639787479,2.349371680725969,10.7,The rejection of endocrine disrupting and pharmaceutically active compounds by NF and RO membranes as a function of compound and water matrix properties
NF270,NF,Caffeine,Cn1cnc2N(C)C(=O)N(C)C(=O)c12,76.0,5.0,7.0,21.0,24.0,0.001,194.193999999999,200,0.4440000000000001,0.503,0.3016073766829081,0.42,10.4,-42.7,-0.07,29.8,-0.0003979487443048762,0.01699241138181821,-0.07,11.7,The rejection of endocrine disrupting and pharmaceutically active compounds by NF and RO membranes as a function of compound and water matrix properties
NF270,NF,Sulfamerazine,Cc1ccnc(N[S](=O)(=O)c2ccc(N)cc2)n1,76.0,5.0,7.0,21.0,24.0,0.00121,264.31,200,0.49,0.638,0.3443206915204314,0.42,7.35,-42.7,0.14,29.8,-0.3087638475852372,13.18421629188963,0.14,12.8,The rejection of endocrine disrupting and pharmaceutically active compounds by NF and RO membranes as a function of compound and water matrix properties
NF270,NF,Sulfachloropyridazine,Nc1ccc(cc1)[S](=O)(=O)Nc2ccc(Cl)nn2,76.0,5.0,7.0,21.0,24.0,0.00072,284.728,200,0.525,0.591,0.3240631570394434,0.42,5.9,-42.7,1.02,29.8,-0.9264124438824264,39.55781135377961,-0.7228665882044951,13.3,The rejection of endocrine disrupting and pharmaceutically active compounds by NF and RO membranes as a function of compound and water matrix properties
NF270,NF,Sulfamethizole,Cc1sc(N[S](=O)(=O)c2ccc(N)cc2)nn1,76.0,5.0,7.0,21.0,24.0,0.00135,270.339,200,0.4980000000000001,0.5469999999999999,0.3186985927046285,0.42,2.1,-42.7,0.54,29.8,-0.999986908536696,42.69944099451693,-0.46574386724674,14.5,The rejection of endocrine disrupting and pharmaceutically active compounds by NF and RO membranes as a function of compound and water matrix properties
NF270,NF,17β-Estradiol,C[C@]12CC[C@H]3[C@@H](CCc4cc(O)ccc34)[C@@H]1CC[C@@H]2O,76.0,5.0,7.0,21.0,24.0,0.00101,272.388,200,0.402,0.73,0.3807542916588625,0.42,10.46,-42.7,4.01,29.8,-0.000346616665681558,0.01480053162460253,4.01,14.9,The rejection of endocrine disrupting and pharmaceutically active compounds by NF and RO membranes as a function of compound and water matrix properties
NF270,NF,17α-Estradiol,C[C@]12CC[C@H]3[C@@H](CCc4cc(O)ccc34)[C@@H]1CC[C@H]2O,76.0,5.0,7.0,21.0,24.0,0.00105,272.388,200,0.402,0.688,0.3807542916588625,0.42,10.27,-42.7,4.01,29.8,-0.0005367435480184703,0.02291894950038869,4.01,15.9,The rejection of endocrine disrupting and pharmaceutically active compounds by NF and RO membranes as a function of compound and water matrix properties
NF270,NF,Equilin,C[C@]12CC[C@H]3C(=CCc4cc(O)ccc34)[C@@H]1CCC2=O,76.0,5.0,7.0,21.0,24.0,0.00098,268.356,200,0.415,0.693,0.3680056014621419,0.42,10.11,-42.7,2.9,29.8,-0.0007756450244149625,0.0331200425425189,2.9,19.0,The rejection of endocrine disrupting and pharmaceutically active compounds by NF and RO membranes as a function of compound and water matrix properties
NF270,NF,Estrone,C[C@]12CC[C@H]3[C@@H](CCc4cc(O)ccc34)[C@@H]1CCC2=O,76.0,5.0,7.0,21.0,24.0,0.00109,270.372,200,0.406,0.682,0.3667832440887863,0.42,10.25,-42.7,3.13,29.8,-0.0005620252751523289,0.02399847924900445,3.13,19.3,The rejection of endocrine disrupting and pharmaceutically active compounds by NF and RO membranes as a function of compound and water matrix properties
NF270,NF,17α-Ethynilestradiol,C[C@]12CC[C@H]3[C@@H](CCc4cc(O)ccc34)[C@@H]1CC[C@@]2(O)C#C,76.0,5.0,7.0,21.0,24.0,0.0011,296.41,200,0.4440000000000001,0.72,0.3945213448379869,0.42,10.33,-42.7,3.67,29.8,-0.0004675164674062613,0.01996295315824736,3.67,27.9,The rejection of endocrine disrupting and pharmaceutically active compounds by NF and RO membranes as a function of compound and water matrix properties
NF270,NF,Diethylstilbesterol,CC\C(c1ccc(O)cc1)=C(\CC)c2ccc(O)cc2,76.0,5.0,7.0,21.0,24.0,0.00106,268.355999999999,200,0.452,0.75,0.3915928166047295,0.42,10.18,-42.7,5.07,29.8,-0.000660257220388086,0.02819298331057127,5.07,41.8,The rejection of endocrine disrupting and pharmaceutically active compounds by NF and RO membranes as a function of compound and water matrix properties
NF270,NF,Oxybenzone,COc1ccc(c(O)c1)C(=O)c2ccccc2,76.0,5.0,7.0,21.0,24.0,0.001,228.246999999999,200,0.399,0.6990000000000001,0.3371015768798998,0.42,7.1,-42.7,3.79,29.8,-0.4426883662377074,18.90279323835011,3.79,68.8,The rejection of endocrine disrupting and pharmaceutically active compounds by NF and RO membranes as a function of compound and water matrix properties
TS80,NF,Acetaminophen,CC(=O)Nc1ccc(O)cc1,67.5,15.0,7.0,21.0,24.0,0.00112,151.165,200,0.349,0.567,0.2518576668186564,0.42,9.5,-32.7,0.49,56.6,-0.003152309183260209,0.1030805102926088,0.49,0.0,The rejection of endocrine disrupting and pharmaceutically active compounds by NF and RO membranes as a function of compound and water matrix properties
TS80,NF,Caffeine,Cn1cnc2N(C)C(=O)N(C)C(=O)c12,67.5,15.0,7.0,21.0,24.0,0.001,194.193999999999,200,0.4440000000000001,0.503,0.3016073766829081,0.42,10.4,-32.7,-0.07,56.6,-0.0003979487443048762,0.01301292393876945,-0.07,5.4,The rejection of endocrine disrupting and pharmaceutically active compounds by NF and RO membranes as a function of compound and water matrix properties
TS80,NF,Carbamazepine,NC(=O)N1c2ccccc2C=Cc3ccccc13,67.5,15.0,7.0,21.0,24.0,0.00113,236.274,200,0.4480000000000001,0.576,0.3334516559578687,0.42,13.9,-32.7,2.45,56.6,0.0,0.0,2.45,8.9,The rejection of endocrine disrupting and pharmaceutically active compounds by NF and RO membranes as a function of compound and water matrix properties
TS80,NF,Sulfamerazine,Cc1ccnc(N[S](=O)(=O)c2ccc(N)cc2)n1,67.5,15.0,7.0,21.0,24.0,0.00121,264.31,200,0.49,0.638,0.3443206915204314,0.42,7.35,-32.7,0.14,56.6,-0.3087638475852372,10.09657781603726,0.14,15.0,The rejection of endocrine disrupting and pharmaceutically active compounds by NF and RO membranes as a function of compound and water matrix properties
TS80,NF,Sulfachloropyridazine,Nc1ccc(cc1)[S](=O)(=O)Nc2ccc(Cl)nn2,67.5,15.0,7.0,21.0,24.0,0.00072,284.728,200,0.525,0.591,0.3240631570394434,0.42,5.9,-32.7,1.02,56.6,-0.9264124438824264,30.29368691495534,-0.7228665882044951,18.1,The rejection of endocrine disrupting and pharmaceutically active compounds by NF and RO membranes as a function of compound and water matrix properties
TS80,NF,Sulfamethoxazole,Cc1onc(N[S](=O)(=O)c2ccc(N)cc2)c1,67.5,15.0,7.0,21.0,24.0,0.00119,253.283,200,0.54,0.588,0.3153427582941809,0.42,1.6,-32.7,0.89,56.6,-1.859097133559606,60.79247626739914,-0.1689132136423285,21.5,The rejection of endocrine disrupting and pharmaceutically active compounds by NF and RO membranes as a function of compound and water matrix properties
TS80,NF,Sulfamethizole,Cc1sc(N[S](=O)(=O)c2ccc(N)cc2)nn1,67.5,15.0,7.0,21.0,24.0,0.00135,270.339,200,0.4980000000000001,0.5469999999999999,0.3186985927046285,0.42,2.1,-32.7,0.54,56.6,-0.999986908536696,32.69957190914996,-0.46574386724674,22.4,The rejection of endocrine disrupting and pharmaceutically active compounds by NF and RO membranes as a function of compound and water matrix properties
TS80,NF,Estriol,C[C@]12CC[C@H]3[C@@H](CCc4cc(O)ccc34)[C@@H]1C[C@@H](O)[C@@H]2O,67.5,15.0,7.0,21.0,24.0,0.00094,288.387,200,0.415,0.731,0.3750996998534068,0.42,10.54,-32.7,2.45,56.6,-0.0002883199979169637,0.009428063931884716,2.45,23.7,The rejection of endocrine disrupting and pharmaceutically active compounds by NF and RO membranes as a function of compound and water matrix properties
TS80,NF,Bisphenol A,CC(C)(c1ccc(O)cc1)c2ccc(O)cc2,67.5,15.0,7.0,21.0,24.0,0.00207,228.291,200,0.453,0.562,0.3381552020183159,0.42,9.6,-32.7,3.32,56.6,-0.002505592667285735,0.08193288022024355,3.32,25.6,The rejection of endocrine disrupting and pharmaceutically active compounds by NF and RO membranes as a function of compound and water matrix properties
TS80,NF,Gemfibrozil,Cc1ccc(C)c(OCCCC(C)(C)C(O)=O)c1,67.5,15.0,7.0,21.0,24.0,0.00137,250.337999999999,200,0.499,0.743,0.3884540064460517,0.42,4.5,-32.7,4.39,56.6,-0.9968476908167399,32.5969194897074,2.349371680725969,27.1,The rejection of endocrine disrupting and pharmaceutically active compounds by NF and RO membranes as a function of compound and water matrix properties
TS80,NF,17β-Estradiol,C[C@]12CC[C@H]3[C@@H](CCc4cc(O)ccc34)[C@@H]1CC[C@@H]2O,67.5,15.0,7.0,21.0,24.0,0.00101,272.388,200,0.402,0.73,0.3807542916588625,0.42,10.46,-32.7,4.01,56.6,-0.000346616665681558,0.01133436496778695,4.01,37.2,The rejection of endocrine disrupting and pharmaceutically active compounds by NF and RO membranes as a function of compound and water matrix properties
TS80,NF,Estrone,C[C@]12CC[C@H]3[C@@H](CCc4cc(O)ccc34)[C@@H]1CCC2=O,67.5,15.0,7.0,21.0,24.0,0.00109,270.372,200,0.406,0.682,0.3667832440887863,0.42,10.25,-32.7,3.13,56.6,-0.0005620252751523289,0.01837822649748116,3.13,39.0,The rejection of endocrine disrupting and pharmaceutically active compounds by NF and RO membranes as a function of compound and water matrix properties
TS80,NF,Equilin,C[C@]12CC[C@H]3C(=CCc4cc(O)ccc34)[C@@H]1CCC2=O,67.5,15.0,7.0,21.0,24.0,0.00098,268.356,200,0.415,0.693,0.3680056014621419,0.42,10.11,-32.7,2.9,56.6,-0.0007756450244149625,0.02536359229836927,2.9,41.8,The rejection of endocrine disrupting and pharmaceutically active compounds by NF and RO membranes as a function of compound and water matrix properties
TS80,NF,17α-Estradiol,C[C@]12CC[C@H]3[C@@H](CCc4cc(O)ccc34)[C@@H]1CC[C@H]2O,67.5,15.0,7.0,21.0,24.0,0.00105,272.388,200,0.402,0.688,0.3807542916588625,0.42,10.27,-32.7,4.01,56.6,-0.0005367435480184703,0.01755151402020398,4.01,46.5,The rejection of endocrine disrupting and pharmaceutically active compounds by NF and RO membranes as a function of compound and water matrix properties
TS80,NF,17α-Ethynilestradiol,C[C@]12CC[C@H]3[C@@H](CCc4cc(O)ccc34)[C@@H]1CC[C@@]2(O)C#C,67.5,15.0,7.0,21.0,24.0,0.0011,296.41,200,0.4440000000000001,0.72,0.3945213448379869,0.42,10.33,-32.7,3.67,56.6,-0.0004675164674062613,0.01528778848418475,3.67,55.3,The rejection of endocrine disrupting and pharmaceutically active compounds by NF and RO membranes as a function of compound and water matrix properties
TS80,NF,Diethylstilbesterol,CC\C(c1ccc(O)cc1)=C(\CC)c2ccc(O)cc2,67.5,15.0,7.0,21.0,24.0,0.00106,268.355999999999,200,0.452,0.75,0.3915928166047295,0.42,10.18,-32.7,5.07,56.6,-0.000660257220388086,0.02159041110669041,5.07,75.4,The rejection of endocrine disrupting and pharmaceutically active compounds by NF and RO membranes as a function of compound and water matrix properties
TS80,NF,Oxybenzone,COc1ccc(c(O)c1)C(=O)c2ccccc2,67.5,15.0,7.0,21.0,24.0,0.001,228.246999999999,200,0.399,0.6990000000000001,0.3371015768798998,0.42,7.1,-32.7,3.79,56.6,-0.4426883662377074,14.47590957597303,3.79,94.6,The rejection of endocrine disrupting and pharmaceutically active compounds by NF and RO membranes as a function of compound and water matrix properties
X20,RO,Carbamazepine,NC(=O)N1c2ccccc2C=Cc3ccccc13,37.5,15.0,7.0,21.0,24.0,0.00113,236.274,330,0.4480000000000001,0.576,0.3334516559578687,0.4031806108897714,13.9,-20.0,2.45,55.0,0.0,0.0,2.45,91.5,The rejection of endocrine disrupting and pharmaceutically active compounds by NF and RO membranes as a function of compound and water matrix properties
X20,RO,Acetaminophen,CC(=O)Nc1ccc(O)cc1,37.5,15.0,7.0,21.0,24.0,0.00112,151.165,330,0.349,0.567,0.2518576668186564,0.4031806108897714,9.5,-20.0,0.49,55.0,-0.003152309183260209,0.06304618366520418,0.49,92.2,The rejection of endocrine disrupting and pharmaceutically active compounds by NF and RO membranes as a function of compound and water matrix properties
X20,RO,Sulfamethizole,Cc1sc(N[S](=O)(=O)c2ccc(N)cc2)nn1,37.5,15.0,7.0,21.0,24.0,0.00135,270.339,330,0.4980000000000001,0.5469999999999999,0.3186985927046285,0.4031806108897714,2.1,-20.0,0.54,55.0,-0.999986908536696,19.99973817073392,-0.46574386724674,94.4,The rejection of endocrine disrupting and pharmaceutically active compounds by NF and RO membranes as a function of compound and water matrix properties
X20,RO,Caffeine,Cn1cnc2N(C)C(=O)N(C)C(=O)c12,37.5,15.0,7.0,21.0,24.0,0.001,194.193999999999,330,0.4440000000000001,0.503,0.3016073766829081,0.4031806108897714,10.4,-20.0,-0.07,55.0,-0.0003979487443048762,0.007958974886097524,-0.07,94.7,The rejection of endocrine disrupting and pharmaceutically active compounds by NF and RO membranes as a function of compound and water matrix properties
X20,RO,Sulfamerazine,Cc1ccnc(N[S](=O)(=O)c2ccc(N)cc2)n1,37.5,15.0,7.0,21.0,24.0,0.00121,264.31,330,0.49,0.638,0.3443206915204314,0.4031806108897714,7.35,-20.0,0.14,55.0,-0.3087638475852372,6.175276951704744,0.14,94.8,The rejection of endocrine disrupting and pharmaceutically active compounds by NF and RO membranes as a function of compound and water matrix properties
X20,RO,Estriol,C[C@]12CC[C@H]3[C@@H](CCc4cc(O)ccc34)[C@@H]1C[C@@H](O)[C@@H]2O,37.5,15.0,7.0,21.0,24.0,0.00094,288.387,330,0.415,0.731,0.3750996998534068,0.4031806108897714,10.54,-20.0,2.45,55.0,-0.0002883199979169637,0.005766399958339274,2.45,95.2,The rejection of endocrine disrupting and pharmaceutically active compounds by NF and RO membranes as a function of compound and water matrix properties
X20,RO,Sulfamethoxazole,Cc1onc(N[S](=O)(=O)c2ccc(N)cc2)c1,37.5,15.0,7.0,21.0,24.0,0.00119,253.283,330,0.54,0.588,0.3153427582941809,0.4031806108897714,1.6,-20.0,0.89,55.0,-1.859097133559606,37.18194267119213,-0.1689132136423285,95.6,The rejection of endocrine disrupting and pharmaceutically active compounds by NF and RO membranes as a function of compound and water matrix properties
X20,RO,17β-Estradiol,C[C@]12CC[C@H]3[C@@H](CCc4cc(O)ccc34)[C@@H]1CC[C@@H]2O,37.5,15.0,7.0,21.0,24.0,0.00101,272.388,330,0.402,0.73,0.3807542916588625,0.4031806108897714,10.46,-20.0,4.01,55.0,-0.000346616665681558,0.00693233331363116,4.01,95.6,The rejection of endocrine disrupting and pharmaceutically active compounds by NF and RO membranes as a function of compound and water matrix properties
X20,RO,Bisphenol A,CC(C)(c1ccc(O)cc1)c2ccc(O)cc2,37.5,15.0,7.0,21.0,24.0,0.00207,228.291,330,0.453,0.562,0.3381552020183159,0.4031806108897714,9.6,-20.0,3.32,55.0,-0.002505592667285735,0.0501118533457147,3.32,96.1,The rejection of endocrine disrupting and pharmaceutically active compounds by NF and RO membranes as a function of compound and water matrix properties
X20,RO,Sulfachloropyridazine,Nc1ccc(cc1)[S](=O)(=O)Nc2ccc(Cl)nn2,37.5,15.0,7.0,21.0,24.0,0.00072,284.728,330,0.525,0.591,0.3240631570394434,0.4031806108897714,5.9,-20.0,1.02,55.0,-0.9264124438824264,18.52824887764853,-0.7228665882044951,96.3,The rejection of endocrine disrupting and pharmaceutically active compounds by NF and RO membranes as a function of compound and water matrix properties
X20,RO,17α-Estradiol,C[C@]12CC[C@H]3[C@@H](CCc4cc(O)ccc34)[C@@H]1CC[C@H]2O,37.5,15.0,7.0,21.0,24.0,0.00105,272.388,330,0.402,0.688,0.3807542916588625,0.4031806108897714,10.27,-20.0,4.01,55.0,-0.0005367435480184703,0.01073487096036941,4.01,96.6,The rejection of endocrine disrupting and pharmaceutically active compounds by NF and RO membranes as a function of compound and water matrix properties
X20,RO,Gemfibrozil,Cc1ccc(C)c(OCCCC(C)(C)C(O)=O)c1,37.5,15.0,7.0,21.0,24.0,0.00137,250.337999999999,330,0.499,0.743,0.3884540064460517,0.4031806108897714,4.5,-20.0,4.39,55.0,-0.9968476908167399,19.9369538163348,2.349371680725969,96.9,The rejection of endocrine disrupting and pharmaceutically active compounds by NF and RO membranes as a function of compound and water matrix properties
X20,RO,Estrone,C[C@]12CC[C@H]3[C@@H](CCc4cc(O)ccc34)[C@@H]1CCC2=O,37.5,15.0,7.0,21.0,24.0,0.00109,270.372,330,0.406,0.682,0.3667832440887863,0.4031806108897714,10.25,-20.0,3.13,55.0,-0.0005620252751523289,0.01124050550304658,3.13,96.9,The rejection of endocrine disrupting and pharmaceutically active compounds by NF and RO membranes as a function of compound and water matrix properties
X20,RO,17α-Ethynilestradiol,C[C@]12CC[C@H]3[C@@H](CCc4cc(O)ccc34)[C@@H]1CC[C@@]2(O)C#C,37.5,15.0,7.0,21.0,24.0,0.0011,296.41,330,0.4440000000000001,0.72,0.3945213448379869,0.4031806108897714,10.33,-20.0,3.67,55.0,-0.0004675164674062613,0.009350329348125228,3.67,97.1,The rejection of endocrine disrupting and pharmaceutically active compounds by NF and RO membranes as a function of compound and water matrix properties
X20,RO,Equilin,C[C@]12CC[C@H]3C(=CCc4cc(O)ccc34)[C@@H]1CCC2=O,37.5,15.0,7.0,21.0,24.0,0.00098,268.356,330,0.415,0.693,0.3680056014621419,0.4031806108897714,10.11,-20.0,2.9,55.0,-0.0007756450244149625,0.01551290048829925,2.9,97.3,The rejection of endocrine disrupting and pharmaceutically active compounds by NF and RO membranes as a function of compound and water matrix properties
X20,RO,Diethylstilbesterol,CC\C(c1ccc(O)cc1)=C(\CC)c2ccc(O)cc2,37.5,15.0,7.0,21.0,24.0,0.00106,268.355999999999,330,0.452,0.75,0.3915928166047295,0.4031806108897714,10.18,-20.0,5.07,55.0,-0.000660257220388086,0.01320514440776172,5.07,98.4,The rejection of endocrine disrupting and pharmaceutically active compounds by NF and RO membranes as a function of compound and water matrix properties
X20,RO,Oxybenzone,COc1ccc(c(O)c1)C(=O)c2ccccc2,37.5,15.0,7.0,21.0,24.0,0.001,228.246999999999,330,0.399,0.6990000000000001,0.3371015768798998,0.4031806108897714,7.1,-20.0,3.79,55.0,-0.4426883662377074,8.853767324754148,3.79,100.0,The rejection of endocrine disrupting and pharmaceutically active compounds by NF and RO membranes as a function of compound and water matrix properties
NF200,NF,"1,5-naphthalenedisulfonic acid",O[S](=O)(=O)c1cccc2c1cccc2[S](O)(=O)=O,27.5,5.5,3.0,25.0,0.5,1.6,288.302,200,0.475,0.658,0.3143911993845841,0.31,-0.6,0.675676,0.6,30.3,-0.9997488744367387,-0.6755063204839179,-5.388498166232333,50.625,The role of membrane surface charge and solute physico-chemical properties in the rejection of organic acids by NF membranes
NF200,NF,"1,5-naphthalenedisulfonic acid",O[S](=O)(=O)c1cccc2c1cccc2[S](O)(=O)=O,27.5,5.5,5.0,25.0,0.5,1.6,288.302,200,0.475,0.658,0.3143911993845841,0.31,-0.6,-11.5878,0.6,30.3,-0.999997488119878,11.58777089283552,-5.389987362793239,86.25,The role of membrane surface charge and solute physico-chemical properties in the rejection of organic acids by NF membranes
NF200,NF,"1,5-naphthalenedisulfonic acid",O[S](=O)(=O)c1cccc2c1cccc2[S](O)(=O)=O,27.5,5.5,7.0,25.0,0.5,1.6,288.302,200,0.475,0.658,0.3143911993845841,0.31,-0.6,-27.29,0.6,30.3,-0.9999999748811363,27.28999931450621,-5.390002258499167,87.5,The role of membrane surface charge and solute physico-chemical properties in the rejection of organic acids by NF membranes
NF200,NF,"1,5-naphthalenedisulfonic acid",O[S](=O)(=O)c1cccc2c1cccc2[S](O)(=O)=O,27.5,5.5,9.0,25.0,0.5,1.6,288.302,200,0.475,0.658,0.3143911993845841,0.31,-0.6,-24.5946,0.6,30.3,-0.9999999997488114,24.59459999382211,-5.3900024074566,88.125,The role of membrane surface charge and solute physico-chemical properties in the rejection of organic acids by NF membranes
NF200,NF,"2,4-Dihydroxybenzoic acid",OC(=O)c1ccc(O)cc1O,27.5,5.5,3.0,25.0,0.5,1.6,154.120999999999,200,0.359,0.505,0.2277471565708836,0.31,3.11,0.675676,1.63,30.3,-0.4370152718964043,-0.2952807308538749,0.366484449996789,4.34783,The role of membrane surface charge and solute physico-chemical properties in the rejection of organic acids by NF membranes
NF200,NF,"2,4-Dihydroxybenzoic acid",OC(=O)c1ccc(O)cc1O,27.5,5.5,3.5,25.0,0.5,1.6,154.120999999999,200,0.359,0.505,0.2277471565708836,0.31,3.11,-2.390193,1.63,30.3,-0.7105400123698379,1.6983277637863,-0.4243409172702433,19.5652,The role of membrane surface charge and solute physico-chemical properties in the rejection of organic acids by NF membranes
NF200,NF,"2,4-Dihydroxybenzoic acid",OC(=O)c1ccc(O)cc1O,27.5,5.5,4.0,25.0,0.5,1.6,154.120999999999,200,0.359,0.505,0.2277471565708836,0.31,3.11,-5.456061999999999,1.63,30.3,-0.8858769425858496,4.833399523118835,-0.9312818689134059,37.6812,The role of membrane surface charge and solute physico-chemical properties in the rejection of organic acids by NF membranes
NF200,NF,"2,4-Dihydroxybenzoic acid",OC(=O)c1ccc(O)cc1O,27.5,5.5,4.5,25.0,0.5,1.6,154.120999999999,200,0.359,0.505,0.2277471565708836,0.31,3.11,-8.521931,1.63,30.3,-0.9608565972483071,8.188353622644863,-1.148065962496167,62.3188,The role of membrane surface charge and solute physico-chemical properties in the rejection of organic acids by NF membranes
NF200,NF,"2,4-Dihydroxybenzoic acid",OC(=O)c1ccc(O)cc1O,27.5,5.5,5.0,25.0,0.5,1.6,154.120999999999,200,0.359,0.505,0.2277471565708836,0.31,3.11,-11.5878,1.63,30.3,-0.9872813524037093,11.4404188553837,-1.224466242282711,70.2899,The role of membrane surface charge and solute physico-chemical properties in the rejection of organic acids by NF membranes
NF200,NF,"2,4-Dihydroxybenzoic acid",OC(=O)c1ccc(O)cc1O,27.5,5.5,5.5,25.0,0.5,1.6,154.120999999999,200,0.359,0.505,0.2277471565708836,0.31,3.11,-13.81755,1.63,30.3,-0.9959427257570411,13.7614884102842,-1.249508341770055,76.8116,The role of membrane surface charge and solute physico-chemical properties in the rejection of organic acids by NF membranes
NF200,NF,"2,4-Dihydroxybenzoic acid",OC(=O)c1ccc(O)cc1O,27.5,5.5,6.0,25.0,0.5,1.6,154.120999999999,200,0.359,0.505,0.2277471565708836,0.31,3.11,-16.0473,1.63,30.3,-0.998713407900003,16.02665367059372,-1.257519045735976,81.8841,The role of membrane surface charge and solute physico-chemical properties in the rejection of organic acids by NF membranes
NF200,NF,"2,4-Dihydroxybenzoic acid",OC(=O)c1ccc(O)cc1O,27.5,5.5,6.5,25.0,0.5,1.6,154.120999999999,200,0.359,0.505,0.2277471565708836,0.31,3.11,-18.27705,1.63,30.3,-0.9995927856133058,18.26960732229367,-1.260061536780425,83.3333,The role of membrane surface charge and solute physico-chemical properties in the rejection of organic acids by NF membranes
NF200,NF,"2,4-Dihydroxybenzoic acid",OC(=O)c1ccc(O)cc1O,27.5,5.5,7.0,25.0,0.5,1.6,154.120999999999,200,0.359,0.505,0.2277471565708836,0.31,3.11,-27.29,1.63,30.3,-0.999871191638562,27.28648481981635,-1.260866475108094,86.9565,The role of membrane surface charge and solute physico-chemical properties in the rejection of organic acids by NF membranes
NF200,NF,"2,4-Dihydroxybenzoic acid",OC(=O)c1ccc(O)cc1O,27.5,5.5,7.5,25.0,0.5,1.6,154.120999999999,200,0.359,0.505,0.2277471565708836,0.31,3.11,-21.52875,1.63,30.3,-0.9999592636317388,21.5278729969118,-1.261121112279961,86.2319,The role of membrane surface charge and solute physico-chemical properties in the rejection of organic acids by NF membranes
NF200,NF,"2,4-Dihydroxybenzoic acid",OC(=O)c1ccc(O)cc1O,27.5,5.5,8.0,25.0,0.5,1.6,154.120999999999,200,0.359,0.505,0.2277471565708836,0.31,3.11,-22.5507,1.63,30.3,-0.9999871176704396,22.55040949445078,-1.26120164495992,87.6812,The role of membrane surface charge and solute physico-chemical properties in the rejection of organic acids by NF membranes
NF200,NF,"2,4-Dihydroxybenzoic acid",OC(=O)c1ccc(O)cc1O,27.5,5.5,8.5,25.0,0.5,1.6,154.120999999999,200,0.359,0.505,0.2277471565708836,0.31,3.11,-23.57265,1.63,30.3,-0.9999959262138178,23.57255397006415,-1.261227112563108,89.8551,The role of membrane surface charge and solute physico-chemical properties in the rejection of organic acids by NF membranes
NF200,NF,"2,4-Dihydroxybenzoic acid",OC(=O)c1ccc(O)cc1O,27.5,5.5,9.0,25.0,0.5,1.6,154.120999999999,200,0.359,0.505,0.2277471565708836,0.31,3.11,-24.5946,1.63,30.3,-0.9999987117521079,24.59456831605839,-1.261235166219743,90.5797,The role of membrane surface charge and solute physico-chemical properties in the rejection of organic acids by NF membranes
NF200,NF,2-Naphthalenesulfonic acid,O[S](=O)(=O)c1ccc2ccccc2c1,27.5,5.5,3.0,25.0,0.5,1.6,208.238,200,0.389,0.599,0.2881751925516616,0.31,0.27,0.675676,0.63,30.3,-0.9981413737872997,-0.6744201708751075,-2.688829976639888,17.5,The role of membrane surface charge and solute physico-chemical properties in the rejection of organic acids by NF membranes
NF200,NF,2-Naphthalenesulfonic acid,O[S](=O)(=O)c1ccc2ccccc2c1,27.5,5.5,5.0,25.0,0.5,1.6,208.238,200,0.389,0.599,0.2881751925516616,0.31,0.27,-11.5878,0.63,30.3,-0.9999813794753638,11.58758422908462,-2.694948013818894,89.375,The role of membrane surface charge and solute physico-chemical properties in the rejection of organic acids by NF membranes
NF200,NF,2-Naphthalenesulfonic acid,O[S](=O)(=O)c1ccc2ccccc2c1,27.5,5.5,7.0,25.0,0.5,1.6,208.238,200,0.389,0.599,0.2881751925516616,0.31,0.27,-27.29,0.63,30.3,-0.9999998137913211,27.28999491836515,-2.695009308102454,87.5,The role of membrane surface charge and solute physico-chemical properties in the rejection of organic acids by NF membranes
NF200,NF,2-Naphthalenesulfonic acid,O[S](=O)(=O)c1ccc2ccccc2c1,27.5,5.5,9.0,25.0,0.5,1.6,208.238,200,0.389,0.599,0.2881751925516616,0.31,0.27,-24.5946,0.63,30.3,-0.9999999981379128,24.59459995420271,-2.695009921056701,85.625,The role of membrane surface charge and solute physico-chemical properties in the rejection of organic acids by NF membranes
NF200,NF,Acetic acid,CC(O)=O,27.5,5.5,3.0,25.0,0.5,12.5,60.052,200,0.275,0.327,0.1645091332997442,0.31,4.76,0.675676,2.14,30.3,-0.01708117154679347,-0.01154133766605123,2.096071680565682,9.52381,The role of membrane surface charge and solute physico-chemical properties in the rejection of organic acids by NF membranes
NF200,NF,Acetic acid,CC(O)=O,27.5,5.5,3.5,25.0,0.5,12.5,60.052,200,0.275,0.327,0.1645091332997442,0.31,4.76,-2.390193,2.14,30.3,-0.05209144932737488,0.1245086175421461,2.006034374774542,9.52381,The role of membrane surface charge and solute physico-chemical properties in the rejection of organic acids by NF membranes
NF200,NF,Acetic acid,CC(O)=O,27.5,5.5,4.0,25.0,0.5,12.5,60.052,200,0.275,0.327,0.1645091332997442,0.31,4.76,-5.456061999999999,2.14,30.3,-0.1480516541474263,0.8077790042309148,1.759249748862328,11.5646,The role of membrane surface charge and solute physico-chemical properties in the rejection of organic acids by NF membranes
NF200,NF,Acetic acid,CC(O)=O,27.5,5.5,4.5,25.0,0.5,12.5,60.052,200,0.275,0.327,0.1645091332997442,0.31,4.76,-8.521931,2.14,30.3,-0.3546475495606177,3.022281946674665,1.227938974149498,16.3265,The role of membrane surface charge and solute physico-chemical properties in the rejection of organic acids by NF membranes
NF200,NF,Acetic acid,CC(O)=O,27.5,5.5,5.0,25.0,0.5,12.5,60.052,200,0.275,0.327,0.1645091332997442,0.31,4.76,-11.5878,2.14,30.3,-0.634743335052317,7.355278817919238,0.507605646685477,19.0476,The role of membrane surface charge and solute physico-chemical properties in the rejection of organic acids by NF membranes
NF200,NF,Acetic acid,CC(O)=O,27.5,5.5,5.5,25.0,0.5,12.5,60.052,200,0.275,0.327,0.1645091332997442,0.31,4.76,-13.81755,2.14,30.3,-0.8460451004320948,11.69027047747549,-0.03580739856203197,37.415,The role of membrane surface charge and solute physico-chemical properties in the rejection of organic acids by NF membranes
NF200,NF,Acetic acid,CC(O)=O,27.5,5.5,6.0,25.0,0.5,12.5,60.052,200,0.275,0.327,0.1645091332997442,0.31,4.76,-16.0473,2.14,30.3,-0.9455871395661248,15.17412050475948,-0.291803568394065,49.6599,The role of membrane surface charge and solute physico-chemical properties in the rejection of organic acids by NF membranes
NF200,NF,Acetic acid,CC(O)=O,27.5,5.5,6.5,25.0,0.5,12.5,60.052,200,0.275,0.327,0.1645091332997442,0.31,4.76,-18.27705,2.14,30.3,-0.9821282046277382,17.9504063023914,-0.3857776599310165,64.6259,The role of membrane surface charge and solute physico-chemical properties in the rejection of organic acids by NF membranes
NF200,NF,Acetic acid,CC(O)=O,27.5,5.5,7.0,25.0,0.5,12.5,60.052,200,0.275,0.327,0.1645091332997442,0.31,4.76,-27.29,2.14,30.3,-0.9942785242829096,27.1338609276806,-0.4170251139817687,77.551,The role of membrane surface charge and solute physico-chemical properties in the rejection of organic acids by NF membranes
NF200,NF,Acetic acid,CC(O)=O,27.5,5.5,7.5,25.0,0.5,12.5,60.052,200,0.275,0.327,0.1645091332997442,0.31,4.76,-21.52875,2.14,30.3,-0.9981836044379537,21.4896452740436,-0.4270679619209425,78.9116,The role of membrane surface charge and solute physico-chemical properties in the rejection of organic acids by NF membranes
NF200,NF,Acetic acid,CC(O)=O,27.5,5.5,8.0,25.0,0.5,12.5,60.052,200,0.275,0.327,0.1645091332997442,0.31,4.76,-22.5507,2.14,30.3,-0.9994248910033477,22.53773088954919,-0.4302602273112162,82.9932,The role of membrane surface charge and solute physico-chemical properties in the rejection of organic acids by NF membranes
NF200,NF,Acetic acid,CC(O)=O,27.5,5.5,8.5,25.0,0.5,12.5,60.052,200,0.275,0.327,0.1645091332997442,0.31,4.76,-23.57265,2.14,30.3,-0.9998180630212267,23.56836126327732,-0.4312713632246226,84.3537,The role of membrane surface charge and solute physico-chemical properties in the rejection of organic acids by NF membranes
NF200,NF,Acetic acid,CC(O)=O,27.5,5.5,9.0,25.0,0.5,12.5,60.052,200,0.275,0.327,0.1645091332997442,0.31,4.76,-24.5946,2.14,30.3,-0.9999424593173869,24.5931848099274,-0.4315912780629696,84.3537,The role of membrane surface charge and solute physico-chemical properties in the rejection of organic acids by NF membranes
NF200,NF,Glutaric acid,OC(=O)CCCC(O)=O,27.5,5.5,3.0,25.0,0.5,11.0,132.115,200,0.323,0.519,0.2187738863917409,0.31,5.41,0.675676,-0.29,30.3,-0.003875374493625008,-0.002618497536354571,-0.29,19.5652,The role of membrane surface charge and solute physico-chemical properties in the rejection of organic acids by NF membranes
NF200,NF,Glutaric acid,OC(=O)CCCC(O)=O,27.5,5.5,3.5,25.0,0.5,11.0,132.115,200,0.323,0.519,0.2187738863917409,0.31,5.41,-2.390193,-0.29,30.3,-0.01215317104015339,0.02904842434797734,-0.29,22.4638,The role of membrane surface charge and solute physico-chemical properties in the rejection of organic acids by NF membranes
NF200,NF,Glutaric acid,OC(=O)CCCC(O)=O,27.5,5.5,4.0,25.0,0.5,11.0,132.115,200,0.323,0.519,0.2187738863917409,0.31,5.41,-5.456061999999999,-0.29,30.3,-0.03744763253644467,0.2043166048720594,-0.29,26.087,The role of membrane surface charge and solute physico-chemical properties in the rejection of organic acids by NF membranes
NF200,NF,Glutaric acid,OC(=O)CCCC(O)=O,27.5,5.5,4.5,25.0,0.5,11.0,132.115,200,0.323,0.519,0.2187738863917409,0.31,5.41,-8.521931,-0.29,30.3,-0.1095493612770752,0.9335720978973068,-0.29,49.2754,The role of membrane surface charge and solute physico-chemical properties in the rejection of organic acids by NF membranes
NF200,NF,Glutaric acid,OC(=O)CCCC(O)=O,27.5,5.5,5.0,25.0,0.5,11.0,132.115,200,0.323,0.519,0.2187738863917409,0.31,5.41,-11.5878,-0.29,30.3,-0.280080994052848,3.245522542885592,-0.29,61.5942,The role of membrane surface charge and solute physico-chemical properties in the rejection of organic acids by NF membranes
NF200,NF,Glutaric acid,OC(=O)CCCC(O)=O,27.5,5.5,5.5,25.0,0.5,11.0,132.115,200,0.323,0.519,0.2187738863917409,0.31,5.41,-13.81755,-0.29,30.3,-0.5516235473109605,7.622085946146562,-0.29,82.6087,The role of membrane surface charge and solute physico-chemical properties in the rejection of organic acids by NF membranes
NF200,NF,Glutaric acid,OC(=O)CCCC(O)=O,27.5,5.5,6.0,25.0,0.5,11.0,132.115,200,0.323,0.519,0.2187738863917409,0.31,5.41,-16.0473,-0.29,30.3,-0.7955199003127421,12.76594649628867,-0.29,89.1304,The role of membrane surface charge and solute physico-chemical properties in the rejection of organic acids by NF membranes
NF200,NF,Glutaric acid,OC(=O)CCCC(O)=O,27.5,5.5,6.5,25.0,0.5,11.0,132.115,200,0.323,0.519,0.2187738863917409,0.31,5.41,-18.27705,-0.29,30.3,-0.9248272212397115,16.90311336395927,-0.29,89.8551,The role of membrane surface charge and solute physico-chemical properties in the rejection of organic acids by NF membranes
NF200,NF,Glutaric acid,OC(=O)CCCC(O)=O,27.5,5.5,7.0,25.0,0.5,11.0,132.115,200,0.323,0.519,0.2187738863917409,0.31,5.41,-27.29,-0.29,30.3,-0.9749401787606178,26.60611747837726,-0.29,92.7536,The role of membrane surface charge and solute physico-chemical properties in the rejection of organic acids by NF membranes
NF200,NF,Glutaric acid,OC(=O)CCCC(O)=O,27.5,5.5,7.5,25.0,0.5,11.0,132.115,200,0.323,0.519,0.2187738863917409,0.31,5.41,-21.52875,-0.29,30.3,-0.9919372314813265,21.35516867225361,-0.29,94.9275,The role of membrane surface charge and solute physico-chemical properties in the rejection of organic acids by NF membranes
NF200,NF,Glutaric acid,OC(=O)CCCC(O)=O,27.5,5.5,8.0,25.0,0.5,11.0,132.115,200,0.323,0.519,0.2187738863917409,0.31,5.41,-22.5507,-0.29,30.3,-0.9974361942128143,22.49288438483491,-0.29,93.4783,The role of membrane surface charge and solute physico-chemical properties in the rejection of organic acids by NF membranes
NF200,NF,Glutaric acid,OC(=O)CCCC(O)=O,27.5,5.5,8.5,25.0,0.5,11.0,132.115,200,0.323,0.519,0.2187738863917409,0.31,5.41,-23.57265,-0.29,30.3,-0.9991878296406883,23.55350499237957,-0.29,92.7536,The role of membrane surface charge and solute physico-chemical properties in the rejection of organic acids by NF membranes
NF200,NF,Glutaric acid,OC(=O)CCCC(O)=O,27.5,5.5,9.0,25.0,0.5,11.0,132.115,200,0.323,0.519,0.2187738863917409,0.31,5.41,-24.5946,-0.29,30.3,-0.9997430264740899,24.58827983891965,-0.29,94.2029,The role of membrane surface charge and solute physico-chemical properties in the rejection of organic acids by NF membranes
NF200,NF,Ibuprofen,CC(C)Cc1ccc(cc1)C(C)C(O)=O,27.5,5.5,3.0,25.0,0.5,1.6,206.284999999999,200,0.378,0.659,0.3727263864585965,0.31,5.2,0.675676,3.97,30.3,-0.006270012341433834,-0.004236496858810647,3.949656822851334,95.21,The role of membrane surface charge and solute physico-chemical properties in the rejection of organic acids by NF membranes
NF200,NF,Ibuprofen,CC(C)Cc1ccc(cc1)C(C)C(O)=O,27.5,5.5,5.0,25.0,0.5,1.6,206.284999999999,200,0.378,0.659,0.3727263864585965,0.31,5.2,-11.5878,3.97,30.3,-0.3868631798468569,4.482893155429408,2.714814878925577,69.6,The role of membrane surface charge and solute physico-chemical properties in the rejection of organic acids by NF membranes
NF200,NF,Ibuprofen,CC(C)Cc1ccc(cc1)C(C)C(O)=O,27.5,5.5,7.0,25.0,0.5,1.6,206.284999999999,200,0.378,0.659,0.3727263864585965,0.31,5.2,-27.29,3.97,30.3,-0.9843983377581704,26.86423063742047,0.7761004222382355,75.55,The role of membrane surface charge and solute physico-chemical properties in the rejection of organic acids by NF membranes
NF200,NF,Ibuprofen,CC(C)Cc1ccc(cc1)C(C)C(O)=O,27.5,5.5,9.0,25.0,0.5,1.6,206.284999999999,200,0.378,0.659,0.3727263864585965,0.31,5.2,-24.5946,3.97,30.3,-0.9998415357956377,24.59070263627939,0.7259946654533485,77.13,The role of membrane surface charge and solute physico-chemical properties in the rejection of organic acids by NF membranes
NF90,NF,"1,5-naphthalenedisulfonic acid",O[S](=O)(=O)c1cccc2c1cccc2[S](O)(=O)=O,57.06250000000001,5.5,3.0,25.0,0.5,1.6,288.302,180,0.475,0.658,0.3143911993845841,0.34,-0.6,-17.9054,0.6,63.2,-0.9997488744367387,17.90090349633958,-5.388498166232333,75.0,The role of membrane surface charge and solute physico-chemical properties in the rejection of organic acids by NF membranes
NF90,NF,"1,5-naphthalenedisulfonic acid",O[S](=O)(=O)c1cccc2c1cccc2[S](O)(=O)=O,57.06250000000001,5.5,5.0,25.0,0.5,1.6,288.302,180,0.475,0.658,0.3143911993845841,0.34,-0.6,-20.8784,0.6,63.2,-0.999997488119878,20.87834755596206,-5.389987362793239,88.75,The role of membrane surface charge and solute physico-chemical properties in the rejection of organic acids by NF membranes
NF90,NF,"1,5-naphthalenedisulfonic acid",O[S](=O)(=O)c1cccc2c1cccc2[S](O)(=O)=O,57.06250000000001,5.5,7.0,25.0,0.5,1.6,288.302,180,0.475,0.658,0.3143911993845841,0.34,-0.6,-20.5,0.6,63.2,-0.9999999748811363,20.4999994850633,-5.390002258499167,95.0,The role of membrane surface charge and solute physico-chemical properties in the rejection of organic acids by NF membranes
NF90,NF,"1,5-naphthalenedisulfonic acid",O[S](=O)(=O)c1cccc2c1cccc2[S](O)(=O)=O,57.06250000000001,5.5,9.0,25.0,0.5,1.6,288.302,180,0.475,0.658,0.3143911993845841,0.34,-0.6,-31.6554,0.6,63.2,-0.9999999997488114,31.65539999204852,-5.3900024074566,94.375,The role of membrane surface charge and solute physico-chemical properties in the rejection of organic acids by NF membranes
NF90,NF,"2,4-Dihydroxybenzoic acid",OC(=O)c1ccc(O)cc1O,57.06250000000001,5.5,3.0,25.0,0.5,1.6,154.120999999999,180,0.359,0.505,0.2277471565708836,0.34,3.11,-17.9054,1.63,63.2,-0.4370152718964043,7.824933249413878,0.366484449996789,29.7101,The role of membrane surface charge and solute physico-chemical properties in the rejection of organic acids by NF membranes
NF90,NF,"2,4-Dihydroxybenzoic acid",OC(=O)c1ccc(O)cc1O,57.06250000000001,5.5,3.5,25.0,0.5,1.6,154.120999999999,180,0.359,0.505,0.2277471565708836,0.34,3.11,-18.64865,1.63,63.2,-0.7105400123698379,13.25061200168078,-0.4243409172702433,30.4348,The role of membrane surface charge and solute physico-chemical properties in the rejection of organic acids by NF membranes
NF90,NF,"2,4-Dihydroxybenzoic acid",OC(=O)c1ccc(O)cc1O,57.06250000000001,5.5,4.0,25.0,0.5,1.6,154.120999999999,180,0.359,0.505,0.2277471565708836,0.34,3.11,-19.3919,1.63,63.2,-0.8858769425858496,17.17883708293054,-0.9312818689134059,65.2174,The role of membrane surface charge and solute physico-chemical properties in the rejection of organic acids by NF membranes
NF90,NF,"2,4-Dihydroxybenzoic acid",OC(=O)c1ccc(O)cc1O,57.06250000000001,5.5,4.5,25.0,0.5,1.6,154.120999999999,180,0.359,0.505,0.2277471565708836,0.34,3.11,-20.13515,1.63,63.2,-0.9608565972483071,19.34699171408425,-1.148065962496167,77.5362,The role of membrane surface charge and solute physico-chemical properties in the rejection of organic acids by NF membranes
NF90,NF,"2,4-Dihydroxybenzoic acid",OC(=O)c1ccc(O)cc1O,57.06250000000001,5.5,5.0,25.0,0.5,1.6,154.120999999999,180,0.359,0.505,0.2277471565708836,0.34,3.11,-20.8784,1.63,63.2,-0.9872813524037093,20.6128549880256,-1.224466242282711,92.7536,The role of membrane surface charge and solute physico-chemical properties in the rejection of organic acids by NF membranes
NF90,NF,"2,4-Dihydroxybenzoic acid",OC(=O)c1ccc(O)cc1O,57.06250000000001,5.5,5.5,25.0,0.5,1.6,154.120999999999,180,0.359,0.505,0.2277471565708836,0.34,3.11,-22.179075,1.63,63.2,-0.9959427257570411,22.08908841026985,-1.249508341770055,94.2029,The role of membrane surface charge and solute physico-chemical properties in the rejection of organic acids by NF membranes
NF90,NF,"2,4-Dihydroxybenzoic acid",OC(=O)c1ccc(O)cc1O,57.06250000000001,5.5,6.0,25.0,0.5,1.6,154.120999999999,180,0.359,0.505,0.2277471565708836,0.34,3.11,-23.47975,1.63,63.2,-0.998713407900003,23.44954113914009,-1.257519045735976,94.9275,The role of membrane surface charge and solute physico-chemical properties in the rejection of organic acids by NF membranes
NF90,NF,"2,4-Dihydroxybenzoic acid",OC(=O)c1ccc(O)cc1O,57.06250000000001,5.5,6.5,25.0,0.5,1.6,154.120999999999,180,0.359,0.505,0.2277471565708836,0.34,3.11,-24.780425,1.63,63.2,-0.9995927856133058,24.7703340544316,-1.260061536780425,92.029,The role of membrane surface charge and solute physico-chemical properties in the rejection of organic acids by NF membranes
NF90,NF,"2,4-Dihydroxybenzoic acid",OC(=O)c1ccc(O)cc1O,57.06250000000001,5.5,7.0,25.0,0.5,1.6,154.120999999999,180,0.359,0.505,0.2277471565708836,0.34,3.11,-20.5,1.63,63.2,-0.999871191638562,20.49735942859052,-1.260866475108094,96.3768,The role of membrane surface charge and solute physico-chemical properties in the rejection of organic acids by NF membranes
NF90,NF,"2,4-Dihydroxybenzoic acid",OC(=O)c1ccc(O)cc1O,57.06250000000001,5.5,7.5,25.0,0.5,1.6,154.120999999999,180,0.359,0.505,0.2277471565708836,0.34,3.11,-27.474675,1.63,63.2,-0.9999592636317388,27.47355578152134,-1.261121112279961,94.2029,The role of membrane surface charge and solute physico-chemical properties in the rejection of organic acids by NF membranes
NF90,NF,"2,4-Dihydroxybenzoic acid",OC(=O)c1ccc(O)cc1O,57.06250000000001,5.5,8.0,25.0,0.5,1.6,154.120999999999,180,0.359,0.505,0.2277471565708836,0.34,3.11,-28.86825,1.63,63.2,-0.9999871176704396,28.86787810968967,-1.26120164495992,93.4783,The role of membrane surface charge and solute physico-chemical properties in the rejection of organic acids by NF membranes
NF90,NF,"2,4-Dihydroxybenzoic acid",OC(=O)c1ccc(O)cc1O,57.06250000000001,5.5,8.5,25.0,0.5,1.6,154.120999999999,180,0.359,0.505,0.2277471565708836,0.34,3.11,-30.261825,1.63,63.2,-0.9999959262138178,30.26170171979547,-1.261227112563108,93.4783,The role of membrane surface charge and solute physico-chemical properties in the rejection of organic acids by NF membranes
NF90,NF,"2,4-Dihydroxybenzoic acid",OC(=O)c1ccc(O)cc1O,57.06250000000001,5.5,9.0,25.0,0.5,1.6,154.120999999999,180,0.359,0.505,0.2277471565708836,0.34,3.11,-31.6554,1.63,63.2,-0.9999987117521079,31.65535921999767,-1.261235166219743,93.4783,The role of membrane surface charge and solute physico-chemical properties in the rejection of organic acids by NF membranes
NF90,NF,2-Naphthalenesulfonic acid,O[S](=O)(=O)c1ccc2ccccc2c1,57.06250000000001,5.5,3.0,25.0,0.5,1.6,208.238,180,0.389,0.599,0.2881751925516616,0.34,0.27,-17.9054,0.63,63.2,-0.9981413737872997,17.87212055421112,-2.688829976639888,70.0,The role of membrane surface charge and solute physico-chemical properties in the rejection of organic acids by NF membranes
NF90,NF,2-Naphthalenesulfonic acid,O[S](=O)(=O)c1ccc2ccccc2c1,57.06250000000001,5.5,5.0,25.0,0.5,1.6,208.238,180,0.389,0.599,0.2881751925516616,0.34,0.27,-20.8784,0.63,63.2,-0.9999813794753638,20.87801123323844,-2.694948013818894,91.875,The role of membrane surface charge and solute physico-chemical properties in the rejection of organic acids by NF membranes
NF90,NF,2-Naphthalenesulfonic acid,O[S](=O)(=O)c1ccc2ccccc2c1,57.06250000000001,5.5,7.0,25.0,0.5,1.6,208.238,180,0.389,0.599,0.2881751925516616,0.34,0.27,-20.5,0.63,63.2,-0.9999998137913211,20.49999618272208,-2.695009308102454,93.125,The role of membrane surface charge and solute physico-chemical properties in the rejection of organic acids by NF membranes
NF90,NF,2-Naphthalenesulfonic acid,O[S](=O)(=O)c1ccc2ccccc2c1,57.06250000000001,5.5,9.0,25.0,0.5,1.6,208.238,180,0.389,0.599,0.2881751925516616,0.34,0.27,-31.6554,0.63,63.2,-0.9999999981379128,31.65539994105489,-2.695009921056701,93.75,The role of membrane surface charge and solute physico-chemical properties in the rejection of organic acids by NF membranes
NF90,NF,Acetic acid,CC(O)=O,57.06250000000001,5.5,3.0,25.0,0.5,12.5,60.052,180,0.275,0.327,0.1645091332997442,0.34,4.76,-17.9054,2.14,63.2,-0.01708117154679347,0.3058452090139559,2.096071680565682,16.3265,The role of membrane surface charge and solute physico-chemical properties in the rejection of organic acids by NF membranes
NF90,NF,Acetic acid,CC(O)=O,57.06250000000001,5.5,3.5,25.0,0.5,12.5,60.052,180,0.275,0.327,0.1645091332997442,0.34,4.76,-18.64865,2.14,63.2,-0.05209144932737488,0.9714352064989495,2.006034374774542,19.0476,The role of membrane surface charge and solute physico-chemical properties in the rejection of organic acids by NF membranes
NF90,NF,Acetic acid,CC(O)=O,57.06250000000001,5.5,4.0,25.0,0.5,12.5,60.052,180,0.275,0.327,0.1645091332997442,0.34,4.76,-19.3919,2.14,63.2,-0.1480516541474263,2.871002872061475,1.759249748862328,29.932,The role of membrane surface charge and solute physico-chemical properties in the rejection of organic acids by NF membranes
NF90,NF,Acetic acid,CC(O)=O,57.06250000000001,5.5,4.5,25.0,0.5,12.5,60.052,180,0.275,0.327,0.1645091332997442,0.34,4.76,-20.13515,2.14,63.2,-0.3546475495606177,7.140881607535472,1.227938974149498,40.8163,The role of membrane surface charge and solute physico-chemical properties in the rejection of organic acids by NF membranes
NF90,NF,Acetic acid,CC(O)=O,57.06250000000001,5.5,5.0,25.0,0.5,12.5,60.052,180,0.275,0.327,0.1645091332997442,0.34,4.76,-20.8784,2.14,63.2,-0.634743335052317,13.25242524655629,0.507605646685477,56.4626,The role of membrane surface charge and solute physico-chemical properties in the rejection of organic acids by NF membranes
NF90,NF,Acetic acid,CC(O)=O,57.06250000000001,5.5,5.5,25.0,0.5,12.5,60.052,180,0.275,0.327,0.1645091332997442,0.34,4.76,-22.179075,2.14,63.2,-0.8460451004320948,18.76449773586596,-0.03580739856203197,58.5034,The role of membrane surface charge and solute physico-chemical properties in the rejection of organic acids by NF membranes
NF90,NF,Acetic acid,CC(O)=O,57.06250000000001,5.5,6.0,25.0,0.5,12.5,60.052,180,0.275,0.327,0.1645091332997442,0.34,4.76,-23.47975,2.14,63.2,-0.9455871395661248,22.20214964022772,-0.291803568394065,68.0272,The role of membrane surface charge and solute physico-chemical properties in the rejection of organic acids by NF membranes
NF90,NF,Acetic acid,CC(O)=O,57.06250000000001,5.5,6.5,25.0,0.5,12.5,60.052,180,0.275,0.327,0.1645091332997442,0.34,4.76,-24.780425,2.14,63.2,-0.9821282046277382,24.33755431516232,-0.3857776599310165,73.4694,The role of membrane surface charge and solute physico-chemical properties in the rejection of organic acids by NF membranes
NF90,NF,Acetic acid,CC(O)=O,57.06250000000001,5.5,7.0,25.0,0.5,12.5,60.052,180,0.275,0.327,0.1645091332997442,0.34,4.76,-20.5,2.14,63.2,-0.9942785242829096,20.38270974779965,-0.4170251139817687,79.5918,The role of membrane surface charge and solute physico-chemical properties in the rejection of organic acids by NF membranes
NF90,NF,Acetic acid,CC(O)=O,57.06250000000001,5.5,7.5,25.0,0.5,12.5,60.052,180,0.275,0.327,0.1645091332997442,0.34,4.76,-27.474675,2.14,63.2,-0.9981836044379537,27.42477012226134,-0.4270679619209425,80.9524,The role of membrane surface charge and solute physico-chemical properties in the rejection of organic acids by NF membranes
NF90,NF,Acetic acid,CC(O)=O,57.06250000000001,5.5,8.0,25.0,0.5,12.5,60.052,180,0.275,0.327,0.1645091332997442,0.34,4.76,-28.86825,2.14,63.2,-0.9994248910033477,28.85164760970739,-0.4302602273112162,82.3129,The role of membrane surface charge and solute physico-chemical properties in the rejection of organic acids by NF membranes
NF90,NF,Acetic acid,CC(O)=O,57.06250000000001,5.5,8.5,25.0,0.5,12.5,60.052,180,0.275,0.327,0.1645091332997442,0.34,4.76,-30.261825,2.14,63.2,-0.9998180630212267,30.25631925498734,-0.4312713632246226,80.9524,The role of membrane surface charge and solute physico-chemical properties in the rejection of organic acids by NF membranes
NF90,NF,Acetic acid,CC(O)=O,57.06250000000001,5.5,9.0,25.0,0.5,12.5,60.052,180,0.275,0.327,0.1645091332997442,0.34,4.76,-31.6554,2.14,63.2,-0.9999424593173869,31.65357852667561,-0.4315912780629696,82.9932,The role of membrane surface charge and solute physico-chemical properties in the rejection of organic acids by NF membranes
NF90,NF,Glutaric acid,OC(=O)CCCC(O)=O,57.06250000000001,5.5,3.0,25.0,0.5,1.6,132.115,180,0.323,0.519,0.2187738863917409,0.34,5.41,-17.9054,-0.29,63.2,-0.003875374493625008,0.06939013045815322,-0.29,62.3188,The role of membrane surface charge and solute physico-chemical properties in the rejection of organic acids by NF membranes
NF90,NF,Glutaric acid,OC(=O)CCCC(O)=O,57.06250000000001,5.5,3.5,25.0,0.5,11.0,132.115,180,0.323,0.519,0.2187738863917409,0.34,5.41,-18.64865,-0.29,63.2,-0.01215317104015339,0.2266402331179565,-0.29,62.3188,The role of membrane surface charge and solute physico-chemical properties in the rejection of organic acids by NF membranes
NF90,NF,Glutaric acid,OC(=O)CCCC(O)=O,57.06250000000001,5.5,4.0,25.0,0.5,11.0,132.115,180,0.323,0.519,0.2187738863917409,0.34,5.41,-19.3919,-0.29,63.2,-0.03744763253644467,0.7261807453834813,-0.29,67.3913,The role of membrane surface charge and solute physico-chemical properties in the rejection of organic acids by NF membranes
NF90,NF,Glutaric acid,OC(=O)CCCC(O)=O,57.06250000000001,5.5,4.5,25.0,0.5,11.0,132.115,180,0.323,0.519,0.2187738863917409,0.34,5.41,-20.13515,-0.29,63.2,-0.1095493612770752,2.2057928217181,-0.29,71.7391,The role of membrane surface charge and solute physico-chemical properties in the rejection of organic acids by NF membranes
NF90,NF,Glutaric acid,OC(=O)CCCC(O)=O,57.06250000000001,5.5,5.0,25.0,0.5,11.0,132.115,180,0.323,0.519,0.2187738863917409,0.34,5.41,-20.8784,-0.29,63.2,-0.280080994052848,5.847643026232981,-0.29,81.8841,The role of membrane surface charge and solute physico-chemical properties in the rejection of organic acids by NF membranes
NF90,NF,Glutaric acid,OC(=O)CCCC(O)=O,57.06250000000001,5.5,5.5,25.0,0.5,11.0,132.115,180,0.323,0.519,0.2187738863917409,0.34,5.41,-22.179075,-0.29,63.2,-0.5516235473109605,12.23450002757584,-0.29,87.6812,The role of membrane surface charge and solute physico-chemical properties in the rejection of organic acids by NF membranes
NF90,NF,Glutaric acid,OC(=O)CCCC(O)=O,57.06250000000001,5.5,6.0,25.0,0.5,11.0,132.115,180,0.323,0.519,0.2187738863917409,0.34,5.41,-23.47975,-0.29,63.2,-0.7955199003127421,18.67860837936811,-0.29,89.8551,The role of membrane surface charge and solute physico-chemical properties in the rejection of organic acids by NF membranes
NF90,NF,Glutaric acid,OC(=O)CCCC(O)=O,57.06250000000001,5.5,6.5,25.0,0.5,11.0,132.115,180,0.323,0.519,0.2187738863917409,0.34,5.41,-24.780425,-0.29,63.2,-0.9248272212397115,22.91761159388908,-0.29,91.3043,The role of membrane surface charge and solute physico-chemical properties in the rejection of organic acids by NF membranes
NF90,NF,Glutaric acid,OC(=O)CCCC(O)=O,57.06250000000001,5.5,7.0,25.0,0.5,11.0,132.115,180,0.323,0.519,0.2187738863917409,0.34,5.41,-20.5,-0.29,63.2,-0.9749401787606178,19.98627366459267,-0.29,92.029,The role of membrane surface charge and solute physico-chemical properties in the rejection of organic acids by NF membranes
NF90,NF,Glutaric acid,OC(=O)CCCC(O)=O,57.06250000000001,5.5,7.5,25.0,0.5,11.0,132.115,180,0.323,0.519,0.2187738863917409,0.34,5.41,-27.474675,-0.29,63.2,-0.9919372314813265,27.25315305534921,-0.29,91.3043,The role of membrane surface charge and solute physico-chemical properties in the rejection of organic acids by NF membranes
NF90,NF,Glutaric acid,OC(=O)CCCC(O)=O,57.06250000000001,5.5,8.0,25.0,0.5,11.0,132.115,180,0.323,0.519,0.2187738863917409,0.34,5.41,-28.86825,-0.29,63.2,-0.9974361942128143,28.79423741358407,-0.29,92.029,The role of membrane surface charge and solute physico-chemical properties in the rejection of organic acids by NF membranes
NF90,NF,Glutaric acid,OC(=O)CCCC(O)=O,57.06250000000001,5.5,8.5,25.0,0.5,11.0,132.115,180,0.323,0.519,0.2187738863917409,0.34,5.41,-30.261825,-0.29,63.2,-0.9991878296406883,30.23724724271633,-0.29,92.029,The role of membrane surface charge and solute physico-chemical properties in the rejection of organic acids by NF membranes
NF90,NF,Glutaric acid,OC(=O)CCCC(O)=O,57.06250000000001,5.5,9.0,25.0,0.5,11.0,132.115,180,0.323,0.519,0.2187738863917409,0.34,5.41,-31.6554,-0.29,63.2,-0.9997430264740899,31.6472654002479,-0.29,92.029,The role of membrane surface charge and solute physico-chemical properties in the rejection of organic acids by NF membranes
NF90,NF,Ibuprofen,CC(C)Cc1ccc(cc1)C(C)C(O)=O,57.06250000000001,5.5,3.0,25.0,0.5,1.6,206.284999999999,180,0.378,0.659,0.3727263864585965,0.34,5.2,-17.9054,3.97,63.2,-0.006270012341433834,0.1122670789783094,3.949656822851334,89.87,The role of membrane surface charge and solute physico-chemical properties in the rejection of organic acids by NF membranes
NF90,NF,Ibuprofen,CC(C)Cc1ccc(cc1)C(C)C(O)=O,57.06250000000001,5.5,5.0,25.0,0.5,1.6,206.284999999999,180,0.378,0.659,0.3727263864585965,0.34,5.2,-20.8784,3.97,63.2,-0.3868631798468569,8.077084214114617,2.714814878925577,84.65,The role of membrane surface charge and solute physico-chemical properties in the rejection of organic acids by NF membranes
NF90,NF,Ibuprofen,CC(C)Cc1ccc(cc1)C(C)C(O)=O,57.06250000000001,5.5,7.0,25.0,0.5,1.6,206.284999999999,180,0.378,0.659,0.3727263864585965,0.34,5.2,-20.5,3.97,63.2,-0.9843983377581704,20.18016592404249,0.7761004222382355,83.8,The role of membrane surface charge and solute physico-chemical properties in the rejection of organic acids by NF membranes
NF90,NF,Ibuprofen,CC(C)Cc1ccc(cc1)C(C)C(O)=O,57.06250000000001,5.5,9.0,25.0,0.5,1.6,206.284999999999,180,0.378,0.659,0.3727263864585965,0.34,5.2,-31.6554,3.97,63.2,-0.9998415357956377,31.65038375222523,0.7259946654533485,88.29,The role of membrane surface charge and solute physico-chemical properties in the rejection of organic acids by NF membranes
