Name of Membranes,Type of Membranes,NAME of TrOCs,Pure water flux            (L·m-2·h-1),Pressure (bar),pH,Temperature (oC),Filtration duration (h),TrOC concentration (mg/L),Cross-flow velocity   (cm·s-1),MW (Da),MWCO (Da),Min projection (nm),Max projection (nm),Molecular radius (nm),Pore radius (nm),pKa1 ,pKa2,Zeta potential (mV),log Kow,Contact angle (°),ɸ,Molecular charge,Charge product,log D ,TrOC Rejection (%),Data group,Reference
NF90,NF,Benzylparaben,56.33802816901409,8.0,7.0,20.0,12.0,0.2,,228.246999999999,180,0.41100000000000003,0.693,0.3332865116555292,0.34,8.2,,-27.29,3.56,64.0,0.0003898869009631983,-0.059350943102767666,1.6196872372745295,3.56,33.0,1.0,A highly selective surface coating for enhanced membrane rejection ofendocrine disrupting compounds: Mechanistic insights andimplications
NF90,NF,Propylparaben,56.33802816901409,8.0,7.0,20.0,12.0,0.2,,180.202999999999,180,0.392,0.62,0.31476091059101124,0.34,8.5,,-27.29,3.04,64.0,0.005510481264662015,-0.0306534300317155,0.8365321055655159,3.04,49.0,1.0,A highly selective surface coating for enhanced membrane rejection ofendocrine disrupting compounds: Mechanistic insights andimplications
NF90,NF,Ethylparaben,56.33802816901409,8.0,7.0,20.0,12.0,0.2,,166.176,180,0.40199999999999997,0.576,0.2668263877613856,0.34,8.34,,-27.29,2.47,64.0,0.046318144706289796,-0.043710847735683976,1.1928690347068156,2.47,50.0,1.0,A highly selective surface coating for enhanced membrane rejection ofendocrine disrupting compounds: Mechanistic insights andimplications
NF90,NF,Bisphenol A,56.33802816901409,8.0,7.0,20.0,12.0,0.2,,228.291,180,0.453,0.562,0.33815520201831595,0.34,9.6,,-27.29,3.32,64.0,2.9440134889495247e-05,-0.002505592667285735,0.06837762389022771,3.32,97.0,1.0,A highly selective surface coating for enhanced membrane rejection ofendocrine disrupting compounds: Mechanistic insights andimplications
NF270,NF,Benzylparaben,134.0,10.0,7.0,20.0,12.0,0.2,22.4,228.246999999999,330,0.41100000000000003,0.693,0.3332865116555292,0.42,8.2,,-42.7,3.56,40.2,0.042626015084278185,-0.059350943102767666,2.5342852704881795,3.56,19.5489,2.0,A One-Step Rapid Assembly of Thin Film Coating Using Green Coordination Complexes for Enhanced Removal of Trace Organic Contaminants by Membranes 
NF270,NF,Ethylparaben,134.0,10.0,7.0,20.0,12.0,0.2,22.4,166.176,330,0.40199999999999997,0.576,0.2668263877613856,0.42,8.34,,-42.7,2.47,40.2,0.13300541658857937,-0.043710847735683976,1.8664531983137058,2.47,19.8496,2.0,A One-Step Rapid Assembly of Thin Film Coating Using Green Coordination Complexes for Enhanced Removal of Trace Organic Contaminants by Membranes 
NF270,NF,Propylparaben,134.0,10.0,7.0,20.0,12.0,0.2,22.4,180.202999999999,330,0.392,0.62,0.31476091059101124,0.42,8.5,,-42.7,3.04,40.2,0.06278495430631022,-0.0306534300317155,1.3089014623542519,3.04,21.203,2.0,A One-Step Rapid Assembly of Thin Film Coating Using Green Coordination Complexes for Enhanced Removal of Trace Organic Contaminants by Membranes 
NF270,NF,Methylparaben,134.0,10.0,7.0,20.0,12.0,0.2,22.4,152.149,330,0.339,0.5509999999999999,0.2754787664970557,0.42,8.5,,-42.7,1.96,40.2,0.11840355404315496,-0.0306534300317155,1.3089014623542519,1.96,21.5038,2.0,A One-Step Rapid Assembly of Thin Film Coating Using Green Coordination Complexes for Enhanced Removal of Trace Organic Contaminants by Membranes 
NF270,NF,Trimethoprim,134.0,10.0,7.0,20.0,12.0,0.2,22.4,290.323,330,0.497,0.6950000000000001,0.37984797029029826,0.42,,7.12,-42.7,0.91,40.2,0.009139373524993031,0.5686413918836677,-24.28098743343261,-0.5381900903289282,77.4436,2.0,A One-Step Rapid Assembly of Thin Film Coating Using Green Coordination Complexes for Enhanced Removal of Trace Organic Contaminants by Membranes 
NF270,NF,Sulfadiazine,134.0,10.0,7.0,20.0,12.0,0.2,22.4,250.283,330,0.453,0.612,0.3093115947296739,0.42,6.36,,-42.7,-0.09,40.2,0.06945534615242602,-0.8136122105055866,34.74124138858855,-0.09,81.6541,2.0,A One-Step Rapid Assembly of Thin Film Coating Using Green Coordination Complexes for Enhanced Removal of Trace Organic Contaminants by Membranes 
NF270,NF,Sulfamethoxazole,134.0,10.0,7.0,20.0,12.0,0.2,22.4,253.283,330,0.54,0.588,0.3153427582941809,0.42,1.6,5.7,-42.7,0.89,40.2,0.06209262041649797,-1.952265506856825,83.36173714278644,-0.22198049011598286,82.406,2.0,A One-Step Rapid Assembly of Thin Film Coating Using Green Coordination Complexes for Enhanced Removal of Trace Organic Contaminants by Membranes 
NF270,NF,Sulfamethazine,134.0,10.0,7.0,20.0,12.0,0.2,22.4,278.337,330,0.49000000000000005,0.704,0.33697261889209035,0.42,2.65,7.65,-42.7,0.89,40.2,0.039079059034229424,-0.9995563875055626,42.681057746487525,0.89,91.4286,2.0,A One-Step Rapid Assembly of Thin Film Coating Using Green Coordination Complexes for Enhanced Removal of Trace Organic Contaminants by Membranes 
NF270,NF,Norfloxacin,134.0,10.0,7.0,20.0,12.0,0.2,22.4,319.336,330,0.516,0.744,0.3854363846657497,0.42,6.34,8.75,-42.7,-1.03,40.2,0.006772355470374276,0.8359071041684609,-35.693233347993285,-3.1378030081271744,95.0376,2.0,A One-Step Rapid Assembly of Thin Film Coating Using Green Coordination Complexes for Enhanced Removal of Trace Organic Contaminants by Membranes 
NF270,NF,Ofloxacin,134.0,10.0,7.0,20.0,12.0,0.2,22.4,361.373,330,0.5269999999999999,0.82,0.39179594163575737,0.42,5.97,9.28,-42.7,-0.39,40.2,0.004509460930916122,0.8891019191364646,-37.964651947127045,-2.0247798084864157,95.188,2.0,A One-Step Rapid Assembly of Thin Film Coating Using Green Coordination Complexes for Enhanced Removal of Trace Organic Contaminants by Membranes 
SW30XLE,RO,Acetic acid,34.1,15.5,3.0,25.0,0.5,2000.0,21.0,60.052,96,0.275,0.327,0.1645091332997442,,4.76,,-15.0,2.14,55.0,,-0.017081171546793474,0.25621757320190214,2.0960716805656823,78.4,3.0,A Path to Ultraselectivity: Support Layer Properties To Maximize Performance of Biomimetic Desalination Membranes 
SW30XLE,RO,Propanoic Acid ,34.1,15.5,3.0,25.0,0.5,2000.0,21.0,74.079,96,0.271,0.365,0.19234949890679492,,4.88,,-15.0,0.33,55.0,,-0.01301104836375208,0.1951657254562812,0.3059554321846757,91.03,3.0,A Path to Ultraselectivity: Support Layer Properties To Maximize Performance of Biomimetic Desalination Membranes 
SW30XLE,RO,Butyric acid,34.1,15.5,3.0,25.0,0.5,2000.0,21.0,88.1059999999999,96,0.269,0.442,0.21812685622354322,,4.82,,-15.0,0.79,55.0,,-0.014909941389328635,0.22364912083992952,0.7620673564314462,96.5,3.0,A Path to Ultraselectivity: Support Layer Properties To Maximize Performance of Biomimetic Desalination Membranes 
SW30XLE,RO,4-Hydroxybenzoic Acid ,34.1,15.5,3.0,25.0,0.5,20.0,21.0,138.121999999999,96,0.363,0.505,0.2218143011323027,,4.54,,-15.0,1.58,55.0,,-0.028031867151696522,0.4204780072754478,1.5228248121632104,98.3,3.0,A Path to Ultraselectivity: Support Layer Properties To Maximize Performance of Biomimetic Desalination Membranes 
SW30XLE,RO,Cinnamic Acid,34.1,15.5,3.0,25.0,0.5,20.0,21.0,148.161,96,0.351,0.5589999999999999,0.26234504176733864,,4.34,,-15.0,2.13,55.0,,-0.043710847735683976,0.6556627160352596,2.0431197892997073,98.6,3.0,A Path to Ultraselectivity: Support Layer Properties To Maximize Performance of Biomimetic Desalination Membranes 
SW30XLE,RO,Thymol,34.1,15.5,3.0,25.0,0.5,20.0,21.0,150.220999999999,100,0.37,0.526,0.29815751168243554,,10.62,,-33.0,3.3,55.0,,-2.398832861475502e-08,7.916148442869157e-07,3.3,99.7,3.0,A Path to Ultraselectivity: Support Layer Properties To Maximize Performance of Biomimetic Desalination Membranes 
SW30XLE,RO,Methanol,34.1,15.5,7.0,25.0,0.5,2000.0,21.0,32.042,100,0.22000000000000003,0.262,0.13145717648167643,,15.3,,-15.0,-0.77,55.0,,-5.011872311153847e-09,7.51780846673077e-08,-0.77,20.0,3.0,A Path to Ultraselectivity: Support Layer Properties To Maximize Performance of Biomimetic Desalination Membranes 
SW30XLE,RO,Ethanol,34.1,15.5,7.0,25.0,0.5,2000.0,21.0,46.069,100,0.23900000000000002,0.323,0.16605142653368316,,15.9,,-15.0,-0.31,55.0,,-1.2589254102092692e-09,1.8883881153139038e-08,-0.31,68.7,3.0,A Path to Ultraselectivity: Support Layer Properties To Maximize Performance of Biomimetic Desalination Membranes 
SW30XLE,RO,Urea,34.1,15.5,7.0,25.0,0.5,2000.0,21.0,60.056,100,0.28700000000000003,0.319,0.14277148504511986,,0.1,,-15.0,-2.11,55.0,,-0.9999998741074746,14.999998111612118,-3.735003100236046,73.8,3.0,A Path to Ultraselectivity: Support Layer Properties To Maximize Performance of Biomimetic Desalination Membranes 
SW30XLE,RO,Boric Acid,34.1,15.5,7.0,25.0,0.5,200.0,21.0,61.833,100,0.274,0.32,0.13837721696334296,,9.24,,-15.0,0.175,55.0,,-0.0057214757170903794,0.0858221357563557,0.175,83.5,3.0,A Path to Ultraselectivity: Support Layer Properties To Maximize Performance of Biomimetic Desalination Membranes 
SW30XLE,RO,"1,2-ethanediol",34.1,15.5,7.0,25.0,0.5,2000.0,21.0,62.068,100,0.26,0.375,0.16149164549261102,,15.1,,-33.0,-1.36,55.0,,-7.943282284147075e-09,2.621283153768535e-07,-1.36,85.6,3.0,A Path to Ultraselectivity: Support Layer Properties To Maximize Performance of Biomimetic Desalination Membranes 
SW30XLE,RO,1-Butanol ,34.1,15.5,7.0,25.0,0.5,2000.0,21.0,74.1229999999999,100,0.282,0.449,0.21746465049449232,,16.1,,-33.0,0.88,55.0,,-7.943282340933199e-10,2.6212831725079556e-08,0.88,94.7,3.0,A Path to Ultraselectivity: Support Layer Properties To Maximize Performance of Biomimetic Desalination Membranes 
SW30XLE,RO,"1,3-Propandiol",34.1,15.5,7.0,25.0,0.5,2000.0,21.0,76.095,100,0.267,0.437,0.19012411737825635,,14.8,,-33.0,-1.04,55.0,,-1.5848931673422437e-08,5.230147452229404e-07,-1.04,96.5,3.0,A Path to Ultraselectivity: Support Layer Properties To Maximize Performance of Biomimetic Desalination Membranes 
SW30XLE,RO,"1,4-Butanediol",34.1,15.5,7.0,25.0,0.5,2000.0,21.0,90.122,100,0.27,0.503,0.21326708933135632,,14.5,,-33.0,-0.83,55.0,,-3.162277560168373e-08,1.043551594855563e-06,-0.83,98.0,3.0,A Path to Ultraselectivity: Support Layer Properties To Maximize Performance of Biomimetic Desalination Membranes 
SW30XLE,RO,"1,4-Dioxane",34.1,15.5,7.0,25.0,0.5,200.0,21.0,88.106,100,0.29300000000000004,0.362,0.20835797252594918,,14.0,,-33.0,-0.27,55.0,,0.0,0.0,-0.27,98.4,3.0,A Path to Ultraselectivity: Support Layer Properties To Maximize Performance of Biomimetic Desalination Membranes 
SW30XLE,RO,"1,5-Pentanediol",34.1,15.5,7.0,25.0,0.5,2000.0,21.0,104.149,100,0.28900000000000003,0.567,0.23584734407852265,,14.83,,-33.0,-0.1,55.0,,-1.4791083662905866e-08,4.881057608758935e-07,-0.1,98.7,3.0,A Path to Ultraselectivity: Support Layer Properties To Maximize Performance of Biomimetic Desalination Membranes 
SW30XLE,RO,Cinnamic Acid,34.1,15.5,7.0,25.0,0.5,20.0,21.0,148.161,100,0.351,0.5589999999999999,0.26234504176733864,,4.34,,-33.0,2.13,55.0,,-0.9978170142285467,32.92796146954204,0.14672680976758623,98.9,3.0,A Path to Ultraselectivity: Support Layer Properties To Maximize Performance of Biomimetic Desalination Membranes 
SW30XLE,RO,Glycerol,34.1,15.5,7.0,25.0,0.5,2000.0,21.0,92.094,100,0.301,0.438,0.18991238664148963,,14.4,,-33.0,-1.76,55.0,,-3.981071547045644e-08,1.3137536105250627e-06,-1.76,99.2,3.0,A Path to Ultraselectivity: Support Layer Properties To Maximize Performance of Biomimetic Desalination Membranes 
SW30XLE,RO,4-Hydroxybenzoic Acid ,34.1,15.5,7.0,25.0,0.5,20.0,21.0,138.121999999999,100,0.363,0.505,0.2218143011323027,,4.54,,-33.0,1.58,55.0,,-0.9965446125969272,32.885972215698594,-0.4526018636087117,99.2,3.0,A Path to Ultraselectivity: Support Layer Properties To Maximize Performance of Biomimetic Desalination Membranes 
SW30XLE,RO,Erythritol,34.1,15.5,7.0,25.0,0.5,2000.0,21.0,122.119999999999,100,0.33599999999999997,0.472,0.20772947513878956,,13.903,,-33.0,-2.29,55.0,,-1.250258873902973e-07,4.1258542838798115e-06,-2.29,99.6,3.0,A Path to Ultraselectivity: Support Layer Properties To Maximize Performance of Biomimetic Desalination Membranes 
SW30XLE,RO,Thymol,34.1,15.5,7.0,25.0,0.5,20.0,21.0,150.220999999999,100,0.37,0.526,0.29815751168243554,,10.62,,-33.0,3.3,55.0,,-0.0002398257617087477,0.007914250136388674,3.3,99.7,3.0,A Path to Ultraselectivity: Support Layer Properties To Maximize Performance of Biomimetic Desalination Membranes 
SW30XLE,RO,Xylitol,34.1,15.5,7.0,25.0,0.5,2000.0,21.0,152.146,100,0.337,0.518,0.24637668301140211,,11.3,,-33.0,-2.56,55.0,,-5.011621160218179e-05,0.001653834982871999,-2.56,99.7,3.0,A Path to Ultraselectivity: Support Layer Properties To Maximize Performance of Biomimetic Desalination Membranes 
SW30XLE,RO,Glucose,34.1,15.5,7.0,25.0,0.5,2000.0,21.0,180.156,100,0.40099999999999997,0.481,0.2515616313767203,,12.45,,-33.0,-3.24,55.0,,-3.5481213031263073e-06,0.00011708800300316814,-3.24,99.7,3.0,A Path to Ultraselectivity: Support Layer Properties To Maximize Performance of Biomimetic Desalination Membranes 
SW30XLE,RO,Mannitol,34.1,15.5,7.0,25.0,0.5,2000.0,21.0,182.172,100,0.354,0.5389999999999999,0.25563856128035806,,13.5,,-33.0,-3.1,55.0,,-3.1622766601686895e-07,1.0435512978556676e-05,-3.1,99.7,3.0,A Path to Ultraselectivity: Support Layer Properties To Maximize Performance of Biomimetic Desalination Membranes 
XLE,RO,Cinnamic Acid,47.902,8.6,3.0,25.0,0.5,20.0,21.0,148.161,96,0.351,0.5589999999999999,0.26234504176733864,0.3,4.34,,-15.0,2.13,66.3,0.015754398661149686,-0.043710847735683976,0.6556627160352596,2.0431197892997073,94.4,4.0,A Path to Ultraselectivity: Support Layer Properties To Maximize Performance of Biomimetic Desalination Membranes 
XLE,RO,4-Hydroxybenzoic Acid ,47.902,8.6,3.0,25.0,0.5,20.0,21.0,138.121999999999,96,0.363,0.505,0.2218143011323027,0.3,4.54,,-15.0,1.58,66.3,0.06792226119366936,-0.028031867151696522,0.4204780072754478,1.5228248121632104,95.4,4.0,A Path to Ultraselectivity: Support Layer Properties To Maximize Performance of Biomimetic Desalination Membranes 
XLE,RO,Thymol,47.902,8.6,3.0,25.0,0.5,20.0,21.0,150.220999999999,100,0.37,0.526,0.29815751168243554,0.3,10.62,,-33.0,3.3,66.3,3.771959111512799e-05,-2.398832861475502e-08,7.916148442869157e-07,3.3,98.9,4.0,A Path to Ultraselectivity: Support Layer Properties To Maximize Performance of Biomimetic Desalination Membranes 
XLE,RO,Methanol,47.902,8.6,7.0,25.0,0.5,2000.0,21.0,32.042,96,0.22000000000000003,0.262,0.13145717648167643,0.3,15.3,,-15.0,-0.77,65.0,0.3156298151058752,-5.011872311153847e-09,7.51780846673077e-08,-0.77,21.0,4.0,A Path to Ultraselectivity: Support Layer Properties To Maximize Performance of Biomimetic Desalination Membranes 
XLE,RO,Ethanol,47.902,8.6,7.0,25.0,0.5,2000.0,21.0,46.069,96,0.23900000000000002,0.323,0.16605142653368316,0.3,15.9,,-15.0,-0.31,65.0,0.1993580037073475,-1.2589254102092692e-09,1.8883881153139038e-08,-0.31,50.7,4.0,A Path to Ultraselectivity: Support Layer Properties To Maximize Performance of Biomimetic Desalination Membranes 
XLE,RO,Boric Acid,47.902,8.6,7.0,25.0,0.5,200.0,21.0,61.833,96,0.274,0.32,0.13837721696334296,0.3,9.24,,-15.0,0.175,65.0,0.2902435999612702,-0.0057214757170903794,0.0858221357563557,0.175,69.3,4.0,A Path to Ultraselectivity: Support Layer Properties To Maximize Performance of Biomimetic Desalination Membranes 
XLE,RO,Propanolol,47.902,8.6,7.0,25.0,0.5,2000.0,21.0,294.802,96,0.466,0.741,0.4143107346896919,0.3,,9.53,-15.0,3.48,65.0,-0.14518826739219032,0.9970574747809099,-14.955862121713649,0.6761204636410381,82.2,4.0,A Path to Ultraselectivity: Support Layer Properties To Maximize Performance of Biomimetic Desalination Membranes 
XLE,RO,1-Butanol ,47.902,8.6,7.0,25.0,0.5,2000.0,21.0,74.1229999999999,96,0.282,0.449,0.21746465049449232,0.3,16.1,,-15.0,0.88,65.0,0.07568982131107006,-7.943282340933199e-10,1.1914923511399798e-08,0.88,87.8,4.0,A Path to Ultraselectivity: Support Layer Properties To Maximize Performance of Biomimetic Desalination Membranes 
XLE,RO,Isopropanol,47.902,8.6,7.0,25.0,0.5,2000.0,21.0,60.096,96,0.29500000000000004,0.33599999999999997,0.19535704946778623,0.3,17.1,,-15.0,0.05,65.0,0.12166830106763706,-7.943282346611806e-11,1.1914923519917708e-09,0.05,93.9,4.0,A Path to Ultraselectivity: Support Layer Properties To Maximize Performance of Biomimetic Desalination Membranes 
XLE,RO,"1,4-Dioxane",47.902,8.6,7.0,25.0,0.5,200.0,21.0,88.106,96,0.29300000000000004,0.362,0.20835797252594918,0.3,14.0,,-15.0,-0.27,65.0,0.09331401332838538,0.0,0.0,-0.27,96.5,4.0,A Path to Ultraselectivity: Support Layer Properties To Maximize Performance of Biomimetic Desalination Membranes 
XLE,RO,2-Butanol,47.902,8.6,7.0,25.0,0.5,2000.0,21.0,74.1229999999999,96,0.29900000000000004,0.397,0.21803054420401083,0.3,17.6,,-15.0,0.61,65.0,0.07465546314989582,-2.511886431446471e-11,3.7678296471697063e-10,0.61,97.2,4.0,A Path to Ultraselectivity: Support Layer Properties To Maximize Performance of Biomimetic Desalination Membranes 
XLE,RO,Glycerol,47.902,8.6,7.0,25.0,0.5,2000.0,21.0,92.094,96,0.301,0.438,0.18991238664148963,0.3,14.4,,-15.0,-1.76,65.0,0.13465869572192077,-3.981071547045644e-08,5.971607320568466e-07,-1.76,97.9,4.0,A Path to Ultraselectivity: Support Layer Properties To Maximize Performance of Biomimetic Desalination Membranes 
XLE,RO,Cinnamic Acid,47.902,8.6,7.0,25.0,0.5,20.0,21.0,148.161,100,0.351,0.5589999999999999,0.26234504176733864,0.3,4.34,,-15.0,2.13,65.0,0.015754398661149686,-0.9978170142285467,14.967255213428201,0.14672680976758623,99.0,4.0,A Path to Ultraselectivity: Support Layer Properties To Maximize Performance of Biomimetic Desalination Membranes 
XLE,RO,Thymol,47.902,8.6,7.0,25.0,0.5,20.0,21.0,150.220999999999,100,0.37,0.526,0.29815751168243554,0.3,10.62,,-15.0,3.3,65.0,3.771959111512799e-05,-0.0002398257617087477,0.0035973864256312153,3.3,99.1,4.0,A Path to Ultraselectivity: Support Layer Properties To Maximize Performance of Biomimetic Desalination Membranes 
XLE,RO,4-Hydroxybenzoic Acid ,47.902,8.6,7.0,25.0,0.5,20.0,21.0,138.121999999999,100,0.363,0.505,0.2218143011323027,0.3,4.54,,-15.0,1.58,65.0,0.06792226119366936,-0.9965446125969272,14.948169188953907,-0.4526018636087117,99.3,4.0,A Path to Ultraselectivity: Support Layer Properties To Maximize Performance of Biomimetic Desalination Membranes 
XLE,RO,Glucose,47.902,8.6,7.0,25.0,0.5,2000.0,21.0,180.156,100,0.40099999999999997,0.481,0.2515616313767203,0.3,12.45,,-15.0,-3.24,65.0,0.0260697283876081,-3.5481213031263073e-06,5.3221819546894606e-05,-3.24,99.4,4.0,A Path to Ultraselectivity: Support Layer Properties To Maximize Performance of Biomimetic Desalination Membranes 
TS80,NF,N-Nitrosodimethylamine,22.5,5.0,7.5,20.0,96.0,0.002,20.0,74.083,200,0.3,0.34900000000000003,0.19099715679637932,0.42,,-3.63,-32.7,-0.57,37.5,0.2972919625586286,7.41310241295422e-12,-2.42408448903603e-10,-0.57,6.7,5.0,A Semi-Quantitative Method for Prediction of the Rejection of Uncharged Organic Micropollutants with Nanofiltration
TS80,NF,Ethanol,22.5,5.0,7.5,20.0,96.0,0.002,20.0,46.069,200,0.23900000000000002,0.323,0.16605142653368316,0.42,15.9,,-32.7,-0.31,37.5,0.36558887735588047,-3.9810716896860346e-09,1.3018104425273334e-07,-0.31,8.7,5.0,A Semi-Quantitative Method for Prediction of the Rejection of Uncharged Organic Micropollutants with Nanofiltration
TS80,NF,2-Ethoxyethanol,22.5,5.0,7.5,20.0,96.0,0.002,20.0,90.122,200,0.275,0.507,0.22489107775365777,0.42,14.8,,-32.7,-0.32,37.5,0.21580210623656018,-5.011872085084068e-08,1.6388821718224905e-06,-0.32,21.0,5.0,A Semi-Quantitative Method for Prediction of the Rejection of Uncharged Organic Micropollutants with Nanofiltration
TS80,NF,2-(1H)-Quinoline,22.5,5.0,7.5,20.0,96.0,0.002,20.0,95.1009999999999,200,0.44699999999999995,0.601,0.18261889546230126,0.42,12.02,,-32.7,1.26,37.5,0.3194432471175615,-3.019860522072228e-05,0.0009874943907176186,1.26,21.5,5.0,A Semi-Quantitative Method for Prediction of the Rejection of Uncharged Organic Micropollutants with Nanofiltration
TS80,NF,2-Methoxyethanol,22.5,5.0,7.5,20.0,96.0,0.002,20.0,76.095,200,0.253,0.441,0.19947775629577802,0.42,14.8,,-32.7,-0.77,37.5,0.27568061206544375,-5.011872085084068e-08,1.6388821718224905e-06,-0.77,31.7,5.0,A Semi-Quantitative Method for Prediction of the Rejection of Uncharged Organic Micropollutants with Nanofiltration
TS80,NF,Bisphenol A,22.5,5.0,7.5,20.0,96.0,0.002,20.0,228.291,200,0.453,0.562,0.33815520201831595,0.42,9.6,,-32.7,3.32,37.5,0.03797375825772487,-0.007880683850330288,0.2576983619058004,3.32,37.5,5.0,A Semi-Quantitative Method for Prediction of the Rejection of Uncharged Organic Micropollutants with Nanofiltration
TS80,NF,N-(4-Methoxyphenyl)acetamide,22.5,5.0,7.5,20.0,96.0,0.002,20.0,165.192,200,0.374,0.643,0.28845800715031356,0.42,14.53,,-32.7,1.03,37.5,0.09809124650151337,-9.332542137006399e-08,3.0517412788010924e-06,1.03,38.3,5.0,A Semi-Quantitative Method for Prediction of the Rejection of Uncharged Organic Micropollutants with Nanofiltration
TS80,NF,N-Nitrosodipropylamine,22.5,5.0,7.5,20.0,96.0,0.002,20.0,130.191,200,0.376,0.591,0.2831749517469735,0.42,,-3.18,-32.7,1.36,37.5,0.10612864982677454,2.0892961308103858e-11,-6.831998347749962e-10,1.36,45.2,5.0,A Semi-Quantitative Method for Prediction of the Rejection of Uncharged Organic Micropollutants with Nanofiltration
TS80,NF,Linuron,22.5,5.0,7.5,20.0,96.0,0.002,20.0,249.096999999999,200,0.398,0.639,0.3121424816914341,0.42,12.13,,-32.7,3.2,37.5,0.06594809668754321,-2.344173862520751e-05,0.0007665448530442857,3.2,53.4,5.0,A Semi-Quantitative Method for Prediction of the Rejection of Uncharged Organic Micropollutants with Nanofiltration
TS80,NF,Glycerol,22.5,5.0,7.5,20.0,96.0,0.002,20.0,92.094,200,0.301,0.438,0.18991238664148963,0.42,14.4,,-32.7,-1.76,37.5,0.30011513503976955,-1.258925253304866e-07,4.116685578306912e-06,-1.76,79.0,5.0,A Semi-Quantitative Method for Prediction of the Rejection of Uncharged Organic Micropollutants with Nanofiltration
TS80,NF,Methyl tert-butyl ether,22.5,5.0,7.5,20.0,96.0,0.002,20.0,88.1499999999999,200,0.337,0.388,0.254705251794037,0.42,-3.7,,-32.7,0.94,37.5,0.1548886268961037,-0.9999999999936904,32.699999999793675,1.330000000122125,89.6,5.0,A Semi-Quantitative Method for Prediction of the Rejection of Uncharged Organic Micropollutants with Nanofiltration
TS80,NF,Estrone,22.5,5.0,7.5,20.0,96.0,0.002,20.0,270.372,200,0.40599999999999997,0.682,0.3667832440887863,0.42,10.25,,-32.7,3.13,37.5,0.016054552776154744,-0.001775122745809757,0.05804651378797906,3.13,90.0,5.0,A Semi-Quantitative Method for Prediction of the Rejection of Uncharged Organic Micropollutants with Nanofiltration
TS80,NF,Lindane,22.5,5.0,7.5,20.0,96.0,0.002,20.0,290.832,200,0.425,0.45199999999999996,0.30083323822625396,0.42,14.0,,-32.7,3.72,37.5,0.08050293147188628,0.0,0.0,3.72,90.8,5.0,A Semi-Quantitative Method for Prediction of the Rejection of Uncharged Organic Micropollutants with Nanofiltration
TS80,NF,Monomethyl phthalate,22.5,5.0,7.5,20.0,96.0,0.002,20.0,179.150999999999,200,0.438,0.544,0.2795281600682279,0.42,3.32,,-32.7,1.13,37.5,0.11186132547515536,-0.9999339350200692,32.69783967515627,1.059576274961112,93.5,5.0,A Semi-Quantitative Method for Prediction of the Rejection of Uncharged Organic Micropollutants with Nanofiltration
TS80,NF,N-acetyl-L-tyrosine,22.5,5.0,7.5,20.0,96.0,0.002,20.0,223.227999999999,200,0.41200000000000003,0.673,0.3166111372899026,0.42,3.15,,-32.7,1.32,37.5,0.060596694628613196,-0.9999553336359582,32.69853940989584,-2.9056369066436156,93.6,5.0,A Semi-Quantitative Method for Prediction of the Rejection of Uncharged Organic Micropollutants with Nanofiltration
TS80,NF,Dikegulac,22.5,5.0,7.5,20.0,96.0,0.002,20.0,292.284,200,0.45499999999999996,0.61,0.37287267260041324,0.42,1.77,,-32.7,1.35,37.5,0.012590617844829026,-0.9999981379163306,32.69993910986401,-1.9503187009353389,94.5,5.0,A Semi-Quantitative Method for Prediction of the Rejection of Uncharged Organic Micropollutants with Nanofiltration
TS80,NF,Glucose,22.5,5.0,7.5,20.0,96.0,0.002,20.0,180.156,200,0.40099999999999997,0.481,0.2515616313767203,0.42,12.45,,-32.7,-3.24,37.5,0.16083607723623505,-1.122005865189099e-05,0.00036689591791683537,-3.24,98.1,5.0,A Semi-Quantitative Method for Prediction of the Rejection of Uncharged Organic Micropollutants with Nanofiltration
TS80,NF,Sucrose,22.5,5.0,7.5,20.0,96.0,0.002,20.0,342.297,200,0.529,0.584,0.36459331155819796,0.42,12.62,,-32.7,-3.7,37.5,0.01740306759686461,-7.585718206734624e-06,0.00024805298536022225,-3.7,98.5,5.0,A Semi-Quantitative Method for Prediction of the Rejection of Uncharged Organic Micropollutants with Nanofiltration
NF270,NF,Atrazine,76.0,5.0,7.0,25.0,0.5,0.01,,215.688,96,0.479,0.636,0.32121518285214035,0.42,1.7,,-42.7,2.61,28.0,0.0553199552093881,-0.9999949881527824,42.699785994123815,2.660003760889863,73.79,6.0,A systematic study on triazine retention by fouled with humic substances NF/ULPRO membranes
NF90,NF,Atrazine,42.4,5.0,7.0,25.0,0.5,0.01,,215.688,180,0.479,0.636,0.32121518285214035,0.34,1.7,,-27.29,2.61,62.0,0.003052503073343622,-0.9999949881527824,27.28986322668943,2.660003760889863,80.99,7.0,A systematic study on triazine retention by fouled with humic substances NF/ULPRO membranes
XLE,RO,Atrazine,43.0,5.0,7.0,25.0,0.5,0.01,,215.688,330,0.479,0.636,0.32121518285214035,0.3,1.7,,-33.0,2.61,65.0,-0.0050009331494416855,-0.9999949881527824,32.99983460904182,2.660003760889863,82.59,6.0,A systematic study on triazine retention by fouled with humic substances NF/ULPRO membranes
NF270,NF,Prometryn,76.0,5.0,7.0,25.0,0.5,0.01,,241.364,96,0.53,0.678,0.3577901120853755,0.42,,4.09,-42.7,3.51,28.0,0.021939173210601737,0.0012287570693630284,-0.052467926861801316,3.50568790462563,82.96,7.0,A systematic study on triazine retention by fouled with humic substances NF/ULPRO membranes
NF90,NF,Prometryn,42.4,5.0,7.0,25.0,0.5,0.01,,241.364,180,0.53,0.678,0.3577901120853755,0.34,,4.09,-27.29,3.51,62.0,-0.002737786228462135,0.0012287570693630284,-0.03353278042291704,3.50568790462563,83.57,6.0,A systematic study on triazine retention by fouled with humic substances NF/ULPRO membranes
XLE,RO,Prometryn,43.0,5.0,7.0,25.0,0.5,0.01,,241.364,330,0.53,0.678,0.3577901120853755,0.3,,4.09,-33.0,3.51,65.0,-0.03710774505378068,0.0012287570693630284,-0.040548983288979934,3.50568790462563,85.48,7.0,A systematic study on triazine retention by fouled with humic substances NF/ULPRO membranes
NF,NF,Albendazole,75.38,10.0,7.0,20.0,5.0,10.0,,265.337999999999,96,0.369,0.907,0.3518497129640126,0.43,6.9,,-5.48,2.7,53.8,0.03303119179993092,-0.5573116337622925,3.0540677530173634,2.9941512641893793,46.5351,8.0,Adsorption of hydrophilic and hydrophobic pharmaceuticals on RO/NF membranes: Identification of interactions using FTIR
NF,NF,Albendazole,75.38,10.0,7.0,20.0,4.0,10.0,,265.337999999999,96,0.369,0.907,0.3518497129640126,0.43,6.9,,-5.48,2.7,53.8,0.03303119179993092,-0.5573116337622925,3.0540677530173634,2.9941512641893793,62.37669999999999,8.0,Adsorption of hydrophilic and hydrophobic pharmaceuticals on RO/NF membranes: Identification of interactions using FTIR
NF,NF,Albendazole,75.38,10.0,7.0,20.0,3.0,10.0,,265.337999999999,96,0.369,0.907,0.3518497129640126,0.43,6.9,,-5.48,2.7,53.8,0.03303119179993092,-0.5573116337622925,3.0540677530173634,2.9941512641893793,70.9575,8.0,Adsorption of hydrophilic and hydrophobic pharmaceuticals on RO/NF membranes: Identification of interactions using FTIR
NF,NF,Albendazole,75.38,10.0,7.0,20.0,2.0,10.0,,265.337999999999,96,0.369,0.907,0.3518497129640126,0.43,6.9,,-5.48,2.7,53.8,0.03303119179993092,-0.5573116337622925,3.0540677530173634,2.9941512641893793,73.2678,8.0,Adsorption of hydrophilic and hydrophobic pharmaceuticals on RO/NF membranes: Identification of interactions using FTIR
NF,NF,Albendazole,75.38,10.0,7.0,20.0,1.0,10.0,,265.337999999999,96,0.369,0.907,0.3518497129640126,0.43,6.9,,-5.48,2.7,53.8,0.03303119179993092,-0.5573116337622925,3.0540677530173634,2.9941512641893793,78.5483,8.0,Adsorption of hydrophilic and hydrophobic pharmaceuticals on RO/NF membranes: Identification of interactions using FTIR
NF,NF,Albendazole,75.38,10.0,7.0,20.0,0.5,10.0,,265.337999999999,96,0.369,0.907,0.3518497129640126,0.43,6.9,,-5.48,2.7,53.8,0.03303119179993092,-0.5573116337622925,3.0540677530173634,2.9941512641893793,83.8288,8.0,Adsorption of hydrophilic and hydrophobic pharmaceuticals on RO/NF membranes: Identification of interactions using FTIR
NF,NF,Hydrocortisone,75.38,10.0,7.0,20.0,0.5,10.0,,362.466,96,0.445,0.753,0.40581405595270564,0.43,12.58,,-5.48,1.61,53.8,0.003163655432443767,-2.630261073603865e-06,1.441383068334918e-05,1.61,90.42949999999999,9.0,Adsorption of hydrophilic and hydrophobic pharmaceuticals on RO/NF membranes: Identification of interactions using FTIR
NF,NF,Hydrocortisone,75.38,10.0,7.0,20.0,1.0,10.0,,362.466,96,0.445,0.753,0.40581405595270564,0.43,12.58,,-5.48,1.61,53.8,0.003163655432443767,-2.630261073603865e-06,1.441383068334918e-05,1.61,90.42949999999999,9.0,Adsorption of hydrophilic and hydrophobic pharmaceuticals on RO/NF membranes: Identification of interactions using FTIR
NF,NF,Hydrocortisone,75.38,10.0,7.0,20.0,2.0,10.0,,362.466,96,0.445,0.753,0.40581405595270564,0.43,12.58,,-5.48,1.61,53.8,0.003163655432443767,-2.630261073603865e-06,1.441383068334918e-05,1.61,91.08949999999999,9.0,Adsorption of hydrophilic and hydrophobic pharmaceuticals on RO/NF membranes: Identification of interactions using FTIR
NF,NF,Hydrocortisone,75.38,10.0,7.0,20.0,4.0,10.0,,362.466,96,0.445,0.753,0.40581405595270564,0.43,12.58,,-5.48,1.61,53.8,0.003163655432443767,-2.630261073603865e-06,1.441383068334918e-05,1.61,92.40969999999999,9.0,Adsorption of hydrophilic and hydrophobic pharmaceuticals on RO/NF membranes: Identification of interactions using FTIR
NF,NF,Hydrocortisone,75.38,10.0,7.0,20.0,5.0,10.0,,362.466,96,0.445,0.753,0.40581405595270564,0.43,12.58,,-5.48,1.61,53.8,0.003163655432443767,-2.630261073603865e-06,1.441383068334918e-05,1.61,92.40969999999999,9.0,Adsorption of hydrophilic and hydrophobic pharmaceuticals on RO/NF membranes: Identification of interactions using FTIR
NF,NF,Hydrocortisone,75.38,10.0,7.0,20.0,3.0,10.0,,362.466,96,0.445,0.753,0.40581405595270564,0.43,12.58,,-5.48,1.61,53.8,0.003163655432443767,-2.630261073603865e-06,1.441383068334918e-05,1.61,92.7397,9.0,Adsorption of hydrophilic and hydrophobic pharmaceuticals on RO/NF membranes: Identification of interactions using FTIR
NF,NF,Procaine hydrochloride,75.38,10.0,7.0,20.0,1.0,10.0,,272.776,96,0.43099999999999994,0.8039999999999999,0.3689156346860015,0.43,,8.05,-5.48,,53.8,0.020180095650697793,0.9181681752448482,-5.031561600341768,,76.238,10.0,Adsorption of hydrophilic and hydrophobic pharmaceuticals on RO/NF membranes: Identification of interactions using FTIR
NF,NF,Procaine hydrochloride,75.38,10.0,7.0,20.0,4.0,10.0,,272.776,96,0.43099999999999994,0.8039999999999999,0.3689156346860015,0.43,,8.05,-5.48,,53.8,0.020180095650697793,0.9181681752448482,-5.031561600341768,,78.5483,10.0,Adsorption of hydrophilic and hydrophobic pharmaceuticals on RO/NF membranes: Identification of interactions using FTIR
NF,NF,Procaine hydrochloride,75.38,10.0,7.0,20.0,0.5,10.0,,272.776,96,0.43099999999999994,0.8039999999999999,0.3689156346860015,0.43,,8.05,-5.48,,53.8,0.020180095650697793,0.9181681752448482,-5.031561600341768,,80.5285,10.0,Adsorption of hydrophilic and hydrophobic pharmaceuticals on RO/NF membranes: Identification of interactions using FTIR
NF,NF,Procaine hydrochloride,75.38,10.0,7.0,20.0,3.0,10.0,,272.776,96,0.43099999999999994,0.8039999999999999,0.3689156346860015,0.43,,8.05,-5.48,,53.8,0.020180095650697793,0.9181681752448482,-5.031561600341768,,80.5285,10.0,Adsorption of hydrophilic and hydrophobic pharmaceuticals on RO/NF membranes: Identification of interactions using FTIR
NF,NF,Procaine hydrochloride,75.38,10.0,7.0,20.0,2.0,10.0,,272.776,96,0.43099999999999994,0.8039999999999999,0.3689156346860015,0.43,,8.05,-5.48,,53.8,0.020180095650697793,0.9181681752448482,-5.031561600341768,,81.8486,10.0,Adsorption of hydrophilic and hydrophobic pharmaceuticals on RO/NF membranes: Identification of interactions using FTIR
NF,NF,Procaine hydrochloride,75.38,10.0,7.0,20.0,5.0,10.0,,272.776,96,0.43099999999999994,0.8039999999999999,0.3689156346860015,0.43,,8.05,-5.48,,53.8,0.020180095650697793,0.9181681752448482,-5.031561600341768,,83.8288,10.0,Adsorption of hydrophilic and hydrophobic pharmaceuticals on RO/NF membranes: Identification of interactions using FTIR
NF,NF,Sulfaguanidine,75.38,10.0,7.0,20.0,0.5,10.0,,214.25,96,0.41900000000000004,0.564,0.2711983427558518,0.43,11.25,,-5.48,-0.7,53.8,0.13638705431848527,-5.6230970419192664e-05,0.0003081457178971758,-0.7,38.2843,11.0,Adsorption of hydrophilic and hydrophobic pharmaceuticals on RO/NF membranes: Identification of interactions using FTIR
NF,NF,Sulfaguanidine,75.38,10.0,7.0,20.0,2.0,10.0,,214.25,96,0.41900000000000004,0.564,0.2711983427558518,0.43,11.25,,-5.48,-0.7,53.8,0.13638705431848527,-5.6230970419192664e-05,0.0003081457178971758,-0.7,39.6044,11.0,Adsorption of hydrophilic and hydrophobic pharmaceuticals on RO/NF membranes: Identification of interactions using FTIR
NF,NF,Sulfaguanidine,75.38,10.0,7.0,20.0,1.0,10.0,,214.25,96,0.41900000000000004,0.564,0.2711983427558518,0.43,11.25,,-5.48,-0.7,53.8,0.13638705431848527,-5.6230970419192664e-05,0.0003081457178971758,-0.7,41.91459999999999,11.0,Adsorption of hydrophilic and hydrophobic pharmaceuticals on RO/NF membranes: Identification of interactions using FTIR
NF,NF,Sulfaguanidine,75.38,10.0,7.0,20.0,3.0,10.0,,214.25,96,0.41900000000000004,0.564,0.2711983427558518,0.43,11.25,,-5.48,-0.7,53.8,0.13638705431848527,-5.6230970419192664e-05,0.0003081457178971758,-0.7,44.2248,11.0,Adsorption of hydrophilic and hydrophobic pharmaceuticals on RO/NF membranes: Identification of interactions using FTIR
NF,NF,Sulfaguanidine,75.38,10.0,7.0,20.0,5.0,10.0,,214.25,96,0.41900000000000004,0.564,0.2711983427558518,0.43,11.25,,-5.48,-0.7,53.8,0.13638705431848527,-5.6230970419192664e-05,0.0003081457178971758,-0.7,45.545,11.0,Adsorption of hydrophilic and hydrophobic pharmaceuticals on RO/NF membranes: Identification of interactions using FTIR
NF,NF,Sulfaguanidine,75.38,10.0,7.0,20.0,4.0,10.0,,214.25,96,0.41900000000000004,0.564,0.2711983427558518,0.43,11.25,,-5.48,-0.7,53.8,0.13638705431848527,-5.6230970419192664e-05,0.0003081457178971758,-0.7,45.875,11.0,Adsorption of hydrophilic and hydrophobic pharmaceuticals on RO/NF membranes: Identification of interactions using FTIR
NF,NF,Trimethoprim,75.38,10.0,7.0,20.0,2.0,10.0,,290.323,96,0.497,0.6950000000000001,0.37984797029029826,0.43,,7.12,-5.48,0.91,53.8,0.013603169735007064,0.5686413918836677,-3.1161548275224993,-0.5381900903289282,68.97729999999999,12.0,Adsorption of hydrophilic and hydrophobic pharmaceuticals on RO/NF membranes: Identification of interactions using FTIR
NF,NF,Trimethoprim,75.38,10.0,7.0,20.0,5.0,10.0,,290.323,96,0.497,0.6950000000000001,0.37984797029029826,0.43,,7.12,-5.48,0.91,53.8,0.013603169735007064,0.5686413918836677,-3.1161548275224993,-0.5381900903289282,69.3074,12.0,Adsorption of hydrophilic and hydrophobic pharmaceuticals on RO/NF membranes: Identification of interactions using FTIR
NF,NF,Trimethoprim,75.38,10.0,7.0,20.0,4.0,10.0,,290.323,96,0.497,0.6950000000000001,0.37984797029029826,0.43,,7.12,-5.48,0.91,53.8,0.013603169735007064,0.5686413918836677,-3.1161548275224993,-0.5381900903289282,71.6176,12.0,Adsorption of hydrophilic and hydrophobic pharmaceuticals on RO/NF membranes: Identification of interactions using FTIR
NF,NF,Trimethoprim,75.38,10.0,7.0,20.0,1.0,10.0,,290.323,96,0.497,0.6950000000000001,0.37984797029029826,0.43,,7.12,-5.48,0.91,53.8,0.013603169735007064,0.5686413918836677,-3.1161548275224993,-0.5381900903289282,72.2777,12.0,Adsorption of hydrophilic and hydrophobic pharmaceuticals on RO/NF membranes: Identification of interactions using FTIR
NF,NF,Trimethoprim,75.38,10.0,7.0,20.0,3.0,10.0,,290.323,96,0.497,0.6950000000000001,0.37984797029029826,0.43,,7.12,-5.48,0.91,53.8,0.013603169735007064,0.5686413918836677,-3.1161548275224993,-0.5381900903289282,74.25789999999999,12.0,Adsorption of hydrophilic and hydrophobic pharmaceuticals on RO/NF membranes: Identification of interactions using FTIR
NF,NF,Trimethoprim,75.38,10.0,7.0,20.0,0.5,10.0,,290.323,96,0.497,0.6950000000000001,0.37984797029029826,0.43,,7.12,-5.48,0.91,53.8,0.013603169735007064,0.5686413918836677,-3.1161548275224993,-0.5381900903289282,78.5483,12.0,Adsorption of hydrophilic and hydrophobic pharmaceuticals on RO/NF membranes: Identification of interactions using FTIR
NF270,NF,Albendazole,149.01,10.0,7.0,20.0,5.0,10.0,,265.337999999999,330,0.445,0.753,0.3518497129640126,0.42,6.9,,-42.7,2.7,73.16,0.026329147523171628,-0.5573116337622925,23.797206761649893,2.9941512641893793,42.57500000000002,13.0,Adsorption of hydrophilic and hydrophobic pharmaceuticals on RO/NF membranes: Identification of interactions using FTIR
NF270,NF,Albendazole,149.01,10.0,7.0,20.0,4.0,10.0,,265.337999999999,330,0.369,0.907,0.3518497129640126,0.42,6.9,,-42.7,2.7,73.16,0.026329147523171628,-0.5573116337622925,23.797206761649893,2.9941512641893793,55.116000000000014,13.0,Adsorption of hydrophilic and hydrophobic pharmaceuticals on RO/NF membranes: Identification of interactions using FTIR
NF270,NF,Albendazole,149.01,10.0,7.0,20.0,3.0,10.0,,265.337999999999,330,0.369,0.907,0.3518497129640126,0.42,6.9,,-42.7,2.7,73.16,0.026329147523171628,-0.5573116337622925,23.797206761649893,2.9941512641893793,66.33700000000002,13.0,Adsorption of hydrophilic and hydrophobic pharmaceuticals on RO/NF membranes: Identification of interactions using FTIR
NF270,NF,Albendazole,149.01,10.0,7.0,20.0,2.0,10.0,,265.337999999999,330,0.369,0.907,0.3518497129640126,0.42,6.9,,-42.7,2.7,73.16,0.026329147523171628,-0.5573116337622925,23.797206761649893,2.9941512641893793,70.958,13.0,Adsorption of hydrophilic and hydrophobic pharmaceuticals on RO/NF membranes: Identification of interactions using FTIR
NF270,NF,Albendazole,149.01,10.0,7.0,20.0,1.0,10.0,,265.337999999999,330,0.369,0.907,0.3518497129640126,0.42,6.9,,-42.7,2.7,73.16,0.026329147523171628,-0.5573116337622925,23.797206761649893,2.9941512641893793,79.53800000000001,13.0,Adsorption of hydrophilic and hydrophobic pharmaceuticals on RO/NF membranes: Identification of interactions using FTIR
NF270,NF,Albendazole,149.01,10.0,7.0,20.0,0.5,10.0,,265.337999999999,330,0.369,0.907,0.3518497129640126,0.42,6.9,,-42.7,2.7,73.16,0.026329147523171628,-0.5573116337622925,23.797206761649893,2.9941512641893793,87.459,13.0,Adsorption of hydrophilic and hydrophobic pharmaceuticals on RO/NF membranes: Identification of interactions using FTIR
NF270,NF,Hydrocortisone,149.01,10.0,7.0,20.0,1.0,10.0,,362.466,330,0.445,0.753,0.40581405595270564,0.42,12.58,,-42.7,1.61,73.16,0.0011408220437242966,-2.630261073603865e-06,0.00011231214784288503,1.61,82.179,14.0,Adsorption of hydrophilic and hydrophobic pharmaceuticals on RO/NF membranes: Identification of interactions using FTIR
NF270,NF,Hydrocortisone,149.01,10.0,7.0,20.0,2.0,10.0,,362.466,330,0.445,0.753,0.40581405595270564,0.42,12.58,,-42.7,1.61,73.16,0.0011408220437242966,-2.630261073603865e-06,0.00011231214784288503,1.61,82.50900000000001,14.0,Adsorption of hydrophilic and hydrophobic pharmaceuticals on RO/NF membranes: Identification of interactions using FTIR
NF270,NF,Hydrocortisone,149.01,10.0,7.0,20.0,3.0,10.0,,362.466,330,0.445,0.753,0.40581405595270564,0.42,12.58,,-42.7,1.61,73.16,0.0011408220437242966,-2.630261073603865e-06,0.00011231214784288503,1.61,82.50900000000001,14.0,Adsorption of hydrophilic and hydrophobic pharmaceuticals on RO/NF membranes: Identification of interactions using FTIR
NF270,NF,Hydrocortisone,149.01,10.0,7.0,20.0,0.5,10.0,,362.466,330,0.445,0.753,0.40581405595270564,0.42,12.58,,-42.7,1.61,73.16,0.0011408220437242966,-2.630261073603865e-06,0.00011231214784288503,1.61,83.16900000000001,14.0,Adsorption of hydrophilic and hydrophobic pharmaceuticals on RO/NF membranes: Identification of interactions using FTIR
NF270,NF,Hydrocortisone,149.01,10.0,7.0,20.0,4.0,10.0,,362.466,330,0.445,0.753,0.40581405595270564,0.42,12.58,,-42.7,1.61,73.16,0.0011408220437242966,-2.630261073603865e-06,0.00011231214784288503,1.61,84.489,14.0,Adsorption of hydrophilic and hydrophobic pharmaceuticals on RO/NF membranes: Identification of interactions using FTIR
NF270,NF,Hydrocortisone,149.01,10.0,7.0,20.0,5.0,10.0,,362.466,330,0.445,0.753,0.40581405595270564,0.42,12.58,,-42.7,1.61,73.16,0.0011408220437242966,-2.630261073603865e-06,0.00011231214784288503,1.61,86.13900000000001,14.0,Adsorption of hydrophilic and hydrophobic pharmaceuticals on RO/NF membranes: Identification of interactions using FTIR
NF270,NF,Procaine hydrochloride,149.01,10.0,7.0,20.0,0.5,10.0,,272.776,330,0.43099999999999994,0.8039999999999999,0.3689156346860015,0.42,,8.05,-42.7,,73.16,0.014793720972415233,0.9181681752448482,-39.20578108295502,,20.462000000000018,15.0,Adsorption of hydrophilic and hydrophobic pharmaceuticals on RO/NF membranes: Identification of interactions using FTIR
NF270,NF,Procaine hydrochloride,149.01,10.0,7.0,20.0,4.0,10.0,,272.776,330,0.43099999999999994,0.8039999999999999,0.3689156346860015,0.42,,8.05,-42.7,,73.16,0.014793720972415233,0.9181681752448482,-39.20578108295502,,31.024,15.0,Adsorption of hydrophilic and hydrophobic pharmaceuticals on RO/NF membranes: Identification of interactions using FTIR
NF270,NF,Procaine hydrochloride,149.01,10.0,7.0,20.0,3.0,10.0,,272.776,330,0.43099999999999994,0.8039999999999999,0.3689156346860015,0.42,,8.05,-42.7,,73.16,0.014793720972415233,0.9181681752448482,-39.20578108295502,,33.664000000000016,15.0,Adsorption of hydrophilic and hydrophobic pharmaceuticals on RO/NF membranes: Identification of interactions using FTIR
NF270,NF,Procaine hydrochloride,149.01,10.0,7.0,20.0,1.0,10.0,,272.776,330,0.43099999999999994,0.8039999999999999,0.3689156346860015,0.42,,8.05,-42.7,,73.16,0.014793720972415233,0.9181681752448482,-39.20578108295502,,36.964,15.0,Adsorption of hydrophilic and hydrophobic pharmaceuticals on RO/NF membranes: Identification of interactions using FTIR
NF270,NF,Procaine hydrochloride,149.01,10.0,7.0,20.0,2.0,10.0,,272.776,330,0.43099999999999994,0.8039999999999999,0.3689156346860015,0.42,,8.05,-42.7,,73.16,0.014793720972415233,0.9181681752448482,-39.20578108295502,,38.28400000000002,15.0,Adsorption of hydrophilic and hydrophobic pharmaceuticals on RO/NF membranes: Identification of interactions using FTIR
NF270,NF,Procaine hydrochloride,149.01,10.0,7.0,20.0,5.0,10.0,,272.776,330,0.43099999999999994,0.8039999999999999,0.3689156346860015,0.42,,8.05,-42.7,,73.16,0.014793720972415233,0.9181681752448482,-39.20578108295502,,47.19500000000002,15.0,Adsorption of hydrophilic and hydrophobic pharmaceuticals on RO/NF membranes: Identification of interactions using FTIR
NF270,NF,Sulfaguanidine,149.01,10.0,7.0,20.0,4.0,10.0,,214.25,330,0.41900000000000004,0.564,0.2711983427558518,0.42,11.25,,-42.7,-0.7,73.16,0.12552116325739773,-5.6230970419192664e-05,0.002401062436899527,-0.7,7.261000000000024,16.0,Adsorption of hydrophilic and hydrophobic pharmaceuticals on RO/NF membranes: Identification of interactions using FTIR
NF270,NF,Sulfaguanidine,149.01,10.0,7.0,20.0,2.0,10.0,,214.25,330,0.41900000000000004,0.564,0.2711983427558518,0.42,11.25,,-42.7,-0.7,73.16,0.12552116325739773,-5.6230970419192664e-05,0.002401062436899527,-0.7,8.581000000000017,16.0,Adsorption of hydrophilic and hydrophobic pharmaceuticals on RO/NF membranes: Identification of interactions using FTIR
NF270,NF,Sulfaguanidine,149.01,10.0,7.0,20.0,0.5,10.0,,214.25,330,0.41900000000000004,0.564,0.2711983427558518,0.42,11.25,,-42.7,-0.7,73.16,0.12552116325739773,-5.6230970419192664e-05,0.002401062436899527,-0.7,9.570999999999998,16.0,Adsorption of hydrophilic and hydrophobic pharmaceuticals on RO/NF membranes: Identification of interactions using FTIR
NF270,NF,Sulfaguanidine,149.01,10.0,7.0,20.0,1.0,10.0,,214.25,330,0.41900000000000004,0.564,0.2711983427558518,0.42,11.25,,-42.7,-0.7,73.16,0.12552116325739773,-5.6230970419192664e-05,0.002401062436899527,-0.7,9.570999999999998,16.0,Adsorption of hydrophilic and hydrophobic pharmaceuticals on RO/NF membranes: Identification of interactions using FTIR
NF270,NF,Sulfaguanidine,149.01,10.0,7.0,20.0,3.0,10.0,,214.25,330,0.41900000000000004,0.564,0.2711983427558518,0.42,11.25,,-42.7,-0.7,73.16,0.12552116325739773,-5.6230970419192664e-05,0.002401062436899527,-0.7,14.192000000000007,16.0,Adsorption of hydrophilic and hydrophobic pharmaceuticals on RO/NF membranes: Identification of interactions using FTIR
NF270,NF,Sulfaguanidine,149.01,10.0,7.0,20.0,5.0,10.0,,214.25,330,0.41900000000000004,0.564,0.2711983427558518,0.42,11.25,,-42.7,-0.7,73.16,0.12552116325739773,-5.6230970419192664e-05,0.002401062436899527,-0.7,15.182000000000016,16.0,Adsorption of hydrophilic and hydrophobic pharmaceuticals on RO/NF membranes: Identification of interactions using FTIR
NF270,NF,Trimethoprim,149.01,10.0,7.0,20.0,2.0,10.0,,290.323,330,0.497,0.6950000000000001,0.37984797029029826,0.42,,7.12,-42.7,0.91,73.16,0.009139373524993031,0.5686413918836677,-24.28098743343261,-0.5381900903289282,49.505000000000024,17.0,Adsorption of hydrophilic and hydrophobic pharmaceuticals on RO/NF membranes: Identification of interactions using FTIR
NF270,NF,Trimethoprim,149.01,10.0,7.0,20.0,5.0,10.0,,290.323,330,0.497,0.6950000000000001,0.37984797029029826,0.42,,7.12,-42.7,0.91,73.16,0.009139373524993031,0.5686413918836677,-24.28098743343261,-0.5381900903289282,51.156000000000006,17.0,Adsorption of hydrophilic and hydrophobic pharmaceuticals on RO/NF membranes: Identification of interactions using FTIR
NF270,NF,Trimethoprim,149.01,10.0,7.0,20.0,3.0,10.0,,290.323,330,0.497,0.6950000000000001,0.37984797029029826,0.42,,7.12,-42.7,0.91,73.16,0.009139373524993031,0.5686413918836677,-24.28098743343261,-0.5381900903289282,52.146000000000015,17.0,Adsorption of hydrophilic and hydrophobic pharmaceuticals on RO/NF membranes: Identification of interactions using FTIR
NF270,NF,Trimethoprim,149.01,10.0,7.0,20.0,1.0,10.0,,290.323,330,0.497,0.6950000000000001,0.37984797029029826,0.42,,7.12,-42.7,0.91,73.16,0.009139373524993031,0.5686413918836677,-24.28098743343261,-0.5381900903289282,55.77600000000001,17.0,Adsorption of hydrophilic and hydrophobic pharmaceuticals on RO/NF membranes: Identification of interactions using FTIR
NF270,NF,Trimethoprim,149.01,10.0,7.0,20.0,0.5,10.0,,290.323,330,0.497,0.6950000000000001,0.37984797029029826,0.42,,7.12,-42.7,0.91,73.16,0.009139373524993031,0.5686413918836677,-24.28098743343261,-0.5381900903289282,58.416,17.0,Adsorption of hydrophilic and hydrophobic pharmaceuticals on RO/NF membranes: Identification of interactions using FTIR
NF270,NF,Trimethoprim,149.01,10.0,7.0,20.0,4.0,10.0,,290.323,330,0.497,0.6950000000000001,0.37984797029029826,0.42,,7.12,-42.7,0.91,73.16,0.009139373524993031,0.5686413918836677,-24.28098743343261,-0.5381900903289282,59.406000000000006,17.0,Adsorption of hydrophilic and hydrophobic pharmaceuticals on RO/NF membranes: Identification of interactions using FTIR
XLE,RO,Albendazole,86.03,10.0,7.0,20.0,5.0,10.0,,265.337999999999,305,0.369,0.907,0.3518497129640126,0.3,6.9,,-33.0,2.7,59.59,-0.02987103038278326,-0.5573116337622925,18.391283914155654,2.9941512641893793,55.1155,18.0,Adsorption of hydrophilic and hydrophobic pharmaceuticals on RO/NF membranes: Identification of interactions using FTIR
XLE,RO,Albendazole,86.03,10.0,7.0,20.0,4.0,10.0,,265.337999999999,305,0.369,0.907,0.3518497129640126,0.3,6.9,,-33.0,2.7,59.59,-0.02987103038278326,-0.5573116337622925,18.391283914155654,2.9941512641893793,68.6469,18.0,Adsorption of hydrophilic and hydrophobic pharmaceuticals on RO/NF membranes: Identification of interactions using FTIR
XLE,RO,Albendazole,86.03,10.0,7.0,20.0,3.0,10.0,,265.337999999999,305,0.369,0.907,0.3518497129640126,0.3,6.9,,-33.0,2.7,59.59,-0.02987103038278326,-0.5573116337622925,18.391283914155654,2.9941512641893793,78.2178,18.0,Adsorption of hydrophilic and hydrophobic pharmaceuticals on RO/NF membranes: Identification of interactions using FTIR
XLE,RO,Albendazole,86.03,10.0,7.0,20.0,2.0,10.0,,265.337999999999,305,0.369,0.907,0.3518497129640126,0.3,6.9,,-33.0,2.7,59.59,-0.02987103038278326,-0.5573116337622925,18.391283914155654,2.9941512641893793,79.2079,18.0,Adsorption of hydrophilic and hydrophobic pharmaceuticals on RO/NF membranes: Identification of interactions using FTIR
XLE,RO,Albendazole,86.03,10.0,7.0,20.0,0.5,10.0,,265.337999999999,305,0.369,0.907,0.3518497129640126,0.3,6.9,,-33.0,2.7,59.59,-0.02987103038278326,-0.5573116337622925,18.391283914155654,2.9941512641893793,82.1782,18.0,Adsorption of hydrophilic and hydrophobic pharmaceuticals on RO/NF membranes: Identification of interactions using FTIR
XLE,RO,Albendazole,86.03,10.0,7.0,20.0,1.0,10.0,,265.337999999999,305,0.369,0.907,0.3518497129640126,0.3,6.9,,-33.0,2.7,59.59,-0.02987103038278326,-0.5573116337622925,18.391283914155654,2.9941512641893793,83.1683,18.0,Adsorption of hydrophilic and hydrophobic pharmaceuticals on RO/NF membranes: Identification of interactions using FTIR
XLE,RO,Hydrocortisone,86.03,10.0,7.0,20.0,1.0,10.0,,362.466,305,0.445,0.753,0.40581405595270564,0.3,12.58,,-33.0,1.61,59.59,-0.12440682707958131,-2.630261073603865e-06,8.679861542892754e-05,1.61,95.7096,19.0,Adsorption of hydrophilic and hydrophobic pharmaceuticals on RO/NF membranes: Identification of interactions using FTIR
XLE,RO,Hydrocortisone,86.03,10.0,7.0,20.0,0.5,10.0,,362.466,305,0.445,0.753,0.40581405595270564,0.3,12.58,,-33.0,1.61,59.59,-0.12440682707958131,-2.630261073603865e-06,8.679861542892754e-05,1.61,96.3696,19.0,Adsorption of hydrophilic and hydrophobic pharmaceuticals on RO/NF membranes: Identification of interactions using FTIR
XLE,RO,Hydrocortisone,86.03,10.0,7.0,20.0,2.0,10.0,,362.466,305,0.445,0.753,0.40581405595270564,0.3,12.58,,-33.0,1.61,59.59,-0.12440682707958131,-2.630261073603865e-06,8.679861542892754e-05,1.61,96.3696,19.0,Adsorption of hydrophilic and hydrophobic pharmaceuticals on RO/NF membranes: Identification of interactions using FTIR
XLE,RO,Hydrocortisone,86.03,10.0,7.0,20.0,3.0,10.0,,362.466,305,0.445,0.753,0.40581405595270564,0.3,12.58,,-33.0,1.61,59.59,-0.12440682707958131,-2.630261073603865e-06,8.679861542892754e-05,1.61,96.3696,19.0,Adsorption of hydrophilic and hydrophobic pharmaceuticals on RO/NF membranes: Identification of interactions using FTIR
XLE,RO,Hydrocortisone,86.03,10.0,7.0,20.0,4.0,10.0,,362.466,305,0.445,0.753,0.40581405595270564,0.3,12.58,,-33.0,1.61,59.59,-0.12440682707958131,-2.630261073603865e-06,8.679861542892754e-05,1.61,96.6997,19.0,Adsorption of hydrophilic and hydrophobic pharmaceuticals on RO/NF membranes: Identification of interactions using FTIR
XLE,RO,Hydrocortisone,86.03,10.0,7.0,20.0,5.0,10.0,,362.466,305,0.445,0.753,0.40581405595270564,0.3,12.58,,-33.0,1.61,59.59,-0.12440682707958131,-2.630261073603865e-06,8.679861542892754e-05,1.61,97.0297,19.0,Adsorption of hydrophilic and hydrophobic pharmaceuticals on RO/NF membranes: Identification of interactions using FTIR
XLE,RO,Procaine hydrochloride,86.03,10.0,7.0,20.0,1.0,10.0,,272.776,305,0.43099999999999994,0.8039999999999999,0.3689156346860015,0.3,,8.05,-33.0,,59.59,-0.05277071893527129,0.9181681752448482,-30.29954978307999,,92.0792,20.0,Adsorption of hydrophilic and hydrophobic pharmaceuticals on RO/NF membranes: Identification of interactions using FTIR
XLE,RO,Procaine hydrochloride,86.03,10.0,7.0,20.0,2.0,10.0,,272.776,305,0.43099999999999994,0.8039999999999999,0.3689156346860015,0.3,,8.05,-33.0,,59.59,-0.05277071893527129,0.9181681752448482,-30.29954978307999,,92.0792,20.0,Adsorption of hydrophilic and hydrophobic pharmaceuticals on RO/NF membranes: Identification of interactions using FTIR
XLE,RO,Procaine hydrochloride,86.03,10.0,7.0,20.0,3.0,10.0,,272.776,305,0.43099999999999994,0.8039999999999999,0.3689156346860015,0.3,,8.05,-33.0,,59.59,-0.05277071893527129,0.9181681752448482,-30.29954978307999,,92.0792,20.0,Adsorption of hydrophilic and hydrophobic pharmaceuticals on RO/NF membranes: Identification of interactions using FTIR
XLE,RO,Procaine hydrochloride,86.03,10.0,7.0,20.0,0.5,10.0,,272.776,305,0.43099999999999994,0.8039999999999999,0.3689156346860015,0.3,,8.05,-33.0,,59.59,-0.05277071893527129,0.9181681752448482,-30.29954978307999,,93.0693,20.0,Adsorption of hydrophilic and hydrophobic pharmaceuticals on RO/NF membranes: Identification of interactions using FTIR
XLE,RO,Procaine hydrochloride,86.03,10.0,7.0,20.0,4.0,10.0,,272.776,305,0.43099999999999994,0.8039999999999999,0.3689156346860015,0.3,,8.05,-33.0,,59.59,-0.05277071893527129,0.9181681752448482,-30.29954978307999,,93.0693,20.0,Adsorption of hydrophilic and hydrophobic pharmaceuticals on RO/NF membranes: Identification of interactions using FTIR
XLE,RO,Procaine hydrochloride,86.03,10.0,7.0,20.0,5.0,10.0,,272.776,305,0.43099999999999994,0.8039999999999999,0.3689156346860015,0.3,,8.05,-33.0,,59.59,-0.05277071893527129,0.9181681752448482,-30.29954978307999,,94.7195,20.0,Adsorption of hydrophilic and hydrophobic pharmaceuticals on RO/NF membranes: Identification of interactions using FTIR
XLE,RO,Sulfaguanidine,86.03,10.0,7.0,20.0,0.5,10.0,,214.25,305,0.41900000000000004,0.564,0.2711983427558518,0.3,11.25,,-33.0,-0.7,59.59,0.009217060666771032,-5.6230970419192664e-05,0.001855622023833358,-0.7,96.6997,21.0,Adsorption of hydrophilic and hydrophobic pharmaceuticals on RO/NF membranes: Identification of interactions using FTIR
XLE,RO,Sulfaguanidine,86.03,10.0,7.0,20.0,2.0,10.0,,214.25,305,0.41900000000000004,0.564,0.2711983427558518,0.3,11.25,,-33.0,-0.7,59.59,0.009217060666771032,-5.6230970419192664e-05,0.001855622023833358,-0.7,97.0297,21.0,Adsorption of hydrophilic and hydrophobic pharmaceuticals on RO/NF membranes: Identification of interactions using FTIR
XLE,RO,Sulfaguanidine,86.03,10.0,7.0,20.0,3.0,10.0,,214.25,305,0.41900000000000004,0.564,0.2711983427558518,0.3,11.25,,-33.0,-0.7,59.59,0.009217060666771032,-5.6230970419192664e-05,0.001855622023833358,-0.7,97.3597,21.0,Adsorption of hydrophilic and hydrophobic pharmaceuticals on RO/NF membranes: Identification of interactions using FTIR
XLE,RO,Sulfaguanidine,86.03,10.0,7.0,20.0,5.0,10.0,,214.25,305,0.41900000000000004,0.564,0.2711983427558518,0.3,11.25,,-33.0,-0.7,59.59,0.009217060666771032,-5.6230970419192664e-05,0.001855622023833358,-0.7,97.3597,21.0,Adsorption of hydrophilic and hydrophobic pharmaceuticals on RO/NF membranes: Identification of interactions using FTIR
XLE,RO,Sulfaguanidine,86.03,10.0,7.0,20.0,1.0,10.0,,214.25,305,0.41900000000000004,0.564,0.2711983427558518,0.3,11.25,,-33.0,-0.7,59.59,0.009217060666771032,-5.6230970419192664e-05,0.001855622023833358,-0.7,97.6898,21.0,Adsorption of hydrophilic and hydrophobic pharmaceuticals on RO/NF membranes: Identification of interactions using FTIR
XLE,RO,Sulfaguanidine,86.03,10.0,7.0,20.0,4.0,10.0,,214.25,305,0.41900000000000004,0.564,0.2711983427558518,0.3,11.25,,-33.0,-0.7,59.59,0.009217060666771032,-5.6230970419192664e-05,0.001855622023833358,-0.7,97.6898,21.0,Adsorption of hydrophilic and hydrophobic pharmaceuticals on RO/NF membranes: Identification of interactions using FTIR
XLE,RO,Trimethoprim,86.03,10.0,7.0,20.0,2.0,10.0,,290.323,305,0.497,0.6950000000000001,0.37984797029029826,0.3,,7.12,-33.0,0.91,59.59,-0.07084109288311509,0.5686413918836677,-18.765165932161032,-0.5381900903289282,94.0594,22.0,Adsorption of hydrophilic and hydrophobic pharmaceuticals on RO/NF membranes: Identification of interactions using FTIR
XLE,RO,Trimethoprim,86.03,10.0,7.0,20.0,1.0,10.0,,290.323,305,0.497,0.6950000000000001,0.37984797029029826,0.3,,7.12,-33.0,0.91,59.59,-0.07084109288311509,0.5686413918836677,-18.765165932161032,-0.5381900903289282,94.7195,22.0,Adsorption of hydrophilic and hydrophobic pharmaceuticals on RO/NF membranes: Identification of interactions using FTIR
XLE,RO,Trimethoprim,86.03,10.0,7.0,20.0,0.5,10.0,,290.323,305,0.497,0.6950000000000001,0.37984797029029826,0.3,,7.12,-33.0,0.91,59.59,-0.07084109288311509,0.5686413918836677,-18.765165932161032,-0.5381900903289282,95.0495,22.0,Adsorption of hydrophilic and hydrophobic pharmaceuticals on RO/NF membranes: Identification of interactions using FTIR
XLE,RO,Trimethoprim,86.03,10.0,7.0,20.0,3.0,10.0,,290.323,305,0.497,0.6950000000000001,0.37984797029029826,0.3,,7.12,-33.0,0.91,59.59,-0.07084109288311509,0.5686413918836677,-18.765165932161032,-0.5381900903289282,95.3795,22.0,Adsorption of hydrophilic and hydrophobic pharmaceuticals on RO/NF membranes: Identification of interactions using FTIR
XLE,RO,Trimethoprim,86.03,10.0,7.0,20.0,4.0,10.0,,290.323,305,0.497,0.6950000000000001,0.37984797029029826,0.3,,7.12,-33.0,0.91,59.59,-0.07084109288311509,0.5686413918836677,-18.765165932161032,-0.5381900903289282,95.3795,22.0,Adsorption of hydrophilic and hydrophobic pharmaceuticals on RO/NF membranes: Identification of interactions using FTIR
XLE,RO,Trimethoprim,86.03,10.0,7.0,20.0,5.0,10.0,,290.323,305,0.497,0.6950000000000001,0.37984797029029826,0.3,,7.12,-33.0,0.91,59.59,-0.07084109288311509,0.5686413918836677,-18.765165932161032,-0.5381900903289282,95.7096,22.0,Adsorption of hydrophilic and hydrophobic pharmaceuticals on RO/NF membranes: Identification of interactions using FTIR
XLE,RO,2-Naphthol,29.67,3.45,7.0,22.0,19.383333333333333,0.9,,144.172999999999,96,0.393,0.507,0.24629064788690394,0.3,9.51,,-33.0,2.7,46.9,0.03205216116009484,-0.003080774927825529,0.10166557261824247,2.7,75.55555555555556,23.0,Adsorption of hydrophobic compounds onto NF/RO membranes: an artifact leading to overestimation of rejection
XLE,RO,2-Naphthol,47.472,5.52,7.0,22.0,23.75,0.73,,144.172999999999,96,0.393,0.507,0.24629064788690394,0.3,9.51,,-33.0,2.7,46.9,0.03205216116009484,-0.003080774927825529,0.10166557261824247,2.7,43.83561643835617,23.0,Adsorption of hydrophobic compounds onto NF/RO membranes: an artifact leading to overestimation of rejection
BW440,RO,Chloroform,17.566666666666666,6.2,8.0,20.0,96.0,0.1,,119.378,200,0.304,0.318,0.20129157151502178,,,1.12,-4.49,1.97,56.8,,1.3182565647763447e-07,-5.918971975845788e-07,1.97,4.0,24.0,Artiﬁcial neural network models based on QSAR for predicting rejection of neutral organic compounds by polyamide nanoﬁltration and reverse osmosis membranes
BW440,RO,Perchloroethylene,17.566666666666666,6.2,8.0,20.0,96.0,0.1,,165.834,175,0.318,0.386,0.23232970754636786,,,0.11,-4.49,3.4,56.8,,1.2882495350972661e-08,-5.784240412586725e-08,3.4,71.0,24.0,Artiﬁcial neural network models based on QSAR for predicting rejection of neutral organic compounds by polyamide nanoﬁltration and reverse osmosis membranes
BW440,RO,Carbontetrachloride,17.566666666666666,6.2,8.0,20.0,96.0,0.1,,153.823,175,0.316,0.318,0.22481124635515828,,,0.3,-4.49,2.83,56.8,,1.995262275158161e-08,-8.958727615460143e-08,2.83,78.0,24.0,Artiﬁcial neural network models based on QSAR for predicting rejection of neutral organic compounds by polyamide nanoﬁltration and reverse osmosis membranes
BW440,RO,Carbontetrabromide,17.566666666666666,6.2,8.0,20.0,96.0,0.1,,331.626999999999,175,0.337,0.34199999999999997,0.22512193206089842,,,0.01,-4.49,3.42,56.8,,1.0232929818094669e-08,-4.594585488324507e-08,3.42,96.0,24.0,Artiﬁcial neural network models based on QSAR for predicting rejection of neutral organic compounds by polyamide nanoﬁltration and reverse osmosis membranes
De-HL,NF,2-(1H)-Quinoline,46.44,5.0,7.0,20.0,96.0,0.002,,95.1009999999999,200,0.44699999999999995,0.601,0.18261889546230126,0.45,12.02,,-13.79,1.26,43.0,0.35305014846320887,-9.549834660001379e-06,0.000131692219961419,1.26,21.0,25.0,Artiﬁcial neural network models based on QSAR for predicting rejection of neutral organic compounds by polyamide nanoﬁltration and reverse osmosis membranes
De-HL,NF,2-Methoxyethanol,46.44,5.0,7.0,20.0,96.0,0.002,,76.095,200,0.253,0.441,0.19947775629577802,0.45,14.8,,-13.79,-0.77,43.0,0.30993281279307455,-1.5848931673422437e-08,2.185567677764954e-07,-0.77,25.0,25.0,Artiﬁcial neural network models based on QSAR for predicting rejection of neutral organic compounds by polyamide nanoﬁltration and reverse osmosis membranes
De-HL,NF,2-Ethoxyethanol,46.44,5.0,7.0,20.0,96.0,0.002,,90.122,200,0.275,0.507,0.22489107775365777,0.45,14.8,,-13.79,-0.32,43.0,0.2502421080242456,-1.5848931673422437e-08,2.185567677764954e-07,-0.32,38.0,25.0,Artiﬁcial neural network models based on QSAR for predicting rejection of neutral organic compounds by polyamide nanoﬁltration and reverse osmosis membranes
De-HL,NF,Antipyrine,46.44,5.0,7.0,20.0,96.0,0.002,,188.23,100,0.413,0.589,0.3019455755285188,0.45,1.4,,-5.0,0.38,43.0,0.10824746965719279,-0.999997488119878,4.99998744059939,0.7200128184606567,74.8,25.0,Artiﬁcial neural network models based on QSAR for predicting rejection of neutral organic compounds by polyamide nanoﬁltration and reverse osmosis membranes
De-HL,NF,Antipyrine,46.44,5.0,7.0,20.0,96.0,0.002,,188.23,200,0.413,0.589,0.3019455755285188,0.45,1.4,,-13.79,0.38,43.0,0.10824746965719279,-0.999997488119878,13.789965361173117,0.7200128184606567,74.8,25.0,Artiﬁcial neural network models based on QSAR for predicting rejection of neutral organic compounds by polyamide nanoﬁltration and reverse osmosis membranes
De-HL,NF,Glucose,46.44,5.0,7.0,20.0,96.0,0.002,,180.156,100,0.40099999999999997,0.481,0.2515616313767203,0.45,12.45,,-32.7,-3.24,43.0,0.19445820316972176,-3.5481213031263073e-06,0.00011602356661223026,-3.24,90.0,25.0,Artiﬁcial neural network models based on QSAR for predicting rejection of neutral organic compounds by polyamide nanoﬁltration and reverse osmosis membranes
De-HL,NF,Carbamazepine,46.44,5.0,7.0,20.0,96.0,0.002,,236.274,200,0.44800000000000006,0.576,0.33345165595786874,0.45,13.9,,-20.5,2.45,43.0,0.06707909382203948,0.0,0.0,2.45,95.0,25.0,Artiﬁcial neural network models based on QSAR for predicting rejection of neutral organic compounds by polyamide nanoﬁltration and reverse osmosis membranes
De-HL,NF,Cyclophosphamide,46.44,5.0,7.0,20.0,96.0,0.002,,261.089,100,0.52,0.5509999999999999,0.3437207114183382,0.45,,2.84,-32.7,0.63,43.0,0.055779195957650095,6.917831112207856e-05,-0.002262130773691969,0.63,96.5,25.0,Artiﬁcial neural network models based on QSAR for predicting rejection of neutral organic compounds by polyamide nanoﬁltration and reverse osmosis membranes
De-HL,NF,Aminopyrine,46.44,5.0,7.0,20.0,96.0,0.002,,231.299,200,0.426,0.64,0.3451725712675839,0.45,5.0,,-13.79,1.0,43.0,0.0542656287143199,-0.9900990099009901,13.653465346534652,1.0868084401660265,97.7,25.0,Artiﬁcial neural network models based on QSAR for predicting rejection of neutral organic compounds by polyamide nanoﬁltration and reverse osmosis membranes
De-HL,NF,Pentoxifylline,46.44,5.0,7.0,20.0,96.0,0.002,,278.311999999999,100,0.5269999999999999,0.766,0.3620734578827458,0.45,,0.5,-32.7,0.29,43.0,0.03817815707998657,3.1622766601686895e-07,-1.0340644678751615e-05,0.29,98.6,25.0,Artiﬁcial neural network models based on QSAR for predicting rejection of neutral organic compounds by polyamide nanoﬁltration and reverse osmosis membranes
LE440,RO,Carbontetrachloride,16.3625,5.1,8.0,20.0,96.0,0.1,,153.823,175,0.316,0.318,0.22481124635515828,,,0.3,-23.02,2.83,41.5,,1.995262275158161e-08,-4.5930937574140864e-07,2.83,69.0,26.0,Artiﬁcial neural network models based on QSAR for predicting rejection of neutral organic compounds by polyamide nanoﬁltration and reverse osmosis membranes
LE440,RO,Perchloroethylene,16.3625,5.1,8.0,20.0,96.0,0.1,,165.834,100,0.318,0.386,0.23232970754636786,,,0.11,-23.02,3.4,41.5,,1.2882495350972661e-08,-2.9655504297939065e-07,3.4,76.0,26.0,Artiﬁcial neural network models based on QSAR for predicting rejection of neutral organic compounds by polyamide nanoﬁltration and reverse osmosis membranes
LE440,RO,Carbamazepine,16.3625,5.1,8.0,20.0,96.0,0.1,,236.274,200,0.44800000000000006,0.576,0.33345165595786874,,13.9,,-23.02,2.45,41.5,,0.0,0.0,2.45,76.0,26.0,Artiﬁcial neural network models based on QSAR for predicting rejection of neutral organic compounds by polyamide nanoﬁltration and reverse osmosis membranes
LE440,RO,Primidone,16.3625,5.1,8.0,20.0,96.0,0.1,,218.256,200,0.417,0.54,0.33895176473968675,,12.3,4.31,-23.02,0.91,41.5,,0.00015401590601169988,-0.003545446156389331,0.91,83.0,26.0,Artiﬁcial neural network models based on QSAR for predicting rejection of neutral organic compounds by polyamide nanoﬁltration and reverse osmosis membranes
LE440,RO,Carbontetrabromide,16.3625,5.1,8.0,20.0,96.0,0.1,,331.626999999999,175,0.337,0.34199999999999997,0.22512193206089842,,,0.01,-23.02,3.42,41.5,,1.0232929818094669e-08,-2.3556204441253927e-07,3.42,89.0,26.0,Artiﬁcial neural network models based on QSAR for predicting rejection of neutral organic compounds by polyamide nanoﬁltration and reverse osmosis membranes
NE90,NF,Chloroform,21.7,2.4,8.0,20.0,96.0,0.1,,119.378,100,0.304,0.318,0.20129157151502178,0.49,,1.12,-23.6,1.97,51.7,0.3471576704634144,1.3182565647763447e-07,-3.1110854928721738e-06,1.97,1.0,27.0,Artiﬁcial neural network models based on QSAR for predicting rejection of neutral organic compounds by polyamide nanoﬁltration and reverse osmosis membranes
NE90,NF,Carbontetrachloride,21.7,2.4,8.0,20.0,96.0,0.1,,153.823,100,0.316,0.318,0.22481124635515828,0.49,,0.3,-23.6,2.83,51.7,0.29289910478844045,1.995262275158161e-08,-4.70881896937326e-07,2.83,52.0,27.0,Artiﬁcial neural network models based on QSAR for predicting rejection of neutral organic compounds by polyamide nanoﬁltration and reverse osmosis membranes
NE90,NF,Perchloroethylene,21.7,2.4,8.0,20.0,96.0,0.1,,165.834,100,0.318,0.386,0.23232970754636786,0.49,,0.11,-23.6,3.4,51.7,0.27652636240374967,1.2882495350972661e-08,-3.040268902829548e-07,3.4,57.0,27.0,Artiﬁcial neural network models based on QSAR for predicting rejection of neutral organic compounds by polyamide nanoﬁltration and reverse osmosis membranes
NE90,NF,Carbontetrabromide,21.7,2.4,8.0,20.0,96.0,0.1,,331.626999999999,100,0.337,0.34199999999999997,0.22512193206089842,0.49,,0.01,-23.6,3.42,51.7,0.29221320647709836,1.0232929818094669e-08,-2.4149714370703423e-07,3.42,70.0,27.0,Artiﬁcial neural network models based on QSAR for predicting rejection of neutral organic compounds by polyamide nanoﬁltration and reverse osmosis membranes
NF200,NF,Phenacetine,13.8,2.76,7.0,20.0,96.0,0.053,,179.219,180,0.34500000000000003,0.6900000000000001,0.29027039861765114,0.31,14.57,2.4,-27.29,1.58,37.5,0.004050542879358818,2.5091318026301973e-05,-0.0006847420689377808,1.58,41.3,28.0,Artiﬁcial neural network models based on QSAR for predicting rejection of neutral organic compounds by polyamide nanoﬁltration and reverse osmosis membranes
NF200,NF,Metronidazole,13.8,2.76,7.0,20.0,96.0,0.053,,171.155999999999,180,0.46799999999999997,0.475,0.25331331436925775,0.31,2.38,15.42,-27.29,-0.02,37.5,0.03343788062225389,0.9996830677911888,-27.28135092002154,-0.02,44.55,28.0,Artiﬁcial neural network models based on QSAR for predicting rejection of neutral organic compounds by polyamide nanoﬁltration and reverse osmosis membranes
NF200,NF,Caffeine,13.8,2.76,7.0,20.0,96.0,0.053,,194.193999999999,200,0.44400000000000006,0.503,0.3016073766829081,0.31,10.4,,-18.37,-0.07,37.5,0.0007329461617335525,-0.0003979487443048762,0.0073103184328805765,-0.07,53.97,28.0,Artiﬁcial neural network models based on QSAR for predicting rejection of neutral organic compounds by polyamide nanoﬁltration and reverse osmosis membranes
NF200,NF,Phenazone,13.8,2.76,7.0,20.0,96.0,0.053,,196.209,180,0.413,0.589,0.309561341088683,0.31,,0.65,-27.29,0.38,37.5,2.002306352526873e-06,4.466833926248209e-07,-1.2189989784731362e-05,0.38,59.975,28.0,Artiﬁcial neural network models based on QSAR for predicting rejection of neutral organic compounds by polyamide nanoﬁltration and reverse osmosis membranes
NF200,NF,Carbamazepine,13.8,2.76,7.0,20.0,96.0,0.053,,236.274,200,0.44800000000000006,0.576,0.33345165595786874,0.31,13.9,,-18.37,2.45,37.5,-0.005722998617754828,0.0,0.0,2.45,72.55,28.0,Artiﬁcial neural network models based on QSAR for predicting rejection of neutral organic compounds by polyamide nanoﬁltration and reverse osmosis membranes
NF200,NF,17β-Estradiol,13.8,2.76,7.0,20.0,96.0,0.053,,272.388,100,0.40199999999999997,0.73,0.3807542916588625,0.31,10.46,,-5.0,4.01,37.5,-0.05209333806604967,-0.000346616665681558,0.00173308332840779,4.01,76.5,28.0,Artiﬁcial neural network models based on QSAR for predicting rejection of neutral organic compounds by polyamide nanoﬁltration and reverse osmosis membranes
NF200,NF,Estrone,13.8,2.76,7.0,20.0,96.0,0.053,,270.372,180,0.40599999999999997,0.682,0.3667832440887863,0.31,10.25,,-27.29,3.13,37.5,-0.03355189187561585,-0.0005620252751523289,0.015337669758907057,3.13,77.63,28.0,Artiﬁcial neural network models based on QSAR for predicting rejection of neutral organic compounds by polyamide nanoﬁltration and reverse osmosis membranes
NF200,NF,Atrazine,13.8,2.76,7.0,20.0,96.0,0.053,,215.688,65,0.479,0.636,0.32121518285214035,0.31,1.7,,-13.79,2.61,37.5,-0.0013088483497080377,-0.9999949881527824,13.789930886626868,2.660003760889863,83.8,28.0,Artiﬁcial neural network models based on QSAR for predicting rejection of neutral organic compounds by polyamide nanoﬁltration and reverse osmosis membranes
NF200,NF,Nonylphenol,13.8,2.76,7.0,20.0,96.0,0.053,,220.356,180,0.364,0.9029999999999999,0.3799131329745689,0.31,10.25,,-27.29,5.71,37.5,-0.05086208285452401,-0.0005620252751523289,0.015337669758907057,5.71,84.9,28.0,Artiﬁcial neural network models based on QSAR for predicting rejection of neutral organic compounds by polyamide nanoﬁltration and reverse osmosis membranes
NF90,NF,Chloroform,23.744,2.8,7.0,20.0,96.0,0.053,,119.378,180,0.304,0.318,0.20129157151502178,0.34,,1.12,-27.29,1.97,59.8,0.16643622952225195,1.3182550007578685e-06,-3.597517897068223e-05,1.97,1.0,29.0,Artiﬁcial neural network models based on QSAR for predicting rejection of neutral organic compounds by polyamide nanoﬁltration and reverse osmosis membranes
NF90,NF,Carbontetrachloride,23.744,2.8,7.0,20.0,96.0,0.053,,153.823,180,0.316,0.318,0.22481124635515828,0.34,,0.3,-27.29,2.83,59.8,0.1147789702962979,1.9952619168617852e-07,-5.445069771115812e-06,2.83,35.0,29.0,Artiﬁcial neural network models based on QSAR for predicting rejection of neutral organic compounds by polyamide nanoﬁltration and reverse osmosis membranes
NF90,NF,Perchloroethylene,23.744,2.8,7.0,20.0,96.0,0.053,,165.834,180,0.318,0.386,0.23232970754636786,0.34,,0.11,-27.29,3.4,59.8,0.10028453180839686,1.2882493857344647e-07,-3.515632573669354e-06,3.4,39.0,29.0,Artiﬁcial neural network models based on QSAR for predicting rejection of neutral organic compounds by polyamide nanoﬁltration and reverse osmosis membranes
NF90,NF,Carbontetrabromide,23.744,2.8,7.0,20.0,96.0,0.053,,331.626999999999,180,0.337,0.34199999999999997,0.22512193206089842,0.34,,0.01,-27.29,3.42,59.8,0.11416064440675465,1.0232928875679092e-07,-2.792566290172824e-06,3.42,70.0,29.0,Artiﬁcial neural network models based on QSAR for predicting rejection of neutral organic compounds by polyamide nanoﬁltration and reverse osmosis membranes
NF90,NF,Phenacetine,23.744,2.8,7.0,20.0,96.0,0.053,,179.219,200,0.34500000000000003,0.6900000000000001,0.29027039861765114,0.34,14.57,2.4,-27.29,1.58,59.8,0.021393021225322818,2.5091318026301973e-05,-0.0006847420689377808,1.58,74.875,29.0,Artiﬁcial neural network models based on QSAR for predicting rejection of neutral organic compounds by polyamide nanoﬁltration and reverse osmosis membranes
NF90,NF,Primidone,23.744,2.8,7.0,20.0,96.0,0.053,,218.256,180,0.417,0.54,0.33895176473968675,0.34,12.3,4.31,-27.29,0.91,59.8,9.505165752284319e-06,0.0020325659184116914,-0.05546872391345506,0.91,82.0,29.0,Artiﬁcial neural network models based on QSAR for predicting rejection of neutral organic compounds by polyamide nanoﬁltration and reverse osmosis membranes
NF90,NF,Caffeine,23.744,2.8,7.0,20.0,96.0,0.053,,194.193999999999,180,0.44400000000000006,0.503,0.3016073766829081,0.34,10.4,,-20.5,-0.07,59.8,0.012750809041246636,-0.0003979487443048762,0.008157949258249962,-0.07,86.5,29.0,Artiﬁcial neural network models based on QSAR for predicting rejection of neutral organic compounds by polyamide nanoﬁltration and reverse osmosis membranes
NF90,NF,Metronidazole,23.744,2.8,7.0,20.0,96.0,0.053,,171.155999999999,180,0.46799999999999997,0.475,0.25331331436925775,0.34,2.38,15.42,-27.29,-0.02,59.8,0.06500502997961191,0.9996830677911888,-27.28135092002154,-0.02,86.97,29.0,Artiﬁcial neural network models based on QSAR for predicting rejection of neutral organic compounds by polyamide nanoﬁltration and reverse osmosis membranes
NF90,NF,Phenazone,23.744,2.8,7.0,20.0,96.0,0.053,,196.209,200,0.413,0.589,0.309561341088683,0.34,,0.65,-17.61,0.38,59.8,0.008014809310722319,4.466833926248209e-07,-7.866094544123096e-06,0.38,92.575,29.0,Artiﬁcial neural network models based on QSAR for predicting rejection of neutral organic compounds by polyamide nanoﬁltration and reverse osmosis membranes
NF90,NF,Estrone,23.744,2.8,7.0,20.0,96.0,0.053,,270.372,180,0.40599999999999997,0.682,0.3667832440887863,0.34,10.25,,-27.29,3.13,59.8,-0.006205382040826185,-0.0005620252751523289,0.015337669758907057,3.13,94.225,29.0,Artiﬁcial neural network models based on QSAR for predicting rejection of neutral organic compounds by polyamide nanoﬁltration and reverse osmosis membranes
NF90,NF,Bisphenol A,23.744,2.8,7.0,20.0,96.0,0.053,,228.291,200,0.453,0.562,0.33815520201831595,0.34,9.6,,-18.37,3.32,59.8,2.9440134889495247e-05,-0.002505592667285735,0.046027737298038954,3.32,94.275,29.0,Artiﬁcial neural network models based on QSAR for predicting rejection of neutral organic compounds by polyamide nanoﬁltration and reverse osmosis membranes
NF90,NF,Carbamazepine,23.744,2.8,7.0,20.0,96.0,0.053,,236.274,180,0.44800000000000006,0.576,0.33345165595786874,0.34,13.9,,-27.29,2.45,59.8,0.0003709412603297269,0.0,0.0,2.45,95.2,29.0,Artiﬁcial neural network models based on QSAR for predicting rejection of neutral organic compounds by polyamide nanoﬁltration and reverse osmosis membranes
NF90,NF,17β-Estradiol,23.744,2.8,7.0,20.0,96.0,0.053,,272.388,100,0.40199999999999997,0.73,0.3807542916588625,0.34,10.46,,-5.0,4.01,59.8,-0.014367753361726845,-0.000346616665681558,0.00173308332840779,4.01,95.45,29.0,Artiﬁcial neural network models based on QSAR for predicting rejection of neutral organic compounds by polyamide nanoﬁltration and reverse osmosis membranes
NF90,NF,Nonylphenol,23.744,2.8,7.0,20.0,96.0,0.053,,220.356,180,0.364,0.9029999999999999,0.3799131329745689,0.34,10.25,,-27.29,5.71,59.8,-0.013780780137072823,-0.0005620252751523289,0.015337669758907057,5.71,95.85,29.0,Artiﬁcial neural network models based on QSAR for predicting rejection of neutral organic compounds by polyamide nanoﬁltration and reverse osmosis membranes
NF90,NF,Atrazine,23.744,2.8,7.0,20.0,96.0,0.053,,215.688,65,0.479,0.636,0.32121518285214035,0.34,1.7,,-13.79,2.61,59.8,0.003052503073343622,-0.9999949881527824,13.789930886626868,2.660003760889863,96.9,29.0,Artiﬁcial neural network models based on QSAR for predicting rejection of neutral organic compounds by polyamide nanoﬁltration and reverse osmosis membranes
RE-BLR,RO,Trichloroethylene,15.4,4.8,8.0,20.0,96.0,0.1,,131.389,175,0.313,0.385,0.21489123633228346,,,0.95,-20.9,2.42,46.8,,8.91250858700929e-08,-1.8627142946849417e-06,2.42,33.0,30.0,Artiﬁcial neural network models based on QSAR for predicting rejection of neutral organic compounds by polyamide nanoﬁltration and reverse osmosis membranes
RE-BLR,RO,Bromoform,15.4,4.8,8.0,20.0,96.0,0.1,,252.731,175,0.327,0.34199999999999997,0.21159673500728596,,15.0,,-20.9,2.4,46.8,,0.0,0.0,2.4,50.0,30.0,Artiﬁcial neural network models based on QSAR for predicting rejection of neutral organic compounds by polyamide nanoﬁltration and reverse osmosis membranes
RE-BLR,RO,Perchloroethylene,15.4,4.8,8.0,20.0,96.0,0.1,,165.834,200,0.318,0.386,0.23232970754636786,,,0.11,-20.9,3.4,46.8,,1.2882495350972661e-08,-2.692441528353286e-07,3.4,87.0,30.0,Artiﬁcial neural network models based on QSAR for predicting rejection of neutral organic compounds by polyamide nanoﬁltration and reverse osmosis membranes
TS80,NF,Ethanol,22.5,5.0,7.0,20.0,96.0,0.002,,46.069,200,0.23900000000000002,0.323,0.16605142653368316,0.42,15.9,,-32.7,-0.31,48.0,0.36558887735588047,-1.2589254102092692e-09,4.1166860913843103e-08,-0.31,8.7,31.0,Artiﬁcial neural network models based on QSAR for predicting rejection of neutral organic compounds by polyamide nanoﬁltration and reverse osmosis membranes
TS80,NF,2-(1H)-Quinoline,22.5,5.0,7.0,20.0,96.0,0.002,,95.1009999999999,65,0.44699999999999995,0.601,0.18261889546230126,0.42,12.02,,-13.79,1.26,48.0,0.3194432471175615,-9.549834660001379e-06,0.000131692219961419,1.26,21.5,31.0,Artiﬁcial neural network models based on QSAR for predicting rejection of neutral organic compounds by polyamide nanoﬁltration and reverse osmosis membranes
TS80,NF,2-Methoxyethanol,22.5,5.0,7.0,20.0,96.0,0.002,,76.095,200,0.253,0.441,0.19947775629577802,0.42,14.8,,-18.37,-0.77,48.0,0.27568061206544375,-1.5848931673422437e-08,2.911448748407702e-07,-0.77,31.7,31.0,Artiﬁcial neural network models based on QSAR for predicting rejection of neutral organic compounds by polyamide nanoﬁltration and reverse osmosis membranes
TS80,NF,N-(4-Methoxyphenyl)acetamide,22.5,5.0,7.0,20.0,96.0,0.002,,165.192,375,0.374,0.643,0.28845800715031356,0.42,14.53,,-32.7,1.03,48.0,0.09809124650151337,-2.9512091395700318e-08,9.650453886394004e-07,1.03,38.3,31.0,Artiﬁcial neural network models based on QSAR for predicting rejection of neutral organic compounds by polyamide nanoﬁltration and reverse osmosis membranes
TS80,NF,Diuron,22.5,5.0,7.0,20.0,96.0,0.002,,233.097999999999,200,0.393,0.65,0.3452604307057441,0.42,13.55,,-17.61,2.68,48.0,0.031666684910946034,-2.818382136936434e-07,4.96317094314506e-06,2.68,72.8,31.0,Artiﬁcial neural network models based on QSAR for predicting rejection of neutral organic compounds by polyamide nanoﬁltration and reverse osmosis membranes
TS80,NF,Metobromuron,22.5,5.0,7.0,20.0,96.0,0.002,,259.102999999999,375,0.41,0.657,0.3140738590595943,0.42,12.8,,-32.7,2.38,48.0,0.063607411193462,-1.584890680578658e-06,5.182592525492212e-05,2.38,78.4,31.0,Artiﬁcial neural network models based on QSAR for predicting rejection of neutral organic compounds by polyamide nanoﬁltration and reverse osmosis membranes
TS80,NF,Monolinuron,22.5,5.0,7.0,20.0,96.0,0.002,,214.652,375,0.41,0.649,0.3092558690709489,0.42,12.8,,-32.7,2.3,48.0,0.06952529781876877,-1.584890680578658e-06,5.182592525492212e-05,2.3,78.8,31.0,Artiﬁcial neural network models based on QSAR for predicting rejection of neutral organic compounds by polyamide nanoﬁltration and reverse osmosis membranes
TS80,NF,Chlortoluron,22.5,5.0,7.0,20.0,96.0,0.002,,212.679999999999,200,0.385,0.629,0.32039900571704105,0.42,14.43,,-17.61,2.41,48.0,0.056237857495204206,-3.7153521529333037e-08,6.542735141315548e-07,2.41,81.1,31.0,Artiﬁcial neural network models based on QSAR for predicting rejection of neutral organic compounds by polyamide nanoﬁltration and reverse osmosis membranes
TS80,NF,Simazine,22.5,5.0,7.0,20.0,96.0,0.002,,201.661,100,0.49000000000000005,0.628,0.29437824170211,0.42,1.62,,-32.7,2.18,48.0,0.08946046574746877,-0.9999958313235432,32.69986368427986,2.2950075204123976,81.8,31.0,Artiﬁcial neural network models based on QSAR for predicting rejection of neutral organic compounds by polyamide nanoﬁltration and reverse osmosis membranes
TS80,NF,Antipyrine,22.5,5.0,7.0,25.0,96.0,0.002,,188.23,100,0.413,0.589,0.3019455755285188,0.42,1.4,,-5.0,0.38,48.0,0.07900706993930075,-0.999997488119878,4.99998744059939,0.7200128184606567,85.2,31.0,Artiﬁcial neural network models based on QSAR for predicting rejection of neutral organic compounds by polyamide nanoﬁltration and reverse osmosis membranes
TS80,NF,Antipyrine,22.5,5.0,7.0,20.0,96.0,0.002,,188.23,200,0.413,0.589,0.3019455755285188,0.42,1.4,,-21.82,0.38,48.0,0.07900706993930075,-0.999997488119878,21.819945190775737,0.7200128184606567,85.2,31.0,Artiﬁcial neural network models based on QSAR for predicting rejection of neutral organic compounds by polyamide nanoﬁltration and reverse osmosis membranes
TS80,NF,Carbamazepine,22.5,5.0,7.0,20.0,96.0,0.002,,236.274,200,0.44800000000000006,0.576,0.33345165595786874,0.42,13.9,,-21.82,2.45,48.0,0.04246380870994964,0.0,0.0,2.45,88.4,31.0,Artiﬁcial neural network models based on QSAR for predicting rejection of neutral organic compounds by polyamide nanoﬁltration and reverse osmosis membranes
TS80,NF,Metoxuron,22.5,5.0,7.0,20.0,96.0,0.002,,228.678999999999,375,0.392,0.6940000000000001,0.3288522293900179,0.42,13.83,,-32.7,1.64,48.0,0.04709702997261854,-1.479108169392074e-07,4.836683713912082e-06,1.64,88.5,31.0,Artiﬁcial neural network models based on QSAR for predicting rejection of neutral organic compounds by polyamide nanoﬁltration and reverse osmosis membranes
TS80,NF,Estrone,22.5,5.0,7.0,20.0,96.0,0.002,,270.372,200,0.40599999999999997,0.682,0.3667832440887863,0.42,10.25,,-32.7,3.13,48.0,0.016054552776154744,-0.0005620252751523289,0.018378226497481158,3.13,90.0,31.0,Artiﬁcial neural network models based on QSAR for predicting rejection of neutral organic compounds by polyamide nanoﬁltration and reverse osmosis membranes
TS80,NF,Lindane,22.5,5.0,7.0,20.0,96.0,0.002,,290.832,200,0.425,0.45199999999999996,0.30083323822625396,0.42,14.0,,-32.7,3.72,48.0,0.08050293147188628,0.0,0.0,3.72,90.8,31.0,Artiﬁcial neural network models based on QSAR for predicting rejection of neutral organic compounds by polyamide nanoﬁltration and reverse osmosis membranes
TS80,NF,Atrazine,22.5,5.0,7.0,20.0,96.0,0.002,,215.688,200,0.479,0.636,0.32121518285214035,0.42,1.7,,-21.82,2.61,48.0,0.0553199552093881,-0.9999949881527824,21.819890641493714,2.660003760889863,91.3,31.0,Artiﬁcial neural network models based on QSAR for predicting rejection of neutral organic compounds by polyamide nanoﬁltration and reverse osmosis membranes
TS80,NF,Isoproturon,22.5,5.0,7.0,20.0,96.0,0.002,,206.289,200,0.351,0.6980000000000001,0.34388687817302505,0.42,15.06,,-32.7,2.87,48.0,0.03284131130526037,-8.709635823703039e-09,2.848050914350894e-07,2.87,93.2,31.0,Artiﬁcial neural network models based on QSAR for predicting rejection of neutral organic compounds by polyamide nanoﬁltration and reverse osmosis membranes
TS80,NF,Cyclophosphamide,22.5,5.0,7.0,20.0,96.0,0.002,,261.089,200,0.52,0.5509999999999999,0.3437207114183382,0.42,,2.84,-20.5,0.63,48.0,0.032984863188914054,6.917831112207856e-05,-0.0014181553780026105,0.63,93.6,31.0,Artiﬁcial neural network models based on QSAR for predicting rejection of neutral organic compounds by polyamide nanoﬁltration and reverse osmosis membranes
TS80,NF,Aminopyrine,22.5,5.0,7.0,20.0,96.0,0.002,,231.299,200,0.426,0.64,0.3451725712675839,0.42,5.0,,-18.37,1.0,48.0,0.03174117965252161,-0.9900990099009901,18.18811881188119,1.0868084401660265,97.0,31.0,Artiﬁcial neural network models based on QSAR for predicting rejection of neutral organic compounds by polyamide nanoﬁltration and reverse osmosis membranes
TS80,NF,Glucose,22.5,5.0,7.0,20.0,96.0,0.002,,180.156,200,0.40099999999999997,0.481,0.2515616313767203,0.42,12.45,,-32.7,-3.24,48.0,0.16083607723623505,-3.5481213031263073e-06,0.00011602356661223026,-3.24,98.1,31.0,Artiﬁcial neural network models based on QSAR for predicting rejection of neutral organic compounds by polyamide nanoﬁltration and reverse osmosis membranes
TS80,NF,Bentazon,22.5,5.0,7.0,20.0,96.0,0.002,,240.284,200,0.40199999999999997,0.584,0.31575263674878884,0.42,3.3,,-21.82,2.34,48.0,0.06160721510674587,-0.9998005135712785,21.8156472061253,0.13314347759467893,98.1,31.0,Artiﬁcial neural network models based on QSAR for predicting rejection of neutral organic compounds by polyamide nanoﬁltration and reverse osmosis membranes
UTC70,RO,Chloroform,18.700000000000003,3.4,8.0,20.0,96.0,0.1,,119.378,100,0.304,0.318,0.20129157151502178,,,1.12,-14.9,1.97,54.4,,1.3182565647763447e-07,-1.9642022815167535e-06,1.97,9.0,32.0,Artiﬁcial neural network models based on QSAR for predicting rejection of neutral organic compounds by polyamide nanoﬁltration and reverse osmosis membranes
UTC70,RO,Carbontetrabromide,18.700000000000003,3.4,8.0,20.0,96.0,0.1,,331.626999999999,100,0.337,0.34199999999999997,0.22512193206089842,,,0.01,-14.9,3.42,54.4,,1.0232929818094669e-08,-1.5247065428961058e-07,3.42,79.0,32.0,Artiﬁcial neural network models based on QSAR for predicting rejection of neutral organic compounds by polyamide nanoﬁltration and reverse osmosis membranes
UTC70,RO,Carbontetrachloride,18.700000000000003,3.4,8.0,20.0,96.0,0.1,,153.823,100,0.316,0.318,0.22481124635515828,,,0.3,-14.9,2.83,54.4,,1.995262275158161e-08,-2.97294078998566e-07,2.83,84.0,32.0,Artiﬁcial neural network models based on QSAR for predicting rejection of neutral organic compounds by polyamide nanoﬁltration and reverse osmosis membranes
XLE440,RO,Chloroform,15.716666666666667,4.1,8.0,20.0,96.0,0.1,,119.378,200,0.304,0.318,0.20129157151502178,,,1.12,-19.42,1.97,39.8,,1.3182565647763447e-07,-2.5600542487956616e-06,1.97,10.0,33.0,Artiﬁcial neural network models based on QSAR for predicting rejection of neutral organic compounds by polyamide nanoﬁltration and reverse osmosis membranes
XLE440,RO,Carbontetrachloride,15.716666666666667,4.1,8.0,20.0,96.0,0.1,,153.823,175,0.316,0.318,0.22481124635515828,,,0.3,-19.42,2.83,39.8,,1.995262275158161e-08,-3.874799338357149e-07,2.83,69.0,33.0,Artiﬁcial neural network models based on QSAR for predicting rejection of neutral organic compounds by polyamide nanoﬁltration and reverse osmosis membranes
XLE440,RO,Perchloroethylene,15.716666666666667,4.1,8.0,20.0,96.0,0.1,,165.834,175,0.318,0.386,0.23232970754636786,,,0.11,-19.42,3.4,39.8,,1.2882495350972661e-08,-2.501780597158891e-07,3.4,71.0,33.0,Artiﬁcial neural network models based on QSAR for predicting rejection of neutral organic compounds by polyamide nanoﬁltration and reverse osmosis membranes
XLE440,RO,Carbontetrabromide,15.716666666666667,4.1,8.0,20.0,96.0,0.1,,331.626999999999,175,0.337,0.34199999999999997,0.22512193206089842,,,0.01,-19.42,3.42,39.8,,1.0232929818094669e-08,-1.987234970673985e-07,3.42,83.0,33.0,Artiﬁcial neural network models based on QSAR for predicting rejection of neutral organic compounds by polyamide nanoﬁltration and reverse osmosis membranes
BW30,RO,Acetaminophen,39.58182258,10.0,4.0,23.0,0.5,0.5,,151.165,180,0.34900000000000003,0.567,0.2518576668186564,,9.5,,-16.26,0.49,59.8,,-3.1622676601999995e-06,5.1418472154851994e-05,0.49,92.59,34.0,Assessing potential of nanofilltration and reverse osmosis for removal of toxic pharmaceuticals from water
BW30,RO,Acetaminophen,39.58182258,10.0,5.0,23.0,0.5,0.5,,151.165,180,0.34900000000000003,0.567,0.2518576668186564,,9.5,,-16.26,0.49,59.8,,-3.1621776633305525e-05,0.0005141700880575479,0.49,93.78,34.0,Assessing potential of nanofilltration and reverse osmosis for removal of toxic pharmaceuticals from water
BW30,RO,Acetaminophen,39.58182258,10.0,7.0,23.0,0.5,0.5,,151.165,180,0.34900000000000003,0.567,0.2518576668186564,,9.5,,-16.26,0.49,59.8,,-0.003152309183260209,0.051256547319811004,0.49,89.53,34.0,Assessing potential of nanofilltration and reverse osmosis for removal of toxic pharmaceuticals from water
BW30,RO,Acetaminophen,59.372733870000005,15.0,4.0,23.0,0.5,0.5,,151.165,180,0.34900000000000003,0.567,0.2518576668186564,,9.5,,-16.26,0.49,59.8,,-3.1622676601999995e-06,5.1418472154851994e-05,0.49,94.89,34.0,Assessing potential of nanofilltration and reverse osmosis for removal of toxic pharmaceuticals from water
BW30,RO,Acetaminophen,59.372733870000005,15.0,5.0,23.0,0.5,0.5,,151.165,180,0.34900000000000003,0.567,0.2518576668186564,,9.5,,-16.26,0.49,59.8,,-3.1621776633305525e-05,0.0005141700880575479,0.49,96.99,34.0,Assessing potential of nanofilltration and reverse osmosis for removal of toxic pharmaceuticals from water
BW30,RO,Acetaminophen,59.372733870000005,15.0,7.0,23.0,0.5,0.5,,151.165,180,0.34900000000000003,0.567,0.2518576668186564,,9.5,,-16.26,0.49,59.8,,-0.003152309183260209,0.051256547319811004,0.49,90.66,34.0,Assessing potential of nanofilltration and reverse osmosis for removal of toxic pharmaceuticals from water
BW30,RO,Acetaminophen,79.16364516,20.0,4.0,23.0,0.5,0.5,,151.165,180,0.34900000000000003,0.567,0.2518576668186564,,9.5,,-16.26,0.49,59.8,,-3.1622676601999995e-06,5.1418472154851994e-05,0.49,94.33,34.0,Assessing potential of nanofilltration and reverse osmosis for removal of toxic pharmaceuticals from water
BW30,RO,Acetaminophen,79.16364516,20.0,5.0,23.0,0.5,0.5,,151.165,180,0.34900000000000003,0.567,0.2518576668186564,,9.5,,-16.26,0.49,59.8,,-3.1621776633305525e-05,0.0005141700880575479,0.49,95.95,34.0,Assessing potential of nanofilltration and reverse osmosis for removal of toxic pharmaceuticals from water
BW30,RO,Acetaminophen,79.16364516,20.0,7.0,23.0,0.5,0.5,,151.165,180,0.34900000000000003,0.567,0.2518576668186564,,9.5,,-16.26,0.49,59.8,,-0.003152309183260209,0.051256547319811004,0.49,89.93,34.0,Assessing potential of nanofilltration and reverse osmosis for removal of toxic pharmaceuticals from water
BW30,RO,Acetaminophen,118.74546774000001,30.0,4.0,23.0,0.5,0.5,,151.165,180,0.34900000000000003,0.567,0.2518576668186564,,9.5,,-16.26,0.49,59.8,,-3.1622676601999995e-06,5.1418472154851994e-05,0.49,92.69,34.0,Assessing potential of nanofilltration and reverse osmosis for removal of toxic pharmaceuticals from water
BW30,RO,Acetaminophen,118.74546774000001,30.0,5.0,23.0,0.5,0.5,,151.165,180,0.34900000000000003,0.567,0.2518576668186564,,9.5,,-16.26,0.49,59.8,,-3.1621776633305525e-05,0.0005141700880575479,0.49,93.69,34.0,Assessing potential of nanofilltration and reverse osmosis for removal of toxic pharmaceuticals from water
BW30,RO,Acetaminophen,118.74546774000001,30.0,7.0,23.0,0.5,0.5,,151.165,180,0.34900000000000003,0.567,0.2518576668186564,,9.5,,-16.26,0.49,59.8,,-0.003152309183260209,0.051256547319811004,0.49,89.56,34.0,Assessing potential of nanofilltration and reverse osmosis for removal of toxic pharmaceuticals from water
BW30,RO,Caffeine,39.58182258,10.0,4.0,23.0,0.5,0.5,,194.193999999999,180,0.44400000000000006,0.503,0.3016073766829081,,14.0,,-16.26,-0.07,59.8,,-9.999999999e-11,1.6259999998374e-09,-0.07,95.51,35.0,Assessing potential of nanofilltration and reverse osmosis for removal of toxic pharmaceuticals from water
BW30,RO,Caffeine,39.58182258,10.0,5.0,23.0,0.5,0.5,,194.193999999999,180,0.44400000000000006,0.503,0.3016073766829081,,14.0,,-16.26,-0.07,59.8,,-9.99999999e-10,1.625999998374e-08,-0.07,94.72,35.0,Assessing potential of nanofilltration and reverse osmosis for removal of toxic pharmaceuticals from water
BW30,RO,Caffeine,39.58182258,10.0,7.0,23.0,0.5,0.5,,194.193999999999,180,0.44400000000000006,0.503,0.3016073766829081,,14.0,,-16.26,-0.07,59.8,,-9.9999990000001e-08,1.6259998374000165e-06,-0.07,86.57,35.0,Assessing potential of nanofilltration and reverse osmosis for removal of toxic pharmaceuticals from water
BW30,RO,Caffeine,59.372733870000005,15.0,4.0,23.0,0.5,0.5,,194.193999999999,180,0.44400000000000006,0.503,0.3016073766829081,,14.0,,-16.26,-0.07,59.8,,-9.999999999e-11,1.6259999998374e-09,-0.07,99.9,35.0,Assessing potential of nanofilltration and reverse osmosis for removal of toxic pharmaceuticals from water
BW30,RO,Caffeine,59.372733870000005,15.0,5.0,23.0,0.5,0.5,,194.193999999999,180,0.44400000000000006,0.503,0.3016073766829081,,14.0,,-16.26,-0.07,59.8,,-9.99999999e-10,1.625999998374e-08,-0.07,94.34,35.0,Assessing potential of nanofilltration and reverse osmosis for removal of toxic pharmaceuticals from water
BW30,RO,Caffeine,59.372733870000005,15.0,7.0,23.0,0.5,0.5,,194.193999999999,180,0.44400000000000006,0.503,0.3016073766829081,,14.0,,-16.26,-0.07,59.8,,-9.9999990000001e-08,1.6259998374000165e-06,-0.07,93.56,35.0,Assessing potential of nanofilltration and reverse osmosis for removal of toxic pharmaceuticals from water
BW30,RO,Caffeine,79.16364516,20.0,4.0,23.0,0.5,0.5,,194.193999999999,180,0.44400000000000006,0.503,0.3016073766829081,,14.0,,-16.26,-0.07,59.8,,-9.999999999e-11,1.6259999998374e-09,-0.07,96.1,35.0,Assessing potential of nanofilltration and reverse osmosis for removal of toxic pharmaceuticals from water
BW30,RO,Caffeine,79.16364516,20.0,5.0,23.0,0.5,0.5,,194.193999999999,180,0.44400000000000006,0.503,0.3016073766829081,,14.0,,-16.26,-0.07,59.8,,-9.99999999e-10,1.625999998374e-08,-0.07,94.66,35.0,Assessing potential of nanofilltration and reverse osmosis for removal of toxic pharmaceuticals from water
BW30,RO,Caffeine,79.16364516,20.0,7.0,23.0,0.5,0.5,,194.193999999999,180,0.44400000000000006,0.503,0.3016073766829081,,14.0,,-16.26,-0.07,59.8,,-9.9999990000001e-08,1.6259998374000165e-06,-0.07,93.93,35.0,Assessing potential of nanofilltration and reverse osmosis for removal of toxic pharmaceuticals from water
BW30,RO,Caffeine,118.74546774000001,30.0,4.0,23.0,0.5,0.5,,194.193999999999,180,0.44400000000000006,0.503,0.3016073766829081,,14.0,,-16.26,-0.07,59.8,,-9.999999999e-11,1.6259999998374e-09,-0.07,95.48,35.0,Assessing potential of nanofilltration and reverse osmosis for removal of toxic pharmaceuticals from water
BW30,RO,Caffeine,118.74546774000001,30.0,5.0,23.0,0.5,0.5,,194.193999999999,180,0.44400000000000006,0.503,0.3016073766829081,,14.0,,-16.26,-0.07,59.8,,-9.99999999e-10,1.625999998374e-08,-0.07,94.79,35.0,Assessing potential of nanofilltration and reverse osmosis for removal of toxic pharmaceuticals from water
BW30,RO,Caffeine,118.74546774000001,30.0,7.0,23.0,0.5,0.5,,194.193999999999,180,0.44400000000000006,0.503,0.3016073766829081,,14.0,,-16.26,-0.07,59.8,,-9.9999990000001e-08,1.6259998374000165e-06,-0.07,86.61,35.0,Assessing potential of nanofilltration and reverse osmosis for removal of toxic pharmaceuticals from water
BW30,RO,Diclofenac,39.58182258,10.0,5.0,23.0,0.5,0.5,,296.153,180,0.462,0.634,0.3476931977505725,,4.15,,-16.26,4.51,59.8,,-0.8762293189310645,14.24748872581911,2.4742104079783758,99.26,36.0,Assessing potential of nanofilltration and reverse osmosis for removal of toxic pharmaceuticals from water
BW30,RO,Diclofenac,39.58182258,10.0,7.0,23.0,0.5,0.5,,296.153,180,0.462,0.634,0.3476931977505725,,4.15,,-16.26,4.51,59.8,,-0.9985894549032847,16.23706453672741,2.1899246783083397,99.26,36.0,Assessing potential of nanofilltration and reverse osmosis for removal of toxic pharmaceuticals from water
BW30,RO,Diclofenac,59.372733870000005,15.0,5.0,23.0,0.5,0.5,,296.153,180,0.462,0.634,0.3476931977505725,,4.15,,-16.26,4.51,59.8,,-0.8762293189310645,14.24748872581911,2.4742104079783758,98.97,36.0,Assessing potential of nanofilltration and reverse osmosis for removal of toxic pharmaceuticals from water
BW30,RO,Diclofenac,59.372733870000005,15.0,7.0,23.0,0.5,0.5,,296.153,180,0.462,0.634,0.3476931977505725,,4.15,,-16.26,4.51,59.8,,-0.9985894549032847,16.23706453672741,2.1899246783083397,99.75,36.0,Assessing potential of nanofilltration and reverse osmosis for removal of toxic pharmaceuticals from water
BW30,RO,Diclofenac,79.16364516,20.0,5.0,23.0,0.5,0.5,,296.153,180,0.462,0.634,0.3476931977505725,,4.15,,-16.26,4.51,59.8,,-0.8762293189310645,14.24748872581911,2.4742104079783758,99.69,36.0,Assessing potential of nanofilltration and reverse osmosis for removal of toxic pharmaceuticals from water
BW30,RO,Diclofenac,79.16364516,20.0,7.0,23.0,0.5,0.5,,296.153,180,0.462,0.634,0.3476931977505725,,4.15,,-16.26,4.51,59.8,,-0.9985894549032847,16.23706453672741,2.1899246783083397,99.79,36.0,Assessing potential of nanofilltration and reverse osmosis for removal of toxic pharmaceuticals from water
BW30,RO,Diclofenac,118.74546774000001,30.0,5.0,23.0,0.5,0.5,,296.153,180,0.462,0.634,0.3476931977505725,,4.15,,-16.26,4.51,59.8,,-0.8762293189310645,14.24748872581911,2.4742104079783758,99.11,36.0,Assessing potential of nanofilltration and reverse osmosis for removal of toxic pharmaceuticals from water
BW30,RO,Diclofenac,118.74546774000001,30.0,7.0,23.0,0.5,0.5,,296.153,180,0.462,0.634,0.3476931977505725,,4.15,,-16.26,4.51,59.8,,-0.9985894549032847,16.23706453672741,2.1899246783083397,99.06,36.0,Assessing potential of nanofilltration and reverse osmosis for removal of toxic pharmaceuticals from water
BW30,RO,Dipyrone,39.58182258,10.0,4.0,23.0,0.5,0.5,,333.345,180,0.445,0.654,0.3879236247795147,,3.8,,-16.26,,59.8,,-0.6131368201531432,9.969604695690109,,99.11,37.0,Assessing potential of nanofilltration and reverse osmosis for removal of toxic pharmaceuticals from water
BW30,RO,Dipyrone,39.58182258,10.0,5.0,23.0,0.5,0.5,,333.345,180,0.445,0.654,0.3879236247795147,,3.8,,-16.26,,59.8,,-0.9406490568972325,15.294953665149002,,98.91,37.0,Assessing potential of nanofilltration and reverse osmosis for removal of toxic pharmaceuticals from water
BW30,RO,Dipyrone,39.58182258,10.0,7.0,23.0,0.5,0.5,,333.345,180,0.445,0.654,0.3879236247795147,,3.8,,-16.26,,59.8,,-0.99936944051166,16.249747102719592,,99.11,37.0,Assessing potential of nanofilltration and reverse osmosis for removal of toxic pharmaceuticals from water
BW30,RO,Dipyrone,59.372733870000005,15.0,4.0,23.0,0.5,0.5,,333.345,180,0.445,0.654,0.3879236247795147,,3.8,,-16.26,,59.8,,-0.6131368201531432,9.969604695690109,,98.91,37.0,Assessing potential of nanofilltration and reverse osmosis for removal of toxic pharmaceuticals from water
BW30,RO,Dipyrone,59.372733870000005,15.0,5.0,23.0,0.5,0.5,,333.345,180,0.445,0.654,0.3879236247795147,,3.8,,-16.26,,59.8,,-0.9406490568972325,15.294953665149002,,98.63,37.0,Assessing potential of nanofilltration and reverse osmosis for removal of toxic pharmaceuticals from water
BW30,RO,Dipyrone,59.372733870000005,15.0,7.0,23.0,0.5,0.5,,333.345,180,0.445,0.654,0.3879236247795147,,3.8,,-16.26,,59.8,,-0.99936944051166,16.249747102719592,,98.96,37.0,Assessing potential of nanofilltration and reverse osmosis for removal of toxic pharmaceuticals from water
BW30,RO,Dipyrone,79.16364516,20.0,4.0,23.0,0.5,0.5,,333.345,180,0.445,0.654,0.3879236247795147,,3.8,,-16.26,,59.8,,-0.6131368201531432,9.969604695690109,,99.1,37.0,Assessing potential of nanofilltration and reverse osmosis for removal of toxic pharmaceuticals from water
BW30,RO,Dipyrone,79.16364516,20.0,5.0,23.0,0.5,0.5,,333.345,180,0.445,0.654,0.3879236247795147,,3.8,,-16.26,,59.8,,-0.9406490568972325,15.294953665149002,,98.88,37.0,Assessing potential of nanofilltration and reverse osmosis for removal of toxic pharmaceuticals from water
BW30,RO,Dipyrone,79.16364516,20.0,7.0,23.0,0.5,0.5,,333.345,180,0.445,0.654,0.3879236247795147,,3.8,,-16.26,,59.8,,-0.99936944051166,16.249747102719592,,99.02,37.0,Assessing potential of nanofilltration and reverse osmosis for removal of toxic pharmaceuticals from water
BW30,RO,Dipyrone,118.74546774000001,30.0,4.0,23.0,0.5,0.5,,333.345,180,0.445,0.654,0.3879236247795147,,3.8,,-16.26,,59.8,,-0.6131368201531432,9.969604695690109,,99.01,37.0,Assessing potential of nanofilltration and reverse osmosis for removal of toxic pharmaceuticals from water
BW30,RO,Dipyrone,118.74546774000001,30.0,5.0,23.0,0.5,0.5,,333.345,180,0.445,0.654,0.3879236247795147,,3.8,,-16.26,,59.8,,-0.9406490568972325,15.294953665149002,,98.88,37.0,Assessing potential of nanofilltration and reverse osmosis for removal of toxic pharmaceuticals from water
BW30,RO,Dipyrone,118.74546774000001,30.0,7.0,23.0,0.5,0.5,,333.345,180,0.445,0.654,0.3879236247795147,,3.8,,-16.26,,59.8,,-0.99936944051166,16.249747102719592,,99.01,37.0,Assessing potential of nanofilltration and reverse osmosis for removal of toxic pharmaceuticals from water
BW30,RO,Ibuprofen,39.58182258,10.0,4.0,23.0,0.5,0.5,,206.284999999999,180,0.378,0.659,0.3727263864585965,,5.2,,-16.26,3.97,59.8,,-0.05935094310276757,0.9650463348510008,3.7774347092586624,99.31,38.0,Assessing potential of nanofilltration and reverse osmosis for removal of toxic pharmaceuticals from water
BW30,RO,Ibuprofen,39.58182258,10.0,5.0,23.0,0.5,0.5,,206.284999999999,180,0.378,0.659,0.3727263864585965,,5.2,,-16.26,3.97,59.8,,-0.38686317984685686,6.290395304309893,2.7148148789255773,99.31,38.0,Assessing potential of nanofilltration and reverse osmosis for removal of toxic pharmaceuticals from water
BW30,RO,Ibuprofen,39.58182258,10.0,7.0,23.0,0.5,0.5,,206.284999999999,180,0.378,0.659,0.3727263864585965,,5.2,,-16.26,3.97,59.8,,-0.9843983377581704,16.006316971947854,0.7761004222382355,99.11,38.0,Assessing potential of nanofilltration and reverse osmosis for removal of toxic pharmaceuticals from water
BW30,RO,Ibuprofen,59.372733870000005,15.0,4.0,23.0,0.5,0.5,,206.284999999999,180,0.378,0.659,0.3727263864585965,,5.2,,-16.26,3.97,59.8,,-0.05935094310276757,0.9650463348510008,3.7774347092586624,100.0,38.0,Assessing potential of nanofilltration and reverse osmosis for removal of toxic pharmaceuticals from water
BW30,RO,Ibuprofen,59.372733870000005,15.0,5.0,23.0,0.5,0.5,,206.284999999999,180,0.378,0.659,0.3727263864585965,,5.2,,-16.26,3.97,59.8,,-0.38686317984685686,6.290395304309893,2.7148148789255773,99.98,38.0,Assessing potential of nanofilltration and reverse osmosis for removal of toxic pharmaceuticals from water
BW30,RO,Ibuprofen,59.372733870000005,15.0,7.0,23.0,0.5,0.5,,206.284999999999,180,0.378,0.659,0.3727263864585965,,5.2,,-16.26,3.97,59.8,,-0.9843983377581704,16.006316971947854,0.7761004222382355,100.0,38.0,Assessing potential of nanofilltration and reverse osmosis for removal of toxic pharmaceuticals from water
BW30,RO,Ibuprofen,79.16364516,20.0,4.0,23.0,0.5,0.5,,206.284999999999,180,0.378,0.659,0.3727263864585965,,5.2,,-16.26,3.97,59.8,,-0.05935094310276757,0.9650463348510008,3.7774347092586624,99.24,38.0,Assessing potential of nanofilltration and reverse osmosis for removal of toxic pharmaceuticals from water
BW30,RO,Ibuprofen,79.16364516,20.0,5.0,23.0,0.5,0.5,,206.284999999999,180,0.378,0.659,0.3727263864585965,,5.2,,-16.26,3.97,59.8,,-0.38686317984685686,6.290395304309893,2.7148148789255773,99.15,38.0,Assessing potential of nanofilltration and reverse osmosis for removal of toxic pharmaceuticals from water
BW30,RO,Ibuprofen,79.16364516,20.0,7.0,23.0,0.5,0.5,,206.284999999999,180,0.378,0.659,0.3727263864585965,,5.2,,-16.26,3.97,59.8,,-0.9843983377581704,16.006316971947854,0.7761004222382355,99.11,38.0,Assessing potential of nanofilltration and reverse osmosis for removal of toxic pharmaceuticals from water
BW30,RO,Ibuprofen,118.74546774000001,30.0,4.0,23.0,0.5,0.5,,206.284999999999,180,0.378,0.659,0.3727263864585965,,5.2,,-16.26,3.97,59.8,,-0.05935094310276757,0.9650463348510008,3.7774347092586624,99.21,38.0,Assessing potential of nanofilltration and reverse osmosis for removal of toxic pharmaceuticals from water
BW30,RO,Ibuprofen,118.74546774000001,30.0,5.0,23.0,0.5,0.5,,206.284999999999,180,0.378,0.659,0.3727263864585965,,5.2,,-16.26,3.97,59.8,,-0.38686317984685686,6.290395304309893,2.7148148789255773,99.25,38.0,Assessing potential of nanofilltration and reverse osmosis for removal of toxic pharmaceuticals from water
BW30,RO,Ibuprofen,118.74546774000001,30.0,7.0,23.0,0.5,0.5,,206.284999999999,180,0.378,0.659,0.3727263864585965,,5.2,,-16.26,3.97,59.8,,-0.9843983377581704,16.006316971947854,0.7761004222382355,99.16,38.0,Assessing potential of nanofilltration and reverse osmosis for removal of toxic pharmaceuticals from water
NF90,NF,Acetaminophen,42.4,5.0,4.0,23.0,0.5,0.5,,151.165,100,0.34900000000000003,0.567,0.2518576668186564,0.34,9.5,,-27.29,0.49,41.4,0.06720649566307085,-3.1622676601999995e-06,8.629828444685799e-05,0.49,89.5,39.0,Assessing potential of nanofilltration and reverse osmosis for removal of toxic pharmaceuticals from water
NF90,NF,Acetaminophen,42.4,5.0,5.0,23.0,0.5,0.5,,151.165,100,0.34900000000000003,0.567,0.2518576668186564,0.34,9.5,,-27.29,0.49,41.4,0.06720649566307085,-3.1621776633305525e-05,0.0008629582843229077,0.49,89.96,39.0,Assessing potential of nanofilltration and reverse osmosis for removal of toxic pharmaceuticals from water
NF90,NF,Acetaminophen,42.4,5.0,7.0,23.0,0.5,0.5,,151.165,100,0.34900000000000003,0.567,0.2518576668186564,0.34,9.5,,-27.29,0.49,41.4,0.06720649566307085,-0.003152309183260209,0.0860265176111711,0.49,89.25,39.0,Assessing potential of nanofilltration and reverse osmosis for removal of toxic pharmaceuticals from water
NF90,NF,Acetaminophen,84.8,10.0,4.0,23.0,0.5,0.5,,151.165,100,0.34900000000000003,0.567,0.2518576668186564,0.34,9.5,,-27.29,0.49,41.4,0.06720649566307085,-3.1622676601999995e-06,8.629828444685799e-05,0.49,91.65,39.0,Assessing potential of nanofilltration and reverse osmosis for removal of toxic pharmaceuticals from water
NF90,NF,Acetaminophen,84.8,10.0,5.0,23.0,0.5,0.5,,151.165,100,0.34900000000000003,0.567,0.2518576668186564,0.34,9.5,,-27.29,0.49,41.4,0.06720649566307085,-3.1621776633305525e-05,0.0008629582843229077,0.49,91.1,39.0,Assessing potential of nanofilltration and reverse osmosis for removal of toxic pharmaceuticals from water
NF90,NF,Acetaminophen,84.8,10.0,7.0,23.0,0.5,0.5,,151.165,100,0.34900000000000003,0.567,0.2518576668186564,0.34,9.5,,-27.29,0.49,41.4,0.06720649566307085,-0.003152309183260209,0.0860265176111711,0.49,91.87,39.0,Assessing potential of nanofilltration and reverse osmosis for removal of toxic pharmaceuticals from water
NF90,NF,Acetaminophen,127.2,15.0,4.0,23.0,0.5,0.5,,151.165,100,0.34900000000000003,0.567,0.2518576668186564,0.34,9.5,,-27.29,0.49,41.4,0.06720649566307085,-3.1622676601999995e-06,8.629828444685799e-05,0.49,91.04,39.0,Assessing potential of nanofilltration and reverse osmosis for removal of toxic pharmaceuticals from water
NF90,NF,Acetaminophen,127.2,15.0,5.0,23.0,0.5,0.5,,151.165,100,0.34900000000000003,0.567,0.2518576668186564,0.34,9.5,,-27.29,0.49,41.4,0.06720649566307085,-3.1621776633305525e-05,0.0008629582843229077,0.49,90.84,39.0,Assessing potential of nanofilltration and reverse osmosis for removal of toxic pharmaceuticals from water
NF90,NF,Acetaminophen,127.2,15.0,7.0,23.0,0.5,0.5,,151.165,100,0.34900000000000003,0.567,0.2518576668186564,0.34,9.5,,-27.29,0.49,41.4,0.06720649566307085,-0.003152309183260209,0.0860265176111711,0.49,91.18,39.0,Assessing potential of nanofilltration and reverse osmosis for removal of toxic pharmaceuticals from water
NF90,NF,Acetaminophen,169.6,20.0,4.0,23.0,0.5,0.5,,151.165,100,0.34900000000000003,0.567,0.2518576668186564,0.34,9.5,,-27.29,0.49,41.4,0.06720649566307085,-3.1622676601999995e-06,8.629828444685799e-05,0.49,91.33,39.0,Assessing potential of nanofilltration and reverse osmosis for removal of toxic pharmaceuticals from water
NF90,NF,Acetaminophen,169.6,20.0,5.0,23.0,0.5,0.5,,151.165,100,0.34900000000000003,0.567,0.2518576668186564,0.34,9.5,,-27.29,0.49,41.4,0.06720649566307085,-3.1621776633305525e-05,0.0008629582843229077,0.49,92.4,39.0,Assessing potential of nanofilltration and reverse osmosis for removal of toxic pharmaceuticals from water
NF90,NF,Acetaminophen,169.6,20.0,7.0,23.0,0.5,0.5,,151.165,100,0.34900000000000003,0.567,0.2518576668186564,0.34,9.5,,-27.29,0.49,41.4,0.06720649566307085,-0.003152309183260209,0.0860265176111711,0.49,92.69,39.0,Assessing potential of nanofilltration and reverse osmosis for removal of toxic pharmaceuticals from water
NF90,NF,Caffeine,42.4,5.0,4.0,23.0,0.5,0.5,,194.193999999999,100,0.44400000000000006,0.503,0.3016073766829081,0.34,10.4,,-27.29,-0.07,41.4,0.012750809041246636,-3.9810701206424e-07,1.086434035923311e-05,-0.07,94.71,40.0,Assessing potential of nanofilltration and reverse osmosis for removal of toxic pharmaceuticals from water
NF90,NF,Caffeine,42.4,5.0,5.0,23.0,0.5,0.5,,194.193999999999,100,0.44400000000000006,0.503,0.3016073766829081,0.34,10.4,,-27.29,-0.07,41.4,0.012750809041246636,-3.981055856666137e-06,0.00010864301432841887,-0.07,93.81,40.0,Assessing potential of nanofilltration and reverse osmosis for removal of toxic pharmaceuticals from water
NF90,NF,Caffeine,42.4,5.0,7.0,23.0,0.5,0.5,,194.193999999999,100,0.44400000000000006,0.503,0.3016073766829081,0.34,10.4,,-27.29,-0.07,41.4,0.012750809041246636,-0.0003979487443048762,0.010860021232080071,-0.07,94.28,40.0,Assessing potential of nanofilltration and reverse osmosis for removal of toxic pharmaceuticals from water
NF90,NF,Caffeine,84.8,10.0,4.0,23.0,0.5,0.5,,194.193999999999,100,0.44400000000000006,0.503,0.3016073766829081,0.34,10.4,,-27.29,-0.07,41.4,0.012750809041246636,-3.9810701206424e-07,1.086434035923311e-05,-0.07,93.82,40.0,Assessing potential of nanofilltration and reverse osmosis for removal of toxic pharmaceuticals from water
NF90,NF,Caffeine,84.8,10.0,5.0,23.0,0.5,0.5,,194.193999999999,100,0.44400000000000006,0.503,0.3016073766829081,0.34,10.4,,-27.29,-0.07,41.4,0.012750809041246636,-3.981055856666137e-06,0.00010864301432841887,-0.07,92.38,40.0,Assessing potential of nanofilltration and reverse osmosis for removal of toxic pharmaceuticals from water
NF90,NF,Caffeine,84.8,10.0,7.0,23.0,0.5,0.5,,194.193999999999,100,0.44400000000000006,0.503,0.3016073766829081,0.34,10.4,,-27.29,-0.07,41.4,0.012750809041246636,-0.0003979487443048762,0.010860021232080071,-0.07,92.88,40.0,Assessing potential of nanofilltration and reverse osmosis for removal of toxic pharmaceuticals from water
NF90,NF,Caffeine,127.2,15.0,4.0,23.0,0.5,0.5,,194.193999999999,100,0.44400000000000006,0.503,0.3016073766829081,0.34,10.4,,-27.29,-0.07,41.4,0.012750809041246636,-3.9810701206424e-07,1.086434035923311e-05,-0.07,92.69,40.0,Assessing potential of nanofilltration and reverse osmosis for removal of toxic pharmaceuticals from water
NF90,NF,Caffeine,127.2,15.0,5.0,23.0,0.5,0.5,,194.193999999999,100,0.44400000000000006,0.503,0.3016073766829081,0.34,10.4,,-27.29,-0.07,41.4,0.012750809041246636,-3.981055856666137e-06,0.00010864301432841887,-0.07,92.55,40.0,Assessing potential of nanofilltration and reverse osmosis for removal of toxic pharmaceuticals from water
NF90,NF,Caffeine,127.2,15.0,7.0,23.0,0.5,0.5,,194.193999999999,100,0.44400000000000006,0.503,0.3016073766829081,0.34,10.4,,-27.29,-0.07,41.4,0.012750809041246636,-0.0003979487443048762,0.010860021232080071,-0.07,92.45,40.0,Assessing potential of nanofilltration and reverse osmosis for removal of toxic pharmaceuticals from water
NF90,NF,Caffeine,169.6,20.0,4.0,23.0,0.5,0.5,,194.193999999999,100,0.44400000000000006,0.503,0.3016073766829081,0.34,10.4,,-27.29,-0.07,41.4,0.012750809041246636,-3.9810701206424e-07,1.086434035923311e-05,-0.07,93.37,40.0,Assessing potential of nanofilltration and reverse osmosis for removal of toxic pharmaceuticals from water
NF90,NF,Caffeine,169.6,20.0,5.0,23.0,0.5,0.5,,194.193999999999,100,0.44400000000000006,0.503,0.3016073766829081,0.34,10.4,,-27.29,-0.07,41.4,0.012750809041246636,-3.981055856666137e-06,0.00010864301432841887,-0.07,93.75,40.0,Assessing potential of nanofilltration and reverse osmosis for removal of toxic pharmaceuticals from water
NF90,NF,Caffeine,169.6,20.0,7.0,23.0,0.5,0.5,,194.193999999999,100,0.44400000000000006,0.503,0.3016073766829081,0.34,10.4,,-27.29,-0.07,41.4,0.012750809041246636,-0.0003979487443048762,0.010860021232080071,-0.07,92.3,40.0,Assessing potential of nanofilltration and reverse osmosis for removal of toxic pharmaceuticals from water
NF90,NF,Diclofenac,42.4,5.0,5.0,23.0,0.5,0.5,,296.153,100,0.462,0.634,0.3476931977505725,0.34,4.15,,-27.29,4.51,41.4,-0.0005119834916039174,-0.8762293189310645,23.91229811362875,2.4742104079783758,94.07,41.0,Assessing potential of nanofilltration and reverse osmosis for removal of toxic pharmaceuticals from water
NF90,NF,Diclofenac,42.4,5.0,7.0,23.0,0.5,0.5,,296.153,100,0.462,0.634,0.3476931977505725,0.34,4.15,,-27.29,4.51,41.4,-0.0005119834916039174,-0.9985894549032847,27.25150622431064,2.1899246783083397,94.13,41.0,Assessing potential of nanofilltration and reverse osmosis for removal of toxic pharmaceuticals from water
NF90,NF,Diclofenac,84.8,10.0,5.0,23.0,0.5,0.5,,296.153,100,0.462,0.634,0.3476931977505725,0.34,4.15,,-27.29,4.51,41.4,-0.0005119834916039174,-0.8762293189310645,23.91229811362875,2.4742104079783758,96.16,41.0,Assessing potential of nanofilltration and reverse osmosis for removal of toxic pharmaceuticals from water
NF90,NF,Diclofenac,84.8,10.0,7.0,23.0,0.5,0.5,,296.153,100,0.462,0.634,0.3476931977505725,0.34,4.15,,-27.29,4.51,41.4,-0.0005119834916039174,-0.9985894549032847,27.25150622431064,2.1899246783083397,96.82,41.0,Assessing potential of nanofilltration and reverse osmosis for removal of toxic pharmaceuticals from water
NF90,NF,Diclofenac,127.2,15.0,5.0,23.0,0.5,0.5,,296.153,100,0.462,0.634,0.3476931977505725,0.34,4.15,,-27.29,4.51,41.4,-0.0005119834916039174,-0.8762293189310645,23.91229811362875,2.4742104079783758,97.02,41.0,Assessing potential of nanofilltration and reverse osmosis for removal of toxic pharmaceuticals from water
NF90,NF,Diclofenac,127.2,15.0,7.0,23.0,0.5,0.5,,296.153,100,0.462,0.634,0.3476931977505725,0.34,4.15,,-27.29,4.51,41.4,-0.0005119834916039174,-0.9985894549032847,27.25150622431064,2.1899246783083397,97.36,41.0,Assessing potential of nanofilltration and reverse osmosis for removal of toxic pharmaceuticals from water
NF90,NF,Diclofenac,169.6,20.0,5.0,23.0,0.5,0.5,,296.153,100,0.462,0.634,0.3476931977505725,0.34,4.15,,-27.29,4.51,41.4,-0.0005119834916039174,-0.8762293189310645,23.91229811362875,2.4742104079783758,97.82,41.0,Assessing potential of nanofilltration and reverse osmosis for removal of toxic pharmaceuticals from water
NF90,NF,Diclofenac,169.6,20.0,7.0,23.0,0.5,0.5,,296.153,100,0.462,0.634,0.3476931977505725,0.34,4.15,,-27.29,4.51,41.4,-0.0005119834916039174,-0.9985894549032847,27.25150622431064,2.1899246783083397,97.77,41.0,Assessing potential of nanofilltration and reverse osmosis for removal of toxic pharmaceuticals from water
NF90,NF,Dipyrone,42.4,5.0,4.0,23.0,0.5,0.5,,333.345,100,0.445,0.654,0.3879236247795147,0.34,3.8,,-27.29,,41.4,-0.01986742051909789,-0.6131368201531432,16.73250382197928,,91.49,42.0,Assessing potential of nanofilltration and reverse osmosis for removal of toxic pharmaceuticals from water
NF90,NF,Dipyrone,42.4,5.0,5.0,23.0,0.5,0.5,,333.345,100,0.445,0.654,0.3879236247795147,0.34,3.8,,-27.29,,41.4,-0.01986742051909789,-0.9406490568972325,25.670312762725477,,88.51,42.0,Assessing potential of nanofilltration and reverse osmosis for removal of toxic pharmaceuticals from water
NF90,NF,Dipyrone,42.4,5.0,7.0,23.0,0.5,0.5,,333.345,100,0.445,0.654,0.3879236247795147,0.34,3.8,,-27.29,,41.4,-0.01986742051909789,-0.99936944051166,27.2727920315632,,91.46,42.0,Assessing potential of nanofilltration and reverse osmosis for removal of toxic pharmaceuticals from water
NF90,NF,Dipyrone,84.8,10.0,4.0,23.0,0.5,0.5,,333.345,100,0.445,0.654,0.3879236247795147,0.34,3.8,,-27.29,,41.4,-0.01986742051909789,-0.6131368201531432,16.73250382197928,,91.95,42.0,Assessing potential of nanofilltration and reverse osmosis for removal of toxic pharmaceuticals from water
NF90,NF,Dipyrone,84.8,10.0,5.0,23.0,0.5,0.5,,333.345,100,0.445,0.654,0.3879236247795147,0.34,3.8,,-27.29,,41.4,-0.01986742051909789,-0.9406490568972325,25.670312762725477,,89.46,42.0,Assessing potential of nanofilltration and reverse osmosis for removal of toxic pharmaceuticals from water
NF90,NF,Dipyrone,84.8,10.0,7.0,23.0,0.5,0.5,,333.345,100,0.445,0.654,0.3879236247795147,0.34,3.8,,-27.29,,41.4,-0.01986742051909789,-0.99936944051166,27.2727920315632,,93.5,42.0,Assessing potential of nanofilltration and reverse osmosis for removal of toxic pharmaceuticals from water
NF90,NF,Dipyrone,127.2,15.0,4.0,23.0,0.5,0.5,,333.345,100,0.445,0.654,0.3879236247795147,0.34,3.8,,-27.29,,41.4,-0.01986742051909789,-0.6131368201531432,16.73250382197928,,91.59,42.0,Assessing potential of nanofilltration and reverse osmosis for removal of toxic pharmaceuticals from water
NF90,NF,Dipyrone,127.2,15.0,5.0,23.0,0.5,0.5,,333.345,100,0.445,0.654,0.3879236247795147,0.34,3.8,,-27.29,,41.4,-0.01986742051909789,-0.9406490568972325,25.670312762725477,,87.28,42.0,Assessing potential of nanofilltration and reverse osmosis for removal of toxic pharmaceuticals from water
NF90,NF,Dipyrone,127.2,15.0,7.0,23.0,0.5,0.5,,333.345,100,0.445,0.654,0.3879236247795147,0.34,3.8,,-27.29,,41.4,-0.01986742051909789,-0.99936944051166,27.2727920315632,,93.91,42.0,Assessing potential of nanofilltration and reverse osmosis for removal of toxic pharmaceuticals from water
NF90,NF,Dipyrone,169.6,20.0,4.0,23.0,0.5,0.5,,333.345,100,0.445,0.654,0.3879236247795147,0.34,3.8,,-27.29,,41.4,-0.01986742051909789,-0.6131368201531432,16.73250382197928,,90.41,42.0,Assessing potential of nanofilltration and reverse osmosis for removal of toxic pharmaceuticals from water
NF90,NF,Dipyrone,169.6,20.0,5.0,23.0,0.5,0.5,,333.345,100,0.445,0.654,0.3879236247795147,0.34,3.8,,-27.29,,41.4,-0.01986742051909789,-0.9406490568972325,25.670312762725477,,88.47,42.0,Assessing potential of nanofilltration and reverse osmosis for removal of toxic pharmaceuticals from water
NF90,NF,Dipyrone,169.6,20.0,7.0,23.0,0.5,0.5,,333.345,100,0.445,0.654,0.3879236247795147,0.34,3.8,,-27.29,,41.4,-0.01986742051909789,-0.99936944051166,27.2727920315632,,90.94,42.0,Assessing potential of nanofilltration and reverse osmosis for removal of toxic pharmaceuticals from water
NF90,NF,Ibuprofen,42.4,5.0,4.0,23.0,0.5,0.5,,206.284999999999,100,0.378,0.659,0.3727263864585965,0.34,5.2,,-27.29,3.97,41.4,-0.009264847496863387,-0.05935094310276757,1.6196872372745268,3.7774347092586624,94.44,43.0,Assessing potential of nanofilltration and reverse osmosis for removal of toxic pharmaceuticals from water
NF90,NF,Ibuprofen,42.4,5.0,5.0,23.0,0.5,0.5,,206.284999999999,100,0.378,0.659,0.3727263864585965,0.34,5.2,,-27.29,3.97,41.4,-0.009264847496863387,-0.38686317984685686,10.557496178020724,2.7148148789255773,96.62,43.0,Assessing potential of nanofilltration and reverse osmosis for removal of toxic pharmaceuticals from water
NF90,NF,Ibuprofen,42.4,5.0,7.0,23.0,0.5,0.5,,206.284999999999,100,0.378,0.659,0.3727263864585965,0.34,5.2,,-27.29,3.97,41.4,-0.009264847496863387,-0.9843983377581704,26.86423063742047,0.7761004222382355,92.37,43.0,Assessing potential of nanofilltration and reverse osmosis for removal of toxic pharmaceuticals from water
NF90,NF,Ibuprofen,84.8,10.0,4.0,23.0,0.5,0.5,,206.284999999999,100,0.378,0.659,0.3727263864585965,0.34,5.2,,-27.29,3.97,41.4,-0.009264847496863387,-0.05935094310276757,1.6196872372745268,3.7774347092586624,95.79,43.0,Assessing potential of nanofilltration and reverse osmosis for removal of toxic pharmaceuticals from water
NF90,NF,Ibuprofen,84.8,10.0,5.0,23.0,0.5,0.5,,206.284999999999,100,0.378,0.659,0.3727263864585965,0.34,5.2,,-27.29,3.97,41.4,-0.009264847496863387,-0.38686317984685686,10.557496178020724,2.7148148789255773,97.66,43.0,Assessing potential of nanofilltration and reverse osmosis for removal of toxic pharmaceuticals from water
NF90,NF,Ibuprofen,84.8,10.0,7.0,23.0,0.5,0.5,,206.284999999999,100,0.378,0.659,0.3727263864585965,0.34,5.2,,-27.29,3.97,41.4,-0.009264847496863387,-0.9843983377581704,26.86423063742047,0.7761004222382355,93.79,43.0,Assessing potential of nanofilltration and reverse osmosis for removal of toxic pharmaceuticals from water
NF90,NF,Ibuprofen,127.2,15.0,4.0,23.0,0.5,0.5,,206.284999999999,100,0.378,0.659,0.3727263864585965,0.34,5.2,,-27.29,3.97,41.4,-0.009264847496863387,-0.05935094310276757,1.6196872372745268,3.7774347092586624,96.74,43.0,Assessing potential of nanofilltration and reverse osmosis for removal of toxic pharmaceuticals from water
NF90,NF,Ibuprofen,127.2,15.0,5.0,23.0,0.5,0.5,,206.284999999999,100,0.378,0.659,0.3727263864585965,0.34,5.2,,-27.29,3.97,41.4,-0.009264847496863387,-0.38686317984685686,10.557496178020724,2.7148148789255773,97.85,43.0,Assessing potential of nanofilltration and reverse osmosis for removal of toxic pharmaceuticals from water
NF90,NF,Ibuprofen,127.2,15.0,7.0,23.0,0.5,0.5,,206.284999999999,100,0.378,0.659,0.3727263864585965,0.34,5.2,,-27.29,3.97,41.4,-0.009264847496863387,-0.9843983377581704,26.86423063742047,0.7761004222382355,95.43,43.0,Assessing potential of nanofilltration and reverse osmosis for removal of toxic pharmaceuticals from water
NF90,NF,Ibuprofen,169.6,20.0,4.0,23.0,0.5,0.5,,206.284999999999,100,0.378,0.659,0.3727263864585965,0.34,5.2,,-27.29,3.97,41.4,-0.009264847496863387,-0.05935094310276757,1.6196872372745268,3.7774347092586624,96.46,43.0,Assessing potential of nanofilltration and reverse osmosis for removal of toxic pharmaceuticals from water
NF90,NF,Ibuprofen,169.6,20.0,5.0,23.0,0.5,0.5,,206.284999999999,100,0.378,0.659,0.3727263864585965,0.34,5.2,,-27.29,3.97,41.4,-0.009264847496863387,-0.38686317984685686,10.557496178020724,2.7148148789255773,97.97,43.0,Assessing potential of nanofilltration and reverse osmosis for removal of toxic pharmaceuticals from water
NF90,NF,Ibuprofen,169.6,20.0,7.0,23.0,0.5,0.5,,206.284999999999,100,0.378,0.659,0.3727263864585965,0.34,5.2,,-27.29,3.97,41.4,-0.009264847496863387,-0.9843983377581704,26.86423063742047,0.7761004222382355,96.08,43.0,Assessing potential of nanofilltration and reverse osmosis for removal of toxic pharmaceuticals from water
BW30,RO,Phenol,79.16364516,20.0,7.0,20.0,0.5,0.470565,9.8,94.1129999999999,100,0.33999999999999997,0.396,0.21220696282859047,,10.02,,-16.26,1.67,76.0,,-0.0009540814453147002,0.015513364300817028,1.67,69.46,44.0,Comparison of flux behavior and synthetic organic compound removal by forward osmosis and reverse osmosis membranes
BW30,RO,4-Chlorophenol,79.16364516,20.0,7.0,20.0,0.5,0.6428,9.8,128.558,100,0.339,0.457,0.23619828329425094,,9.41,,-16.26,2.39,76.0,,-0.0038753744936250076,0.06301358926634262,2.39,82.76,44.0,Comparison of flux behavior and synthetic organic compound removal by forward osmosis and reverse osmosis membranes
BW30,RO,Sulfamethoxazole,79.16364516,20.0,7.0,20.0,0.5,1.2664,9.8,253.283,100,0.54,0.588,0.3153427582941809,,1.6,5.7,-16.26,0.89,76.0,,-1.8590971335596065,30.228919391679206,-0.16891321364232847,92.61,44.0,Comparison of flux behavior and synthetic organic compound removal by forward osmosis and reverse osmosis membranes
BW30,RO,Carbamazepine,79.16364516,20.0,7.0,20.0,0.5,1.18137,9.8,236.274,100,0.44800000000000006,0.576,0.33345165595786874,,13.9,,-16.26,2.45,76.0,,0.0,0.0,2.45,95.57,44.0,Comparison of flux behavior and synthetic organic compound removal by forward osmosis and reverse osmosis membranes
BW30,RO,Atrazine,79.16364516,20.0,7.0,20.0,0.5,1.07845,9.8,215.688,100,0.479,0.636,0.32121518285214035,,1.7,,-16.26,2.61,76.0,,-0.9999949881527824,16.259918507364244,2.660003760889863,96.06,44.0,Comparison of flux behavior and synthetic organic compound removal by forward osmosis and reverse osmosis membranes
BW30,RO,17α-Ethynilestradiol,79.16364516,20.0,7.0,20.0,0.5,1.48205,9.8,296.41,100,0.44400000000000006,0.72,0.3945213448379869,,10.33,,-16.26,3.67,76.0,,-0.00046751646740626133,0.00760181776002581,3.67,98.52,44.0,Comparison of flux behavior and synthetic organic compound removal by forward osmosis and reverse osmosis membranes
BW30,RO,Perﬂuorooctane sulfonate,54.583333337819994,13.79,4.0,25.0,24.0,10.0,20.0,212.285999999999,180,0.404,0.689,,,-3.27,,32.9858,6.28,76.0,,-0.9999999462968232,-32.98579822855775,0.660000296979713,99.71,45.0,Effect of Flux (Transmembrane Pressure) and Membrane Properties on Fouling and Rejection of Reverse Osmosis and Nanofiltration Membranes Treating Perfluorooctane Sulfonate Containing Wastewater
BW30,RO,Perﬂuorooctane sulfonate,54.583333337819994,13.79,4.0,25.0,6.0,10.0,20.0,212.285999999999,180,0.404,0.689,,,-3.27,,27.2986,6.28,76.0,,-0.9999999462968232,-27.29859853397846,0.660000296979713,99.72,45.0,Effect of Flux (Transmembrane Pressure) and Membrane Properties on Fouling and Rejection of Reverse Osmosis and Nanofiltration Membranes Treating Perfluorooctane Sulfonate Containing Wastewater
BW30,RO,Perﬂuorooctane sulfonate,54.583333337819994,13.79,4.0,25.0,1.0,10.0,20.0,212.285999999999,180,0.404,0.689,,,-3.27,,32.4171,6.28,76.0,,-0.9999999462968232,-32.41709825909874,0.660000296979713,99.79,45.0,Effect of Flux (Transmembrane Pressure) and Membrane Properties on Fouling and Rejection of Reverse Osmosis and Nanofiltration Membranes Treating Perfluorooctane Sulfonate Containing Wastewater
BW30,RO,Perﬂuorooctane sulfonate,54.583333337819994,13.79,4.0,25.0,96.0,10.0,20.0,212.285999999999,180,0.404,0.689,,,-3.27,,26.0,6.28,76.0,,-0.9999999462968232,-25.999998603717405,0.660000296979713,99.83,45.0,Effect of Flux (Transmembrane Pressure) and Membrane Properties on Fouling and Rejection of Reverse Osmosis and Nanofiltration Membranes Treating Perfluorooctane Sulfonate Containing Wastewater
DK,NF,Perﬂuorooctane sulfonate,76.25000000000001,13.79,4.0,25.0,6.0,10.0,20.0,212.285999999999,330,0.404,0.689,,0.48,-3.27,,7.4,6.28,40.6,,-0.9999999462968232,-7.399999602596492,0.660000296979713,96.03,45.0,Effect of Flux (Transmembrane Pressure) and Membrane Properties on Fouling and Rejection of Reverse Osmosis and Nanofiltration Membranes Treating Perfluorooctane Sulfonate Containing Wastewater
DK,NF,Perﬂuorooctane sulfonate,76.25000000000001,13.79,4.0,25.0,24.0,10.0,20.0,212.285999999999,330,0.404,0.689,,0.48,-3.27,,7.4,6.28,40.6,,-0.9999999462968232,-7.399999602596492,0.660000296979713,96.75,45.0,Effect of Flux (Transmembrane Pressure) and Membrane Properties on Fouling and Rejection of Reverse Osmosis and Nanofiltration Membranes Treating Perfluorooctane Sulfonate Containing Wastewater
DK,NF,Perﬂuorooctane sulfonate,76.25000000000001,13.79,4.0,25.0,1.0,10.0,20.0,212.285999999999,330,0.404,0.689,,0.48,-3.27,,7.4,6.28,40.6,,-0.9999999462968232,-7.399999602596492,0.660000296979713,97.42,45.0,Effect of Flux (Transmembrane Pressure) and Membrane Properties on Fouling and Rejection of Reverse Osmosis and Nanofiltration Membranes Treating Perfluorooctane Sulfonate Containing Wastewater
DK,NF,Perﬂuorooctane sulfonate,76.25000000000001,13.79,4.0,25.0,96.0,10.0,20.0,212.285999999999,330,0.404,0.689,,0.48,-3.27,,7.4,6.28,40.6,,-0.9999999462968232,-7.399999602596492,0.660000296979713,98.88,45.0,Effect of Flux (Transmembrane Pressure) and Membrane Properties on Fouling and Rejection of Reverse Osmosis and Nanofiltration Membranes Treating Perfluorooctane Sulfonate Containing Wastewater
LFC1,RO,Perﬂuorooctane sulfonate,32.08333333333334,13.79,4.0,25.0,6.0,10.0,20.0,212.285999999999,100,0.404,0.689,,,-3.27,,4.0,6.28,78.0,,-0.9999999462968232,-3.999999785187293,0.660000296979713,99.77,45.0,Effect of Flux (Transmembrane Pressure) and Membrane Properties on Fouling and Rejection of Reverse Osmosis and Nanofiltration Membranes Treating Perfluorooctane Sulfonate Containing Wastewater
LFC1,RO,Perﬂuorooctane sulfonate,32.08333333333334,13.79,4.0,25.0,24.0,10.0,20.0,212.285999999999,100,0.404,0.689,,,-3.27,,4.0,6.28,78.0,,-0.9999999462968232,-3.999999785187293,0.660000296979713,99.85,45.0,Effect of Flux (Transmembrane Pressure) and Membrane Properties on Fouling and Rejection of Reverse Osmosis and Nanofiltration Membranes Treating Perfluorooctane Sulfonate Containing Wastewater
LFC1,RO,Perﬂuorooctane sulfonate,32.08333333333334,13.79,4.0,25.0,1.0,10.0,20.0,212.285999999999,100,0.404,0.689,,,-3.27,,4.0,6.28,78.0,,-0.9999999462968232,-3.999999785187293,0.660000296979713,99.87,45.0,Effect of Flux (Transmembrane Pressure) and Membrane Properties on Fouling and Rejection of Reverse Osmosis and Nanofiltration Membranes Treating Perfluorooctane Sulfonate Containing Wastewater
LFC1,RO,Perﬂuorooctane sulfonate,32.08333333333334,13.79,4.0,25.0,96.0,10.0,20.0,212.285999999999,100,0.404,0.689,,,-3.27,,23.0,6.28,78.0,,-0.9999999462968232,-22.999998764826934,0.660000296979713,99.9,45.0,Effect of Flux (Transmembrane Pressure) and Membrane Properties on Fouling and Rejection of Reverse Osmosis and Nanofiltration Membranes Treating Perfluorooctane Sulfonate Containing Wastewater
NF270,NF,Perﬂuorooctane sulfonate,209.608,13.79,4.0,25.0,1.0,10.0,20.0,212.285999999999,250,0.404,0.689,,0.42,-3.27,,-5.6,6.28,73.16,,-0.9999999462968232,5.599999699262209,0.660000296979713,82.43,45.0,Effect of Flux (Transmembrane Pressure) and Membrane Properties on Fouling and Rejection of Reverse Osmosis and Nanofiltration Membranes Treating Perfluorooctane Sulfonate Containing Wastewater
NF270,NF,Perﬂuorooctane sulfonate,209.608,13.79,4.0,25.0,6.0,10.0,20.0,212.285999999999,250,0.404,0.689,,0.42,-3.27,,-5.6,6.28,73.16,,-0.9999999462968232,5.599999699262209,0.660000296979713,86.96,45.0,Effect of Flux (Transmembrane Pressure) and Membrane Properties on Fouling and Rejection of Reverse Osmosis and Nanofiltration Membranes Treating Perfluorooctane Sulfonate Containing Wastewater
NF270,NF,Perﬂuorooctane sulfonate,209.608,13.79,4.0,25.0,24.0,10.0,20.0,212.285999999999,250,0.404,0.689,,0.42,-3.27,,-5.6,6.28,73.16,,-0.9999999462968232,5.599999699262209,0.660000296979713,94.92,45.0,Effect of Flux (Transmembrane Pressure) and Membrane Properties on Fouling and Rejection of Reverse Osmosis and Nanofiltration Membranes Treating Perfluorooctane Sulfonate Containing Wastewater
NF270,NF,Perﬂuorooctane sulfonate,209.608,13.79,4.0,25.0,96.0,10.0,20.0,212.285999999999,250,0.404,0.689,,0.42,-3.27,,-5.6,6.28,73.16,,-0.9999999462968232,5.599999699262209,0.660000296979713,97.11,45.0,Effect of Flux (Transmembrane Pressure) and Membrane Properties on Fouling and Rejection of Reverse Osmosis and Nanofiltration Membranes Treating Perfluorooctane Sulfonate Containing Wastewater
NF90,NF,Perﬂuorooctane sulfonate,116.9392,13.79,4.0,25.0,6.0,10.0,20.0,212.285999999999,100,0.404,0.689,,0.34,-3.27,,24.6,6.28,54.1,,-0.9999999462968232,-24.59999867890185,0.660000296979713,98.59,45.0,Effect of Flux (Transmembrane Pressure) and Membrane Properties on Fouling and Rejection of Reverse Osmosis and Nanofiltration Membranes Treating Perfluorooctane Sulfonate Containing Wastewater
NF90,NF,Perﬂuorooctane sulfonate,116.9392,13.79,4.0,25.0,1.0,10.0,20.0,212.285999999999,100,0.404,0.689,,0.34,-3.27,,24.6,6.28,54.1,,-0.9999999462968232,-24.59999867890185,0.660000296979713,99.1,45.0,Effect of Flux (Transmembrane Pressure) and Membrane Properties on Fouling and Rejection of Reverse Osmosis and Nanofiltration Membranes Treating Perfluorooctane Sulfonate Containing Wastewater
NF90,NF,Perﬂuorooctane sulfonate,116.9392,13.79,4.0,25.0,24.0,10.0,20.0,212.285999999999,100,0.404,0.689,,0.34,-3.27,,24.6,6.28,54.1,,-0.9999999462968232,-24.59999867890185,0.660000296979713,99.31,45.0,Effect of Flux (Transmembrane Pressure) and Membrane Properties on Fouling and Rejection of Reverse Osmosis and Nanofiltration Membranes Treating Perfluorooctane Sulfonate Containing Wastewater
NF90,NF,Perﬂuorooctane sulfonate,116.9392,13.79,4.0,25.0,96.0,10.0,20.0,212.285999999999,100,0.404,0.689,,0.34,-3.27,,38.0,6.28,54.1,,-0.9999999462968232,-37.999997959279284,0.660000296979713,99.52,45.0,Effect of Flux (Transmembrane Pressure) and Membrane Properties on Fouling and Rejection of Reverse Osmosis and Nanofiltration Membranes Treating Perfluorooctane Sulfonate Containing Wastewater
NF270,NF,Carbamazepine,104.88,6.9,3.0,25.0,0.5,0.8,100.0,236.274,180,0.44800000000000006,0.576,0.33345165595786874,0.42,13.9,,-42.7,2.45,64.1,0.04246380870994964,-1.2589254117783152e-11,5.375611508293406e-10,2.45,69.95,46.0,Effect of silica fouling on the removal of pharmaceuticals and personal care products by nanofilltration and reverse osmosis membranes
NF270,NF,Carbamazepine,104.88,6.9,5.0,25.0,0.5,0.8,100.0,236.274,180,0.44800000000000006,0.576,0.33345165595786874,0.42,13.9,,-42.7,2.45,64.1,0.04246380870994964,-1.2589254102092692e-09,5.3756115015935795e-08,2.45,75.55,46.0,Effect of silica fouling on the removal of pharmaceuticals and personal care products by nanofilltration and reverse osmosis membranes
NF270,NF,Carbamazepine,104.88,6.9,8.0,25.0,0.5,0.8,100.0,236.274,180,0.44800000000000006,0.576,0.33345165595786874,0.42,13.9,,-42.7,2.45,64.1,0.04246380870994964,-1.2589238269029671e-06,5.37560474087567e-05,2.45,33.29,46.0,Effect of silica fouling on the removal of pharmaceuticals and personal care products by nanofilltration and reverse osmosis membranes
NF270,NF,Carbamazepine,104.88,6.9,10.0,25.0,0.5,0.8,100.0,236.274,180,0.44800000000000006,0.576,0.33345165595786874,0.42,13.9,,-42.7,2.45,64.1,0.04246380870994964,-0.00012587669424250303,0.005374934844154879,2.45,16.08,46.0,Effect of silica fouling on the removal of pharmaceuticals and personal care products by nanofilltration and reverse osmosis membranes
NF270,NF,Ibuprofen,104.88,6.9,3.0,25.0,0.5,0.8,100.0,206.284999999999,180,0.378,0.659,0.3727263864585965,0.42,5.2,,-42.7,3.97,64.1,0.012668903272460126,-0.006270012341433834,0.2677295269792247,3.9496568228513342,23.22,47.0,Effect of silica fouling on the removal of pharmaceuticals and personal care products by nanofilltration and reverse osmosis membranes
NF270,NF,Ibuprofen,104.88,6.9,5.0,25.0,0.5,0.8,100.0,206.284999999999,180,0.378,0.659,0.3727263864585965,0.42,5.2,,-42.7,3.97,64.1,0.012668903272460126,-0.38686317984685686,16.519057779460788,2.7148148789255773,86.95,47.0,Effect of silica fouling on the removal of pharmaceuticals and personal care products by nanofilltration and reverse osmosis membranes
NF270,NF,Ibuprofen,104.88,6.9,8.0,25.0,0.5,0.8,100.0,206.284999999999,180,0.378,0.659,0.3727263864585965,0.42,5.2,,-42.7,3.97,64.1,0.012668903272460126,-0.9984176147191982,42.632432148509764,0.7306146051163545,91.05,47.0,Effect of silica fouling on the removal of pharmaceuticals and personal care products by nanofilltration and reverse osmosis membranes
NF270,NF,Ibuprofen,104.88,6.9,10.0,25.0,0.5,0.8,100.0,206.284999999999,180,0.378,0.659,0.3727263864585965,0.42,5.2,,-42.7,3.97,64.1,0.012668903272460126,-0.99998415131926,42.6993232613324,0.7255319466095553,86.36,47.0,Effect of silica fouling on the removal of pharmaceuticals and personal care products by nanofilltration and reverse osmosis membranes
NF270,NF,Sulfadiazine,104.88,6.9,3.0,25.0,0.5,0.8,100.0,250.283,180,0.453,0.612,0.3093115947296739,0.42,6.36,,-42.7,-0.09,64.1,0.06945534615242602,-0.0004363253693084541,0.018631093269470992,-0.09,54.5,48.0,Effect of silica fouling on the removal of pharmaceuticals and personal care products by nanofilltration and reverse osmosis membranes
NF270,NF,Sulfadiazine,104.88,6.9,5.0,25.0,0.5,0.8,100.0,250.283,180,0.453,0.612,0.3093115947296739,0.42,6.36,,-42.7,-0.09,64.1,0.06945534615242602,-0.041825819962989376,1.7859625124196465,-0.09,65.89,48.0,Effect of silica fouling on the removal of pharmaceuticals and personal care products by nanofilltration and reverse osmosis membranes
NF270,NF,Sulfadiazine,104.88,6.9,8.0,25.0,0.5,0.8,100.0,250.283,180,0.453,0.612,0.3093115947296739,0.42,6.36,,-42.7,-0.09,64.1,0.06945534615242602,-0.9776043775428295,41.74370692107882,-0.09,78.4,48.0,Effect of silica fouling on the removal of pharmaceuticals and personal care products by nanofilltration and reverse osmosis membranes
NF270,NF,Sulfadiazine,104.88,6.9,10.0,25.0,0.5,0.8,100.0,250.283,180,0.453,0.612,0.3093115947296739,0.42,6.36,,-42.7,-0.09,64.1,0.06945534615242602,-0.9997709657034494,42.69022023553729,-0.09,89.98,48.0,Effect of silica fouling on the removal of pharmaceuticals and personal care products by nanofilltration and reverse osmosis membranes
NF270,NF,Sulfamethazine,104.88,6.9,3.0,25.0,0.5,0.8,100.0,278.337,180,0.49000000000000005,0.704,0.33697261889209035,0.42,2.65,7.65,-42.7,0.89,64.1,0.039079059034229424,0.9998773842322598,-42.694764306717495,0.89,87.27,49.0,Effect of silica fouling on the removal of pharmaceuticals and personal care products by nanofilltration and reverse osmosis membranes
NF270,NF,Sulfamethazine,104.88,6.9,5.0,25.0,0.5,0.8,100.0,278.337,180,0.49000000000000005,0.704,0.33697261889209035,0.42,2.65,7.65,-42.7,0.89,64.1,0.039079059034229424,0.3317840594619896,-14.167179339026957,0.89,88.19,49.0,Effect of silica fouling on the removal of pharmaceuticals and personal care products by nanofilltration and reverse osmosis membranes
NF270,NF,Sulfamethazine,104.88,6.9,8.0,25.0,0.5,0.8,100.0,278.337,180,0.49000000000000005,0.704,0.33697261889209035,0.42,2.65,7.65,-42.7,0.89,64.1,0.039079059034229424,-0.9999915426941004,42.69963887303809,0.89,69.87,49.0,Effect of silica fouling on the removal of pharmaceuticals and personal care products by nanofilltration and reverse osmosis membranes
NF270,NF,Sulfamethazine,104.88,6.9,10.0,25.0,0.5,0.8,100.0,278.337,180,0.49000000000000005,0.704,0.33697261889209035,0.42,2.65,7.65,-42.7,0.89,64.1,0.039079059034229424,-0.9999999549325904,42.699998075621615,0.89,92.28,49.0,Effect of silica fouling on the removal of pharmaceuticals and personal care products by nanofilltration and reverse osmosis membranes
NF270,NF,Sulfamethoxazole,104.88,6.9,3.0,25.0,0.5,0.8,100.0,253.283,180,0.54,0.588,0.3153427582941809,0.42,1.6,5.7,-42.7,0.89,64.1,0.06209262041649797,0.036294168343124746,-1.5497609882514267,0.9106726016316897,25.03,50.0,Effect of silica fouling on the removal of pharmaceuticals and personal care products by nanofilltration and reverse osmosis membranes
NF270,NF,Sulfamethoxazole,104.88,6.9,5.0,25.0,0.5,0.8,100.0,253.283,180,0.54,0.588,0.3153427582941809,0.42,1.6,5.7,-42.7,0.89,64.1,0.06209262041649797,-0.19360956147006436,8.267128274771748,0.7797229632452798,53.24,50.0,Effect of silica fouling on the removal of pharmaceuticals and personal care products by nanofilltration and reverse osmosis membranes
NF270,NF,Sulfamethoxazole,104.88,6.9,8.0,25.0,0.5,0.8,100.0,253.283,180,0.54,0.588,0.3153427582941809,0.42,1.6,5.7,-42.7,0.89,64.1,0.06209262041649797,-1.9850642268231864,84.76224248535007,-0.2406621379632018,85.19,50.0,Effect of silica fouling on the removal of pharmaceuticals and personal care products by nanofilltration and reverse osmosis membranes
NF270,NF,Sulfamethoxazole,104.88,6.9,10.0,25.0,0.5,0.8,100.0,253.283,180,0.54,0.588,0.3153427582941809,0.42,1.6,5.7,-42.7,0.89,64.1,0.06209262041649797,-1.9998496538762298,85.39358022051502,-0.24908369044326772,88.54,50.0,Effect of silica fouling on the removal of pharmaceuticals and personal care products by nanofilltration and reverse osmosis membranes
NF270,NF,Triclosan,104.88,6.9,3.0,25.0,0.5,0.8,100.0,289.544999999999,180,0.417,0.655,0.33363696709333546,0.42,7.9,,-42.7,4.76,64.1,0.042282162431052255,-1.258909563061765e-05,0.0005375543834273737,0.0,60.67,51.0,Effect of silica fouling on the removal of pharmaceuticals and personal care products by nanofilltration and reverse osmosis membranes
NF270,NF,Triclosan,104.88,6.9,5.0,25.0,0.5,0.8,100.0,289.544999999999,180,0.417,0.655,0.33363696709333546,0.42,7.9,,-42.7,4.76,64.1,0.042282162431052255,-0.0012573425113552908,0.05368852523487092,0.0,62.52,51.0,Effect of silica fouling on the removal of pharmaceuticals and personal care products by nanofilltration and reverse osmosis membranes
NF270,NF,Triclosan,104.88,6.9,8.0,25.0,0.5,0.8,100.0,289.544999999999,180,0.417,0.655,0.33363696709333546,0.42,7.9,,-42.7,4.76,64.1,0.042282162431052255,-0.5573116337622925,23.797206761649893,0.0,37.65,51.0,Effect of silica fouling on the removal of pharmaceuticals and personal care products by nanofilltration and reverse osmosis membranes
NF270,NF,Triclosan,104.88,6.9,10.0,25.0,0.5,0.8,100.0,289.544999999999,180,0.417,0.655,0.33363696709333546,0.42,7.9,,-42.7,4.76,64.1,0.042282162431052255,-0.9921193161496697,42.3634947995909,0.0,43.81,51.0,Effect of silica fouling on the removal of pharmaceuticals and personal care products by nanofilltration and reverse osmosis membranes
NF90,NF,Carbamazepine,58.51200000000001,6.9,3.0,25.0,0.5,0.8,100.0,236.274,330,0.44800000000000006,0.576,0.33345165595786874,0.34,13.9,,-27.29,2.45,63.2,0.0003709412603297269,-1.2589254117783152e-11,3.435607448743022e-10,2.45,71.67,52.0,Effect of silica fouling on the removal of pharmaceuticals and personal care products by nanofilltration and reverse osmosis membranes
NF90,NF,Carbamazepine,58.51200000000001,6.9,5.0,25.0,0.5,0.8,100.0,236.274,330,0.44800000000000006,0.576,0.33345165595786874,0.34,13.9,,-27.29,2.45,63.2,0.0003709412603297269,-1.2589254102092692e-09,3.435607444461095e-08,2.45,68.29,52.0,Effect of silica fouling on the removal of pharmaceuticals and personal care products by nanofilltration and reverse osmosis membranes
NF90,NF,Carbamazepine,58.51200000000001,6.9,8.0,25.0,0.5,0.8,100.0,236.274,330,0.44800000000000006,0.576,0.33345165595786874,0.34,13.9,,-27.29,2.45,63.2,0.0003709412603297269,-1.2589238269029671e-06,3.435603123618197e-05,2.45,65.85,52.0,Effect of silica fouling on the removal of pharmaceuticals and personal care products by nanofilltration and reverse osmosis membranes
NF90,NF,Carbamazepine,58.51200000000001,6.9,10.0,25.0,0.5,0.8,100.0,236.274,330,0.44800000000000006,0.576,0.33345165595786874,0.34,13.9,,-27.29,2.45,63.2,0.0003709412603297269,-0.00012587669424250303,0.0034351749858779076,2.45,89.12,52.0,Effect of silica fouling on the removal of pharmaceuticals and personal care products by nanofilltration and reverse osmosis membranes
NF90,NF,Ibuprofen,58.51200000000001,6.9,3.0,25.0,0.5,0.8,100.0,206.284999999999,330,0.378,0.659,0.3727263864585965,0.34,5.2,,-27.29,3.97,63.2,-0.009264847496863387,-0.006270012341433834,0.1711086367977293,3.9496568228513342,66.79,53.0,Effect of silica fouling on the removal of pharmaceuticals and personal care products by nanofilltration and reverse osmosis membranes
NF90,NF,Ibuprofen,58.51200000000001,6.9,5.0,25.0,0.5,0.8,100.0,206.284999999999,330,0.378,0.659,0.3727263864585965,0.34,5.2,,-27.29,3.97,63.2,-0.009264847496863387,-0.38686317984685686,10.557496178020724,2.7148148789255773,73.36,53.0,Effect of silica fouling on the removal of pharmaceuticals and personal care products by nanofilltration and reverse osmosis membranes
NF90,NF,Ibuprofen,58.51200000000001,6.9,8.0,25.0,0.5,0.8,100.0,206.284999999999,330,0.378,0.659,0.3727263864585965,0.34,5.2,,-27.29,3.97,63.2,-0.009264847496863387,-0.9984176147191982,27.246816705686918,0.7306146051163545,78.42,53.0,Effect of silica fouling on the removal of pharmaceuticals and personal care products by nanofilltration and reverse osmosis membranes
NF90,NF,Ibuprofen,58.51200000000001,6.9,10.0,25.0,0.5,0.8,100.0,206.284999999999,330,0.378,0.659,0.3727263864585965,0.34,5.2,,-27.29,3.97,63.2,-0.009264847496863387,-0.99998415131926,27.289567489502605,0.7255319466095553,96.06,53.0,Effect of silica fouling on the removal of pharmaceuticals and personal care products by nanofilltration and reverse osmosis membranes
NF90,NF,Sulfadiazine,58.51200000000001,6.9,3.0,25.0,0.5,0.8,100.0,250.283,330,0.453,0.612,0.3093115947296739,0.34,6.36,,-27.29,-0.09,63.2,0.008146870398233393,-0.0004363253693084541,0.011907319328427712,-0.09,73.55,54.0,Effect of silica fouling on the removal of pharmaceuticals and personal care products by nanofilltration and reverse osmosis membranes
NF90,NF,Sulfadiazine,58.51200000000001,6.9,5.0,25.0,0.5,0.8,100.0,250.283,330,0.453,0.612,0.3093115947296739,0.34,6.36,,-27.29,-0.09,63.2,0.008146870398233393,-0.041825819962989376,1.14142662678998,-0.09,73.55,54.0,Effect of silica fouling on the removal of pharmaceuticals and personal care products by nanofilltration and reverse osmosis membranes
NF90,NF,Sulfadiazine,58.51200000000001,6.9,8.0,25.0,0.5,0.8,100.0,250.283,330,0.453,0.612,0.3093115947296739,0.34,6.36,,-27.29,-0.09,63.2,0.008146870398233393,-0.9776043775428295,26.678823463143814,-0.09,79.55,54.0,Effect of silica fouling on the removal of pharmaceuticals and personal care products by nanofilltration and reverse osmosis membranes
NF90,NF,Sulfadiazine,58.51200000000001,6.9,10.0,25.0,0.5,0.8,100.0,250.283,330,0.453,0.612,0.3093115947296739,0.34,6.36,,-27.29,-0.09,63.2,0.008146870398233393,-0.9997709657034494,27.28374965404713,-0.09,96.81,54.0,Effect of silica fouling on the removal of pharmaceuticals and personal care products by nanofilltration and reverse osmosis membranes
NF90,NF,Sulfamethazine,58.51200000000001,6.9,3.0,25.0,0.5,0.8,100.0,278.337,330,0.49000000000000005,0.704,0.33697261889209035,0.34,2.65,7.65,-27.29,0.89,63.2,7.928232156166432e-05,0.9998773842322598,-27.28665381569837,0.89,74.67,55.0,Effect of silica fouling on the removal of pharmaceuticals and personal care products by nanofilltration and reverse osmosis membranes
NF90,NF,Sulfamethazine,58.51200000000001,6.9,5.0,25.0,0.5,0.8,100.0,278.337,330,0.49000000000000005,0.704,0.33697261889209035,0.34,2.65,7.65,-27.29,0.89,63.2,7.928232156166432e-05,0.3317840594619896,-9.054386982717695,0.89,72.8,55.0,Effect of silica fouling on the removal of pharmaceuticals and personal care products by nanofilltration and reverse osmosis membranes
NF90,NF,Sulfamethazine,58.51200000000001,6.9,8.0,25.0,0.5,0.8,100.0,278.337,330,0.49000000000000005,0.704,0.33697261889209035,0.34,2.65,7.65,-27.29,0.89,63.2,7.928232156166432e-05,-0.9999915426941004,27.289769200122,0.89,75.8,55.0,Effect of silica fouling on the removal of pharmaceuticals and personal care products by nanofilltration and reverse osmosis membranes
NF90,NF,Sulfamethazine,58.51200000000001,6.9,10.0,25.0,0.5,0.8,100.0,278.337,330,0.49000000000000005,0.704,0.33697261889209035,0.34,2.65,7.65,-27.29,0.89,63.2,7.928232156166432e-05,-0.9999999549325904,27.28999877011039,0.89,96.44,55.0,Effect of silica fouling on the removal of pharmaceuticals and personal care products by nanofilltration and reverse osmosis membranes
NF90,NF,Sulfamethoxazole,58.51200000000001,6.9,3.0,25.0,0.5,0.8,100.0,253.283,330,0.54,0.588,0.3153427582941809,0.34,1.6,5.7,-27.29,0.89,63.2,0.0052593388281936505,0.036294168343124746,-0.9904678540838743,0.9106726016316897,69.61,56.0,Effect of silica fouling on the removal of pharmaceuticals and personal care products by nanofilltration and reverse osmosis membranes
NF90,NF,Sulfamethoxazole,58.51200000000001,6.9,5.0,25.0,0.5,0.8,100.0,253.283,330,0.54,0.588,0.3153427582941809,0.34,1.6,5.7,-27.29,0.89,63.2,0.0052593388281936505,-0.19360956147006436,5.283604932518056,0.7797229632452798,74.3,56.0,Effect of silica fouling on the removal of pharmaceuticals and personal care products by nanofilltration and reverse osmosis membranes
NF90,NF,Sulfamethoxazole,58.51200000000001,6.9,8.0,25.0,0.5,0.8,100.0,253.283,330,0.54,0.588,0.3153427582941809,0.34,1.6,5.7,-27.29,0.89,63.2,0.0052593388281936505,-1.9850642268231864,54.17240275000476,-0.2406621379632018,79.55,56.0,Effect of silica fouling on the removal of pharmaceuticals and personal care products by nanofilltration and reverse osmosis membranes
NF90,NF,Sulfamethoxazole,58.51200000000001,6.9,10.0,25.0,0.5,0.8,100.0,253.283,330,0.54,0.588,0.3153427582941809,0.34,1.6,5.7,-27.29,0.89,63.2,0.0052593388281936505,-1.9998496538762298,54.57589705428231,-0.24908369044326772,96.62,56.0,Effect of silica fouling on the removal of pharmaceuticals and personal care products by nanofilltration and reverse osmosis membranes
NF90,NF,Triclosan,58.51200000000001,6.9,3.0,25.0,0.5,0.8,100.0,289.544999999999,330,0.417,0.655,0.33363696709333546,0.34,7.9,,-27.29,4.76,63.2,0.0003502438388520422,-1.258909563061765e-05,0.00034355641975955563,0.0,74.3,57.0,Effect of silica fouling on the removal of pharmaceuticals and personal care products by nanofilltration and reverse osmosis membranes
NF90,NF,Triclosan,58.51200000000001,6.9,5.0,25.0,0.5,0.8,100.0,289.544999999999,330,0.417,0.655,0.33363696709333546,0.34,7.9,,-27.29,4.76,63.2,0.0003502438388520422,-0.0012573425113552908,0.034312877134885886,0.0,74.3,57.0,Effect of silica fouling on the removal of pharmaceuticals and personal care products by nanofilltration and reverse osmosis membranes
NF90,NF,Triclosan,58.51200000000001,6.9,8.0,25.0,0.5,0.8,100.0,289.544999999999,330,0.417,0.655,0.33363696709333546,0.34,7.9,,-27.29,4.76,63.2,0.0003502438388520422,-0.5573116337622925,15.209034485372962,0.0,57.04,57.0,Effect of silica fouling on the removal of pharmaceuticals and personal care products by nanofilltration and reverse osmosis membranes
NF90,NF,Triclosan,58.51200000000001,6.9,10.0,25.0,0.5,0.8,,289.544999999999,330,0.417,0.655,0.33363696709333546,0.34,7.9,,-27.29,4.76,63.2,0.0003502438388520422,-0.9921193161496697,27.074936137724485,0.0,91.56,57.0,Effect of silica fouling on the removal of pharmaceuticals and personal care products by nanofilltration and reverse osmosis membranes
De-HL,NF,Sulfamethoxazole,139.32,15.0,7.0,20.0,0.5,10.0,,253.283,96,0.54,0.588,0.3153427582941809,0.45,1.6,5.7,-13.79,0.89,47.0,0.0895435691052809,-1.8590971335596065,25.636949471786973,-0.16891321364232847,24.7,58.0,Effect of water matrices on removal of veterinary pharmaceuticals by nanofiltration and reverse osmosis membranes
De-HL,NF,Trimethoprim,139.32,15.0,7.0,20.0,0.5,10.0,,290.323,96,0.497,0.6950000000000001,0.37984797029029826,0.45,,7.12,-13.79,0.91,47.0,0.024302751962424082,0.5686413918836677,-7.841564794075777,-0.5381900903289282,65.6,58.0,Effect of water matrices on removal of veterinary pharmaceuticals by nanofiltration and reverse osmosis membranes
De-HL,NF,Ciprofloxacin,139.32,15.0,7.0,20.0,0.5,10.0,,331.347,96,0.502,0.748,0.36894243687167305,0.45,6.16,8.62,-13.79,0.28,47.0,0.0324460668656924,0.7009062548873292,-9.665497254896268,-1.9668908973476305,98.2,58.0,Effect of water matrices on removal of veterinary pharmaceuticals by nanofiltration and reverse osmosis membranes
De-HL,NF,Dexamethasone,139.32,15.0,7.0,20.0,0.5,10.0,,392.467,96,0.48600000000000004,0.743,0.4409415966246648,0.45,12.13,,-13.79,1.83,47.0,0.00040520825535942984,-7.413047459329147e-06,0.00010222592446414893,1.83,100.0,58.0,Effect of water matrices on removal of veterinary pharmaceuticals by nanofiltration and reverse osmosis membranes
De-HL,NF,Febantel,139.32,15.0,7.0,20.0,0.5,10.0,,446.485,96,0.675,0.7889999999999999,0.4785913975292206,0.45,,7.6,-13.79,1.95,47.0,-0.004036879074932946,0.7992399910868981,-11.021519477088324,2.4416444872081975,100.0,58.0,Effect of water matrices on removal of veterinary pharmaceuticals by nanofiltration and reverse osmosis membranes
LFC1,RO,Sulfamethoxazole,34.89847715736041,15.0,7.0,20.0,0.5,10.0,,253.283,180,0.54,0.588,0.3153427582941809,,1.6,5.7,-3.2,0.89,78.0,,-1.8590971335596065,5.949110827390741,-0.16891321364232847,97.2,59.0,Effect of water matrices on removal of veterinary pharmaceuticals by nanofiltration and reverse osmosis membranes
LFC1,RO,Trimethoprim,34.89847715736041,15.0,7.0,20.0,0.5,10.0,,290.323,180,0.497,0.6950000000000001,0.37984797029029826,,,7.12,-3.2,0.91,78.0,,0.5686413918836677,-1.8196524540277368,-0.5381900903289282,98.3,59.0,Effect of water matrices on removal of veterinary pharmaceuticals by nanofiltration and reverse osmosis membranes
LFC1,RO,Dexamethasone,34.89847715736041,15.0,7.0,20.0,0.5,10.0,,392.467,180,0.48600000000000004,0.743,0.4409415966246648,,12.13,,-3.2,1.83,78.0,,-7.413047459329147e-06,2.372175186985327e-05,1.83,99.2,59.0,Effect of water matrices on removal of veterinary pharmaceuticals by nanofiltration and reverse osmosis membranes
LFC1,RO,Ciprofloxacin,34.89847715736041,15.0,7.0,20.0,0.5,10.0,,331.347,180,0.502,0.748,0.36894243687167305,,6.16,8.62,-3.2,0.28,78.0,,0.7009062548873292,-2.2429000156394534,-1.9668908973476305,100.0,59.0,Effect of water matrices on removal of veterinary pharmaceuticals by nanofiltration and reverse osmosis membranes
LFC1,RO,Febantel,34.89847715736041,15.0,7.0,20.0,0.5,10.0,,446.485,180,0.675,0.7889999999999999,0.4785913975292206,,,7.6,-3.2,1.95,78.0,,0.7992399910868981,-2.557567971478074,2.4416444872081975,100.0,59.0,Effect of water matrices on removal of veterinary pharmaceuticals by nanofiltration and reverse osmosis membranes
NF,NF,Sulfamethoxazole,113.1,15.0,7.0,20.0,0.5,10.0,,253.283,330,0.54,0.588,0.3153427582941809,0.43,1.6,5.7,-5.48,0.89,53.8,0.07109942171761291,-1.8590971335596065,10.187852291906644,-0.16891321364232847,29.4,60.0,Effect of water matrices on removal of veterinary pharmaceuticals by nanofiltration and reverse osmosis membranes
NF,NF,Trimethoprim,113.1,15.0,7.0,20.0,0.5,10.0,,290.323,330,0.497,0.6950000000000001,0.37984797029029826,0.43,,7.12,-5.48,0.91,53.8,0.013603169735007064,0.5686413918836677,-3.1161548275224993,-0.5381900903289282,81.8,60.0,Effect of water matrices on removal of veterinary pharmaceuticals by nanofiltration and reverse osmosis membranes
NF,NF,Ciprofloxacin,113.1,15.0,7.0,20.0,0.5,10.0,,331.347,330,0.502,0.748,0.36894243687167305,0.43,6.16,8.62,-5.48,0.28,53.8,0.020162390563383602,0.7009062548873292,-3.8409662767825643,-1.9668908973476305,97.2,60.0,Effect of water matrices on removal of veterinary pharmaceuticals by nanofiltration and reverse osmosis membranes
NF,NF,Dexamethasone,113.1,15.0,7.0,20.0,0.5,10.0,,392.467,330,0.48600000000000004,0.743,0.4409415966246648,0.43,12.13,,-5.48,1.83,53.8,-0.0006474772130712654,-7.413047459329147e-06,4.062350007712373e-05,1.83,100.0,60.0,Effect of water matrices on removal of veterinary pharmaceuticals by nanofiltration and reverse osmosis membranes
NF,NF,Febantel,113.1,15.0,7.0,20.0,0.5,10.0,,446.485,330,0.675,0.7889999999999999,0.4785913975292206,0.43,,7.6,-5.48,1.95,53.8,-0.012769734525920767,0.7992399910868981,-4.379835151156202,2.4416444872081975,100.0,60.0,Effect of water matrices on removal of veterinary pharmaceuticals by nanofiltration and reverse osmosis membranes
NF270,NF,Sulfamethoxazole,228.0,15.0,7.0,20.0,0.5,10.0,,253.283,305,0.54,0.588,0.3153427582941809,0.42,1.6,5.7,-42.7,0.89,73.16,0.06209262041649797,-1.8590971335596065,79.3834476029952,-0.16891321364232847,15.4,61.0,Effect of water matrices on removal of veterinary pharmaceuticals by nanofiltration and reverse osmosis membranes
NF270,NF,Trimethoprim,228.0,15.0,7.0,20.0,0.5,10.0,,290.323,305,0.497,0.6950000000000001,0.37984797029029826,0.42,,7.12,-42.7,0.91,73.16,0.009139373524993031,0.5686413918836677,-24.28098743343261,-0.5381900903289282,68.3,61.0,Effect of water matrices on removal of veterinary pharmaceuticals by nanofiltration and reverse osmosis membranes
NF270,NF,Ciprofloxacin,228.0,15.0,7.0,20.0,0.5,10.0,,331.347,305,0.502,0.748,0.36894243687167305,0.42,6.16,8.62,-42.7,0.28,73.16,0.014778201545369,0.7009062548873292,-29.928697083688956,-1.9668908973476305,100.0,61.0,Effect of water matrices on removal of veterinary pharmaceuticals by nanofiltration and reverse osmosis membranes
NF270,NF,Dexamethasone,228.0,15.0,7.0,20.0,0.5,10.0,,392.467,305,0.48600000000000004,0.743,0.4409415966246648,0.42,12.13,,-42.7,1.83,73.16,-0.0024861137709193426,-7.413047459329147e-06,0.0003165371265133546,1.83,100.0,61.0,Effect of water matrices on removal of veterinary pharmaceuticals by nanofiltration and reverse osmosis membranes
NF270,NF,Febantel,228.0,15.0,7.0,20.0,0.5,10.0,,446.485,305,0.675,0.7889999999999999,0.4785913975292206,0.42,,7.6,-42.7,1.95,73.16,-0.019461178369768482,0.7992399910868981,-34.12754761941055,2.4416444872081975,100.0,61.0,Effect of water matrices on removal of veterinary pharmaceuticals by nanofiltration and reverse osmosis membranes
NF90,NF,Sulfamethoxazole,127.2,15.0,7.0,20.0,0.5,10.0,,253.283,100,0.54,0.588,0.3153427582941809,0.34,1.6,5.7,-27.29,0.89,54.1,0.0052593388281936505,-1.8590971335596065,50.73476077484166,-0.16891321364232847,97.2,62.0,Effect of water matrices on removal of veterinary pharmaceuticals by nanofiltration and reverse osmosis membranes
NF90,NF,Trimethoprim,127.2,15.0,7.0,20.0,0.5,10.0,,290.323,100,0.497,0.6950000000000001,0.37984797029029826,0.34,,7.12,-27.29,0.91,54.1,-0.013735819517789693,0.5686413918836677,-15.518223584505291,-0.5381900903289282,97.9,62.0,Effect of water matrices on removal of veterinary pharmaceuticals by nanofiltration and reverse osmosis membranes
NF90,NF,Dexamethasone,127.2,15.0,7.0,20.0,0.5,10.0,,392.467,100,0.48600000000000004,0.743,0.4409415966246648,0.34,12.13,,-27.29,1.83,54.1,-0.08814191980221917,-7.413047459329147e-06,0.0002023020651650924,1.83,99.4,62.0,Effect of water matrices on removal of veterinary pharmaceuticals by nanofiltration and reverse osmosis membranes
NF90,NF,Ciprofloxacin,127.2,15.0,7.0,20.0,0.5,10.0,,331.347,100,0.502,0.748,0.36894243687167305,0.34,6.16,8.62,-27.29,0.28,54.1,-0.0072462340144530835,0.7009062548873292,-19.127731695875212,-1.9668908973476305,100.0,62.0,Effect of water matrices on removal of veterinary pharmaceuticals by nanofiltration and reverse osmosis membranes
NF90,NF,Febantel,127.2,15.0,7.0,20.0,0.5,10.0,,446.485,100,0.675,0.7889999999999999,0.4785913975292206,0.34,,7.6,-27.29,1.95,54.1,-0.16615549713756445,0.7992399910868981,-21.81125935676145,2.4416444872081975,100.0,62.0,Effect of water matrices on removal of veterinary pharmaceuticals by nanofiltration and reverse osmosis membranes
XLE,RO,Trimethoprim,129.0,15.0,7.0,25.0,0.5,10.0,,290.323,175,0.497,0.6950000000000001,0.37984797029029826,0.3,,7.12,-33.0,0.91,65.0,-0.07084109288311509,0.5686413918836677,-18.765165932161032,-0.5381900903289282,94.8,63.0,Effect of water matrices on removal of veterinary pharmaceuticals by nanofiltration and reverse osmosis membranes
XLE,RO,Sulfamethoxazole,129.0,15.0,7.0,20.0,0.5,10.0,,253.283,175,0.54,0.588,0.3153427582941809,0.3,1.6,5.7,-33.0,0.89,65.0,-0.002615558134151743,-1.8590971335596065,61.350205407467016,-0.16891321364232847,98.9,63.0,Effect of water matrices on removal of veterinary pharmaceuticals by nanofiltration and reverse osmosis membranes
XLE,RO,Ciprofloxacin,129.0,15.0,7.0,20.0,0.5,10.0,,331.347,175,0.502,0.748,0.36894243687167305,0.3,6.16,8.62,-33.0,0.28,65.0,-0.05281177335338471,0.7009062548873292,-23.129906411281862,-1.9668908973476305,100.0,63.0,Effect of water matrices on removal of veterinary pharmaceuticals by nanofiltration and reverse osmosis membranes
XLE,RO,Dexamethasone,129.0,15.0,7.0,20.0,0.5,10.0,,392.467,175,0.48600000000000004,0.743,0.4409415966246648,0.3,12.13,,-33.0,1.83,65.0,-0.22071704065677475,-7.413047459329147e-06,0.0002446305661578619,1.83,100.0,63.0,Effect of water matrices on removal of veterinary pharmaceuticals by nanofiltration and reverse osmosis membranes
XLE,RO,Febantel,129.0,15.0,7.0,20.0,0.5,10.0,,446.485,175,0.675,0.7889999999999999,0.4785913975292206,0.3,,7.6,-33.0,1.95,65.0,-0.35438763634933446,0.7992399910868981,-26.37491970586764,2.4416444872081975,100.0,63.0,Effect of water matrices on removal of veterinary pharmaceuticals by nanofiltration and reverse osmosis membranes
NF270,NF,Caffeine,51.68,3.4,7.0,25.0,0.5,0.1,10.0,194.193999999999,330,0.44400000000000006,0.503,0.3016073766829081,0.42,10.4,,-42.7,-0.07,73.16,0.07946039260715879,-0.0003979487443048762,0.016992411381818215,-0.07,77.0,64.0,Effects of Sorption on the Rejection of Trace Organic Contaminants During Nanofiltration
NF270,NF,"N,N-Diethyl-meta-toluamide",51.68,3.4,7.0,25.0,0.5,0.1,10.0,191.274,330,0.40599999999999997,0.591,0.3392200412958573,0.42,,-1.37,-42.7,2.02,73.16,0.0369920732893594,4.265795169818896e-09,-1.8214945375126687e-07,2.02,87.0,64.0,Effects of Sorption on the Rejection of Trace Organic Contaminants During Nanofiltration
NF270,NF,Sulfamethoxazole,51.68,3.4,7.0,25.0,0.5,0.1,10.0,253.283,330,0.54,0.588,0.3153427582941809,0.42,1.6,5.7,-42.7,0.89,73.16,0.06209262041649797,-1.8590971335596065,79.3834476029952,-0.16891321364232847,87.0,64.0,Effects of Sorption on the Rejection of Trace Organic Contaminants During Nanofiltration
NF270,NF,Dilantin,51.68,3.4,7.0,25.0,0.5,0.1,10.0,274.255,330,0.51,0.575,0.3432886562531495,0.42,,,-42.7,,73.16,0.03335958196965676,0.0,0.0,2.45,89.0,64.0,Effects of Sorption on the Rejection of Trace Organic Contaminants During Nanofiltration
NF270,NF,Pentoxifylline,51.68,3.4,7.0,25.0,0.5,0.1,10.0,278.311999999999,330,0.5269999999999999,0.766,0.3620734578827458,0.42,,0.5,-42.7,0.29,73.16,0.019022019737313062,3.1622766601686895e-07,-1.3502921338920305e-05,0.29,94.0,64.0,Effects of Sorption on the Rejection of Trace Organic Contaminants During Nanofiltration
NF270,NF,Carbamazepine,104.88,6.9,8.0,25.0,24.0,0.8,100.0,236.274,330,0.44800000000000006,0.576,0.33345165595786874,0.42,13.9,,-33.0,2.45,73.16,0.04246380870994964,0.0,0.0,2.45,36.0,65.0,Elucidating the Rejection Mechanisms of PPCPs by Nanoﬁltration and Reverse Osmosis Membranes 
NF270,NF,Ibuprofen,104.88,6.9,3.0,25.0,24.0,0.8,100.0,206.284999999999,180,0.378,0.659,0.3727263864585965,0.42,5.2,,-27.29,3.97,73.16,0.012668903272460126,-0.006270012341433834,0.1711086367977293,3.9496568228513342,21.0,66.0,Elucidating the Rejection Mechanisms of PPCPs by Nanoﬁltration and Reverse Osmosis Membranes 
NF270,NF,Ibuprofen,104.88,6.9,5.0,25.0,24.0,0.8,100.0,206.284999999999,330,0.378,0.659,0.3727263864585965,0.42,5.2,,-33.0,3.97,73.16,0.012668903272460126,-0.38686317984685686,12.766484934946277,2.7148148789255773,84.0,66.0,Elucidating the Rejection Mechanisms of PPCPs by Nanoﬁltration and Reverse Osmosis Membranes 
NF270,NF,Ibuprofen,104.88,6.9,8.0,25.0,24.0,0.8,100.0,206.284999999999,96,0.378,0.659,0.3727263864585965,0.42,5.2,,-42.7,3.97,73.16,0.012668903272460126,-0.9984176147191982,42.632432148509764,0.7306146051163545,90.0,66.0,Elucidating the Rejection Mechanisms of PPCPs by Nanoﬁltration and Reverse Osmosis Membranes 
NF270,NF,Sulfadiazine,104.88,6.9,3.0,25.0,24.0,0.8,100.0,250.283,330,0.453,0.612,0.3093115947296739,0.42,6.36,,-33.0,-0.09,73.16,0.06945534615242602,-0.0004363253693084541,0.014398737187178986,-0.09,56.0,67.0,Elucidating the Rejection Mechanisms of PPCPs by Nanoﬁltration and Reverse Osmosis Membranes 
NF270,NF,Sulfadiazine,104.88,6.9,5.0,25.0,24.0,0.8,100.0,250.283,96,0.453,0.612,0.3093115947296739,0.42,6.36,,-42.7,-0.09,73.16,0.06945534615242602,-0.041825819962989376,1.7859625124196465,-0.09,64.0,67.0,Elucidating the Rejection Mechanisms of PPCPs by Nanoﬁltration and Reverse Osmosis Membranes 
NF270,NF,Sulfadiazine,104.88,6.9,8.0,25.0,24.0,0.8,100.0,250.283,180,0.453,0.612,0.3093115947296739,0.42,6.36,,-27.29,-0.09,73.16,0.06945534615242602,-0.9776043775428295,26.678823463143814,-0.09,78.0,67.0,Elucidating the Rejection Mechanisms of PPCPs by Nanoﬁltration and Reverse Osmosis Membranes 
NF270,NF,Sulfadiazine,104.88,6.9,10.0,25.0,24.0,0.8,100.0,250.283,330,0.453,0.612,0.3093115947296739,0.42,6.36,,-33.0,-0.09,73.16,0.06945534615242602,-0.9997709657034494,32.99244186821383,-0.09,92.0,67.0,Elucidating the Rejection Mechanisms of PPCPs by Nanoﬁltration and Reverse Osmosis Membranes 
NF270,NF,Sulfamethazine,104.88,6.9,3.0,25.0,24.0,0.8,100.0,278.337,180,0.49000000000000005,0.704,0.33697261889209035,0.42,2.65,7.65,-27.29,0.89,73.16,0.039079059034229424,0.9998773842322598,-27.28665381569837,0.89,88.0,68.0,Elucidating the Rejection Mechanisms of PPCPs by Nanoﬁltration and Reverse Osmosis Membranes 
NF270,NF,Sulfamethazine,104.88,6.9,5.0,25.0,24.0,0.8,100.0,278.337,330,0.49000000000000005,0.704,0.33697261889209035,0.42,2.65,7.65,-33.0,0.89,73.16,0.039079059034229424,0.3317840594619896,-10.948873962245656,0.89,89.0,68.0,Elucidating the Rejection Mechanisms of PPCPs by Nanoﬁltration and Reverse Osmosis Membranes 
NF270,NF,Sulfamethazine,104.88,6.9,8.0,25.0,24.0,0.8,100.0,278.337,96,0.49000000000000005,0.704,0.33697261889209035,0.42,2.65,7.65,-42.7,0.89,73.16,0.039079059034229424,-0.9999915426941004,42.69963887303809,0.89,70.0,68.0,Elucidating the Rejection Mechanisms of PPCPs by Nanoﬁltration and Reverse Osmosis Membranes 
NF270,NF,Sulfamethazine,104.88,6.9,10.0,25.0,24.0,0.8,100.0,278.337,180,0.49000000000000005,0.704,0.33697261889209035,0.42,2.65,7.65,-27.29,0.89,73.16,0.039079059034229424,-0.9999999549325904,27.28999877011039,0.89,92.0,68.0,Elucidating the Rejection Mechanisms of PPCPs by Nanoﬁltration and Reverse Osmosis Membranes 
NF270,NF,Sulfamethoxazole,104.88,6.9,3.0,25.0,24.0,0.8,100.0,253.283,96,0.54,0.588,0.3153427582941809,0.42,1.6,5.7,-42.7,0.89,73.16,0.06209262041649797,0.036294168343124746,-1.5497609882514267,0.9106726016316897,23.0,69.0,Elucidating the Rejection Mechanisms of PPCPs by Nanoﬁltration and Reverse Osmosis Membranes 
NF270,NF,Triclosan,104.88,6.9,3.0,25.0,24.0,0.8,100.0,289.544999999999,330,0.417,0.655,0.33363696709333546,0.42,7.9,,-33.0,4.76,73.16,0.042282162431052255,-1.258909563061765e-05,0.00041544015581038244,0.0,60.0,69.0,Elucidating the Rejection Mechanisms of PPCPs by Nanoﬁltration and Reverse Osmosis Membranes 
NF270,NF,Sulfamethoxazole,104.88,6.9,5.0,25.0,24.0,0.8,100.0,253.283,180,0.54,0.588,0.3153427582941809,0.42,1.6,5.7,-27.29,0.89,73.16,0.06209262041649797,-0.19360956147006436,5.283604932518056,0.7797229632452798,53.0,69.0,Elucidating the Rejection Mechanisms of PPCPs by Nanoﬁltration and Reverse Osmosis Membranes 
NF270,NF,Triclosan,104.88,6.9,5.0,25.0,24.0,0.8,100.0,289.544999999999,96,0.417,0.655,0.33363696709333546,0.42,7.9,,-42.7,4.76,73.16,0.042282162431052255,-0.0012573425113552908,0.05368852523487092,0.0,62.0,69.0,Elucidating the Rejection Mechanisms of PPCPs by Nanoﬁltration and Reverse Osmosis Membranes 
NF270,NF,Triclosan,104.88,6.9,8.0,25.0,24.0,0.8,100.0,289.544999999999,180,0.417,0.655,0.33363696709333546,0.42,7.9,,-27.29,4.76,73.16,0.042282162431052255,-0.5573116337622925,15.209034485372962,0.0,38.0,69.0,Elucidating the Rejection Mechanisms of PPCPs by Nanoﬁltration and Reverse Osmosis Membranes 
NF270,NF,Sulfamethoxazole,104.88,6.9,8.0,25.0,24.0,0.8,100.0,253.283,330,0.54,0.588,0.3153427582941809,0.42,1.6,5.7,-33.0,0.89,73.16,0.06209262041649797,-1.9850642268231864,65.50711948516515,-0.2406621379632018,86.0,69.0,Elucidating the Rejection Mechanisms of PPCPs by Nanoﬁltration and Reverse Osmosis Membranes 
NF270,NF,Triclosan,104.88,6.9,10.0,25.0,24.0,0.8,100.0,289.544999999999,330,0.417,0.655,0.33363696709333546,0.42,7.9,,-33.0,4.76,73.16,0.042282162431052255,-0.9921193161496697,32.7399374329391,0.0,44.0,69.0,Elucidating the Rejection Mechanisms of PPCPs by Nanoﬁltration and Reverse Osmosis Membranes 
NF270,NF,Sulfamethoxazole,104.88,6.9,10.0,25.0,24.0,0.8,100.0,253.283,96,0.54,0.588,0.3153427582941809,0.42,1.6,5.7,-42.7,0.89,73.16,0.06209262041649797,-1.9998496538762298,85.39358022051502,-0.24908369044326772,90.0,69.0,Elucidating the Rejection Mechanisms of PPCPs by Nanoﬁltration and Reverse Osmosis Membranes 
NF90,NF,Carbamazepine,58.51200000000001,6.9,8.0,25.0,24.0,0.8,100.0,236.274,180,0.44800000000000006,0.576,0.33345165595786874,0.34,13.9,,-27.29,2.45,54.1,0.0003709412603297269,0.0,0.0,2.45,68.0,70.0,Elucidating the Rejection Mechanisms of PPCPs by Nanoﬁltration and Reverse Osmosis Membranes 
XLE,RO,Carbamazepine,59.34,6.9,8.0,25.0,24.0,0.8,100.0,236.274,330,0.44800000000000006,0.576,0.33345165595786874,0.3,13.9,,-33.0,2.45,65.0,-0.012433480959151281,0.0,0.0,2.45,82.0,71.0,Elucidating the Rejection Mechanisms of PPCPs by Nanoﬁltration and Reverse Osmosis Membranes 
NF90,NF,Ibuprofen,58.51200000000001,6.9,3.0,25.0,24.0,0.8,100.0,206.284999999999,96,0.378,0.659,0.3727263864585965,0.34,5.2,,-42.7,3.97,54.1,-0.009264847496863387,-0.006270012341433834,0.2677295269792247,3.9496568228513342,65.0,71.0,Elucidating the Rejection Mechanisms of PPCPs by Nanoﬁltration and Reverse Osmosis Membranes 
NF90,NF,Ibuprofen,58.51200000000001,6.9,5.0,25.0,24.0,0.8,100.0,206.284999999999,180,0.378,0.659,0.3727263864585965,0.34,5.2,,-27.29,3.97,54.1,-0.009264847496863387,-0.38686317984685686,10.557496178020724,2.7148148789255773,75.0,71.0,Elucidating the Rejection Mechanisms of PPCPs by Nanoﬁltration and Reverse Osmosis Membranes 
NF90,NF,Ibuprofen,58.51200000000001,6.9,8.0,25.0,24.0,0.8,100.0,206.284999999999,96,0.378,0.659,0.3727263864585965,0.34,5.2,,-42.7,3.97,54.1,-0.009264847496863387,-0.9984176147191982,42.632432148509764,0.7306146051163545,77.0,72.0,Elucidating the Rejection Mechanisms of PPCPs by Nanoﬁltration and Reverse Osmosis Membranes 
XLE,RO,Ibuprofen,59.34,6.9,3.0,25.0,24.0,0.8,100.0,206.284999999999,180,0.378,0.659,0.3727263864585965,0.3,5.2,,-27.29,3.97,65.0,-0.05876808097027928,-0.006270012341433834,0.1711086367977293,3.9496568228513342,95.0,72.0,Elucidating the Rejection Mechanisms of PPCPs by Nanoﬁltration and Reverse Osmosis Membranes 
XLE,RO,Ibuprofen,59.34,6.9,5.0,25.0,24.0,0.8,100.0,206.284999999999,330,0.378,0.659,0.3727263864585965,0.3,5.2,,-33.0,3.97,65.0,-0.05876808097027928,-0.38686317984685686,12.766484934946277,2.7148148789255773,93.0,72.0,Elucidating the Rejection Mechanisms of PPCPs by Nanoﬁltration and Reverse Osmosis Membranes 
XLE,RO,Ibuprofen,59.34,6.9,8.0,25.0,24.0,0.8,100.0,206.284999999999,96,0.378,0.659,0.3727263864585965,0.3,5.2,,-42.7,3.97,65.0,-0.05876808097027928,-0.9984176147191982,42.632432148509764,0.7306146051163545,89.0,72.0,Elucidating the Rejection Mechanisms of PPCPs by Nanoﬁltration and Reverse Osmosis Membranes 
NF90,NF,Sulfadiazine,58.51200000000001,6.9,3.0,25.0,24.0,0.8,100.0,250.283,180,0.453,0.612,0.3093115947296739,0.34,6.36,,-27.29,-0.09,54.1,0.008146870398233393,-0.0004363253693084541,0.011907319328427712,-0.09,75.0,73.0,Elucidating the Rejection Mechanisms of PPCPs by Nanoﬁltration and Reverse Osmosis Membranes 
NF90,NF,Sulfadiazine,58.51200000000001,6.9,5.0,25.0,24.0,0.8,100.0,250.283,96,0.453,0.612,0.3093115947296739,0.34,6.36,,-42.7,-0.09,54.1,0.008146870398233393,-0.041825819962989376,1.7859625124196465,-0.09,75.0,73.0,Elucidating the Rejection Mechanisms of PPCPs by Nanoﬁltration and Reverse Osmosis Membranes 
NF90,NF,Sulfadiazine,58.51200000000001,6.9,8.0,25.0,24.0,0.8,100.0,250.283,96,0.453,0.612,0.3093115947296739,0.34,6.36,,-42.7,-0.09,54.1,0.008146870398233393,-0.9776043775428295,41.74370692107882,-0.09,78.0,73.0,Elucidating the Rejection Mechanisms of PPCPs by Nanoﬁltration and Reverse Osmosis Membranes 
NF90,NF,Sulfadiazine,58.51200000000001,6.9,10.0,25.0,24.0,0.8,100.0,250.283,180,0.453,0.612,0.3093115947296739,0.34,6.36,,-27.29,-0.09,54.1,0.008146870398233393,-0.9997709657034494,27.28374965404713,-0.09,96.0,73.0,Elucidating the Rejection Mechanisms of PPCPs by Nanoﬁltration and Reverse Osmosis Membranes 
XLE,RO,Sulfadiazine,59.34,6.9,3.0,25.0,24.0,0.8,100.0,250.283,330,0.453,0.612,0.3093115947296739,0.3,6.36,,-33.0,-0.09,65.0,-0.0009633977378854505,-0.0004363253693084541,0.014398737187178986,-0.09,96.0,74.0,Elucidating the Rejection Mechanisms of PPCPs by Nanoﬁltration and Reverse Osmosis Membranes 
XLE,RO,Sulfadiazine,59.34,6.9,5.0,25.0,24.0,0.8,100.0,250.283,96,0.453,0.612,0.3093115947296739,0.3,6.36,,-42.7,-0.09,65.0,-0.0009633977378854505,-0.041825819962989376,1.7859625124196465,-0.09,94.0,74.0,Elucidating the Rejection Mechanisms of PPCPs by Nanoﬁltration and Reverse Osmosis Membranes 
XLE,RO,Sulfadiazine,59.34,6.9,8.0,25.0,24.0,0.8,100.0,250.283,180,0.453,0.612,0.3093115947296739,0.3,6.36,,-27.29,-0.09,65.0,-0.0009633977378854505,-0.9776043775428295,26.678823463143814,-0.09,89.0,74.0,Elucidating the Rejection Mechanisms of PPCPs by Nanoﬁltration and Reverse Osmosis Membranes 
XLE,RO,Sulfadiazine,59.34,6.9,10.0,25.0,24.0,0.8,100.0,250.283,330,0.453,0.612,0.3093115947296739,0.3,6.36,,-33.0,-0.09,65.0,-0.0009633977378854505,-0.9997709657034494,32.99244186821383,-0.09,100.0,74.0,Elucidating the Rejection Mechanisms of PPCPs by Nanoﬁltration and Reverse Osmosis Membranes 
NF90,NF,Sulfamethazine,58.51200000000001,6.9,3.0,25.0,24.0,0.8,100.0,278.337,180,0.49000000000000005,0.704,0.33697261889209035,0.34,2.65,7.65,-27.29,0.89,54.1,7.928232156166432e-05,0.9998773842322598,-27.28665381569837,0.89,75.5,75.0,Elucidating the Rejection Mechanisms of PPCPs by Nanoﬁltration and Reverse Osmosis Membranes 
NF90,NF,Sulfamethazine,58.51200000000001,6.9,5.0,25.0,24.0,0.8,100.0,278.337,330,0.49000000000000005,0.704,0.33697261889209035,0.34,2.65,7.65,-33.0,0.89,54.1,7.928232156166432e-05,0.3317840594619896,-10.948873962245656,0.89,74.0,75.0,Elucidating the Rejection Mechanisms of PPCPs by Nanoﬁltration and Reverse Osmosis Membranes 
NF90,NF,Sulfamethazine,58.51200000000001,6.9,8.0,25.0,24.0,0.8,100.0,278.337,96,0.49000000000000005,0.704,0.33697261889209035,0.34,2.65,7.65,-42.7,0.89,54.1,7.928232156166432e-05,-0.9999915426941004,42.69963887303809,0.89,76.0,75.0,Elucidating the Rejection Mechanisms of PPCPs by Nanoﬁltration and Reverse Osmosis Membranes 
NF90,NF,Sulfamethazine,58.51200000000001,6.9,10.0,25.0,24.0,0.8,100.0,278.337,180,0.49000000000000005,0.704,0.33697261889209035,0.34,2.65,7.65,-27.29,0.89,54.1,7.928232156166432e-05,-0.9999999549325904,27.28999877011039,0.89,100.0,75.0,Elucidating the Rejection Mechanisms of PPCPs by Nanoﬁltration and Reverse Osmosis Membranes 
XLE,RO,Sulfamethazine,59.34,6.9,3.0,25.0,24.0,0.8,100.0,278.337,180,0.49000000000000005,0.704,0.33697261889209035,0.3,2.65,7.65,-27.29,0.89,65.0,-0.015188606085997317,0.9998773842322598,-27.28665381569837,0.89,96.0,64.0,Elucidating the Rejection Mechanisms of PPCPs by Nanoﬁltration and Reverse Osmosis Membranes 
XLE,RO,Sulfamethazine,59.34,6.9,5.0,25.0,24.0,0.8,100.0,278.337,330,0.49000000000000005,0.704,0.33697261889209035,0.3,2.65,7.65,-33.0,0.89,65.0,-0.015188606085997317,0.3317840594619896,-10.948873962245656,0.89,93.0,65.0,Elucidating the Rejection Mechanisms of PPCPs by Nanoﬁltration and Reverse Osmosis Membranes 
XLE,RO,Sulfamethazine,59.34,6.9,8.0,25.0,24.0,0.8,100.0,278.337,96,0.49000000000000005,0.704,0.33697261889209035,0.3,2.65,7.65,-42.7,0.89,65.0,-0.015188606085997317,-0.9999915426941004,42.69963887303809,0.89,87.0,65.0,Elucidating the Rejection Mechanisms of PPCPs by Nanoﬁltration and Reverse Osmosis Membranes 
XLE,RO,Sulfamethazine,59.34,6.9,10.0,25.0,24.0,0.8,100.0,278.337,180,0.49000000000000005,0.704,0.33697261889209035,0.3,2.65,7.65,-27.29,0.89,65.0,-0.015188606085997317,-0.9999999549325904,27.28999877011039,0.89,99.0,65.0,Elucidating the Rejection Mechanisms of PPCPs by Nanoﬁltration and Reverse Osmosis Membranes 
NF90,NF,Sulfamethoxazole,58.51200000000001,6.9,3.0,25.0,24.0,0.8,100.0,253.283,96,0.54,0.588,0.3153427582941809,0.34,1.6,5.7,-42.7,0.89,54.1,0.0052593388281936505,0.036294168343124746,-1.5497609882514267,0.9106726016316897,70.0,66.0,Elucidating the Rejection Mechanisms of PPCPs by Nanoﬁltration and Reverse Osmosis Membranes 
NF90,NF,Sulfamethoxazole,58.51200000000001,6.9,5.0,25.0,24.0,0.8,100.0,253.283,180,0.54,0.588,0.3153427582941809,0.34,1.6,5.7,-27.29,0.89,54.1,0.0052593388281936505,-0.19360956147006436,5.283604932518056,0.7797229632452798,76.0,66.0,Elucidating the Rejection Mechanisms of PPCPs by Nanoﬁltration and Reverse Osmosis Membranes 
NF90,NF,Sulfamethoxazole,58.51200000000001,6.9,8.0,25.0,24.0,0.8,100.0,253.283,330,0.54,0.588,0.3153427582941809,0.34,1.6,5.7,-33.0,0.89,54.1,0.0052593388281936505,-1.9850642268231864,65.50711948516515,-0.2406621379632018,79.0,66.0,Elucidating the Rejection Mechanisms of PPCPs by Nanoﬁltration and Reverse Osmosis Membranes 
NF90,NF,Sulfamethoxazole,58.51200000000001,6.9,10.0,25.0,24.0,0.8,100.0,253.283,96,0.54,0.588,0.3153427582941809,0.34,1.6,5.7,-42.7,0.89,54.1,0.0052593388281936505,-1.9998496538762298,85.39358022051502,-0.24908369044326772,96.0,66.0,Elucidating the Rejection Mechanisms of PPCPs by Nanoﬁltration and Reverse Osmosis Membranes 
XLE,RO,Sulfamethoxazole,59.34,6.9,3.0,25.0,24.0,0.8,100.0,253.283,96,0.54,0.588,0.3153427582941809,0.3,1.6,5.7,-42.7,0.89,65.0,-0.002615558134151743,0.036294168343124746,-1.5497609882514267,0.9106726016316897,95.0,67.0,Elucidating the Rejection Mechanisms of PPCPs by Nanoﬁltration and Reverse Osmosis Membranes 
XLE,RO,Sulfamethoxazole,59.34,6.9,5.0,25.0,24.0,0.8,100.0,253.283,180,0.54,0.588,0.3153427582941809,0.3,1.6,5.7,-27.29,0.89,65.0,-0.002615558134151743,-0.19360956147006436,5.283604932518056,0.7797229632452798,94.0,67.0,Elucidating the Rejection Mechanisms of PPCPs by Nanoﬁltration and Reverse Osmosis Membranes 
XLE,RO,Sulfamethoxazole,59.34,6.9,8.0,25.0,24.0,0.8,100.0,253.283,330,0.54,0.588,0.3153427582941809,0.3,1.6,5.7,-33.0,0.89,65.0,-0.002615558134151743,-1.9850642268231864,65.50711948516515,-0.2406621379632018,90.0,67.0,Elucidating the Rejection Mechanisms of PPCPs by Nanoﬁltration and Reverse Osmosis Membranes 
XLE,RO,Sulfamethoxazole,59.34,6.9,10.0,25.0,24.0,0.8,100.0,253.283,96,0.54,0.588,0.3153427582941809,0.3,1.6,5.7,-42.7,0.89,65.0,-0.002615558134151743,-1.9998496538762298,85.39358022051502,-0.24908369044326772,100.0,67.0,Elucidating the Rejection Mechanisms of PPCPs by Nanoﬁltration and Reverse Osmosis Membranes 
NF90,NF,Triclosan,58.51200000000001,6.9,3.0,25.0,24.0,0.8,100.0,289.544999999999,330,0.417,0.655,0.33363696709333546,0.34,7.9,,-33.0,4.76,54.1,0.0003502438388520422,-1.258909563061765e-05,0.00041544015581038244,0.0,75.0,68.0,Elucidating the Rejection Mechanisms of PPCPs by Nanoﬁltration and Reverse Osmosis Membranes 
NF90,NF,Triclosan,58.51200000000001,6.9,5.0,25.0,24.0,0.8,100.0,289.544999999999,96,0.417,0.655,0.33363696709333546,0.34,7.9,,-42.7,4.76,54.1,0.0003502438388520422,-0.0012573425113552908,0.05368852523487092,0.0,75.0,68.0,Elucidating the Rejection Mechanisms of PPCPs by Nanoﬁltration and Reverse Osmosis Membranes 
NF90,NF,Triclosan,58.51200000000001,6.9,8.0,25.0,24.0,0.8,100.0,289.544999999999,180,0.417,0.655,0.33363696709333546,0.34,7.9,,-27.29,4.76,54.1,0.0003502438388520422,-0.5573116337622925,15.209034485372962,0.0,57.0,68.0,Elucidating the Rejection Mechanisms of PPCPs by Nanoﬁltration and Reverse Osmosis Membranes 
NF90,NF,Triclosan,58.51200000000001,6.9,10.0,25.0,24.0,0.8,100.0,289.544999999999,330,0.417,0.655,0.33363696709333546,0.34,7.9,,-33.0,4.76,54.1,0.0003502438388520422,-0.9921193161496697,32.7399374329391,0.0,93.0,68.0,Elucidating the Rejection Mechanisms of PPCPs by Nanoﬁltration and Reverse Osmosis Membranes 
XLE,RO,Triclosan,59.34,6.9,3.0,25.0,24.0,0.8,100.0,289.544999999999,330,0.417,0.655,0.33363696709333546,0.3,7.9,,-33.0,4.76,65.0,-0.01257161728042371,-1.258909563061765e-05,0.00041544015581038244,0.0,94.0,69.0,Elucidating the Rejection Mechanisms of PPCPs by Nanoﬁltration and Reverse Osmosis Membranes 
XLE,RO,Triclosan,59.34,6.9,5.0,25.0,24.0,0.8,100.0,289.544999999999,96,0.417,0.655,0.33363696709333546,0.3,7.9,,-42.7,4.76,65.0,-0.01257161728042371,-0.0012573425113552908,0.05368852523487092,0.0,93.0,69.0,Elucidating the Rejection Mechanisms of PPCPs by Nanoﬁltration and Reverse Osmosis Membranes 
XLE,RO,Triclosan,59.34,6.9,8.0,25.0,24.0,0.8,100.0,289.544999999999,180,0.417,0.655,0.33363696709333546,0.3,7.9,,-27.29,4.76,65.0,-0.01257161728042371,-0.5573116337622925,15.209034485372962,0.0,83.0,69.0,Elucidating the Rejection Mechanisms of PPCPs by Nanoﬁltration and Reverse Osmosis Membranes 
XLE,RO,Triclosan,59.34,6.9,10.0,25.0,24.0,0.8,100.0,289.544999999999,330,0.417,0.655,0.33363696709333546,0.3,7.9,,-33.0,4.76,65.0,-0.01257161728042371,-0.9921193161496697,32.7399374329391,0.0,97.0,69.0,Elucidating the Rejection Mechanisms of PPCPs by Nanoﬁltration and Reverse Osmosis Membranes 
BW30,RO,N-Nitrosodimethylamine,57.0,15.5,5.6,25.0,0.5,0.2,10.0,74.083,100,0.3,0.34900000000000003,0.19099715679637932,,,-3.63,-16.26,-0.57,76.0,,5.888436550088496e-10,-9.574597830443897e-09,-0.57,61.32,70.0,"Evaluating the impacts of membrane type, coating, fouling, chemical properties and water chemistry on reverse osmosis rejection of seven nitrosoalklyamines, including NDMA"
BW30,RO,N-Nitrosomethylethylamine,57.0,15.5,5.6,25.0,0.5,0.2,10.0,88.1099999999999,100,0.271,0.477,0.21991493865546477,,,-3.39,-16.26,0.04,76.0,,1.0232929912336226e-09,-1.6638744037458704e-08,0.04,86.14,70.0,"Evaluating the impacts of membrane type, coating, fouling, chemical properties and water chemistry on reverse osmosis rejection of seven nitrosoalklyamines, including NDMA"
BW30,RO,N-Nitrosopyrrolidine,57.0,15.5,5.6,25.0,0.5,0.2,10.0,100.121,100,0.325,0.396,0.21673199955133843,,,-3.14,-16.26,-0.19,76.0,,1.819700855298669e-09,-2.9588335907156363e-08,-0.19,93.52,70.0,"Evaluating the impacts of membrane type, coating, fouling, chemical properties and water chemistry on reverse osmosis rejection of seven nitrosoalklyamines, including NDMA"
BW30,RO,N-Nitrosodiethylamine,57.0,15.5,5.6,25.0,0.5,0.2,10.0,102.137,100,0.33999999999999997,0.454,0.2406952613299432,,,-3.14,-16.26,0.48,76.0,,1.819700855298669e-09,-2.9588335907156363e-08,0.48,95.58,70.0,"Evaluating the impacts of membrane type, coating, fouling, chemical properties and water chemistry on reverse osmosis rejection of seven nitrosoalklyamines, including NDMA"
NF270,NF,Perﬂuorohexanoate,114.33333333333333,7.0,2.08,30.0,27.1542,1487.87,,134.149999999999,310,0.369,0.563,,0.42,-0.16,,-42.7,2.6,73.16,,-0.9942785242829096,42.455692986880244,2.480686444928583,72.4,71.0,Impact of feed water pH and membrane material on nanoﬁltration of perﬂuorohexanoic acid in aqueous solution
NF270,NF,Perﬂuorohexanoate,114.33333333333333,7.0,2.3,30.0,25.5731,881.402,,134.149999999999,310,0.369,0.563,,0.42,-0.16,,-42.7,2.6,73.16,,-0.9965446125969272,42.55245495788879,2.480414514029697,71.24,71.0,Impact of feed water pH and membrane material on nanoﬁltration of perﬂuorohexanoic acid in aqueous solution
NF270,NF,Perﬂuorohexanoate,114.33333333333333,7.0,2.63,30.0,24.1502,649.596,,134.149999999999,310,0.369,0.563,,0.42,-0.16,,-42.7,2.6,73.16,,-0.998380815911745,42.63086083943151,2.4801941693878544,73.45,71.0,Impact of feed water pH and membrane material on nanoﬁltration of perﬂuorohexanoic acid in aqueous solution
NF270,NF,Perﬂuorohexanoate,114.33333333333333,7.0,2.83,30.0,21.6206,450.135,,134.149999999999,310,0.369,0.563,,0.42,-0.16,,-42.7,2.6,73.16,,-0.9989777530658435,42.65635005591152,2.4801225368500193,79.12,71.0,Impact of feed water pH and membrane material on nanoﬁltration of perﬂuorohexanoic acid in aqueous solution
NF270,NF,Perﬂuorohexanoate,114.33333333333333,7.0,3.12,30.0,12.727299999999998,234.501,,134.149999999999,310,0.369,0.563,,0.42,-0.16,,-42.7,2.6,73.16,,-0.9994754678181524,42.677602475835116,2.4800628110135867,84.8,71.0,Impact of feed water pH and membrane material on nanoﬁltration of perﬂuorohexanoic acid in aqueous solution
NF270,NF,Perﬂuorohexanoate,114.33333333333333,7.0,3.3,30.0,0.5,132.075,,134.149999999999,310,0.369,0.563,,0.42,-0.16,,-42.7,2.6,73.16,,-0.9996533833343184,42.6851994683754,2.480041461127999,88.28,71.0,Impact of feed water pH and membrane material on nanoﬁltration of perﬂuorohexanoic acid in aqueous solution
NF270,NF,Perﬂuorohexanoate,114.33333333333333,7.0,6.445308,30.0,9.209499999999998,137.47000000000025,,134.149999999999,310,0.369,0.563,,0.42,-0.16,,-42.7,2.6,73.16,,-0.9999997518627916,42.6999894045412,2.4799998968585433,96.9193,71.0,Impact of feed water pH and membrane material on nanoﬁltration of perﬂuorohexanoic acid in aqueous solution
NF270,NF,Perﬂuorohexanoate,114.33333333333333,7.0,6.656327999999999,30.0,21.778699999999994,401.62000000000035,,134.149999999999,310,0.369,0.563,,0.42,-0.16,,-42.7,2.6,73.16,,-0.999999847358743,42.69999348221833,2.4799998853990166,97.88560000000001,71.0,Impact of feed water pH and membrane material on nanoﬁltration of perﬂuorohexanoic acid in aqueous solution
NF270,NF,Perﬂuorohexanoate,114.33333333333333,7.0,6.732792,30.0,23.596899999999998,525.6100000000001,,134.149999999999,310,0.369,0.563,,0.42,-0.16,,-42.7,2.6,73.16,,-0.9999998720005969,42.69999453442549,2.479999882441991,98.5115,71.0,Impact of feed water pH and membrane material on nanoﬁltration of perﬂuorohexanoic acid in aqueous solution
NF270,NF,Perﬂuorohexanoate,114.33333333333333,7.0,6.846971999999999,30.0,25.0593,768.2000000000003,,134.149999999999,310,0.369,0.563,,0.42,-0.16,,-42.7,2.6,73.16,,-0.9999999015925548,42.69999579800209,2.479999878890952,99.3105,71.0,Impact of feed water pH and membrane material on nanoﬁltration of perﬂuorohexanoic acid in aqueous solution
NF270,NF,Perﬂuorohexanoate,114.33333333333333,7.0,7.0,30.0,0.5,100.0,,134.149999999999,310,0.369,0.563,,0.42,-0.16,,-42.7,2.6,73.16,,-0.9999999308169077,42.699997045881965,2.4799998753840256,88.28,71.0,Impact of feed water pH and membrane material on nanoﬁltration of perﬂuorohexanoic acid in aqueous solution
NF270,NF,Perﬂuorohexanoate,114.33333333333333,7.0,7.323252,30.0,26.798499999999997,1711.5900000000006,,134.149999999999,310,0.369,0.563,,0.42,-0.16,,-42.7,2.6,73.16,,-0.9999999671339141,42.69999859661814,2.47999987102598,99.12910000000001,71.0,Impact of feed water pH and membrane material on nanoﬁltration of perﬂuorohexanoic acid in aqueous solution
NF270,NF,Perﬂuorohexanoate,114.33333333333333,7.0,7.44,30.0,15.928899999999999,234.4949999999999,,134.149999999999,310,0.369,0.563,,0.42,-0.16,,-42.7,2.6,73.16,,-0.9999999748811363,42.699998927424524,2.479999870096312,98.6089,71.0,Impact of feed water pH and membrane material on nanoﬁltration of perﬂuorohexanoic acid in aqueous solution
NF270,NF,Perﬂuorohexanoate,114.33333333333333,7.0,7.52,30.0,22.92490000000001,618.5850000000005,,134.149999999999,310,0.369,0.563,,0.42,-0.16,,-42.7,2.6,73.16,,-0.9999999791070391,42.699999107870575,2.4799998695892036,99.5591,71.0,Impact of feed water pH and membrane material on nanoﬁltration of perﬂuorohexanoic acid in aqueous solution
NF270,NF,Perﬂuorohexanoate,114.33333333333333,7.0,7.81,30.0,24.901200000000003,946.0800000000004,,134.149999999999,310,0.369,0.563,,0.42,-0.16,,-42.7,2.6,73.16,,-0.9999999892848072,42.69999954246127,2.47999986836787,99.2175,71.0,Impact of feed water pH and membrane material on nanoﬁltration of perﬂuorohexanoic acid in aqueous solution
NF270,NF,Perﬂuorohexanoate,114.33333333333333,7.0,8.11,30.0,26.442499999999995,2389.4849999999997,,134.149999999999,310,0.369,0.563,,0.42,-0.16,,-42.7,2.6,73.16,,-0.999999994629682,42.69999977068743,2.4799998677264843,99.4633,71.0,Impact of feed water pH and membrane material on nanoﬁltration of perﬂuorohexanoic acid in aqueous solution
NF270,NF,Perﬂuorohexanoate,114.33333333333333,7.0,9.95,30.0,3.7944999999999993,125.0,,134.149999999999,310,0.369,0.563,,0.42,-0.16,,-42.7,2.6,73.16,,-0.9999999999223752,42.69999999668543,2.4799998670913603,97.4832,71.0,Impact of feed water pH and membrane material on nanoﬁltration of perﬂuorohexanoic acid in aqueous solution
NF270,NF,Perﬂuorohexanoate,114.33333333333333,7.0,10.0,30.0,0.5,100.0,,134.149999999999,310,0.369,0.563,,0.42,-0.16,,-42.7,2.6,73.16,,-0.9999999999308169,42.699999997045886,2.4799998670903474,99.2146,71.0,Impact of feed water pH and membrane material on nanoﬁltration of perﬂuorohexanoic acid in aqueous solution
NTR7450,NF,Perﬂuorohexanoate,76.41666666666666,7.0,2.2439999999999984,30.0,84.0,436.65779,,134.149999999999,330,0.369,0.563,,0.69,-0.16,,-16.6,2.6,70.0,,-0.9960709255005143,16.53477736330854,2.480471356544228,97.50219999999999,71.0,Impact of feed water pH and membrane material on nanoﬁltration of perﬂuorohexanoic acid in aqueous solution
NTR7450,NF,Perﬂuorohexanoate,76.41666666666666,7.0,2.429759999999999,30.0,108.0,870.62229,,134.149999999999,330,0.369,0.563,,0.69,-0.16,,-16.6,2.6,70.0,,-0.9974347806452626,16.557417358711362,2.4803076937455777,94.68109999999999,71.0,Impact of feed water pH and membrane material on nanoﬁltration of perﬂuorohexanoic acid in aqueous solution
NTR7450,NF,Perﬂuorohexanoate,76.41666666666666,7.0,2.6091599999999993,30.0,96.0,628.03229,,134.149999999999,330,0.369,0.563,,0.69,-0.16,,-16.6,2.6,70.0,,-0.9983013587660827,16.571802555516975,2.4802037042558953,96.8239,71.0,Impact of feed water pH and membrane material on nanoﬁltration of perﬂuorohexanoic acid in aqueous solution
NTR7450,NF,Perﬂuorohexanoate,76.41666666666666,7.0,2.634839999999999,30.0,72.0,307.27779,,134.149999999999,310,0.369,0.563,,0.69,-0.16,,-16.6,2.6,70.0,,-0.9983987320145556,16.573418951441624,2.4801920194531357,97.5231,71.0,Impact of feed water pH and membrane material on nanoﬁltration of perﬂuorohexanoic acid in aqueous solution
NTR7450,NF,Perﬂuorohexanoate,76.41666666666666,7.0,2.7343200000000003,30.0,48.0,181.94079,,134.149999999999,310,0.369,0.563,,0.69,-0.16,,-16.6,2.6,70.0,,-0.998726126183967,16.57885369465385,2.48015273210929,96.73429999999999,71.0,Impact of feed water pH and membrane material on nanoﬁltration of perﬂuorohexanoic acid in aqueous solution
NTR7450,NF,Perﬂuorohexanoate,76.41666666666666,7.0,2.7358800000000008,30.0,24.0,103.77378999999999,,134.149999999999,310,0.369,0.563,,0.69,-0.16,,-16.6,2.6,70.0,,-0.9987306879743587,16.578929420374354,2.4801521846938366,95.7761,71.0,Impact of feed water pH and membrane material on nanoﬁltration of perﬂuorohexanoic acid in aqueous solution
NTR7450,NF,Perﬂuorohexanoate,76.41666666666666,7.0,2.85,30.0,60.0,226.41529,,134.149999999999,310,0.369,0.563,,0.69,-0.16,,-16.6,2.6,70.0,,-0.999023716839287,16.583793699532166,2.4801170211910963,96.88889999999999,71.0,Impact of feed water pH and membrane material on nanoﬁltration of perﬂuorohexanoic acid in aqueous solution
NTR7450,NF,Perﬂuorohexanoate,76.41666666666666,7.0,2.8517999999999986,30.0,36.0,134.77079,,134.149999999999,310,0.369,0.563,,0.69,-0.16,,-16.6,2.6,70.0,,-0.9990277508946612,16.58386066485138,2.4801165371039153,96.25649999999999,71.0,Impact of feed water pH and membrane material on nanoﬁltration of perﬂuorohexanoic acid in aqueous solution
NTR7450,NF,Perﬂuorohexanoate,76.41666666666666,7.0,3.0469199999999987,30.0,12.0,87.60128999999999,,134.149999999999,310,0.369,0.563,,0.69,-0.16,,-16.6,2.6,70.0,,-0.999379401968017,16.589698072669083,2.4800743389283717,95.13149999999999,71.0,Impact of feed water pH and membrane material on nanoﬁltration of perﬂuorohexanoic acid in aqueous solution
NTR7450,NF,Perﬂuorohexanoate,76.41666666666666,7.0,3.0472800000000007,30.0,0.5,68.73329,,134.149999999999,310,0.369,0.563,,0.69,-0.16,,-16.6,2.6,70.0,,-0.9993799158687218,16.589706603420783,2.480074277260219,97.88529999999999,71.0,Impact of feed water pH and membrane material on nanoﬁltration of perﬂuorohexanoic acid in aqueous solution
NTR7450,NF,Perﬂuorohexanoate,76.41666666666666,7.0,6.22896,30.0,26.50866666666667,423.1800000000003,,134.149999999999,330,0.369,0.563,,0.69,-0.16,,-16.6,2.6,70.0,,-0.999999591643171,16.59999322127664,2.479999916084919,98.1862,71.0,Impact of feed water pH and membrane material on nanoﬁltration of perﬂuorohexanoic acid in aqueous solution
NTR7450,NF,Perﬂuorohexanoate,76.41666666666666,7.0,6.34632,30.0,22.1872,336.9300000000003,,134.149999999999,330,0.369,0.563,,0.69,-0.16,,-16.6,2.6,70.0,,-0.9999996883408623,16.599994826458314,2.479999904481183,98.0313,71.0,Impact of feed water pH and membrane material on nanoﬁltration of perﬂuorohexanoic acid in aqueous solution
NTR7450,NF,Perﬂuorohexanoate,76.41666666666666,7.0,6.347400000000001,30.0,10.540266666666668,223.72000000000025,,134.149999999999,330,0.369,0.563,,0.69,-0.16,,-16.6,2.6,70.0,,-0.9999996891149306,16.59999483930785,2.4799999043882948,96.90780000000001,71.0,Impact of feed water pH and membrane material on nanoﬁltration of perﬂuorohexanoic acid in aqueous solution
NTR7450,NF,Perﬂuorohexanoate,76.41666666666666,7.0,6.52836,30.0,35.62586666666667,1590.3000000000002,,134.149999999999,330,0.369,0.563,,0.69,-0.16,,-16.6,2.6,70.0,,-0.9999997950537807,16.599996597892762,2.479999891675619,98.739,71.0,Impact of feed water pH and membrane material on nanoﬁltration of perﬂuorohexanoic acid in aqueous solution
NTR7450,NF,Perﬂuorohexanoate,76.41666666666666,7.0,6.5358,30.0,34.202933333333334,816.71,,134.149999999999,330,0.369,0.563,,0.69,-0.16,,-16.6,2.6,70.0,,-0.9999997985348588,16.599996655678655,2.479999891257889,98.1543,71.0,Impact of feed water pH and membrane material on nanoﬁltration of perﬂuorohexanoic acid in aqueous solution
NTR7450,NF,Perﬂuorohexanoate,76.41666666666666,7.0,6.5383200000000015,30.0,30.566533333333336,566.0400000000004,,134.149999999999,330,0.369,0.563,,0.69,-0.16,,-16.6,2.6,70.0,,-0.9999997997004778,16.59999667502793,2.4799998911180148,98.49820000000001,71.0,Impact of feed water pH and membrane material on nanoﬁltration of perﬂuorohexanoic acid in aqueous solution
NTR7450,NF,Perﬂuorohexanoate,76.41666666666666,7.0,7.047000000000001,30.0,0.5,167.12000000000035,,134.149999999999,330,0.369,0.563,,0.69,-0.16,,-16.6,2.6,70.0,,-0.9999999379131005,16.59999896935747,2.4799998745324814,98.8541,71.0,Impact of feed water pH and membrane material on nanoﬁltration of perﬂuorohexanoic acid in aqueous solution
NTR7450,NF,Perﬂuorohexanoate,76.41666666666666,7.0,7.33872,30.0,7.430800000000005,169.81500000000005,,134.149999999999,330,0.369,0.563,,0.69,-0.16,,-16.6,2.6,70.0,,-0.9999999682838848,16.59999947351249,2.4799998708879833,98.8579,71.0,Impact of feed water pH and membrane material on nanoﬁltration of perﬂuorohexanoic acid in aqueous solution
NTR7450,NF,Perﬂuorohexanoate,76.41666666666666,7.0,7.435440000000001,30.0,20.553200000000004,218.3400000000006,,134.149999999999,330,0.369,0.563,,0.69,-0.16,,-16.6,2.6,70.0,,-0.9999999746160042,16.59999957862567,2.479999870128128,99.01700000000001,71.0,Impact of feed water pH and membrane material on nanoﬁltration of perﬂuorohexanoic acid in aqueous solution
NTR7450,NF,Perﬂuorohexanoate,76.41666666666666,7.0,7.72548,30.0,31.620399999999986,412.41000000000076,,134.149999999999,330,0.369,0.563,,0.69,-0.16,,-16.6,2.6,70.0,,-0.9999999869827276,16.59999978391328,2.4799998686441196,99.3302,71.0,Impact of feed water pH and membrane material on nanoﬁltration of perﬂuorohexanoic acid in aqueous solution
NTR7450,NF,Perﬂuorohexanoate,76.41666666666666,7.0,7.937400000000001,30.0,44.743,683.2949999999996,,134.149999999999,330,0.369,0.563,,0.69,-0.16,,-16.6,2.6,70.0,,-0.9999999920090209,16.599999867349748,2.479999868040964,98.8302,71.0,Impact of feed water pH and membrane material on nanoﬁltration of perﬂuorohexanoic acid in aqueous solution
NTR7450,NF,Perﬂuorohexanoate,76.41666666666666,7.0,8.1486,30.0,50.35660000000001,1039.0950000000007,,134.149999999999,330,0.369,0.563,,0.69,-0.16,,-16.6,2.6,70.0,,-0.9999999950863978,16.599999918434204,2.4799998676716783,98.64920000000001,71.0,Impact of feed water pH and membrane material on nanoﬁltration of perﬂuorohexanoic acid in aqueous solution
NTR7450,NF,Perﬂuorohexanoate,76.41666666666666,7.0,8.337720000000001,30.0,53.04259999999999,1827.495,,134.149999999999,330,0.369,0.563,,0.69,-0.16,,-16.6,2.6,70.0,,-0.9999999968210771,16.599999947229882,2.4799998674635164,98.283,71.0,Impact of feed water pH and membrane material on nanoﬁltration of perﬂuorohexanoic acid in aqueous solution
NTR7450,NF,Perﬂuorohexanoate,76.41666666666666,7.0,8.5242,30.0,55.65260000000001,3016.185,,134.149999999999,330,0.369,0.563,,0.69,-0.16,,-16.6,2.6,70.0,,-0.9999999979308118,16.599999965651477,2.4799998673303483,98.2189,71.0,Impact of feed water pH and membrane material on nanoﬁltration of perﬂuorohexanoic acid in aqueous solution
NTR7450,NF,Perﬂuorohexanoate,76.41666666666666,7.0,10.0,30.0,0.5,100.0,,134.149999999999,330,0.369,0.563,,0.69,-0.16,,-16.6,2.6,70.0,,-0.9999999999308169,16.599999998851562,2.4799998670903474,97.40480000000001,71.0,Impact of feed water pH and membrane material on nanoﬁltration of perﬂuorohexanoic acid in aqueous solution
De-HL,NF,Pindolol,36.0,5.0,8.0,20.0,0.5,0.002,200.0,248.326,200,0.445,0.751,0.3635677646901198,0.45,,9.54,-26.3,1.75,43.0,0.03689151259586422,0.9719681328483034,-25.56276189391038,-0.7000554330775439,71.63,72.0,Influence of membrane fouling by (pretreated) surface water on rejection of pharmaceutically active compounds (PhACs) by nanofilltration membranes
De-HL,NF,Terbutaline,36.0,5.0,8.0,20.0,0.5,0.002,200.0,225.288,200,0.418,0.647,0.3395879258522113,0.45,,8.65,-26.3,0.9,43.0,0.06020161045736688,0.8170788341999743,-21.489173339459324,-1.6026004548435053,72.06,72.0,Influence of membrane fouling by (pretreated) surface water on rejection of pharmaceutically active compounds (PhACs) by nanofilltration membranes
De-HL,NF,Phenazone,36.0,5.0,8.0,20.0,0.5,0.002,200.0,196.209,200,0.413,0.589,0.309561341088683,0.45,,0.65,-26.3,0.38,43.0,0.09739761440399627,4.466835721983405e-08,-1.1747777948816356e-06,0.38,72.47999999999999,72.0,Influence of membrane fouling by (pretreated) surface water on rejection of pharmaceutically active compounds (PhACs) by nanofilltration membranes
De-HL,NF,Fenoprofen,36.0,5.0,8.0,20.0,0.5,0.002,200.0,242.274,200,0.42800000000000005,0.649,0.35256303874054024,0.45,4.5,,-26.3,3.1,43.0,0.046883760096185,-0.9996838722023703,26.29168583892234,0.844923353837066,73.77,72.0,Influence of membrane fouling by (pretreated) surface water on rejection of pharmaceutically active compounds (PhACs) by nanofilltration membranes
De-HL,NF,Propanolol,36.0,5.0,8.0,20.0,0.5,0.002,200.0,294.802,200,0.466,0.741,0.4143107346896919,0.45,,9.53,-26.3,3.48,43.0,0.0062899933747632706,0.9713339041975821,-25.546081680396412,0.7484591151079725,73.94,72.0,Influence of membrane fouling by (pretreated) surface water on rejection of pharmaceutically active compounds (PhACs) by nanofilltration membranes
De-HL,NF,Sotalol,36.0,5.0,8.0,20.0,0.5,0.002,200.0,272.37,200,0.421,0.794,0.35774558988213156,0.45,,9.76,-26.3,0.24,43.0,0.042029018203436366,0.9829188284532066,-25.850765188319333,-2.145063547585874,75.56,72.0,Influence of membrane fouling by (pretreated) surface water on rejection of pharmaceutically active compounds (PhACs) by nanofilltration membranes
De-HL,NF,Naproxen,36.0,5.0,8.0,20.0,0.5,0.002,200.0,230.262999999999,200,0.392,0.73,0.33244899602012684,0.45,4.84,2.74,-26.3,3.18,43.0,0.06823821499593162,-0.9993086397323669,26.28181722496125,1.0856705273604397,77.39999999999999,72.0,Influence of membrane fouling by (pretreated) surface water on rejection of pharmaceutically active compounds (PhACs) by nanofilltration membranes
De-HL,NF,Clenbuterol,36.0,5.0,8.0,20.0,0.5,0.002,200.0,277.195,200,0.44699999999999995,0.692,0.3425640389079159,0.45,,13.29,-26.3,2.2,43.0,0.05699992955940647,0.9999948714124627,-26.299865118147768,0.06000926139959928,78.34,72.0,Influence of membrane fouling by (pretreated) surface water on rejection of pharmaceutically active compounds (PhACs) by nanofilltration membranes
De-HL,NF,Atenolol,36.0,5.0,8.0,20.0,0.5,0.002,200.0,266.340999999999,200,0.41900000000000004,0.9119999999999999,0.3846049272869426,0.45,,9.58,-26.3,0.16,43.0,0.0211185952352892,0.9743714204068619,-25.62596835670047,-2.2806785881933203,79.51,72.0,Influence of membrane fouling by (pretreated) surface water on rejection of pharmaceutically active compounds (PhACs) by nanofilltration membranes
De-HL,NF,Salbutamol,36.0,5.0,8.0,20.0,0.5,0.002,200.0,239.315,200,0.43200000000000005,0.696,0.3555936578544706,0.45,,10.7,-26.3,0.64,43.0,0.044012629319993855,0.9980087108292718,-26.24762909480985,-1.980552138320387,79.77,72.0,Influence of membrane fouling by (pretreated) surface water on rejection of pharmaceutically active compounds (PhACs) by nanofilltration membranes
De-HL,NF,Metoprolol,36.0,5.0,8.0,20.0,0.5,0.002,200.0,267.368999999999,200,0.43899999999999995,1.0070000000000001,0.4057420132561651,0.45,,9.56,-26.3,1.88,43.0,0.009672935262308478,0.9731959575961598,-25.595053684779003,-0.6655753802716573,80.97999999999999,72.0,Influence of membrane fouling by (pretreated) surface water on rejection of pharmaceutically active compounds (PhACs) by nanofilltration membranes
De-HL,NF,Carbamazepine,36.0,5.0,8.0,20.0,0.5,0.002,200.0,236.274,200,0.44800000000000006,0.576,0.33345165595786874,0.45,13.9,,-26.3,2.45,43.0,0.06707909382203948,0.0,0.0,2.45,82.01,72.0,Influence of membrane fouling by (pretreated) surface water on rejection of pharmaceutically active compounds (PhACs) by nanofilltration membranes
De-HL,NF,Pentoxifylline,36.0,5.0,8.0,20.0,0.5,0.002,200.0,278.311999999999,200,0.5269999999999999,0.766,0.3620734578827458,0.45,,0.5,-26.3,0.29,43.0,0.03817815707998657,3.162277560168373e-08,-8.316789983242821e-07,0.29,82.74999999999999,72.0,Influence of membrane fouling by (pretreated) surface water on rejection of pharmaceutically active compounds (PhACs) by nanofilltration membranes
De-HL,NF,Gemfibrozil,36.0,5.0,8.0,20.0,0.5,0.002,200.0,250.337999999999,200,0.499,0.743,0.3884540064460517,0.45,4.5,,-26.3,4.39,43.0,0.0187057250495933,-0.9996838722023703,26.29168583892234,2.343565786698794,83.02,72.0,Influence of membrane fouling by (pretreated) surface water on rejection of pharmaceutically active compounds (PhACs) by nanofilltration membranes
De-HL,NF,Ibuprofen,36.0,5.0,8.0,20.0,0.5,0.002,200.0,206.284999999999,200,0.378,0.659,0.3727263864585965,0.45,5.2,,-26.3,3.97,43.0,0.029487463455536697,-0.9984176147191982,26.258383267114915,0.7306146051163545,83.88,72.0,Influence of membrane fouling by (pretreated) surface water on rejection of pharmaceutically active compounds (PhACs) by nanofilltration membranes
De-HL,NF,Ketoprofen,36.0,5.0,8.0,20.0,0.5,0.002,200.0,254.285,200,0.437,0.658,0.360215085099329,0.45,3.98,,-26.3,3.12,43.0,0.03980904169738637,-0.9999045098606353,26.29748860933471,0.8997194702514641,83.99,72.0,Influence of membrane fouling by (pretreated) surface water on rejection of pharmaceutically active compounds (PhACs) by nanofilltration membranes
De-HL,NF,Cyclophosphamide,36.0,5.0,8.0,20.0,0.5,0.002,200.0,261.089,200,0.52,0.5509999999999999,0.3437207114183382,0.45,,2.84,-26.3,0.63,43.0,0.055779195957650095,6.918261846511246e-06,-0.0001819502865632458,0.63,84.26,72.0,Influence of membrane fouling by (pretreated) surface water on rejection of pharmaceutically active compounds (PhACs) by nanofilltration membranes
De-HL,NF,Clofibric acid,36.0,5.0,8.0,20.0,0.5,0.002,200.0,214.648,200,0.35,0.62,0.31493819502272646,0.45,3.12,,-26.3,2.57,43.0,0.0900824254998473,-0.9999868176063923,26.299653303048117,-0.2271864174035798,86.34,72.0,Influence of membrane fouling by (pretreated) surface water on rejection of pharmaceutically active compounds (PhACs) by nanofilltration membranes
De-HL,NF,Diclofenac,36.0,5.0,8.0,20.0,0.5,0.002,200.0,296.153,200,0.462,0.634,0.3476931977505725,0.45,4.15,,-26.3,4.51,43.0,0.05168731746421464,-0.9998587661953429,26.29628555093752,2.186975620725377,86.64,72.0,Influence of membrane fouling by (pretreated) surface water on rejection of pharmaceutically active compounds (PhACs) by nanofilltration membranes
De-HL,NF,Aminopyrine,36.0,5.0,8.0,20.0,0.5,0.002,200.0,231.299,200,0.426,0.64,0.3451725712675839,0.45,5.0,,-26.3,1.0,43.0,0.0542656287143199,-0.9990009990009991,26.27372627372628,1.0875889356320547,88.3,72.0,Influence of membrane fouling by (pretreated) surface water on rejection of pharmaceutically active compounds (PhACs) by nanofilltration membranes
De-HL,NF,Bezafibrate,36.0,5.0,8.0,20.0,0.5,0.002,200.0,361.825,200,0.413,1.0,0.43183750405476584,0.45,3.29,,-26.3,3.8,43.0,0.0016290185627686284,-0.9999805019341844,26.299487200869052,0.572970121964469,88.9,72.0,Influence of membrane fouling by (pretreated) surface water on rejection of pharmaceutically active compounds (PhACs) by nanofilltration membranes
TS80,NF,Terbutaline,21.6,5.0,8.0,20.0,0.5,0.002,200.0,225.288,175,0.418,0.647,0.3395879258522113,0.42,,8.65,-33.2,0.9,48.0,0.036655905151640945,0.8170788341999743,-27.12701729543915,-1.6026004548435053,74.4,73.0,Influence of membrane fouling by (pretreated) surface water on rejection of pharmaceutically active compounds (PhACs) by nanofilltration membranes
TS80,NF,Salbutamol,21.6,5.0,8.0,20.0,0.5,0.002,200.0,239.315,175,0.43200000000000005,0.696,0.3555936578544706,0.42,,10.7,-33.2,0.64,48.0,0.023515742112057793,0.9980087108292718,-33.13388919953183,-1.980552138320387,76.82,73.0,Influence of membrane fouling by (pretreated) surface water on rejection of pharmaceutically active compounds (PhACs) by nanofilltration membranes
TS80,NF,Atenolol,21.6,5.0,8.0,20.0,0.5,0.002,200.0,266.340999999999,175,0.41900000000000004,0.9119999999999999,0.3846049272869426,0.42,,9.58,-33.2,0.16,48.0,0.0071021041517155305,0.9743714204068619,-32.34913115750782,-2.2806785881933203,78.41,73.0,Influence of membrane fouling by (pretreated) surface water on rejection of pharmaceutically active compounds (PhACs) by nanofilltration membranes
TS80,NF,Phenazone,21.6,5.0,8.0,20.0,0.5,0.002,200.0,196.209,175,0.413,0.589,0.309561341088683,0.42,,0.65,-33.2,0.38,48.0,0.06914227540890144,4.466835721983405e-08,-1.4829894596984907e-06,0.38,79.76,73.0,Influence of membrane fouling by (pretreated) surface water on rejection of pharmaceutically active compounds (PhACs) by nanofilltration membranes
TS80,NF,Pentoxifylline,21.6,5.0,8.0,20.0,0.5,0.002,200.0,278.311999999999,175,0.5269999999999999,0.766,0.3620734578827458,0.42,,0.5,-33.2,0.29,48.0,0.019022019737313062,3.162277560168373e-08,-1.0498761499758998e-06,0.29,80.17999999999999,73.0,Influence of membrane fouling by (pretreated) surface water on rejection of pharmaceutically active compounds (PhACs) by nanofilltration membranes
TS80,NF,Clenbuterol,21.6,5.0,8.0,20.0,0.5,0.002,200.0,277.195,175,0.44699999999999995,0.692,0.3425640389079159,0.42,,13.29,-33.2,2.2,48.0,0.033992789513915864,0.9999948714124627,-33.19982973089376,0.06000926139959928,80.6,73.0,Influence of membrane fouling by (pretreated) surface water on rejection of pharmaceutically active compounds (PhACs) by nanofilltration membranes
TS80,NF,Metoprolol,21.6,5.0,8.0,20.0,0.5,0.002,200.0,267.368999999999,175,0.43899999999999995,1.0070000000000001,0.4057420132561651,0.42,,9.56,-33.2,1.88,48.0,0.001152438696073531,0.9731959575961598,-32.31010579219251,-0.6655753802716573,80.97999999999999,73.0,Influence of membrane fouling by (pretreated) surface water on rejection of pharmaceutically active compounds (PhACs) by nanofilltration membranes
TS80,NF,Pindolol,21.6,5.0,8.0,20.0,0.5,0.002,200.0,248.326,175,0.445,0.751,0.3635677646901198,0.42,,9.54,-33.2,1.75,48.0,0.018053272007197772,0.9719681328483034,-32.269342010563676,-0.7000554330775439,81.0,73.0,Influence of membrane fouling by (pretreated) surface water on rejection of pharmaceutically active compounds (PhACs) by nanofilltration membranes
TS80,NF,Sotalol,21.6,5.0,8.0,20.0,0.5,0.002,200.0,272.37,175,0.421,0.794,0.35774558988213156,0.42,,9.76,-33.2,0.24,48.0,0.021970587183241266,0.9829188284532066,-32.63290510464646,-2.145063547585874,81.1,73.0,Influence of membrane fouling by (pretreated) surface water on rejection of pharmaceutically active compounds (PhACs) by nanofilltration membranes
TS80,NF,Propanolol,21.6,5.0,8.0,20.0,0.5,0.002,200.0,294.802,175,0.466,0.741,0.4143107346896919,0.42,,9.53,-33.2,3.48,48.0,0.00018349058827140193,0.9713339041975821,-32.24828561935973,0.7484591151079725,81.33,73.0,Influence of membrane fouling by (pretreated) surface water on rejection of pharmaceutically active compounds (PhACs) by nanofilltration membranes
TS80,NF,Carbamazepine,21.6,5.0,8.0,20.0,0.5,0.002,200.0,236.274,175,0.44800000000000006,0.576,0.33345165595786874,0.42,13.9,,-33.2,2.45,48.0,0.04246380870994964,0.0,0.0,2.45,84.33,73.0,Influence of membrane fouling by (pretreated) surface water on rejection of pharmaceutically active compounds (PhACs) by nanofilltration membranes
TS80,NF,Cyclophosphamide,21.6,5.0,8.0,20.0,0.5,0.002,200.0,261.089,175,0.52,0.5509999999999999,0.3437207114183382,0.42,,2.84,-33.2,0.63,48.0,0.032984863188914054,6.918261846511246e-06,-0.0002296862933041734,0.63,87.85,73.0,Influence of membrane fouling by (pretreated) surface water on rejection of pharmaceutically active compounds (PhACs) by nanofilltration membranes
TS80,NF,Clofibric acid,21.6,5.0,8.0,20.0,0.5,0.002,200.0,214.648,175,0.35,0.62,0.31493819502272646,0.42,3.12,,-33.2,2.57,48.0,0.06257359900840509,-0.9999868176063923,33.199562344532225,-0.2271864174035798,87.89,73.0,Influence of membrane fouling by (pretreated) surface water on rejection of pharmaceutically active compounds (PhACs) by nanofilltration membranes
TS80,NF,Naproxen,21.6,5.0,8.0,20.0,0.5,0.002,200.0,230.262999999999,175,0.392,0.73,0.33244899602012684,0.42,4.84,2.74,-33.2,3.18,48.0,0.043453391711359216,-0.9993086397323669,33.17704683911459,1.0856705273604397,88.64,73.0,Influence of membrane fouling by (pretreated) surface water on rejection of pharmaceutically active compounds (PhACs) by nanofilltration membranes
TS80,NF,Ketoprofen,21.6,5.0,8.0,20.0,0.5,0.002,200.0,254.285,175,0.437,0.658,0.360215085099329,0.42,3.98,,-33.2,3.12,48.0,0.02026210912517275,-0.9999045098606353,33.19682972737309,0.8997194702514641,88.72999999999999,73.0,Influence of membrane fouling by (pretreated) surface water on rejection of pharmaceutically active compounds (PhACs) by nanofilltration membranes
TS80,NF,Ibuprofen,21.6,5.0,8.0,20.0,0.5,0.002,200.0,206.284999999999,175,0.378,0.659,0.3727263864585965,0.42,5.2,,-33.2,3.97,48.0,0.012668903272460126,-0.9984176147191982,33.147464808677384,0.7306146051163545,88.88,73.0,Influence of membrane fouling by (pretreated) surface water on rejection of pharmaceutically active compounds (PhACs) by nanofilltration membranes
TS80,NF,Diclofenac,21.6,5.0,8.0,20.0,0.5,0.002,200.0,296.153,175,0.462,0.634,0.3476931977505725,0.42,4.15,,-33.2,4.51,48.0,0.029638739521189415,-0.9998587661953429,33.195311037685386,2.186975620725377,89.17999999999999,73.0,Influence of membrane fouling by (pretreated) surface water on rejection of pharmaceutically active compounds (PhACs) by nanofilltration membranes
TS80,NF,Bezafibrate,21.6,5.0,8.0,20.0,0.5,0.002,200.0,361.825,175,0.413,1.0,0.43183750405476584,0.42,3.29,,-33.2,3.8,48.0,-0.0007943679265680198,-0.9999805019341844,33.19935266421493,0.572970121964469,89.35,73.0,Influence of membrane fouling by (pretreated) surface water on rejection of pharmaceutically active compounds (PhACs) by nanofilltration membranes
TS80,NF,Aminopyrine,21.6,5.0,8.0,20.0,0.5,0.002,200.0,231.299,175,0.426,0.64,0.3451725712675839,0.42,5.0,,-33.2,1.0,48.0,0.03174117965252161,-0.9990009990009991,33.16683316683317,1.0875889356320547,90.64,73.0,Influence of membrane fouling by (pretreated) surface water on rejection of pharmaceutically active compounds (PhACs) by nanofilltration membranes
TS80,NF,Fenoprofen,21.6,5.0,8.0,20.0,0.5,0.002,200.0,242.274,175,0.42800000000000005,0.649,0.35256303874054024,0.42,4.5,,-33.2,3.1,48.0,0.025780860226246448,-0.9996838722023703,33.189504557118696,0.844923353837066,91.17999999999999,73.0,Influence of membrane fouling by (pretreated) surface water on rejection of pharmaceutically active compounds (PhACs) by nanofilltration membranes
TS80,NF,Gemfibrozil,21.6,5.0,8.0,20.0,0.5,0.002,200.0,250.337999999999,175,0.499,0.743,0.3884540064460517,0.42,4.5,,-33.2,4.39,48.0,0.005641438261370434,-0.9996838722023703,33.189504557118696,2.343565786698794,91.28,73.0,Influence of membrane fouling by (pretreated) surface water on rejection of pharmaceutically active compounds (PhACs) by nanofilltration membranes
NF70,NF,Methanol,165.0,15.0,7.0,25.0,0.5,0.35550000000000004,,32.042,180,0.22000000000000003,0.262,0.13145717648167643,0.34,15.3,,-25.0,-0.77,29.8,0.3762120176556632,-5.011872311153847e-09,1.2529680777884616e-07,-0.77,10.8,74.0,"Influence of molecular size, polarity and charge on the retention of organic molecules by nanofiltration"
NF70,NF,Nitrobenzene,165.0,15.0,7.0,25.0,0.5,0.42,,123.110999999999,180,0.33999999999999997,0.43600000000000005,0.2324399111480208,0.34,3.98,,-25.0,1.85,29.8,0.10007934873568913,-0.9990459185546853,24.97614796386713,1.8094446481804425,22.4,74.0,"Influence of molecular size, polarity and charge on the retention of organic molecules by nanofiltration"
NF70,NF,Ethanol,165.0,15.0,7.0,25.0,0.5,0.31600000000000006,,46.069,180,0.23900000000000002,0.323,0.16605142653368316,0.34,15.9,,-25.0,-0.31,29.8,0.2617483236242788,-1.2589254102092692e-09,3.147313525523173e-08,-0.31,28.2,74.0,"Influence of molecular size, polarity and charge on the retention of organic molecules by nanofiltration"
NF70,NF,Benzonitrile,165.0,15.0,7.0,25.0,0.5,0.101,,103.123999999999,65,0.341,0.45199999999999996,0.2322023269185876,0.34,14.0,,-25.0,1.56,29.8,0.1005219578007532,0.0,0.0,1.56,40.1,74.0,"Influence of molecular size, polarity and charge on the retention of organic molecules by nanofiltration"
NF70,NF,Aniline,165.0,15.0,7.0,25.0,0.5,0.4088,,93.1289999999999,65,0.341,0.40599999999999997,0.21692043637007125,0.34,4.6,,-25.0,0.9,29.8,0.1310430707900838,-0.9960347143808477,24.900867859521192,0.6406466870808997,42.3,74.0,"Influence of molecular size, polarity and charge on the retention of organic molecules by nanofiltration"
NF70,NF,Phenol,165.0,15.0,7.0,25.0,0.5,200.0,,94.1129999999999,310,0.33999999999999997,0.396,0.21220696282859047,0.34,10.02,,-25.0,1.67,29.8,0.14127214835201787,-0.0009540814453147002,0.023852036132867505,1.67,47.7,74.0,"Influence of molecular size, polarity and charge on the retention of organic molecules by nanofiltration"
NF70,NF,Methyl 3-hydroxy-2-methylacrylate,165.0,15.0,7.0,25.0,0.5,0.27999999999999997,,116.115999999999,180,0.344,0.442,0.23688805962684026,0.34,5.48,,-25.0,0.9,29.8,0.0919729433176302,-0.9706857587295497,24.26714396823874,-1.4918774573704852,51.4,74.0,"Influence of molecular size, polarity and charge on the retention of organic molecules by nanofiltration"
NF70,NF,Methyl ethyl ketone,165.0,15.0,7.0,25.0,0.5,0.4,,72.1069999999999,180,0.277,0.4,0.21466066467082728,0.34,14.7,,-25.0,0.29,29.8,0.13589921263632188,-1.995262275158161e-08,4.988155687895403e-07,0.29,54.4,74.0,"Influence of molecular size, polarity and charge on the retention of organic molecules by nanofiltration"
NF70,NF,Ethylacetate,165.0,15.0,7.0,25.0,0.5,0.315,,88.106,65,0.273,0.404,0.22611163482266194,0.34,4.91,,-25.0,0.73,29.8,0.11220207372635566,-0.9919372314813265,24.798430787033162,0.0,60.9,74.0,"Influence of molecular size, polarity and charge on the retention of organic molecules by nanofiltration"
NF70,NF,Benzoic acid,165.0,15.0,7.0,25.0,0.5,100.0,,122.122999999999,65,0.358,0.47300000000000003,0.2244307601267766,0.34,4.207,,-25.0,1.87,29.8,0.11553848793144161,-0.998391944372599,24.959798609314976,-0.2874354510652646,69.3,74.0,"Influence of molecular size, polarity and charge on the retention of organic molecules by nanofiltration"
NF70,NF,Caprolactam,165.0,15.0,7.0,25.0,0.5,200.0,,113.16,65,0.392,0.40099999999999997,0.24406145828818357,0.34,,16.61,-25.0,-0.19,29.8,0.07962114001548395,0.999999999754529,-24.999999993863227,-0.19,71.2,74.0,"Influence of molecular size, polarity and charge on the retention of organic molecules by nanofiltration"
NF70,NF,Isopropanol,165.0,15.0,7.0,25.0,0.5,0.31600000000000006,,60.096,180,0.29500000000000004,0.33599999999999997,0.19535704946778623,0.34,17.1,,-25.0,0.05,29.8,0.1809825531026336,-7.943282346611806e-11,1.9858205866529514e-09,0.05,76.4,74.0,"Influence of molecular size, polarity and charge on the retention of organic molecules by nanofiltration"
NF70,NF,Benzylalcohol,165.0,15.0,7.0,25.0,0.5,0.1365,,108.139999999999,65,0.33599999999999997,0.46399999999999997,0.23408068870547413,0.34,15.4,,-25.0,1.1,29.8,0.09704931232791243,-3.9810716896860346e-09,9.952679224215087e-08,1.1,76.7,74.0,"Influence of molecular size, polarity and charge on the retention of organic molecules by nanofiltration"
NF70,NF,Toluene,165.0,15.0,7.0,25.0,0.5,0.087,,92.1409999999999,310,0.33999999999999997,0.41200000000000003,0.23841178221892045,0.34,14.0,,-25.0,2.73,29.8,0.08927479231778587,0.0,0.0,0.0,77.6,74.0,"Influence of molecular size, polarity and charge on the retention of organic molecules by nanofiltration"
NF70,NF,Cyclohexanon,165.0,15.0,7.0,25.0,0.5,0.38,,98.145,65,0.34500000000000003,0.383,0.23417170965197812,0.34,11.3,,-25.0,0.81,29.8,0.09688258683378222,-5.011621160218179e-05,0.0012529052900545447,0.81,80.4,74.0,"Influence of molecular size, polarity and charge on the retention of organic molecules by nanofiltration"
NF70,NF,Methyl isobutyl ketone,165.0,15.0,7.0,25.0,0.5,0.28,,100.160999999999,180,0.321,0.43600000000000005,0.2616039465927662,0.34,14.0,,-25.0,1.31,29.8,0.053165581226901876,0.0,0.0,1.31,86.7,74.0,"Influence of molecular size, polarity and charge on the retention of organic molecules by nanofiltration"
NF70,NF,Xylose,165.0,15.0,7.0,25.0,0.5,250.0,,150.13,310,0.40599999999999997,0.41100000000000003,0.2271758314535358,0.34,12.14,,-25.0,-2.39,29.8,0.11011499142042357,-7.2443071203840446e-06,0.0001811076780096011,-2.39,88.0,74.0,"Influence of molecular size, polarity and charge on the retention of organic molecules by nanofiltration"
NF70,NF,Galactose,165.0,15.0,7.0,25.0,0.5,500.0,,180.156,180,0.40199999999999997,0.461,0.24477551117801508,0.34,12.45,,-25.0,-3.24,29.8,0.07844033971806517,-3.5481213031263073e-06,8.870303257815768e-05,-3.24,95.1,74.0,"Influence of molecular size, polarity and charge on the retention of organic molecules by nanofiltration"
NF70,NF,Malachite green,165.0,15.0,7.0,25.0,0.5,6.0,,364.92,180,0.654,0.772,0.63,0.34,-1.24,,-25.0,0.62,29.8,-0.7275086505190309,-0.9999999942456006,24.999999856140015,0.62,95.1,74.0,"Influence of molecular size, polarity and charge on the retention of organic molecules by nanofiltration"
NF70,NF,Maltose,165.0,15.0,7.0,25.0,0.5,250.0,,342.297,180,0.485,0.651,0.4772552314760964,0.34,12.39,,-25.0,,29.8,-0.16296711563630434,-4.0737861822396535e-06,0.00010184465455599134,,95.6,74.0,"Influence of molecular size, polarity and charge on the retention of organic molecules by nanofiltration"
NF70,NF,Neutral red,165.0,15.0,7.0,25.0,0.5,30.0,,288.782,180,0.43899999999999995,0.76,0.65,0.34,,,-25.0,3.22,29.8,-0.8313148788927334,0.0,0.0,3.22,96.3,74.0,"Influence of molecular size, polarity and charge on the retention of organic molecules by nanofiltration"
NF70,NF,Patent Blue,165.0,15.0,7.0,25.0,0.5,10.0,,566.677,310,0.8560000000000001,0.858,,0.34,,,-25.0,-1.99,29.8,,-1.0,25.0,-1.99,98.7,74.0,"Influence of molecular size, polarity and charge on the retention of organic molecules by nanofiltration"
NF70,NF,Eosin,165.0,15.0,7.0,25.0,0.5,15.0,,691.859,65,0.625,0.693,0.55,0.34,,,-25.0,,29.8,-0.3814878892733564,-2.0,50.0,,99.1,74.0,"Influence of molecular size, polarity and charge on the retention of organic molecules by nanofiltration"
NF70,NF,Raffinose,165.0,15.0,7.0,25.0,0.5,250.0,,504.438,310,0.5730000000000001,0.753,0.424151565064248,0.34,12.81,,-25.0,-5.104,29.8,-0.06125852857060866,-1.5488142200832729e-06,3.872035550208182e-05,-5.104,99.6,74.0,"Influence of molecular size, polarity and charge on the retention of organic molecules by nanofiltration"
NF70,NF,Congo red,165.0,15.0,7.0,25.0,0.5,40.0,,696.678,65,0.635,1.421,1.325,0.34,9.0,,-25.0,,29.8,-8.392949826989616,-2.0,50.0,,100.0,74.0,"Influence of molecular size, polarity and charge on the retention of organic molecules by nanofiltration"
NF70,NF,Neutral red,165.0,15.0,11.0,25.0,0.5,30.0,,288.782,310,0.43899999999999995,0.76,0.65,0.34,,,-25.0,3.22,29.8,-0.8313148788927334,0.0,0.0,3.22,98.8,74.0,"Influence of molecular size, polarity and charge on the retention of organic molecules by nanofiltration"
NTR7450,NF,Phenol,146.25,15.0,7.0,25.0,0.5,200.0,,94.1129999999999,180,0.33999999999999997,0.396,0.21220696282859047,0.69,10.02,,-16.6,1.67,70.0,0.4794920948739339,-0.0009540814453147002,0.015837751992224026,1.67,0.0,75.0,"Influence of molecular size, polarity and charge on the retention of organic molecules by nanofiltration"
NTR7450,NF,Aniline,146.25,15.0,7.0,25.0,0.5,0.4088,,93.1289999999999,310,0.341,0.40599999999999997,0.21692043637007125,0.69,4.6,,-16.6,0.9,70.0,0.4700782892759583,-0.9960347143808477,16.534176258722074,0.6406466870808997,1.7,75.0,"Influence of molecular size, polarity and charge on the retention of organic molecules by nanofiltration"
NTR7450,NF,Methanol,146.25,15.0,7.0,25.0,0.5,0.35550000000000004,,32.042,310,0.22000000000000003,0.262,0.13145717648167643,0.69,15.3,,-16.6,-0.77,70.0,0.6552616796971669,-5.011872311153847e-09,8.319708036515386e-08,-0.77,2.1,75.0,"Influence of molecular size, polarity and charge on the retention of organic molecules by nanofiltration"
NTR7450,NF,Benzoic acid,146.25,15.0,7.0,25.0,0.5,100.0,,122.122999999999,310,0.358,0.47300000000000003,0.2244307601267766,0.69,4.207,,-16.6,1.87,70.0,0.4552714075113023,-0.998391944372599,16.573306276585146,-0.2874354510652646,2.6,75.0,"Influence of molecular size, polarity and charge on the retention of organic molecules by nanofiltration"
NTR7450,NF,Methyl ethyl ketone,146.25,15.0,7.0,25.0,0.5,0.4,,72.1069999999999,310,0.277,0.4,0.21466066467082728,0.69,14.7,,-16.6,0.29,70.0,0.474579885971812,-1.995262275158161e-08,3.312135376762548e-07,0.29,4.1,75.0,"Influence of molecular size, polarity and charge on the retention of organic molecules by nanofiltration"
NTR7450,NF,Ethanol,146.25,15.0,7.0,25.0,0.5,0.31600000000000006,,46.069,310,0.23900000000000002,0.323,0.16605142653368316,0.69,15.9,,-16.6,-0.31,70.0,0.5766059811749389,-1.2589254102092692e-09,2.089816180947387e-08,-0.31,4.7,75.0,"Influence of molecular size, polarity and charge on the retention of organic molecules by nanofiltration"
NTR7450,NF,Benzonitrile,146.25,15.0,7.0,25.0,0.5,0.101,,103.123999999999,310,0.341,0.45199999999999996,0.2322023269185876,0.69,14.0,,-16.6,1.56,70.0,0.44019892770165026,0.0,0.0,1.56,4.9,75.0,"Influence of molecular size, polarity and charge on the retention of organic molecules by nanofiltration"
NTR7450,NF,Isopropanol,146.25,15.0,7.0,25.0,0.5,0.31600000000000006,,60.096,310,0.29500000000000004,0.33599999999999997,0.19535704946778623,0.69,17.1,,-16.6,0.05,70.0,0.5139081044133882,-7.943282346611806e-11,1.31858486953756e-09,0.05,6.7,75.0,"Influence of molecular size, polarity and charge on the retention of organic molecules by nanofiltration"
NTR7450,NF,Caprolactam,146.25,15.0,7.0,25.0,0.5,200.0,,113.16,310,0.392,0.40099999999999997,0.24406145828818357,0.69,,16.61,-16.6,-0.19,70.0,0.4176878449570709,0.999999999754529,-16.599999995925184,-0.19,8.5,75.0,"Influence of molecular size, polarity and charge on the retention of organic molecules by nanofiltration"
NTR7450,NF,Methyl isobutyl ketone,146.25,15.0,7.0,25.0,0.5,0.28,,100.160999999999,310,0.321,0.43600000000000005,0.2616039465927662,0.69,14.0,,-16.6,1.31,70.0,0.38547191467106384,0.0,0.0,1.31,14.2,75.0,"Influence of molecular size, polarity and charge on the retention of organic molecules by nanofiltration"
NTR7450,NF,Nitrobenzene,146.25,15.0,7.0,25.0,0.5,0.42,,123.110999999999,180,0.33999999999999997,0.43600000000000005,0.2324399111480208,0.69,3.98,,-16.6,1.85,70.0,0.43974214431890585,-0.9990459185546853,16.584162248007775,1.8094446481804425,20.1,75.0,"Influence of molecular size, polarity and charge on the retention of organic molecules by nanofiltration"
NTR7450,NF,Methyl 3-hydroxy-2-methylacrylate,146.25,15.0,7.0,25.0,0.5,0.27999999999999997,,116.115999999999,310,0.344,0.442,0.23688805962684026,0.69,5.48,,-16.6,0.9,70.0,0.4312338384976472,-0.9706857587295497,16.113383594910527,-1.4918774573704852,22.8,75.0,"Influence of molecular size, polarity and charge on the retention of organic molecules by nanofiltration"
NTR7450,NF,Xylose,146.25,15.0,7.0,25.0,0.5,250.0,,150.13,180,0.40599999999999997,0.41100000000000003,0.2271758314535358,0.69,12.14,,-16.6,-2.39,70.0,0.44991852760076856,-7.2443071203840446e-06,0.00012025549819837515,-2.39,26.1,75.0,"Influence of molecular size, polarity and charge on the retention of organic molecules by nanofiltration"
NTR7450,NF,Galactose,146.25,15.0,7.0,25.0,0.5,500.0,,180.156,310,0.40199999999999997,0.461,0.24477551117801508,0.69,12.45,,-16.6,-3.24,70.0,0.4163512821818899,-3.5481213031263073e-06,5.8898813631896704e-05,-3.24,28.9,75.0,"Influence of molecular size, polarity and charge on the retention of organic molecules by nanofiltration"
NTR7450,NF,Benzylalcohol,146.25,15.0,7.0,25.0,0.5,0.1365,,108.139999999999,310,0.33599999999999997,0.46399999999999997,0.23408068870547413,0.69,15.4,,-16.6,1.1,70.0,0.4365940315296675,-3.9810716896860346e-09,6.608579004878818e-08,1.1,29.3,75.0,"Influence of molecular size, polarity and charge on the retention of organic molecules by nanofiltration"
NTR7450,NF,Maltose,146.25,15.0,7.0,25.0,0.5,250.0,,342.297,310,0.485,0.651,0.4772552314760964,0.69,12.39,,-16.6,,70.0,0.09506476902812293,-4.0737861822396535e-06,6.762485062517825e-05,,49.7,75.0,"Influence of molecular size, polarity and charge on the retention of organic molecules by nanofiltration"
NTR7450,NF,Raffinose,146.25,15.0,7.0,25.0,0.5,250.0,,504.438,180,0.5730000000000001,0.753,0.424151565064248,0.69,12.81,,-16.6,-5.104,70.0,0.1484465245910287,-1.5488142200832729e-06,2.571031605338233e-05,-5.104,66.7,75.0,"Influence of molecular size, polarity and charge on the retention of organic molecules by nanofiltration"
NTR7450,NF,Malachite green,146.25,15.0,7.0,25.0,0.5,6.0,,364.92,310,0.654,0.772,0.63,0.69,-1.24,,-16.6,0.62,70.0,0.007561436672967854,-0.9999999942456006,16.59999990447697,0.62,71.4,75.0,"Influence of molecular size, polarity and charge on the retention of organic molecules by nanofiltration"
NTR7450,NF,Eosin,146.25,15.0,7.0,25.0,0.5,15.0,,691.859,310,0.625,0.693,0.55,0.69,,,-16.6,,70.0,0.04116782188615833,-2.0,33.2,,88.1,75.0,"Influence of molecular size, polarity and charge on the retention of organic molecules by nanofiltration"
NTR7450,NF,Patent Blue,146.25,15.0,7.0,25.0,0.5,10.0,,566.677,180,0.8560000000000001,0.858,,0.69,,,-16.6,-1.99,70.0,,-1.0,16.6,-1.99,88.2,75.0,"Influence of molecular size, polarity and charge on the retention of organic molecules by nanofiltration"
NTR7450,NF,Congo red,146.25,15.0,7.0,25.0,0.5,40.0,,696.678,310,0.635,1.421,1.325,0.69,9.0,,-16.6,,70.0,-0.8469334173492965,-2.0,33.2,,100.0,75.0,"Influence of molecular size, polarity and charge on the retention of organic molecules by nanofiltration"
NTR7450,NF,Neutral red,146.25,15.0,11.0,25.0,0.5,30.0,,288.782,180,0.43899999999999995,0.76,0.65,0.69,,,-16.6,3.22,70.0,0.0033606385213190417,0.0,0.0,3.22,83.9,75.0,"Influence of molecular size, polarity and charge on the retention of organic molecules by nanofiltration"
UTC20,NF,Nitrobenzene,162.6,15.0,7.0,25.0,0.5,0.42,,123.110999999999,180,0.33999999999999997,0.43600000000000005,0.2324399111480208,0.54,3.98,,-8.6,1.85,34.8,0.32439371829436675,-0.9990459185546853,8.591794899570292,1.8094446481804425,1.3,76.0,"Influence of molecular size, polarity and charge on the retention of organic molecules by nanofiltration"
UTC20,NF,Methanol,162.6,15.0,7.0,25.0,0.5,0.35550000000000004,,32.042,180,0.22000000000000003,0.262,0.13145717648167643,0.54,15.3,,-8.6,-0.77,34.8,0.5723842203303295,-5.011872311153847e-09,4.310210187592308e-08,-0.77,3.0,76.0,"Influence of molecular size, polarity and charge on the retention of organic molecules by nanofiltration"
UTC20,NF,Aniline,162.6,15.0,7.0,25.0,0.5,0.4088,,93.1289999999999,180,0.341,0.40599999999999997,0.21692043637007125,0.54,4.6,,-8.6,0.9,34.8,0.35795749120475034,-0.9960347143808477,8.56589854367529,0.6406466870808997,3.5,76.0,"Influence of molecular size, polarity and charge on the retention of organic molecules by nanofiltration"
UTC20,NF,Benzonitrile,162.6,15.0,7.0,25.0,0.5,0.101,,103.123999999999,180,0.341,0.45199999999999996,0.2322023269185876,0.54,14.0,,-8.6,1.56,34.8,0.3248950876348835,0.0,0.0,1.56,5.7,76.0,"Influence of molecular size, polarity and charge on the retention of organic molecules by nanofiltration"
UTC20,NF,Benzoic acid,162.6,15.0,7.0,25.0,0.5,100.0,,122.122999999999,180,0.358,0.47300000000000003,0.2244307601267766,0.54,4.207,,-8.6,1.87,34.8,0.34150872823787387,-0.998391944372599,8.58617072160435,-0.2874354510652646,6.5,76.0,"Influence of molecular size, polarity and charge on the retention of organic molecules by nanofiltration"
UTC20,NF,Phenol,162.6,15.0,7.0,25.0,0.5,200.0,,94.1129999999999,180,0.33999999999999997,0.396,0.21220696282859047,0.54,10.02,,-8.6,1.67,34.8,0.36847831007564147,-0.0009540814453147002,0.008205100429706421,1.67,6.8,76.0,"Influence of molecular size, polarity and charge on the retention of organic molecules by nanofiltration"
UTC20,NF,Benzylalcohol,162.6,15.0,7.0,25.0,0.5,0.1365,,108.139999999999,180,0.33599999999999997,0.46399999999999997,0.23408068870547413,0.54,15.4,,-8.6,1.1,34.8,0.32094178677269214,-3.9810716896860346e-09,3.4237216531299894e-08,1.1,13.2,76.0,"Influence of molecular size, polarity and charge on the retention of organic molecules by nanofiltration"
UTC20,NF,Ethanol,162.6,15.0,7.0,25.0,0.5,0.31600000000000006,,46.069,180,0.23900000000000002,0.323,0.16605142653368316,0.54,15.9,,-8.6,-0.31,34.8,0.4795525912122544,-1.2589254102092692e-09,1.0826758527799715e-08,-0.31,17.3,76.0,"Influence of molecular size, polarity and charge on the retention of organic molecules by nanofiltration"
UTC20,NF,Ethylacetate,162.6,15.0,7.0,25.0,0.5,0.315,,88.106,180,0.273,0.404,0.22611163482266194,0.54,4.91,,-8.6,0.73,34.8,0.3378803353693482,-0.9919372314813265,8.530660190739408,0.0,26.0,76.0,"Influence of molecular size, polarity and charge on the retention of organic molecules by nanofiltration"
UTC20,NF,Methyl 3-hydroxy-2-methylacrylate,162.6,15.0,7.0,25.0,0.5,0.27999999999999997,,116.115999999999,180,0.344,0.442,0.23688805962684026,0.54,5.48,,-8.6,0.9,34.8,0.31507835527017136,-0.9706857587295497,8.347897525074126,-1.4918774573704852,29.9,76.0,"Influence of molecular size, polarity and charge on the retention of organic molecules by nanofiltration"
UTC20,NF,Xylose,162.6,15.0,7.0,25.0,0.5,250.0,,150.13,180,0.40599999999999997,0.41100000000000003,0.2271758314535358,0.54,12.14,,-8.6,-2.39,34.8,0.33559314275304064,-7.2443071203840446e-06,6.230104123530278e-05,-2.39,84.2,76.0,"Influence of molecular size, polarity and charge on the retention of organic molecules by nanofiltration"
UTC70,RO,Maltose,82.50000000000001,15.0,7.0,25.0,0.5,250.0,,342.297,180,0.485,0.651,0.4772552314760964,,12.39,,-15.88,,54.4,,-4.0737861822396535e-06,6.46917245739657e-05,,94.0,77.0,"Influence of molecular size, polarity and charge on the retention of organic molecules by nanofiltration"
UTC70,RO,Galactose,82.50000000000001,15.0,7.0,25.0,0.5,500.0,,180.156,180,0.40199999999999997,0.461,0.24477551117801508,,12.45,,-15.88,-3.24,54.4,,-3.5481213031263073e-06,5.6344166293645766e-05,-3.24,94.8,77.0,"Influence of molecular size, polarity and charge on the retention of organic molecules by nanofiltration"
UTC70,RO,Neutral red,82.50000000000001,15.0,7.0,25.0,0.5,30.0,,288.782,180,0.43899999999999995,0.76,0.65,,,,-15.88,3.22,54.4,,0.0,0.0,3.22,95.2,77.0,"Influence of molecular size, polarity and charge on the retention of organic molecules by nanofiltration"
UTC70,RO,Raffinose,82.50000000000001,15.0,7.0,25.0,0.5,250.0,,504.438,180,0.5730000000000001,0.753,0.424151565064248,,12.81,,-15.88,-5.104,54.4,,-1.5488142200832729e-06,2.4595169814922375e-05,-5.104,96.7,77.0,"Influence of molecular size, polarity and charge on the retention of organic molecules by nanofiltration"
UTC70,RO,Patent Blue,82.50000000000001,15.0,7.0,25.0,0.5,10.0,,566.677,180,0.8560000000000001,0.858,,,,,-15.88,-1.99,54.4,,-1.0,15.88,-1.99,97.3,77.0,"Influence of molecular size, polarity and charge on the retention of organic molecules by nanofiltration"
UTC70,RO,Malachite green,82.50000000000001,15.0,7.0,25.0,0.5,6.0,,364.92,180,0.654,0.772,0.63,,-1.24,,-15.88,0.62,54.4,,-0.9999999942456006,15.879999908620139,0.62,97.5,77.0,"Influence of molecular size, polarity and charge on the retention of organic molecules by nanofiltration"
UTC70,RO,Eosin,82.50000000000001,15.0,7.0,25.0,0.5,15.0,,691.859,180,0.625,0.693,0.55,,,,-15.88,,54.4,,-2.0,31.76,,99.3,77.0,"Influence of molecular size, polarity and charge on the retention of organic molecules by nanofiltration"
UTC70,RO,Congo red,82.50000000000001,15.0,7.0,25.0,0.5,40.0,,696.678,180,0.635,1.421,1.325,,9.0,,-15.88,,54.4,,-2.0,31.76,,100.0,77.0,"Influence of molecular size, polarity and charge on the retention of organic molecules by nanofiltration"
UTC70,RO,Neutral red,82.50000000000001,15.0,11.0,25.0,0.5,30.0,,288.782,180,0.43899999999999995,0.76,0.65,,,,-15.88,3.22,54.4,,0.0,0.0,3.22,93.2,77.0,"Influence of molecular size, polarity and charge on the retention of organic molecules by nanofiltration"
DF30,NF,Metoprolol,30.24,4.0,7.0,23.0,24.0,1000.0,100.0,267.368999999999,400,0.43899999999999995,1.0070000000000001,0.4057420132561651,0.43,,9.56,-75.1,1.88,15.2,0.003182530669897619,0.9972533362368368,-74.89372555138644,-0.728501937152191,81.2,78.0,Influences of multi influent matrices on the retention of PPCPs by nanofiltration membranes
DF30,NF,Trimethoprim,30.24,4.0,7.0,23.0,24.0,1000.0,100.0,290.323,400,0.497,0.6950000000000001,0.37984797029029826,0.43,,7.12,-75.1,0.91,15.2,0.013603169735007064,0.5686413918836677,-42.70496853046344,-0.5381900903289282,81.2,78.0,Influences of multi influent matrices on the retention of PPCPs by nanofiltration membranes
DF30,NF,Carbamazepine,30.24,4.0,7.0,23.0,24.0,1000.0,100.0,236.274,400,0.44800000000000006,0.576,0.33345165595786874,0.43,13.9,,-75.1,2.45,15.2,0.050414184625623255,0.0,0.0,2.45,81.5,78.0,Influences of multi influent matrices on the retention of PPCPs by nanofiltration membranes
DF30,NF,Chloramphenicol,30.24,4.0,7.0,23.0,24.0,1000.0,100.0,323.132,400,0.43499999999999994,0.747,0.35676096883845776,0.43,11.03,,-75.1,1.1,15.2,0.029010036157281538,-9.331672125655432e-05,0.007008085766367229,1.1,85.7,78.0,Influences of multi influent matrices on the retention of PPCPs by nanofiltration membranes
DF30,NF,Diclofenac,30.24,4.0,7.0,23.0,24.0,1000.0,100.0,296.153,400,0.462,0.634,0.3476931977505725,0.43,4.15,,-75.1,4.51,15.2,0.036638235243517364,-0.9985894549032847,74.99406806323667,2.1899246783083397,94.1,78.0,Influences of multi influent matrices on the retention of PPCPs by nanofiltration membranes
DF30,NF,Indomethacin,30.24,4.0,7.0,23.0,24.0,1000.0,100.0,357.793,400,0.524,0.8539999999999999,0.40615816997435206,0.43,4.5,,-75.1,4.27,15.2,0.0030742718170464404,-0.9968476908167399,74.86326158033715,1.454273330286334,95.4,78.0,Influences of multi influent matrices on the retention of PPCPs by nanofiltration membranes
SR2,NF,Acetaminophen,75.0,10.0,6.0,22.0,1.0,0.5,,151.165,165,0.34900000000000003,0.567,0.2518576668186564,0.52,9.5,,-9.86,0.49,40.1,0.26590351643466964,-0.0003161277976296176,0.0031170200846280293,0.49,32.1428625,79.0,Influences of solution chemistry and polymeric natural organic matter on the removal of aquatic pharmaceutical residuals by nanofiltration
SR2,NF,Acetaminophen,75.0,10.0,7.5,22.0,1.0,0.5,,151.165,165,0.34900000000000003,0.567,0.2518576668186564,0.52,9.5,,-11.8,0.49,40.1,0.26590351643466964,-0.009900990099009901,0.11683168316831684,0.49,34.0,79.0,Influences of solution chemistry and polymeric natural organic matter on the removal of aquatic pharmaceutical residuals by nanofiltration
SR2,NF,Acetaminophen,75.0,10.0,9.0,22.0,1.0,0.5,,151.165,165,0.34900000000000003,0.567,0.2518576668186564,0.52,9.5,,-13.12,0.49,40.1,0.26590351643466964,-0.2402530733520421,3.152120322378792,0.49,36.0714375,79.0,Influences of solution chemistry and polymeric natural organic matter on the removal of aquatic pharmaceutical residuals by nanofiltration
SR2,NF,Amoxicillin,75.0,10.0,7.5,22.0,1.0,0.5,,419.456,165,0.46299999999999997,0.799,0.41835306564238106,0.52,2.44,,-11.8,0.87,40.1,0.03821042627330655,-0.9999912904399575,11.799897227191499,-2.3815498122160257,64.9,80.0,Influences of solution chemistry and polymeric natural organic matter on the removal of aquatic pharmaceutical residuals by nanofiltration
SR2,NF,Indomethacin,75.0,10.0,7.5,22.0,1.0,0.5,,357.793,165,0.524,0.8539999999999999,0.40615816997435206,0.52,4.5,,-11.8,4.27,40.1,0.047928854525105466,-0.9990009990009991,11.788211788211791,1.4481910297118459,82.0,80.0,Influences of solution chemistry and polymeric natural organic matter on the removal of aquatic pharmaceutical residuals by nanofiltration
SR2,NF,Cephalexin,75.0,10.0,7.5,22.0,1.0,0.5,,365.411,165,0.47400000000000003,0.638,0.39125306823277134,0.52,2.53,7.14,-11.8,0.65,40.1,0.06130093357794171,-0.9999799304130438,11.799763178873917,-3.424138851052106,100.0,80.0,Influences of solution chemistry and polymeric natural organic matter on the removal of aquatic pharmaceutical residuals by nanofiltration
SR2,NF,Tetracycline,56.25,7.5,7.5,22.0,1.0,0.5,,444.44,165,0.541,0.745,0.41708552339847743,0.52,7.68,,-11.8,-1.3,40.1,0.03916933984528603,-0.39784190682528314,4.694534500538341,-1.3,75.12,81.0,Influences of solution chemistry and polymeric natural organic matter on the removal of aquatic pharmaceutical residuals by nanofiltration
SR2,NF,Tetracycline,75.0,10.0,7.5,22.0,1.0,0.5,,444.44,165,0.541,0.745,0.41708552339847743,0.52,7.68,,-11.8,-1.3,40.1,0.03916933984528603,-0.39784190682528314,4.694534500538341,-1.3,89.0,81.0,Influences of solution chemistry and polymeric natural organic matter on the removal of aquatic pharmaceutical residuals by nanofiltration
SR2,NF,Tetracycline,93.75,12.5,7.5,22.0,1.0,0.5,,444.44,165,0.541,0.745,0.41708552339847743,0.52,7.68,,-11.8,-1.3,40.1,0.03916933984528603,-0.39784190682528314,4.694534500538341,-1.3,94.04,81.0,Influences of solution chemistry and polymeric natural organic matter on the removal of aquatic pharmaceutical residuals by nanofiltration
SR3,NF,Acetaminophen,21.0,10.0,6.0,22.0,1.0,0.5,,151.165,460,0.34900000000000003,0.567,0.2518576668186564,0.38,9.5,,-11.8,0.49,44.6,0.11371508000802265,-0.0003161277976296176,0.003730308012029488,0.49,51.7857375,82.0,Influences of solution chemistry and polymeric natural organic matter on the removal of aquatic pharmaceutical residuals by nanofiltration
SR3,NF,Acetaminophen,21.0,10.0,7.5,22.0,1.0,0.5,,151.165,460,0.34900000000000003,0.567,0.2518576668186564,0.38,9.5,,-14.11,0.49,44.6,0.11371508000802265,-0.009900990099009901,0.1397029702970297,0.49,58.0,82.0,Influences of solution chemistry and polymeric natural organic matter on the removal of aquatic pharmaceutical residuals by nanofiltration
SR3,NF,Acetaminophen,21.0,10.0,9.0,22.0,1.0,0.5,,151.165,460,0.34900000000000003,0.567,0.2518576668186564,0.38,9.5,,-16.75,0.49,44.6,0.11371508000802265,-0.2402530733520421,4.024238978646705,0.49,58.928537500000004,82.0,Influences of solution chemistry and polymeric natural organic matter on the removal of aquatic pharmaceutical residuals by nanofiltration
SR3,NF,Amoxicillin,21.0,10.0,7.5,22.0,1.0,0.5,,419.456,460,0.46299999999999997,0.799,0.41835306564238106,0.38,2.44,,-17.48,0.87,44.6,-0.010186687286487446,-0.9999912904399575,17.479847756890457,-2.3815498122160257,75.0,83.0,Influences of solution chemistry and polymeric natural organic matter on the removal of aquatic pharmaceutical residuals by nanofiltration
SR3,NF,Cephalexin,21.0,10.0,7.5,22.0,1.0,0.5,,365.411,460,0.47400000000000003,0.638,0.39125306823277134,0.38,2.53,7.14,-16.75,0.65,44.6,-0.0008769497552036539,-0.9999799304130438,16.749663834418484,-3.424138851052106,88.0,83.0,Influences of solution chemistry and polymeric natural organic matter on the removal of aquatic pharmaceutical residuals by nanofiltration
SR3,NF,Indomethacin,21.0,10.0,7.5,22.0,1.0,0.5,,357.793,460,0.524,0.8539999999999999,0.40615816997435206,0.38,4.5,,-16.75,4.27,44.6,-0.004738572412791519,-0.9990009990009991,16.733266733266735,1.4481910297118459,95.0,83.0,Influences of solution chemistry and polymeric natural organic matter on the removal of aquatic pharmaceutical residuals by nanofiltration
SR3,NF,Tetracycline,15.75,7.5,7.5,22.0,1.0,0.5,,444.44,460,0.541,0.745,0.41708552339847743,0.38,7.68,,-16.75,-1.3,44.6,-0.009524487851378232,-0.39784190682528314,6.663851939323493,-1.3,94.03,84.0,Influences of solution chemistry and polymeric natural organic matter on the removal of aquatic pharmaceutical residuals by nanofiltration
SR3,NF,Tetracycline,21.0,10.0,7.5,22.0,1.0,0.5,,444.44,460,0.541,0.745,0.41708552339847743,0.38,7.68,,-16.75,-1.3,44.6,-0.009524487851378232,-0.39784190682528314,6.663851939323493,-1.3,98.0,84.0,Influences of solution chemistry and polymeric natural organic matter on the removal of aquatic pharmaceutical residuals by nanofiltration
SR3,NF,Tetracycline,26.25,12.5,7.5,22.0,1.0,0.5,,444.44,460,0.541,0.745,0.41708552339847743,0.38,7.68,,-16.75,-1.3,44.6,-0.009524487851378232,-0.39784190682528314,6.663851939323493,-1.3,97.0,84.0,Influences of solution chemistry and polymeric natural organic matter on the removal of aquatic pharmaceutical residuals by nanofiltration
VNF1,NF,Benzotriazole,51.84,5.0,7.0,25.0,0.5,0.1,300.0,119.126999999999,150,0.366,0.41200000000000003,0.21180017745911495,0.56,8.37,,-44.0,1.3,36.4,0.3866170804129587,-0.04091269989667938,1.8001587954538927,1.3,11.3,85.0,Influences of temperature on the retention of PPCPs by nanofiltration membranes: Experiments and modeling assessment
VNF1,NF,Trimethoprim,51.84,5.0,7.0,25.0,0.5,0.1,300.0,290.323,150,0.497,0.6950000000000001,0.37984797029029826,0.56,,7.12,-44.0,0.91,36.4,0.103490924134328,0.5686413918836677,-25.020221242881377,-0.5381900903289282,65.7,85.0,Influences of temperature on the retention of PPCPs by nanofiltration membranes: Experiments and modeling assessment
VNF1,NF,Clofibric acid,51.84,5.0,7.0,25.0,0.5,0.1,300.0,214.648,150,0.35,0.62,0.31493819502272646,0.56,3.12,,-44.0,2.57,36.4,0.19150283245765073,-0.9998681917018621,43.99420043488193,-0.22685459426045274,69.25,85.0,Influences of temperature on the retention of PPCPs by nanofiltration membranes: Experiments and modeling assessment
VNF1,NF,Ibuprofen,51.84,5.0,7.0,25.0,0.5,0.1,300.0,206.284999999999,250,0.378,0.659,0.3727263864585965,0.56,5.2,,-52.0,3.97,36.4,0.1118348416098691,-0.9843983377581704,51.18871356342486,0.7761004222382355,74.37,85.0,Influences of temperature on the retention of PPCPs by nanofiltration membranes: Experiments and modeling assessment
VNF1,NF,Nalidixic acid,51.84,5.0,7.0,25.0,0.5,0.1,300.0,232.238999999999,150,0.516,0.636,0.32025638719070443,0.56,6.01,,-44.0,1.59,36.4,0.18328124962644593,-0.9071699361527149,39.91547719071946,0.9946735597791301,74.5,85.0,Influences of temperature on the retention of PPCPs by nanofiltration membranes: Experiments and modeling assessment
VNF1,NF,Sulpiride,51.84,5.0,7.0,25.0,0.5,0.1,300.0,341.433,150,0.5519999999999999,0.714,0.40194252744592934,0.56,,9.12,-44.0,0.57,36.4,0.07966251476460716,0.992471335013991,-43.6687387406156,-1.5844763200003373,75.6,85.0,Influences of temperature on the retention of PPCPs by nanofiltration membranes: Experiments and modeling assessment
VNF1,NF,Metoprolol,51.84,5.0,7.0,25.0,0.5,0.1,300.0,267.368999999999,150,0.43899999999999995,1.0070000000000001,0.4057420132561651,0.56,,9.56,-44.0,1.88,36.4,0.07587859207353682,0.9972533362368368,-43.87914679442082,-0.728501937152191,75.8,85.0,Influences of temperature on the retention of PPCPs by nanofiltration membranes: Experiments and modeling assessment
VNF1,NF,Hydrochlorothiazide,51.84,5.0,7.0,25.0,0.5,0.1,300.0,297.745,150,0.413,0.567,0.32177778149594083,0.56,7.9,9.2,-44.0,-0.58,36.4,0.18096245340878736,0.9921574825585734,-43.65492923257723,-0.58,80.0,85.0,Influences of temperature on the retention of PPCPs by nanofiltration membranes: Experiments and modeling assessment
VNF1,NF,Carbamazepine,51.84,5.0,7.0,25.0,0.5,0.1,300.0,236.274,150,0.44800000000000006,0.576,0.33345165595786874,0.56,13.9,,-44.0,2.45,36.4,0.16366119957982106,0.0,0.0,2.45,80.5,85.0,Influences of temperature on the retention of PPCPs by nanofiltration membranes: Experiments and modeling assessment
VNF1,NF,Diclofenac,51.84,5.0,7.0,25.0,0.5,0.1,300.0,296.153,250,0.462,0.634,0.3476931977505725,0.56,4.15,,-52.0,4.51,36.4,0.14373143584622938,-0.9985894549032847,51.926651654970804,2.1899246783083397,83.75,85.0,Influences of temperature on the retention of PPCPs by nanofiltration membranes: Experiments and modeling assessment
VNF1,NF,Mefenamic acid,51.84,5.0,7.0,25.0,0.5,0.1,300.0,241.29,250,0.492,0.643,0.34818315746706696,0.56,4.2,,-52.0,5.12,36.4,0.1430687971320834,-0.9984176147191982,51.91771596539831,2.6939795431291853,84.75,85.0,Influences of temperature on the retention of PPCPs by nanofiltration membranes: Experiments and modeling assessment
VNF1,NF,Indomethacin,51.84,5.0,7.0,25.0,0.5,0.1,300.0,357.793,250,0.524,0.8539999999999999,0.40615816997435206,0.56,4.5,,-52.0,4.27,36.4,0.07546973426543481,-0.9968476908167399,51.836079922470475,1.454273330286334,94.62,85.0,Influences of temperature on the retention of PPCPs by nanofiltration membranes: Experiments and modeling assessment
VNF1,NF,Bezafibrate,51.84,5.0,7.0,25.0,0.5,0.1,300.0,361.825,250,0.413,1.0,0.43183750405476584,0.56,3.29,,-52.0,3.8,36.4,0.052377631909796454,-0.9998050535515521,51.98986278468071,0.5735363101768511,100.0,85.0,Influences of temperature on the retention of PPCPs by nanofiltration membranes: Experiments and modeling assessment
VNF1,NF,Candesartan,51.84,5.0,7.0,25.0,0.5,0.1,300.0,440.463,250,0.6,0.8390000000000001,0.45421108981576025,0.56,2.45,6.7,-52.0,5.01,36.4,0.0356865226976057,-0.9999435678073961,51.997065525984596,0.4037249467619235,100.0,85.0,Influences of temperature on the retention of PPCPs by nanofiltration membranes: Experiments and modeling assessment
VNF2,NF,Benzotriazole,43.38,5.0,7.0,25.0,0.5,0.1,300.0,119.126999999999,150,0.366,0.41200000000000003,0.21180017745911495,0.51,8.37,,-44.0,1.3,79.4,0.34188056195084715,-0.04091269989667938,1.8001587954538927,1.3,22.8,86.0,Influences of temperature on the retention of PPCPs by nanofiltration membranes: Experiments and modeling assessment
VNF2,NF,Trimethoprim,43.38,5.0,7.0,25.0,0.5,0.1,300.0,290.323,150,0.497,0.6950000000000001,0.37984797029029826,0.51,,7.12,-44.0,0.91,79.4,0.06512706973300686,0.5686413918836677,-25.020221242881377,-0.5381900903289282,71.29,86.0,Influences of temperature on the retention of PPCPs by nanofiltration membranes: Experiments and modeling assessment
VNF2,NF,Clofibric acid,43.38,5.0,7.0,25.0,0.5,0.1,300.0,214.648,250,0.35,0.62,0.31493819502272646,0.51,3.12,,-52.0,2.57,79.4,0.14628645813530142,-0.9998681917018621,51.99314596849683,-0.22685459426045274,71.76,86.0,Influences of temperature on the retention of PPCPs by nanofiltration membranes: Experiments and modeling assessment
VNF2,NF,Sulpiride,43.38,5.0,7.0,25.0,0.5,0.1,300.0,341.433,150,0.5519999999999999,0.714,0.40194252744592934,0.51,,9.12,-44.0,0.57,79.4,0.04489203142934923,0.992471335013991,-43.6687387406156,-1.5844763200003373,72.7,86.0,Influences of temperature on the retention of PPCPs by nanofiltration membranes: Experiments and modeling assessment
VNF2,NF,Metoprolol,43.38,5.0,7.0,25.0,0.5,0.1,300.0,267.368999999999,150,0.43899999999999995,1.0070000000000001,0.4057420132561651,0.51,,9.56,-44.0,1.88,79.4,0.041790572087188206,0.9972533362368368,-43.87914679442082,-0.728501937152191,76.47,86.0,Influences of temperature on the retention of PPCPs by nanofiltration membranes: Experiments and modeling assessment
VNF2,NF,Ibuprofen,43.38,5.0,7.0,25.0,0.5,0.1,300.0,206.284999999999,250,0.378,0.659,0.3727263864585965,0.51,5.2,,-52.0,3.97,79.4,0.07244923096776085,-0.9843983377581704,51.18871356342486,0.7761004222382355,76.49,86.0,Influences of temperature on the retention of PPCPs by nanofiltration membranes: Experiments and modeling assessment
VNF2,NF,Nalidixic acid,43.38,5.0,7.0,25.0,0.5,0.1,300.0,232.238999999999,250,0.516,0.636,0.32025638719070443,0.51,6.01,,-52.0,1.59,79.4,0.13841844906545125,-0.9071699361527149,47.17283667994118,0.9946735597791301,78.11,86.0,Influences of temperature on the retention of PPCPs by nanofiltration membranes: Experiments and modeling assessment
VNF2,NF,Hydrochlorothiazide,43.38,5.0,7.0,25.0,0.5,0.1,300.0,297.745,150,0.413,0.567,0.32177778149594083,0.51,7.9,9.2,-44.0,-0.58,79.4,0.13620762606147557,0.9921574825585734,-43.65492923257723,-0.58,80.0,86.0,Influences of temperature on the retention of PPCPs by nanofiltration membranes: Experiments and modeling assessment
VNF2,NF,Carbamazepine,43.38,5.0,7.0,25.0,0.5,0.1,300.0,236.274,150,0.44800000000000006,0.576,0.33345165595786874,0.51,13.9,,-44.0,2.45,79.4,0.11983590074593904,0.0,0.0,2.45,83.0,86.0,Influences of temperature on the retention of PPCPs by nanofiltration membranes: Experiments and modeling assessment
VNF2,NF,Diclofenac,43.38,5.0,7.0,25.0,0.5,0.1,300.0,296.153,250,0.462,0.634,0.3476931977505725,0.51,4.15,,-52.0,4.51,79.4,0.10128219168179456,-0.9985894549032847,51.926651654970804,2.1899246783083397,86.21,86.0,Influences of temperature on the retention of PPCPs by nanofiltration membranes: Experiments and modeling assessment
VNF2,NF,Mefenamic acid,43.38,5.0,7.0,25.0,0.5,0.1,300.0,241.29,250,0.492,0.643,0.34818315746706696,0.51,4.2,,-52.0,5.12,79.4,0.10067162832498287,-0.9984176147191982,51.91771596539831,2.6939795431291853,86.33,86.0,Influences of temperature on the retention of PPCPs by nanofiltration membranes: Experiments and modeling assessment
VNF2,NF,Indomethacin,43.38,5.0,7.0,25.0,0.5,0.1,300.0,357.793,250,0.524,0.8539999999999999,0.40615816997435206,0.51,4.5,,-52.0,4.27,79.4,0.04145761500605751,-0.9968476908167399,51.836079922470475,1.454273330286334,96.3,86.0,Influences of temperature on the retention of PPCPs by nanofiltration membranes: Experiments and modeling assessment
VNF2,NF,Bezafibrate,43.38,5.0,7.0,25.0,0.5,0.1,300.0,361.825,250,0.413,1.0,0.43183750405476584,0.51,3.29,,-52.0,3.8,79.4,0.023488565061087055,-0.9998050535515521,51.98986278468071,0.5735363101768511,100.0,86.0,Influences of temperature on the retention of PPCPs by nanofiltration membranes: Experiments and modeling assessment
VNF2,NF,Candesartan,43.38,5.0,7.0,25.0,0.5,0.1,300.0,440.463,250,0.6,0.8390000000000001,0.45421108981576025,0.51,2.45,6.7,-52.0,5.01,79.4,0.011966176468839568,-0.9999435678073961,51.997065525984596,0.4037249467619235,100.0,86.0,Influences of temperature on the retention of PPCPs by nanofiltration membranes: Experiments and modeling assessment
BW400,RO,Trichloroethylene,13.584,4.8,8.0,22.5,48.0,0.1,,131.389,100,0.313,0.385,0.21489123633228346,,,0.95,-4.5,2.42,47.0,,8.91250858700929e-08,-4.010628864154181e-07,2.42,0.0,87.0,Modeling of RO/NF membrane rejections of PhACs and organic compounds: a statistical analysis
BW400,RO,Chloroform,13.584000000000001,4.8,8.0,22.5,48.0,0.1,,119.378,375,0.304,0.318,0.20129157151502178,,,1.12,-4.5,1.97,47.0,,1.3182565647763447e-07,-5.932154541493551e-07,1.97,4.0,87.0,Modeling of RO/NF membrane rejections of PhACs and organic compounds: a statistical analysis
BW400,RO,Bromoform,13.584000000000001,4.8,8.0,22.5,48.0,0.1,,252.731,375,0.327,0.34199999999999997,0.21159673500728596,,15.0,,-4.5,2.4,47.0,,0.0,0.0,2.4,16.0,87.0,Modeling of RO/NF membrane rejections of PhACs and organic compounds: a statistical analysis
BW400,RO,Perchloroethylene,13.584000000000001,4.8,8.0,22.5,48.0,0.1,,165.834,100,0.318,0.386,0.23232970754636786,,,0.11,-4.5,3.4,47.0,,1.2882495350972661e-08,-5.797122907937697e-08,3.4,71.0,87.0,Modeling of RO/NF membrane rejections of PhACs and organic compounds: a statistical analysis
BW400,RO,Carbontetrachloride,13.584000000000001,4.8,8.0,22.5,48.0,0.1,,153.823,375,0.316,0.318,0.22481124635515828,,,0.3,-4.5,2.83,47.0,,1.995262275158161e-08,-8.978680238211724e-08,2.83,78.0,87.0,Modeling of RO/NF membrane rejections of PhACs and organic compounds: a statistical analysis
BW400,RO,Carbontetrabromide,13.584000000000001,4.8,8.0,22.5,48.0,0.1,,331.626999999999,375,0.337,0.34199999999999997,0.22512193206089842,,,0.01,-4.5,3.42,47.0,,1.0232929818094669e-08,-4.604818418142601e-08,3.42,96.0,87.0,Modeling of RO/NF membrane rejections of PhACs and organic compounds: a statistical analysis
LE440,RO,Phenacetine,17.645833333333336,5.5,8.0,22.5,48.0,0.1,,179.219,65,0.34500000000000003,0.6900000000000001,0.29027039861765114,,14.57,2.4,-23.0,1.58,42.0,,2.2427267140043866e-06,-5.1582714422100893e-05,1.58,56.0,88.0,Modeling of RO/NF membrane rejections of PhACs and organic compounds: a statistical analysis
LE440,RO,Naproxen,17.645833333333336,5.5,8.0,22.5,48.0,0.1,,230.262999999999,100,0.392,0.73,0.33244899602012684,,4.84,2.74,-23.0,3.18,42.0,,-0.9993086397323669,22.98409871384444,1.0856705273604397,75.0,88.0,Modeling of RO/NF membrane rejections of PhACs and organic compounds: a statistical analysis
LE440,RO,Dichloroacetic acid,17.645833333333336,5.5,8.0,22.5,48.0,0.1,,128.942,100,0.308,0.34700000000000003,0.20431713784192027,,1.26,,-23.0,0.92,42.0,,-0.9999998180299472,22.999995814688784,-2.7851093927997947,77.0,88.0,Modeling of RO/NF membrane rejections of PhACs and organic compounds: a statistical analysis
LE440,RO,Primidone,17.645833333333336,5.5,8.0,22.5,48.0,0.1,,218.256,100,0.417,0.54,0.33895176473968675,,12.3,4.31,-23.0,0.91,42.0,,0.00015401590601169988,-0.003542365838269097,0.91,83.0,88.0,Modeling of RO/NF membrane rejections of PhACs and organic compounds: a statistical analysis
LE440,RO,Clofibric acid,17.645833333333336,5.5,8.0,22.5,48.0,0.1,,214.648,100,0.35,0.62,0.31493819502272646,,3.12,,-23.0,2.57,42.0,,-0.9999868176063923,22.99969680494702,-0.2271864174035798,87.0,88.0,Modeling of RO/NF membrane rejections of PhACs and organic compounds: a statistical analysis
LE440,RO,Ibuprofen,17.645833333333336,5.5,8.0,22.5,48.0,0.1,,206.284999999999,100,0.378,0.659,0.3727263864585965,,5.2,,-23.0,3.97,42.0,,-0.9984176147191982,22.96360513854156,0.7306146051163545,91.0,88.0,Modeling of RO/NF membrane rejections of PhACs and organic compounds: a statistical analysis
LE440,RO,Diclofenac,17.645833333333336,5.5,8.0,22.5,48.0,0.1,,296.153,100,0.462,0.634,0.3476931977505725,,4.15,,-23.0,4.51,42.0,,-0.9998587661953429,22.996751622492887,2.186975620725377,91.0,88.0,Modeling of RO/NF membrane rejections of PhACs and organic compounds: a statistical analysis
LE440,RO,Trichloroacetic acid,17.645833333333336,5.5,8.0,22.5,48.0,0.1,,163.387,65,0.317,0.385,0.23113091978683248,,0.51,,-23.0,1.33,42.0,,-0.9999999676406354,22.999999255734615,-2.225018328059951,95.0,88.0,Modeling of RO/NF membrane rejections of PhACs and organic compounds: a statistical analysis
NE90,NF,Trichloroethylene,25.316666666666666,2.8,8.0,22.5,48.0,0.1,,131.389,375,0.313,0.385,0.21489123633228346,0.49,,0.95,-24.0,2.42,60.0,0.31522212347679934,8.91250858700929e-08,-2.1390020608822297e-06,2.42,0.0,89.0,Modeling of RO/NF membrane rejections of PhACs and organic compounds: a statistical analysis
NE90,NF,Chloroform,25.316666666666666,2.8,8.0,22.5,48.0,0.1,,119.378,180,0.304,0.318,0.20129157151502178,0.49,,1.12,-24.0,1.97,60.0,0.3471576704634144,1.3182565647763447e-07,-3.1638157554632273e-06,1.97,1.0,89.0,Modeling of RO/NF membrane rejections of PhACs and organic compounds: a statistical analysis
NE90,NF,Bromoform,25.316666666666666,2.8,8.0,22.5,48.0,0.1,,252.731,180,0.327,0.34199999999999997,0.21159673500728596,0.49,15.0,,-24.0,2.4,60.0,0.32281706771596574,0.0,0.0,2.4,17.0,89.0,Modeling of RO/NF membrane rejections of PhACs and organic compounds: a statistical analysis
NE90,NF,Carbontetrachloride,25.316666666666666,2.8,8.0,22.5,48.0,0.1,,153.823,180,0.316,0.318,0.22481124635515828,0.49,,0.3,-24.0,2.83,60.0,0.29289910478844045,1.995262275158161e-08,-4.788629460379587e-07,2.83,52.0,89.0,Modeling of RO/NF membrane rejections of PhACs and organic compounds: a statistical analysis
NE90,NF,Perchloroethylene,25.316666666666666,2.8,8.0,22.5,48.0,0.1,,165.834,375,0.318,0.386,0.23232970754636786,0.49,,0.11,-24.0,3.4,60.0,0.27652636240374967,1.2882495350972661e-08,-3.091798884233439e-07,3.4,57.0,89.0,Modeling of RO/NF membrane rejections of PhACs and organic compounds: a statistical analysis
NE90,NF,Carbontetrabromide,25.316666666666666,2.8,8.0,22.5,48.0,0.1,,331.626999999999,180,0.337,0.34199999999999997,0.22512193206089842,0.49,,0.01,-24.0,3.42,60.0,0.29221320647709836,1.0232929818094669e-08,-2.455903156342721e-07,3.42,70.0,89.0,Modeling of RO/NF membrane rejections of PhACs and organic compounds: a statistical analysis
NF90,NF,Phenacetine,20.352,2.4,8.0,22.5,48.0,0.1,,179.219,100,0.34500000000000003,0.6900000000000001,0.29027039861765114,0.34,14.57,2.4,-31.0,1.58,52.0,0.021393021225322818,2.2427267140043866e-06,-6.952452813413599e-05,1.58,45.0,90.0,Modeling of RO/NF membrane rejections of PhACs and organic compounds: a statistical analysis
NF90,NF,Primidone,20.352,2.4,8.0,22.5,48.0,0.1,,218.256,100,0.417,0.54,0.33895176473968675,0.34,12.3,4.31,-31.0,0.91,52.0,9.505165752284319e-06,0.00015401590601169988,-0.004774493086362696,0.91,82.0,90.0,Modeling of RO/NF membrane rejections of PhACs and organic compounds: a statistical analysis
NF90,NF,Ibuprofen,20.352,2.4,8.0,22.5,48.0,0.1,,206.284999999999,65,0.378,0.659,0.3727263864585965,0.34,5.2,,-31.0,3.97,52.0,-0.009264847496863387,-0.9984176147191982,30.950946056295145,0.7306146051163545,86.0,90.0,Modeling of RO/NF membrane rejections of PhACs and organic compounds: a statistical analysis
NF90,NF,Clofibric acid,20.352,2.4,8.0,22.5,48.0,0.1,,214.648,65,0.35,0.62,0.31493819502272646,0.34,3.12,,-31.0,2.57,52.0,0.005433339694800116,-0.9999868176063923,30.999591345798162,-0.2271864174035798,86.0,90.0,Modeling of RO/NF membrane rejections of PhACs and organic compounds: a statistical analysis
NF90,NF,Trichloroacetic acid,20.352,2.4,8.0,22.5,48.0,0.1,,163.387,100,0.317,0.385,0.23113091978683248,0.34,0.51,,-31.0,1.33,52.0,0.10253007462336594,-0.9999999676406354,30.999998996859695,-2.225018328059951,87.0,90.0,Modeling of RO/NF membrane rejections of PhACs and organic compounds: a statistical analysis
NF90,NF,Dichloroacetic acid,20.352,2.4,8.0,22.5,48.0,0.1,,128.942,65,0.308,0.34700000000000003,0.20431713784192027,0.34,1.26,,-31.0,0.92,52.0,0.15925466335128435,-0.9999998180299472,30.99999435892836,-2.7851093927997947,89.0,90.0,Modeling of RO/NF membrane rejections of PhACs and organic compounds: a statistical analysis
NF90,NF,Naproxen,20.352,2.4,8.0,22.5,48.0,0.1,,230.262999999999,100,0.392,0.73,0.33244899602012684,0.34,4.84,2.74,-31.0,3.18,52.0,0.0004932323624918739,-0.9993086397323669,30.978567831703376,1.0856705273604397,89.0,90.0,Modeling of RO/NF membrane rejections of PhACs and organic compounds: a statistical analysis
NF90,NF,Diclofenac,20.352,2.4,8.0,22.5,48.0,0.1,,296.153,65,0.462,0.634,0.3476931977505725,0.34,4.15,,-31.0,4.51,52.0,-0.0005119834916039174,-0.9998587661953429,30.99562175205563,2.186975620725377,90.0,90.0,Modeling of RO/NF membrane rejections of PhACs and organic compounds: a statistical analysis
RE-BLR,RO,Trichloroethylene,15.4,4.8,8.0,22.5,48.0,0.1,,131.389,180,0.313,0.385,0.21489123633228346,,,0.95,-21.0,2.42,47.0,,8.91250858700929e-08,-1.871626803271951e-06,2.42,33.0,91.0,Modeling of RO/NF membrane rejections of PhACs and organic compounds: a statistical analysis
RE-BLR,RO,Chloroform,15.4,4.8,8.0,22.5,48.0,0.1,,119.378,100,0.304,0.318,0.20129157151502178,,,1.12,-21.0,1.97,47.0,,1.3182565647763447e-07,-2.768338786030324e-06,1.97,34.0,91.0,Modeling of RO/NF membrane rejections of PhACs and organic compounds: a statistical analysis
RE-BLR,RO,Bromoform,15.4,4.8,8.0,22.5,48.0,0.1,,252.731,100,0.327,0.34199999999999997,0.21159673500728596,,15.0,,-21.0,2.4,47.0,,0.0,0.0,2.4,50.0,91.0,Modeling of RO/NF membrane rejections of PhACs and organic compounds: a statistical analysis
RE-BLR,RO,Perchloroethylene,15.4,4.8,8.0,22.5,48.0,0.1,,165.834,180,0.318,0.386,0.23232970754636786,,,0.11,-21.0,3.4,47.0,,1.2882495350972661e-08,-2.705324023704259e-07,3.4,87.0,91.0,Modeling of RO/NF membrane rejections of PhACs and organic compounds: a statistical analysis
RE-BLR,RO,Carbontetrachloride,15.4,4.8,8.0,22.5,48.0,0.1,,153.823,180,0.316,0.318,0.22481124635515828,,,0.3,-21.0,2.83,47.0,,1.995262275158161e-08,-4.190050777832138e-07,2.83,90.0,91.0,Modeling of RO/NF membrane rejections of PhACs and organic compounds: a statistical analysis
RE-BLR,RO,Carbontetrabromide,15.4,4.8,8.0,22.5,48.0,0.1,,331.626999999999,180,0.337,0.34199999999999997,0.22512193206089842,,,0.01,-21.0,3.42,47.0,,1.0232929818094669e-08,-2.1489152617998806e-07,3.42,99.0,91.0,Modeling of RO/NF membrane rejections of PhACs and organic compounds: a statistical analysis
UTC70,RO,Trichloroethylene,18.700000000000003,3.4,8.0,22.5,48.0,0.1,,131.389,100,0.313,0.385,0.21489123633228346,,,0.95,-15.0,2.42,54.4,,8.91250858700929e-08,-1.3368762880513935e-06,2.42,6.0,92.0,Modeling of RO/NF membrane rejections of PhACs and organic compounds: a statistical analysis
UTC70,RO,Chloroform,18.700000000000003,3.4,8.0,22.5,48.0,0.1,,119.378,100,0.304,0.318,0.20129157151502178,,,1.12,-15.0,1.97,54.4,,1.3182565647763447e-07,-1.977384847164517e-06,1.97,9.0,92.0,Modeling of RO/NF membrane rejections of PhACs and organic compounds: a statistical analysis
UTC70,RO,Bromoform,18.700000000000003,3.4,8.0,22.5,48.0,0.1,,252.731,100,0.327,0.34199999999999997,0.21159673500728596,,15.0,,-15.0,2.4,54.4,,0.0,0.0,2.4,34.0,92.0,Modeling of RO/NF membrane rejections of PhACs and organic compounds: a statistical analysis
UTC70,RO,Perchloroethylene,18.700000000000003,3.4,8.0,22.5,48.0,0.1,,165.834,100,0.318,0.386,0.23232970754636786,,,0.11,-15.0,3.4,54.4,,1.2882495350972661e-08,-1.932374302645899e-07,3.4,57.0,92.0,Modeling of RO/NF membrane rejections of PhACs and organic compounds: a statistical analysis
UTC70,RO,Carbontetrabromide,18.700000000000003,3.4,8.0,22.5,48.0,0.1,,331.626999999999,100,0.337,0.34199999999999997,0.22512193206089842,,,0.01,-15.0,3.42,54.4,,1.0232929818094669e-08,-1.5349394727142004e-07,3.42,79.0,92.0,Modeling of RO/NF membrane rejections of PhACs and organic compounds: a statistical analysis
UTC70,RO,Carbontetrachloride,18.700000000000003,3.4,8.0,22.5,48.0,0.1,,153.823,100,0.316,0.318,0.22481124635515828,,,0.3,-15.0,2.83,54.4,,1.995262275158161e-08,-2.9928934127372417e-07,2.83,84.0,92.0,Modeling of RO/NF membrane rejections of PhACs and organic compounds: a statistical analysis
XLE440,RO,Trichloroethylene,18.4,4.8,8.0,22.5,48.0,0.1,,131.389,100,0.313,0.385,0.21489123633228346,,,0.95,-19.0,2.42,47.0,,8.91250858700929e-08,-1.6933766315317652e-06,2.42,3.0,93.0,Modeling of RO/NF membrane rejections of PhACs and organic compounds: a statistical analysis
XLE440,RO,Chloroform,18.4,4.8,8.0,22.5,48.0,0.1,,119.378,100,0.304,0.318,0.20129157151502178,,,1.12,-19.0,1.97,47.0,,1.3182565647763447e-07,-2.504687473075055e-06,1.97,10.0,93.0,Modeling of RO/NF membrane rejections of PhACs and organic compounds: a statistical analysis
XLE440,RO,Bromoform,18.4,4.8,8.0,22.5,48.0,0.1,,252.731,100,0.327,0.34199999999999997,0.21159673500728596,,15.0,,-19.0,2.4,47.0,,0.0,0.0,2.4,16.0,93.0,Modeling of RO/NF membrane rejections of PhACs and organic compounds: a statistical analysis
XLE440,RO,Carbontetrachloride,18.4,4.8,8.0,22.5,48.0,0.1,,153.823,100,0.316,0.318,0.22481124635515828,,,0.3,-19.0,2.83,47.0,,1.995262275158161e-08,-3.790998322800506e-07,2.83,69.0,93.0,Modeling of RO/NF membrane rejections of PhACs and organic compounds: a statistical analysis
XLE440,RO,Perchloroethylene,18.4,4.8,8.0,22.5,48.0,0.1,,165.834,100,0.318,0.386,0.23232970754636786,,,0.11,-19.0,3.4,47.0,,1.2882495350972661e-08,-2.4476741166848054e-07,3.4,71.0,93.0,Modeling of RO/NF membrane rejections of PhACs and organic compounds: a statistical analysis
XLE440,RO,Carbontetrabromide,18.4,4.8,8.0,22.5,48.0,0.1,,331.626999999999,100,0.337,0.34199999999999997,0.22512193206089842,,,0.01,-19.0,3.42,47.0,,1.0232929818094669e-08,-1.944256665437987e-07,3.42,83.0,93.0,Modeling of RO/NF membrane rejections of PhACs and organic compounds: a statistical analysis
NF70,NF,Perﬂuorooctanoate,66.0,6.0,6.5,25.0,20.0,0.001,,162.203999999999,180,0.376,0.679,,0.34,0.0,,-25.0,7.75,25.3,,-0.9999996837723341,24.99999209430835,1.8349923769236032,70.76,94.0,Nanofilltration of perfluorooctanoic acid and perfluorooctane sulfonic acid as a function of water matrix properties
NF270,NF,Heptafluorobutyric acid,78.60026399999998,5.171069999999999,6.5,25.0,20.0,0.001,,214.035999999999,330,0.318,0.45599999999999996,0.26797075099219425,0.42,0.37,,-42.7,3.93,73.16,0.13102546799250228,-0.9999992586903084,42.69996834607617,-1.1200152465658815,93.0,95.0,Nanofiltration and granular activated carbon treatment of perfluoroalkyl acids
NF270,NF,Heptafluorobutyric acid,104.800352,6.89476,6.5,25.0,20.0,0.001,,214.035999999999,330,0.318,0.45599999999999996,0.26797075099219425,0.42,0.37,,-42.7,3.93,73.16,0.13102546799250228,-0.9999992586903084,42.69996834607617,-1.1200152465658815,94.0,95.0,Nanofiltration and granular activated carbon treatment of perfluoroalkyl acids
NF270,NF,Heptafluorobutyric acid,131.00044,8.618450000000001,6.5,25.0,20.0,0.001,,214.035999999999,330,0.318,0.45599999999999996,0.26797075099219425,0.42,0.37,,-42.7,3.93,73.16,0.13102546799250228,-0.9999992586903084,42.69996834607617,-1.1200152465658815,93.0,95.0,Nanofiltration and granular activated carbon treatment of perfluoroalkyl acids
NF270,NF,Perﬂuorobutane sulfonate,79.512264,5.23107,6.5,25.0,20.0,0.001,,156.177999999999,330,0.363,0.513,,0.42,0.0,,-42.7,3.68,73.16,,-0.9999996837723341,42.69998649707867,-1.5600067324103821,96.0,96.0,Nanofiltration and granular activated carbon treatment of perfluoroalkyl acids
NF270,NF,Perﬂuorobutane sulfonate,105.712352,6.95476,6.5,25.0,20.0,0.001,,156.177999999999,330,0.363,0.513,,0.42,0.0,,-42.7,3.68,73.16,,-0.9999996837723341,42.69998649707867,-1.5600067324103821,96.0,96.0,Nanofiltration and granular activated carbon treatment of perfluoroalkyl acids
NF270,NF,Perﬂuorobutane sulfonate,131.00044,8.618450000000001,6.5,25.0,20.0,0.001,,156.177999999999,330,0.363,0.513,,0.42,0.0,,-42.7,3.68,73.16,,-0.9999996837723341,42.69998649707867,-1.5600067324103821,95.0,96.0,Nanofiltration and granular activated carbon treatment of perfluoroalkyl acids
NF270,NF,Perﬂuorodecanoate,79.36026399999999,5.22107,6.5,25.0,20.0,0.001,,190.257999999999,330,0.382,0.795,,0.42,0.0,,-42.7,5.0,73.16,,-0.9999996837723341,42.69998649707867,4.529999396138764,97.0,97.0,Nanofiltration and granular activated carbon treatment of perfluoroalkyl acids
NF270,NF,Perﬂuorodecanoate,105.56035200000001,6.94476,6.5,25.0,20.0,0.001,,190.257999999999,330,0.382,0.795,,0.42,0.0,,-42.7,5.0,73.16,,-0.9999996837723341,42.69998649707867,4.529999396138764,98.0,97.0,Nanofiltration and granular activated carbon treatment of perfluoroalkyl acids
NF270,NF,Perﬂuorodecanoate,131.00044,8.618450000000001,6.5,25.0,20.0,0.001,,190.257999999999,330,0.382,0.795,,0.42,0.0,,-42.7,5.0,73.16,,-0.9999996837723341,42.69998649707867,4.529999396138764,98.0,97.0,Nanofiltration and granular activated carbon treatment of perfluoroalkyl acids
NF270,NF,Perfluoroheptanoic acid,78.752264,5.18107,6.5,25.0,20.0,0.001,,364.056999999999,330,0.40700000000000003,0.614,0.3577383386561064,0.42,-2.29,,-42.7,6.86,73.16,0.021975705630961982,-0.99999999837819,42.69999993074872,1.1249999620901034,97.0,98.0,Nanofiltration and granular activated carbon treatment of perfluoroalkyl acids
NF270,NF,Perfluoroheptanoic acid,104.95235199999999,6.90476,6.5,25.0,20.0,0.001,,364.056999999999,330,0.40700000000000003,0.614,0.3577383386561064,0.42,-2.29,,-42.7,6.86,73.16,0.021975705630961982,-0.99999999837819,42.69999993074872,1.1249999620901034,97.0,98.0,Nanofiltration and granular activated carbon treatment of perfluoroalkyl acids
NF270,NF,Perfluoroheptanoic acid,131.00044,8.618450000000001,6.5,25.0,20.0,0.001,,364.056999999999,330,0.40700000000000003,0.614,0.3577383386561064,0.42,-2.29,,-42.7,6.86,73.16,0.021975705630961982,-0.99999999837819,42.69999993074872,1.1249999620901034,97.0,98.0,Nanofiltration and granular activated carbon treatment of perfluoroalkyl acids
NF270,NF,Perﬂuorohexane sulfonate,79.66426399999999,5.24107,6.5,25.0,20.0,0.001,,184.231999999999,330,0.396,0.592,,0.42,0.0,,-42.7,3.08,73.16,,-0.9999996837723341,42.69998649707867,2.6599994603793204,97.0,99.0,Nanofiltration and granular activated carbon treatment of perfluoroalkyl acids
NF270,NF,Perﬂuorohexane sulfonate,105.864352,6.96476,6.5,25.0,20.0,0.001,,184.231999999999,330,0.396,0.592,,0.42,0.0,,-42.7,3.08,73.16,,-0.9999996837723341,42.69998649707867,2.6599994603793204,96.0,99.0,Nanofiltration and granular activated carbon treatment of perfluoroalkyl acids
NF270,NF,Perﬂuorohexane sulfonate,131.00044,8.618450000000001,6.5,25.0,20.0,0.001,,184.231999999999,330,0.396,0.592,,0.42,0.0,,-42.7,3.08,73.16,,-0.9999996837723341,42.69998649707867,2.6599994603793204,96.0,99.0,Nanofiltration and granular activated carbon treatment of perfluoroalkyl acids
NF270,NF,Perﬂuorohexanoate,78.904264,5.19107,6.5,25.0,20.0,0.001,,134.149999999999,330,0.369,0.563,,0.42,-0.16,,-42.7,2.6,73.16,,-0.9999997812238856,42.699990658259914,2.4799998933352083,95.0,100.0,Nanofiltration and granular activated carbon treatment of perfluoroalkyl acids
NF270,NF,Perﬂuorohexanoate,105.104352,6.91476,6.5,25.0,20.0,0.001,,134.149999999999,330,0.369,0.563,,0.42,-0.16,,-42.7,2.6,73.16,,-0.9999997812238856,42.699990658259914,2.4799998933352083,95.0,100.0,Nanofiltration and granular activated carbon treatment of perfluoroalkyl acids
NF270,NF,Perﬂuorohexanoate,131.00044,8.618450000000001,6.5,25.0,20.0,0.001,,134.149999999999,330,0.369,0.563,,0.42,-0.16,,-42.7,2.6,73.16,,-0.9999997812238856,42.699990658259914,2.4799998933352083,95.0,100.0,Nanofiltration and granular activated carbon treatment of perfluoroalkyl acids
NF270,NF,Perﬂuorononanoate,79.20826399999999,5.211069999999999,6.5,25.0,20.0,0.001,,176.231,330,0.391,0.7150000000000001,,0.42,0.0,,-42.7,8.64,73.16,,-0.9999996837723341,42.69998649707867,2.84999254533116,97.0,101.0,Nanofiltration and granular activated carbon treatment of perfluoroalkyl acids
NF270,NF,Perﬂuorononanoate,105.408352,6.93476,6.5,25.0,20.0,0.001,,176.231,330,0.391,0.7150000000000001,,0.42,0.0,,-42.7,8.64,73.16,,-0.9999996837723341,42.69998649707867,2.84999254533116,98.0,101.0,Nanofiltration and granular activated carbon treatment of perfluoroalkyl acids
NF270,NF,Perﬂuorononanoate,131.00044,8.618450000000001,6.5,25.0,20.0,0.001,,176.231,330,0.391,0.7150000000000001,,0.42,0.0,,-42.7,8.64,73.16,,-0.9999996837723341,42.69998649707867,2.84999254533116,97.0,101.0,Nanofiltration and granular activated carbon treatment of perfluoroalkyl acids
NF270,NF,Perﬂuorooctane sulfonate,79.81626399999999,5.2510699999999995,6.5,25.0,20.0,0.001,,212.285999999999,330,0.404,0.689,,0.42,-3.27,,-42.7,6.28,73.16,,-0.9999999998301756,42.6999999927485,0.6599999961222727,99.0,102.0,Nanofiltration and granular activated carbon treatment of perfluoroalkyl acids
NF270,NF,Perﬂuorooctane sulfonate,106.01635199999998,6.97476,6.5,25.0,20.0,0.001,,212.285999999999,330,0.404,0.689,,0.42,-3.27,,-42.7,6.28,73.16,,-0.9999999998301756,42.6999999927485,0.6599999961222727,99.0,102.0,Nanofiltration and granular activated carbon treatment of perfluoroalkyl acids
NF270,NF,Perﬂuorooctane sulfonate,131.00044,8.618450000000001,6.5,25.0,20.0,0.001,,212.285999999999,330,0.404,0.689,,0.42,-3.27,,-42.7,6.28,73.16,,-0.9999999998301756,42.6999999927485,0.6599999961222727,99.0,102.0,Nanofiltration and granular activated carbon treatment of perfluoroalkyl acids
NF270,NF,Perﬂuorooctanoate,79.056264,5.20107,6.5,25.0,20.0,0.001,,162.203999999999,330,0.376,0.679,,0.42,0.0,,-42.7,7.75,73.16,,-0.9999996837723341,42.69998649707867,1.8349923769236032,95.0,103.0,Nanofiltration and granular activated carbon treatment of perfluoroalkyl acids
NF270,NF,Perﬂuorooctanoate,105.25635199999999,6.92476,6.5,25.0,20.0,0.001,,162.203999999999,330,0.376,0.679,,0.42,0.0,,-42.7,7.75,73.16,,-0.9999996837723341,42.69998649707867,1.8349923769236032,97.0,103.0,Nanofiltration and granular activated carbon treatment of perfluoroalkyl acids
NF270,NF,Perﬂuorooctanoate,131.00044,8.618450000000001,6.5,25.0,20.0,0.001,,162.203999999999,330,0.376,0.679,,0.42,0.0,,-42.7,7.75,73.16,,-0.9999996837723341,42.69998649707867,1.8349923769236032,97.0,103.0,Nanofiltration and granular activated carbon treatment of perfluoroalkyl acids
NF270,NF,Norfloxacin,104.28,6.0,2.4,25.0,0.5,50.0,96.0,319.336,180,0.516,0.744,0.3854363846657497,0.42,6.34,8.75,-42.7,-1.03,73.16,0.006772355470374276,0.9999995532140352,-42.699980922239305,-3.551574533676397,89.2,104.0,Nanoﬁltration for the removal of norﬂoxacin from pharmaceutical eﬄuent 
NF270,NF,Norfloxacin,104.28,6.0,6.5,25.0,0.5,5.0,96.0,319.336,330,0.516,0.744,0.3854363846657497,0.42,6.34,8.75,-27.29,-1.03,73.16,0.006772355470374276,0.9784167827508827,-26.70099400127159,-3.49715194499508,91.29,104.0,Nanoﬁltration for the removal of norﬂoxacin from pharmaceutical eﬄuent 
NF270,NF,Norfloxacin,104.28,6.0,6.5,25.0,0.5,50.0,96.0,319.336,180,0.516,0.744,0.3854363846657497,0.42,6.34,8.75,-42.7,-1.03,73.16,0.006772355470374276,0.9784167827508827,-41.7783966234627,-3.49715194499508,93.6,104.0,Nanoﬁltration for the removal of norﬂoxacin from pharmaceutical eﬄuent 
NF270,NF,Norfloxacin,104.28,6.0,6.5,25.0,0.5,25.0,96.0,319.336,330,0.516,0.744,0.3854363846657497,0.42,6.34,8.75,-27.29,-1.03,73.16,0.006772355470374276,0.9784167827508827,-26.70099400127159,-3.49715194499508,97.45,104.0,Nanoﬁltration for the removal of norﬂoxacin from pharmaceutical eﬄuent 
NF270,NF,Norfloxacin,104.28,6.0,9.8,25.0,0.5,50.0,96.0,319.336,180,0.516,0.744,0.3854363846657497,0.42,6.34,8.75,-42.7,-1.03,73.16,0.006772355470374276,-0.9995916114646639,42.68256180954115,1.49054587769037,87.0,104.0,Nanoﬁltration for the removal of norﬂoxacin from pharmaceutical eﬄuent 
NF270,NF,Norfloxacin,139.04,8.0,2.4,25.0,0.5,50.0,96.0,319.336,180,0.516,0.744,0.3854363846657497,0.42,6.34,8.75,-42.7,-1.03,73.16,0.006772355470374276,0.9999995532140352,-42.699980922239305,-3.551574533676397,89.2,104.0,Nanoﬁltration for the removal of norﬂoxacin from pharmaceutical eﬄuent 
NF270,NF,Norfloxacin,139.04,8.0,6.5,25.0,0.5,5.0,96.0,319.336,330,0.516,0.744,0.3854363846657497,0.42,6.34,8.75,-27.29,-1.03,73.16,0.006772355470374276,0.9784167827508827,-26.70099400127159,-3.49715194499508,91.29,104.0,Nanoﬁltration for the removal of norﬂoxacin from pharmaceutical eﬄuent 
NF270,NF,Norfloxacin,139.04,8.0,6.5,25.0,0.5,50.0,96.0,319.336,180,0.516,0.744,0.3854363846657497,0.42,6.34,8.75,-42.7,-1.03,73.16,0.006772355470374276,0.9784167827508827,-41.7783966234627,-3.49715194499508,93.6,104.0,Nanoﬁltration for the removal of norﬂoxacin from pharmaceutical eﬄuent 
NF270,NF,Norfloxacin,139.04,8.0,6.5,25.0,0.5,25.0,96.0,319.336,330,0.516,0.744,0.3854363846657497,0.42,6.34,8.75,-27.29,-1.03,73.16,0.006772355470374276,0.9784167827508827,-26.70099400127159,-3.49715194499508,97.45,104.0,Nanoﬁltration for the removal of norﬂoxacin from pharmaceutical eﬄuent 
NF270,NF,Norfloxacin,139.04,8.0,9.8,25.0,0.5,50.0,96.0,319.336,180,0.516,0.744,0.3854363846657497,0.42,6.34,8.75,-42.7,-1.03,73.16,0.006772355470374276,-0.9995916114646639,42.68256180954115,1.49054587769037,87.0,104.0,Nanoﬁltration for the removal of norﬂoxacin from pharmaceutical eﬄuent 
NF270,NF,Norfloxacin,173.8,10.0,2.4,25.0,0.5,50.0,96.0,319.336,180,0.516,0.744,0.3854363846657497,0.42,6.34,8.75,-42.7,-1.03,73.16,0.006772355470374276,0.9999995532140352,-42.699980922239305,-3.551574533676397,89.2,104.0,Nanoﬁltration for the removal of norﬂoxacin from pharmaceutical eﬄuent 
NF270,NF,Norfloxacin,173.8,10.0,6.5,25.0,0.5,5.0,96.0,319.336,330,0.516,0.744,0.3854363846657497,0.42,6.34,8.75,-27.29,-1.03,73.16,0.006772355470374276,0.9784167827508827,-26.70099400127159,-3.49715194499508,91.29,104.0,Nanoﬁltration for the removal of norﬂoxacin from pharmaceutical eﬄuent 
NF270,NF,Norfloxacin,173.8,10.0,6.5,25.0,0.5,50.0,96.0,319.336,180,0.516,0.744,0.3854363846657497,0.42,6.34,8.75,-42.7,-1.03,73.16,0.006772355470374276,0.9784167827508827,-41.7783966234627,-3.49715194499508,93.6,104.0,Nanoﬁltration for the removal of norﬂoxacin from pharmaceutical eﬄuent 
NF270,NF,Norfloxacin,173.8,10.0,6.5,25.0,0.5,25.0,96.0,319.336,330,0.516,0.744,0.3854363846657497,0.42,6.34,8.75,-27.29,-1.03,73.16,0.006772355470374276,0.9784167827508827,-26.70099400127159,-3.49715194499508,97.45,104.0,Nanoﬁltration for the removal of norﬂoxacin from pharmaceutical eﬄuent 
NF270,NF,Norfloxacin,173.8,10.0,9.8,25.0,0.5,50.0,96.0,319.336,180,0.516,0.744,0.3854363846657497,0.42,6.34,8.75,-42.7,-1.03,73.16,0.006772355470374276,-0.9995916114646639,42.68256180954115,1.49054587769037,87.0,104.0,Nanoﬁltration for the removal of norﬂoxacin from pharmaceutical eﬄuent 
NF270,NF,Norfloxacin,208.56,12.0,2.4,25.0,0.5,50.0,96.0,319.336,180,0.516,0.744,0.3854363846657497,0.42,6.34,8.75,-42.7,-1.03,73.16,0.006772355470374276,0.9999995532140352,-42.699980922239305,-3.551574533676397,89.2,104.0,Nanoﬁltration for the removal of norﬂoxacin from pharmaceutical eﬄuent 
NF270,NF,Norfloxacin,208.56,12.0,6.5,25.0,0.5,5.0,96.0,319.336,330,0.516,0.744,0.3854363846657497,0.42,6.34,8.75,-27.29,-1.03,73.16,0.006772355470374276,0.9784167827508827,-26.70099400127159,-3.49715194499508,91.29,104.0,Nanoﬁltration for the removal of norﬂoxacin from pharmaceutical eﬄuent 
NF270,NF,Norfloxacin,208.56,12.0,6.5,25.0,0.5,50.0,96.0,319.336,180,0.516,0.744,0.3854363846657497,0.42,6.34,8.75,-42.7,-1.03,73.16,0.006772355470374276,0.9784167827508827,-41.7783966234627,-3.49715194499508,93.6,104.0,Nanoﬁltration for the removal of norﬂoxacin from pharmaceutical eﬄuent 
NF270,NF,Norfloxacin,208.56,12.0,6.5,25.0,0.5,25.0,96.0,319.336,330,0.516,0.744,0.3854363846657497,0.42,6.34,8.75,-27.29,-1.03,73.16,0.006772355470374276,0.9784167827508827,-26.70099400127159,-3.49715194499508,97.45,104.0,Nanoﬁltration for the removal of norﬂoxacin from pharmaceutical eﬄuent 
NF270,NF,Norfloxacin,208.56,12.0,9.8,25.0,0.5,50.0,96.0,319.336,180,0.516,0.744,0.3854363846657497,0.42,6.34,8.75,-42.7,-1.03,73.16,0.006772355470374276,-0.9995916114646639,42.68256180954115,1.49054587769037,87.0,104.0,Nanoﬁltration for the removal of norﬂoxacin from pharmaceutical eﬄuent 
NF90,NF,Norfloxacin,52.32,6.0,2.4,25.0,0.5,50.0,96.0,319.336,180,0.516,0.744,0.3854363846657497,0.34,6.34,8.75,-42.7,-1.03,54.1,-0.0178586942170759,0.9999995532140352,-42.699980922239305,-3.551574533676397,98.3,104.0,Nanoﬁltration for the removal of norﬂoxacin from pharmaceutical eﬄuent 
NF90,NF,Norfloxacin,52.32,6.0,6.5,25.0,0.5,5.0,96.0,319.336,330,0.516,0.744,0.3854363846657497,0.34,6.34,8.75,-27.29,-1.03,54.1,-0.0178586942170759,0.9784167827508827,-26.70099400127159,-3.49715194499508,98.85,104.0,Nanoﬁltration for the removal of norﬂoxacin from pharmaceutical eﬄuent 
NF90,NF,Norfloxacin,52.32,6.0,6.5,25.0,0.5,25.0,96.0,319.336,330,0.516,0.744,0.3854363846657497,0.34,6.34,8.75,-27.29,-1.03,54.1,-0.0178586942170759,0.9784167827508827,-26.70099400127159,-3.49715194499508,98.86,104.0,Nanoﬁltration for the removal of norﬂoxacin from pharmaceutical eﬄuent 
NF90,NF,Norfloxacin,52.32,6.0,6.5,25.0,0.5,50.0,96.0,319.336,180,0.516,0.744,0.3854363846657497,0.34,6.34,8.75,-42.7,-1.03,54.1,-0.0178586942170759,0.9784167827508827,-41.7783966234627,-3.49715194499508,99.5,104.0,Nanoﬁltration for the removal of norﬂoxacin from pharmaceutical eﬄuent 
NF90,NF,Norfloxacin,52.32,6.0,9.8,25.0,0.5,50.0,96.0,319.336,180,0.516,0.744,0.3854363846657497,0.34,6.34,8.75,-42.7,-1.03,54.1,-0.0178586942170759,-0.9995916114646639,42.68256180954115,1.49054587769037,98.0,104.0,Nanoﬁltration for the removal of norﬂoxacin from pharmaceutical eﬄuent 
NF90,NF,Norfloxacin,69.76,8.0,2.4,25.0,0.5,50.0,96.0,319.336,180,0.516,0.744,0.3854363846657497,0.34,6.34,8.75,-42.7,-1.03,54.1,-0.0178586942170759,0.9999995532140352,-42.699980922239305,-3.551574533676397,98.3,104.0,Nanoﬁltration for the removal of norﬂoxacin from pharmaceutical eﬄuent 
NF90,NF,Norfloxacin,69.76,8.0,6.5,25.0,0.5,5.0,96.0,319.336,330,0.516,0.744,0.3854363846657497,0.34,6.34,8.75,-27.29,-1.03,54.1,-0.0178586942170759,0.9784167827508827,-26.70099400127159,-3.49715194499508,98.85,104.0,Nanoﬁltration for the removal of norﬂoxacin from pharmaceutical eﬄuent 
NF90,NF,Norfloxacin,69.76,8.0,6.5,25.0,0.5,25.0,96.0,319.336,330,0.516,0.744,0.3854363846657497,0.34,6.34,8.75,-27.29,-1.03,54.1,-0.0178586942170759,0.9784167827508827,-26.70099400127159,-3.49715194499508,98.86,104.0,Nanoﬁltration for the removal of norﬂoxacin from pharmaceutical eﬄuent 
NF90,NF,Norfloxacin,69.76,8.0,6.5,25.0,0.5,50.0,96.0,319.336,180,0.516,0.744,0.3854363846657497,0.34,6.34,8.75,-42.7,-1.03,54.1,-0.0178586942170759,0.9784167827508827,-41.7783966234627,-3.49715194499508,99.5,104.0,Nanoﬁltration for the removal of norﬂoxacin from pharmaceutical eﬄuent 
NF90,NF,Norfloxacin,69.76,8.0,9.8,25.0,0.5,50.0,96.0,319.336,180,0.516,0.744,0.3854363846657497,0.34,6.34,8.75,-42.7,-1.03,54.1,-0.0178586942170759,-0.9995916114646639,42.68256180954115,1.49054587769037,98.0,104.0,Nanoﬁltration for the removal of norﬂoxacin from pharmaceutical eﬄuent 
NF90,NF,Norfloxacin,87.2,10.0,2.4,25.0,0.5,50.0,96.0,319.336,180,0.516,0.744,0.3854363846657497,0.34,6.34,8.75,-42.7,-1.03,54.1,-0.0178586942170759,0.9999995532140352,-42.699980922239305,-3.551574533676397,98.3,104.0,Nanoﬁltration for the removal of norﬂoxacin from pharmaceutical eﬄuent 
NF90,NF,Norfloxacin,87.2,10.0,6.5,25.0,0.5,5.0,96.0,319.336,330,0.516,0.744,0.3854363846657497,0.34,6.34,8.75,-27.29,-1.03,54.1,-0.0178586942170759,0.9784167827508827,-26.70099400127159,-3.49715194499508,98.85,104.0,Nanoﬁltration for the removal of norﬂoxacin from pharmaceutical eﬄuent 
NF90,NF,Norfloxacin,87.2,10.0,6.5,25.0,0.5,25.0,96.0,319.336,330,0.516,0.744,0.3854363846657497,0.34,6.34,8.75,-27.29,-1.03,54.1,-0.0178586942170759,0.9784167827508827,-26.70099400127159,-3.49715194499508,98.86,104.0,Nanoﬁltration for the removal of norﬂoxacin from pharmaceutical eﬄuent 
NF90,NF,Norfloxacin,87.2,10.0,6.5,25.0,0.5,50.0,96.0,319.336,180,0.516,0.744,0.3854363846657497,0.34,6.34,8.75,-42.7,-1.03,54.1,-0.0178586942170759,0.9784167827508827,-41.7783966234627,-3.49715194499508,99.5,104.0,Nanoﬁltration for the removal of norﬂoxacin from pharmaceutical eﬄuent 
NF90,NF,Norfloxacin,87.2,10.0,9.8,25.0,0.5,50.0,96.0,319.336,330,0.516,0.744,0.3854363846657497,0.34,6.34,8.75,-27.29,-1.03,54.1,-0.0178586942170759,-0.9995916114646639,27.278855076870677,1.49054587769037,98.0,104.0,Nanoﬁltration for the removal of norﬂoxacin from pharmaceutical eﬄuent 
NF90,NF,Norfloxacin,104.64,12.0,2.4,25.0,0.5,50.0,96.0,319.336,330,0.516,0.744,0.3854363846657497,0.34,6.34,8.75,-27.29,-1.03,54.1,-0.0178586942170759,0.9999995532140352,-27.28998780721102,-3.551574533676397,98.3,104.0,Nanoﬁltration for the removal of norﬂoxacin from pharmaceutical eﬄuent 
NF90,NF,Norfloxacin,104.64,12.0,6.5,25.0,0.5,5.0,96.0,319.336,330,0.516,0.744,0.3854363846657497,0.34,6.34,8.75,-27.29,-1.03,54.1,-0.0178586942170759,0.9784167827508827,-26.70099400127159,-3.49715194499508,98.85,104.0,Nanoﬁltration for the removal of norﬂoxacin from pharmaceutical eﬄuent 
NF90,NF,Norfloxacin,104.64,12.0,6.5,25.0,0.5,25.0,96.0,319.336,330,0.516,0.744,0.3854363846657497,0.34,6.34,8.75,-27.29,-1.03,54.1,-0.0178586942170759,0.9784167827508827,-26.70099400127159,-3.49715194499508,98.86,104.0,Nanoﬁltration for the removal of norﬂoxacin from pharmaceutical eﬄuent 
NF90,NF,Norfloxacin,104.64,12.0,6.5,25.0,0.5,50.0,96.0,319.336,330,0.516,0.744,0.3854363846657497,0.34,6.34,8.75,-27.29,-1.03,54.1,-0.0178586942170759,0.9784167827508827,-26.70099400127159,-3.49715194499508,99.5,104.0,Nanoﬁltration for the removal of norﬂoxacin from pharmaceutical eﬄuent 
NF90,NF,Norfloxacin,104.64,12.0,9.8,25.0,0.5,50.0,96.0,319.336,330,0.516,0.744,0.3854363846657497,0.34,6.34,8.75,-27.29,-1.03,54.1,-0.0178586942170759,-0.9995916114646639,27.278855076870677,1.49054587769037,98.0,104.0,Nanoﬁltration for the removal of norﬂoxacin from pharmaceutical eﬄuent 
NF270,NF,Ethylacetate,117.92,8.0,7.0,20.0,24.0,0.3,50.0,88.106,180,0.273,0.404,0.22611163482266194,0.42,4.91,,-42.7,0.73,35.0,0.2131105337366258,-0.9919372314813265,42.35571978425264,0.0,18.0,105.0,Nanofiltration for wastewater reuse: Counteractive effects of fouling and matrice on the rejection of pharmaceutical active compounds
NF270,NF,Acetaminophen,117.92,8.0,7.0,20.0,24.0,0.3,50.0,151.165,180,0.34900000000000003,0.567,0.2518576668186564,0.42,9.5,,-42.7,0.49,35.0,0.16027122566704052,-0.003152309183260209,0.13460360212521094,0.49,31.0,105.0,Nanofiltration for wastewater reuse: Counteractive effects of fouling and matrice on the rejection of pharmaceutical active compounds
NF270,NF,Atenolol,117.92,8.0,7.0,20.0,24.0,0.3,50.0,266.340999999999,180,0.41900000000000004,0.9119999999999999,0.3846049272869426,0.42,,9.58,-42.7,0.16,35.0,0.0071021041517155305,0.9973766321685426,-42.58798219359677,-2.3383037674500575,62.0,105.0,Nanofiltration for wastewater reuse: Counteractive effects of fouling and matrice on the rejection of pharmaceutical active compounds
NF270,NF,Carbamazepine,117.92,8.0,7.0,20.0,24.0,0.3,50.0,236.274,180,0.44800000000000006,0.576,0.33345165595786874,0.42,13.9,,-42.7,2.45,35.0,0.04246380870994964,0.0,0.0,2.45,87.0,105.0,Nanofiltration for wastewater reuse: Counteractive effects of fouling and matrice on the rejection of pharmaceutical active compounds
NF270,NF,Glucose,117.92,8.0,7.0,20.0,24.0,0.3,50.0,180.156,180,0.40099999999999997,0.481,0.2515616313767203,0.42,12.45,,-42.7,-3.24,35.0,0.16083607723623505,-3.5481213031263073e-06,0.00015150477964349332,-3.24,88.0,105.0,Nanofiltration for wastewater reuse: Counteractive effects of fouling and matrice on the rejection of pharmaceutical active compounds
NF270,NF,Diatrizoate,117.92,8.0,7.0,20.0,24.0,0.3,50.0,636.905,180,0.558,0.658,0.39084722930034355,0.42,0.92,,-42.7,0.45,35.0,0.004817936731670908,-0.9999991682369206,42.69996448371651,-0.9950181054563043,93.0,105.0,Nanofiltration for wastewater reuse: Counteractive effects of fouling and matrice on the rejection of pharmaceutical active compounds
NF270,NF,Sucrose,117.92,8.0,7.0,20.0,24.0,0.3,50.0,342.297,180,0.529,0.584,0.36459331155819796,0.42,12.62,,-42.7,-3.7,35.0,0.01740306759686461,-2.398827164633922e-06,0.00010242991992986848,-3.7,95.0,105.0,Nanofiltration for wastewater reuse: Counteractive effects of fouling and matrice on the rejection of pharmaceutical active compounds
NF90,NF,Ethylacetate,51.52,8.0,7.0,20.0,24.0,0.3,50.0,88.106,330,0.273,0.404,0.22611163482266194,0.34,4.91,,-27.29,0.73,58.1,0.11220207372635566,-0.9919372314813265,27.0699670471254,0.0,76.0,106.0,Nanofiltration for wastewater reuse: Counteractive effects of fouling and matrice on the rejection of pharmaceutical active compounds
NF90,NF,Atenolol,51.52,8.0,7.0,20.0,24.0,0.3,50.0,266.340999999999,330,0.41900000000000004,0.9119999999999999,0.3846049272869426,0.34,,9.58,-27.29,0.16,58.1,-0.017211068670185438,0.9973766321685426,-27.218408291879527,-2.3383037674500575,90.0,106.0,Nanofiltration for wastewater reuse: Counteractive effects of fouling and matrice on the rejection of pharmaceutical active compounds
NF90,NF,Acetaminophen,51.52,8.0,7.0,20.0,24.0,0.3,50.0,151.165,330,0.34900000000000003,0.567,0.2518576668186564,0.34,9.5,,-27.29,0.49,58.1,0.06720649566307085,-0.003152309183260209,0.0860265176111711,0.49,91.0,106.0,Nanofiltration for wastewater reuse: Counteractive effects of fouling and matrice on the rejection of pharmaceutical active compounds
NF90,NF,Glucose,51.52,8.0,7.0,20.0,24.0,0.3,50.0,180.156,330,0.40099999999999997,0.481,0.2515616313767203,0.34,12.45,,-27.29,-3.24,58.1,0.06765869415871203,-3.5481213031263073e-06,9.682823036231692e-05,-3.24,94.0,106.0,Nanofiltration for wastewater reuse: Counteractive effects of fouling and matrice on the rejection of pharmaceutical active compounds
NF90,NF,Carbamazepine,51.52,8.0,7.0,20.0,24.0,0.3,50.0,236.274,330,0.44800000000000006,0.576,0.33345165595786874,0.34,13.9,,-27.29,2.45,58.1,0.0003709412603297269,0.0,0.0,2.45,95.0,106.0,Nanofiltration for wastewater reuse: Counteractive effects of fouling and matrice on the rejection of pharmaceutical active compounds
NF90,NF,Diatrizoate,51.52,8.0,7.0,20.0,24.0,0.3,50.0,636.905,330,0.558,0.658,0.39084722930034355,0.34,0.92,,-27.29,0.45,58.1,-0.022365404217315844,-0.9999991682369206,27.289977301185562,-0.9950181054563043,96.0,106.0,Nanofiltration for wastewater reuse: Counteractive effects of fouling and matrice on the rejection of pharmaceutical active compounds
NF90,NF,Sucrose,51.52,8.0,7.0,20.0,24.0,0.3,50.0,342.297,330,0.529,0.584,0.36459331155819796,0.34,12.62,,-27.29,-3.7,58.1,-0.005232101846008581,-2.398827164633922e-06,6.546399332285974e-05,-3.7,98.0,106.0,Nanofiltration for wastewater reuse: Counteractive effects of fouling and matrice on the rejection of pharmaceutical active compounds
NF270,NF,Perﬂuorooctane sulfonate,60.44,4.0,7.0,25.0,24.0,0.1,,212.285999999999,330,0.404,0.689,,0.42,-3.27,,-42.7,6.28,23.2,,-0.9999999999462967,42.699999997706875,0.6599999954696711,94.0357,107.0,Perﬂuorooctane sulfonate removal by nanoﬁltration membrane the role of calcium ions
NF270,NF,Perﬂuorooctane sulfonate,90.66,6.0,7.0,25.0,24.0,0.1,,212.285999999999,330,0.404,0.689,,0.42,-3.27,,-42.7,6.28,23.2,,-0.9999999999462967,42.699999997706875,0.6599999954696711,94.25,107.0,Perﬂuorooctane sulfonate removal by nanoﬁltration membrane the role of calcium ions
NF270,NF,Perﬂuorooctane sulfonate,120.88,8.0,7.0,25.0,24.0,0.1,,212.285999999999,330,0.404,0.689,,0.42,-3.27,,-42.7,6.28,23.2,,-0.9999999999462967,42.699999997706875,0.6599999954696711,94.5357,107.0,Perﬂuorooctane sulfonate removal by nanoﬁltration membrane the role of calcium ions
NF270,NF,Perﬂuorooctane sulfonate,151.1,10.0,7.0,25.0,24.0,0.1,,212.285999999999,330,0.404,0.689,,0.42,-3.27,,-42.7,6.28,23.2,,-0.9999999999462967,42.699999997706875,0.6599999954696711,95.5357,107.0,Perﬂuorooctane sulfonate removal by nanoﬁltration membrane the role of calcium ions
NF270,NF,Perﬂuorooctane sulfonate,181.32,12.0,7.0,25.0,24.0,0.1,,212.285999999999,330,0.404,0.689,,0.42,-3.27,,-42.7,6.28,23.2,,-0.9999999999462967,42.699999997706875,0.6599999954696711,96.0,107.0,Perﬂuorooctane sulfonate removal by nanoﬁltration membrane the role of calcium ions
NF70,NF,Perﬂuorooctane sulfonate,66.0,6.0,6.5,20.0,0.5,0.001,,212.285999999999,180,0.404,0.689,,0.34,-3.27,,-25.0,6.28,25.3,,-0.9999999998301756,24.99999999575439,0.6599999961222727,42.46,107.0,Nanofiltration of perfluorooctanoic acid and perfluorooctane sulfonic acid as a function of water matrix properties
NF270,NF,Carbamazepine,68.4,4.5,3.11111,20.0,1.0,0.5,30.4,236.274,180,0.44800000000000006,0.576,0.33345165595786874,0.42,13.9,,1.6263792599618654,2.45,54.1,0.04246380870994964,0.0,0.0,2.45,77.96100000000001,108.0,Pharmaceutical Retention Mechanisms by Nanofiltration Membranes
NF270,NF,Carbamazepine,68.4,4.5,3.82222,20.0,1.0,0.5,30.4,236.274,180,0.44800000000000006,0.576,0.33345165595786874,0.42,13.9,,-6.450470653563933,2.45,54.1,0.04246380870994964,0.0,0.0,2.45,79.934,108.0,Pharmaceutical Retention Mechanisms by Nanofiltration Membranes
NF270,NF,Carbamazepine,68.4,4.5,4.88889,20.0,1.0,0.5,30.4,236.274,180,0.44800000000000006,0.576,0.33345165595786874,0.42,13.9,,-15.951867834642766,2.45,54.1,0.04246380870994964,0.0,0.0,2.45,82.566,108.0,Pharmaceutical Retention Mechanisms by Nanofiltration Membranes
NF270,NF,Carbamazepine,68.4,4.5,5.62222,20.0,1.0,0.5,30.4,236.274,180,0.44800000000000006,0.576,0.33345165595786874,0.42,13.9,,-19.071032024518825,2.45,54.1,0.04246380870994964,0.0,0.0,2.45,83.882,108.0,Pharmaceutical Retention Mechanisms by Nanofiltration Membranes
NF270,NF,Carbamazepine,68.4,4.5,6.28889,20.0,1.0,0.5,30.4,236.274,180,0.44800000000000006,0.576,0.33345165595786874,0.42,13.9,,-20.54983756891761,2.45,54.1,0.04246380870994964,0.0,0.0,2.45,83.882,108.0,Pharmaceutical Retention Mechanisms by Nanofiltration Membranes
NF270,NF,Carbamazepine,68.4,4.5,7.37778,20.0,1.0,0.5,30.4,236.274,180,0.44800000000000006,0.576,0.33345165595786874,0.42,13.9,,-23.116071310425813,2.45,54.1,0.04246380870994964,0.0,0.0,2.45,82.89500000000001,108.0,Pharmaceutical Retention Mechanisms by Nanofiltration Membranes
NF270,NF,Carbamazepine,68.4,4.5,8.64444,20.0,1.0,0.5,30.4,236.274,180,0.44800000000000006,0.576,0.33345165595786874,0.42,13.9,,-25.165992723249914,2.45,54.1,0.04246380870994964,0.0,0.0,2.45,82.89500000000001,108.0,Pharmaceutical Retention Mechanisms by Nanofiltration Membranes
NF270,NF,Carbamazepine,68.4,4.5,9.68889,20.0,1.0,0.5,30.4,236.274,180,0.44800000000000006,0.576,0.33345165595786874,0.42,13.9,,-25.791338926869056,2.45,54.1,0.04246380870994964,0.0,0.0,2.45,82.89500000000001,108.0,Pharmaceutical Retention Mechanisms by Nanofiltration Membranes
NF270,NF,Carbamazepine,68.4,4.5,10.4667,20.0,1.0,0.5,30.4,236.274,180,0.44800000000000006,0.576,0.33345165595786874,0.42,13.9,,-26.283351186561646,2.45,54.1,0.04246380870994964,0.0,0.0,2.45,87.17099999999999,108.0,Pharmaceutical Retention Mechanisms by Nanofiltration Membranes
NF270,NF,Ibuprofen,68.4,4.5,3.08889,20.0,1.0,0.5,30.4,206.284999999999,180,0.378,0.659,0.3727263864585965,0.42,5.2,,1.8787559739421837,3.97,73.16,0.012668903272460126,-0.007683168500242059,-0.014434798718634177,3.945071810173227,85.8553,109.0,Pharmaceutical Retention Mechanisms by Nanofiltration Membranes
NF270,NF,Ibuprofen,68.4,4.5,3.8,20.0,1.0,0.5,30.4,206.284999999999,180,0.378,0.659,0.3727263864585965,0.42,5.2,,-6.198093939583607,3.97,73.16,0.012668903272460126,-0.038286503882254685,0.23730334768044703,3.8457786925341724,90.1316,109.0,Pharmaceutical Retention Mechanisms by Nanofiltration Membranes
NF270,NF,Ibuprofen,68.4,4.5,4.77778,20.0,1.0,0.5,30.4,206.284999999999,180,0.378,0.659,0.3727263864585965,0.42,5.2,,-15.003057721166666,3.97,73.16,0.012668903272460126,-0.27444271498706563,4.117479894104638,3.079565266522916,89.4737,109.0,Pharmaceutical Retention Mechanisms by Nanofiltration Membranes
NF270,NF,Ibuprofen,68.4,4.5,5.71111,20.0,1.0,0.5,30.4,206.284999999999,180,0.378,0.659,0.3727263864585965,0.42,5.2,,-19.26820757590348,3.97,73.16,0.012668903272460126,-0.7643853232666622,14.728335076676132,1.489936932453014,95.7237,109.0,Pharmaceutical Retention Mechanisms by Nanofiltration Membranes
NF270,NF,Ibuprofen,68.4,4.5,6.68889,20.0,1.0,0.5,30.4,206.284999999999,180,0.378,0.659,0.3727263864585965,0.42,5.2,,-21.437116459162432,3.97,73.16,0.012668903272460126,-0.9685772448195963,20.76350319689237,0.8274322663891702,98.3553,109.0,Pharmaceutical Retention Mechanisms by Nanofiltration Membranes
NF270,NF,Ibuprofen,68.4,4.5,8.02222,20.0,1.0,0.5,30.4,206.284999999999,180,0.378,0.659,0.3727263864585965,0.42,5.2,,-24.824186634001677,3.97,73.16,0.012668903272460126,-0.9984964200974173,24.78686148588083,0.7303589195320082,99.0132,109.0,Pharmaceutical Retention Mechanisms by Nanofiltration Membranes
NF270,NF,Ibuprofen,68.4,4.5,9.08889,20.0,1.0,0.5,30.4,206.284999999999,180,0.378,0.659,0.3727263864585965,0.42,5.2,,-25.411802335907826,3.97,73.16,0.012668903272460126,-0.9998708620426977,25.408520707662795,0.7258995158736412,100.0,109.0,Pharmaceutical Retention Mechanisms by Nanofiltration Membranes
NF270,NF,Ibuprofen,68.4,4.5,9.84444,20.0,1.0,0.5,30.4,206.284999999999,180,0.378,0.659,0.3727263864585965,0.42,5.2,,-25.889733788075755,3.97,73.16,0.012668903272460126,-0.9999773248508603,25.889146734500926,0.7255540952192217,100.0,109.0,Pharmaceutical Retention Mechanisms by Nanofiltration Membranes
NF270,NF,Ibuprofen,68.4,4.5,10.4,20.0,1.0,0.5,30.4,206.284999999999,180,0.378,0.659,0.3727263864585965,0.42,5.2,,-26.241159368866455,3.97,73.16,0.012668903272460126,-0.9999936904663657,26.240993799388814,0.7255009966609984,100.0,109.0,Pharmaceutical Retention Mechanisms by Nanofiltration Membranes
NF270,NF,Sulfamethoxazole,68.4,4.5,3.04444,20.0,1.0,0.5,30.4,253.283,180,0.54,0.588,0.3153427582941809,0.42,1.6,5.7,2.3836229827821995,0.89,73.16,0.06209262041649797,0.032484157235981845,0.07742998376399701,0.908502477740555,24.341999999999985,110.0,Pharmaceutical Retention Mechanisms by Nanofiltration Membranes
NF270,NF,Sulfamethoxazole,68.4,4.5,3.55556,20.0,1.0,0.5,30.4,253.283,180,0.54,0.588,0.3153427582941809,0.42,1.6,5.7,-3.4217229240413687,0.89,73.16,0.06209262041649797,0.0037866293949543016,-0.01295679660556403,0.8921568060264856,25.987000000000023,110.0,Pharmaceutical Retention Mechanisms by Nanofiltration Membranes
NF270,NF,Sulfamethoxazole,68.4,4.5,4.42222,20.0,1.0,0.5,30.4,253.283,180,0.54,0.588,0.3153427582941809,0.42,1.6,5.7,-11.966797043031821,0.89,73.16,0.06209262041649797,-0.051113759574605705,0.611667986935631,0.8608863864961945,28.94799999999998,110.0,Pharmaceutical Retention Mechanisms by Nanofiltration Membranes
NF270,NF,Sulfamethoxazole,68.4,4.5,5.55556,20.0,1.0,0.5,30.4,253.283,180,0.54,0.588,0.3153427582941809,0.42,1.6,5.7,-18.923166997459525,0.89,73.16,0.06209262041649797,-0.5919085154535375,11.200783685145643,0.5528579879088553,43.75,110.0,Pharmaceutical Retention Mechanisms by Nanofiltration Membranes
NF270,NF,Sulfamethoxazole,68.4,4.5,6.71111,20.0,1.0,0.5,30.4,253.283,180,0.54,0.588,0.3153427582941809,0.42,1.6,5.7,-21.48640480151553,0.89,73.16,0.06209262041649797,-1.7414358326506676,37.4171952361965,-0.10189514125777088,81.90800000000002,110.0,Pharmaceutical Retention Mechanisms by Nanofiltration Membranes
NF270,NF,Sulfamethoxazole,68.4,4.5,8.44444,20.0,1.0,0.5,30.4,253.283,180,0.54,0.588,0.3153427582941809,0.42,1.6,5.7,-25.06399494228561,0.89,73.16,0.06209262041649797,-1.9946093713612862,49.99287919563476,-0.24609890589483052,98.356,110.0,Pharmaceutical Retention Mechanisms by Nanofiltration Membranes
NF270,NF,Sulfamethoxazole,68.4,4.5,9.64444,20.0,1.0,0.5,30.4,253.283,180,0.54,0.588,0.3153427582941809,0.42,1.6,5.7,-25.76322159108868,0.89,73.16,0.06209262041649797,-1.9996591090636229,51.517660733445084,-0.2489751590404602,99.34199999999998,110.0,Pharmaceutical Retention Mechanisms by Nanofiltration Membranes
NF270,NF,Sulfamethoxazole,68.4,4.5,10.3778,20.0,1.0,0.5,30.4,253.283,180,0.54,0.588,0.3153427582941809,0.42,1.6,5.7,-26.22711651500089,0.89,73.16,0.06209262041649797,-1.9999370045625793,52.45258084132463,-0.2491334440544838,99.34199999999998,110.0,Pharmaceutical Retention Mechanisms by Nanofiltration Membranes
NF90,NF,Carbamazepine,50.88,6.0,3.13333,20.0,1.0,0.5,30.4,236.274,330,0.44800000000000006,0.576,0.33345165595786874,0.34,13.9,,12.022437310535754,2.45,54.1,0.0003709412603297269,0.0,0.0,2.45,98.684,111.0,Pharmaceutical Retention Mechanisms by Nanofiltration Membranes
NF90,NF,Carbamazepine,50.88,6.0,3.8,20.0,1.0,0.5,30.4,236.274,330,0.44800000000000006,0.576,0.33345165595786874,0.34,13.9,,5.515928172092117,2.45,54.1,0.0003709412603297269,0.0,0.0,2.45,98.684,111.0,Pharmaceutical Retention Mechanisms by Nanofiltration Membranes
NF90,NF,Carbamazepine,50.88,6.0,4.77778,20.0,1.0,0.5,30.4,236.274,330,0.44800000000000006,0.576,0.33345165595786874,0.34,13.9,,-4.6136531570863255,2.45,54.1,0.0003709412603297269,0.0,0.0,2.45,98.35499999999999,111.0,Pharmaceutical Retention Mechanisms by Nanofiltration Membranes
NF90,NF,Carbamazepine,50.88,6.0,5.55556,20.0,1.0,0.5,30.4,236.274,330,0.44800000000000006,0.576,0.33345165595786874,0.34,13.9,,-12.959225191866999,2.45,54.1,0.0003709412603297269,0.0,0.0,2.45,97.69800000000001,111.0,Pharmaceutical Retention Mechanisms by Nanofiltration Membranes
NF90,NF,Carbamazepine,50.88,6.0,6.24444,20.0,1.0,0.5,30.4,236.274,330,0.44800000000000006,0.576,0.33345165595786874,0.34,13.9,,-20.350901068489847,2.45,54.1,0.0003709412603297269,0.0,0.0,2.45,97.69800000000001,111.0,Pharmaceutical Retention Mechanisms by Nanofiltration Membranes
NF90,NF,Carbamazepine,50.88,6.0,7.4,20.0,1.0,0.5,30.4,236.274,330,0.44800000000000006,0.576,0.33345165595786874,0.34,13.9,,-26.006276118545458,2.45,54.1,0.0003709412603297269,0.0,0.0,2.45,97.03999999999999,111.0,Pharmaceutical Retention Mechanisms by Nanofiltration Membranes
NF90,NF,Carbamazepine,50.88,6.0,8.15556,20.0,1.0,0.5,30.4,236.274,330,0.44800000000000006,0.576,0.33345165595786874,0.34,13.9,,-27.661031947679163,2.45,54.1,0.0003709412603297269,0.0,0.0,2.45,97.69800000000001,111.0,Pharmaceutical Retention Mechanisms by Nanofiltration Membranes
NF90,NF,Carbamazepine,50.88,6.0,9.48889,20.0,1.0,0.5,30.4,236.274,330,0.44800000000000006,0.576,0.33345165595786874,0.34,13.9,,-28.243034237976346,2.45,54.1,0.0003709412603297269,0.0,0.0,2.45,97.03999999999999,111.0,Pharmaceutical Retention Mechanisms by Nanofiltration Membranes
NF90,NF,Carbamazepine,50.88,6.0,10.4667,20.0,1.0,0.5,30.4,236.274,330,0.44800000000000006,0.576,0.33345165595786874,0.34,13.9,,-28.6466,2.45,54.1,0.0003709412603297269,0.0,0.0,2.45,96.382,111.0,Pharmaceutical Retention Mechanisms by Nanofiltration Membranes
NF90,NF,Ibuprofen,50.88,6.0,3.2,20.0,1.0,0.5,30.4,206.284999999999,330,0.378,0.659,0.3727263864585965,0.34,5.2,,11.371757117546661,3.97,73.16,-0.009264847496863387,-0.009900990099009901,-0.11259165462917486,3.9378760448045176,100.0,112.0,Pharmaceutical Retention Mechanisms by Nanofiltration Membranes
NF90,NF,Ibuprofen,50.88,6.0,4.22222,20.0,1.0,0.5,30.4,206.284999999999,330,0.378,0.659,0.3727263864585965,0.34,5.2,,1.3475003820156672,3.97,73.16,-0.009264847496863387,-0.09522690662526045,-0.12831829305570874,3.6610344469347376,100.0,112.0,Pharmaceutical Retention Mechanisms by Nanofiltration Membranes
NF90,NF,Ibuprofen,50.88,6.0,5.26667,20.0,1.0,0.5,30.4,206.284999999999,330,0.378,0.659,0.3727263864585965,0.34,5.2,,-9.859438227522602,3.97,73.16,-0.009264847496863387,-0.5383031444632296,5.307366600516388,2.223464964473251,100.0,112.0,Pharmaceutical Retention Mechanisms by Nanofiltration Membranes
NF90,NF,Ibuprofen,50.88,6.0,5.95556,20.0,1.0,0.5,30.4,206.284999999999,330,0.378,0.659,0.3727263864585965,0.34,5.2,,-17.251221404050746,3.97,73.16,-0.009264847496863387,-0.8506541891698409,14.674823755652191,1.2100359169660933,100.0,112.0,Pharmaceutical Retention Mechanisms by Nanofiltration Membranes
NF90,NF,Ibuprofen,50.88,6.0,6.93333,20.0,1.0,0.5,30.4,206.284999999999,330,0.378,0.659,0.3727263864585965,0.34,5.2,,-24.12798876290909,3.97,73.16,-0.009264847496863387,-0.981856625087332,23.69022561689499,0.7843470584979739,100.0,112.0,Pharmaceutical Retention Mechanisms by Nanofiltration Membranes
NF90,NF,Ibuprofen,50.88,6.0,8.35556,20.0,1.0,0.5,30.4,206.284999999999,330,0.378,0.659,0.3727263864585965,0.34,5.2,,-27.748332509475144,3.97,73.16,-0.009264847496863387,-0.9993015480082137,27.728951631365153,0.7277466663457695,100.0,112.0,Pharmaceutical Retention Mechanisms by Nanofiltration Membranes
NF90,NF,Ibuprofen,50.88,6.0,9.71111,20.0,1.0,0.5,30.4,206.284999999999,330,0.378,0.659,0.3727263864585965,0.34,5.2,,-28.34003389218786,3.97,73.16,-0.009264847496863387,-0.9999691768788356,28.3391603638894,0.7255805314731356,100.0,112.0,Pharmaceutical Retention Mechanisms by Nanofiltration Membranes
NF90,NF,Ibuprofen,50.88,6.0,10.4222,20.0,1.0,0.5,30.4,206.284999999999,330,0.378,0.659,0.3727263864585965,0.34,5.2,,-28.6466,3.97,73.16,-0.009264847496863387,-0.999994004886683,28.646428260386852,0.7254999765181558,100.0,112.0,Pharmaceutical Retention Mechanisms by Nanofiltration Membranes
NF90,NF,Sulfamethoxazole,50.88,6.0,3.13333,20.0,1.0,0.5,30.4,253.283,330,0.54,0.588,0.3153427582941809,0.34,1.6,5.7,12.022437310535754,0.89,54.1,0.0052593388281936505,0.025743323645258,0.30949749468994703,0.9046630023138383,97.36899999999997,113.0,Pharmaceutical Retention Mechanisms by Nanofiltration Membranes
NF90,NF,Sulfamethoxazole,50.88,6.0,3.62222,20.0,1.0,0.5,30.4,253.283,330,0.54,0.588,0.3153427582941809,0.34,1.6,5.7,7.251010288630297,0.89,54.1,0.0052593388281936505,0.0010528495326769952,0.007634222793820492,0.8905996869458855,97.36899999999997,113.0,Pharmaceutical Retention Mechanisms by Nanofiltration Membranes
NF90,NF,Sulfamethoxazole,50.88,6.0,4.57778,20.0,1.0,0.5,30.4,253.283,330,0.54,0.588,0.3153427582941809,0.34,1.6,5.7,-2.467655050994452,0.89,54.1,0.0052593388281936505,-0.07404822205970357,0.18272546918278632,0.8478232684186818,97.36899999999997,113.0,Pharmaceutical Retention Mechanisms by Nanofiltration Membranes
NF90,NF,Sulfamethoxazole,50.88,6.0,5.53333,20.0,1.0,0.5,30.4,253.283,330,0.54,0.588,0.3153427582941809,0.34,1.6,5.7,-12.720697502374897,0.89,54.1,0.0052593388281936505,-0.5693098843633047,7.242018824097631,0.5657298215746183,98.02699999999999,113.0,Pharmaceutical Retention Mechanisms by Nanofiltration Membranes
NF90,NF,Sulfamethoxazole,50.88,6.0,6.55556,20.0,1.0,0.5,30.4,253.283,330,0.54,0.588,0.3153427582941809,0.34,1.6,5.7,-22.60751259272727,0.89,54.1,0.0052593388281936505,-1.6478087012198555,37.25285596323345,-0.04856656318735808,100.0,113.0,Pharmaceutical Retention Mechanisms by Nanofiltration Membranes
NF90,NF,Sulfamethoxazole,50.88,6.0,7.11111,20.0,1.0,0.5,30.4,253.283,330,0.54,0.588,0.3153427582941809,0.34,1.6,5.7,-24.84353063636364,0.89,54.1,0.0052593388281936505,-1.889328266407306,46.937584668637705,-0.1861324032467534,99.67099999999999,113.0,Pharmaceutical Retention Mechanisms by Nanofiltration Membranes
NF90,NF,Sulfamethoxazole,50.88,6.0,8.57778,20.0,1.0,0.5,30.4,253.283,330,0.54,0.588,0.3153427582941809,0.34,1.6,5.7,-27.84533216368666,0.89,54.1,0.0052593388281936505,-1.9960319728777278,55.580173294119135,-0.2469091978996506,100.0,113.0,Pharmaceutical Retention Mechanisms by Nanofiltration Membranes
NF90,NF,Sulfamethoxazole,50.88,6.0,9.84444,20.0,1.0,0.5,30.4,253.283,330,0.54,0.588,0.3153427582941809,0.34,1.6,5.7,-28.398232811709153,0.89,54.1,0.0052593388281936505,-1.9997849003337804,56.79035717301928,-0.24904680781863664,100.0,113.0,Pharmaceutical Retention Mechanisms by Nanofiltration Membranes
NF90,NF,Sulfamethoxazole,50.88,6.0,10.4444,20.0,1.0,0.5,30.4,253.283,330,0.54,0.588,0.3153427582941809,0.34,1.6,5.7,-28.6466,0.89,54.1,0.0052593388281936505,-1.9999459605619094,57.29165195383279,-0.24913854525434098,100.0,113.0,Pharmaceutical Retention Mechanisms by Nanofiltration Membranes
NF200,NF,Acetaminophen,24.15,4.83,7.0,20.0,96.0,0.005,8.0,151.165,180,0.34900000000000003,0.567,0.2518576668186564,0.31,9.5,,-20.5,0.49,30.3,0.03517722068439508,-0.003152309183260209,0.06462233825683428,0.49,22.0,114.0,Proposing nanofilltration as acceptable barrier for organic contaminants in water reuse
NF200,NF,Phenacetine,24.15,4.83,7.0,20.0,96.0,0.005,8.0,179.219,180,0.34500000000000003,0.6900000000000001,0.29027039861765114,0.31,14.57,2.4,-20.5,1.58,30.3,0.004050542879358818,2.5091318026301973e-05,-0.0005143720195391905,1.58,42.0,114.0,Proposing nanofilltration as acceptable barrier for organic contaminants in water reuse
NF200,NF,Metronidazole,24.15,4.83,7.0,20.0,96.0,0.005,8.0,171.155999999999,180,0.46799999999999997,0.475,0.25331331436925775,0.31,2.38,15.42,-20.5,-0.02,30.3,0.03343788062225389,0.9996830677911888,-20.49350288971937,-0.02,46.0,114.0,Proposing nanofilltration as acceptable barrier for organic contaminants in water reuse
NF200,NF,Bisphenol A,24.15,4.83,7.0,20.0,96.0,0.005,8.0,228.291,180,0.453,0.562,0.33815520201831595,0.31,9.6,,-20.5,3.32,30.3,-0.008248859528534689,-0.002505592667285735,0.05136464967935757,3.32,55.0,114.0,Proposing nanofilltration as acceptable barrier for organic contaminants in water reuse
NF200,NF,Caffeine,24.15,4.83,7.0,20.0,96.0,0.005,8.0,194.193999999999,180,0.44400000000000006,0.503,0.3016073766829081,0.31,10.4,,-20.5,-0.07,30.3,0.0007329461617335525,-0.0003979487443048762,0.008157949258249962,-0.07,70.0,114.0,Proposing nanofilltration as acceptable barrier for organic contaminants in water reuse
NF200,NF,Phenazone,24.15,4.83,7.0,20.0,96.0,0.005,8.0,196.209,180,0.413,0.589,0.309561341088683,0.31,,0.65,-20.5,0.38,30.3,2.002306352526873e-06,4.466833926248209e-07,-9.157009548808828e-06,0.38,73.0,114.0,Proposing nanofilltration as acceptable barrier for organic contaminants in water reuse
NF200,NF,Estrone,24.15,4.83,7.0,20.0,96.0,0.005,8.0,270.372,180,0.40599999999999997,0.682,0.3667832440887863,0.31,10.25,,-20.5,3.13,30.3,-0.03355189187561585,-0.0005620252751523289,0.011521518140622744,3.13,77.0,114.0,Proposing nanofilltration as acceptable barrier for organic contaminants in water reuse
NF200,NF,Carbamazepine,24.15,4.83,7.0,20.0,96.0,0.005,8.0,236.274,180,0.44800000000000006,0.576,0.33345165595786874,0.31,13.9,,-20.5,2.45,30.3,-0.005722998617754828,0.0,0.0,2.45,80.0,114.0,Proposing nanofilltration as acceptable barrier for organic contaminants in water reuse
NF200,NF,17β-Estradiol,24.15,4.83,7.0,20.0,96.0,0.005,8.0,272.388,180,0.40199999999999997,0.73,0.3807542916588625,0.31,10.46,,-20.5,4.01,30.3,-0.05209333806604967,-0.000346616665681558,0.007105641646471939,4.01,80.0,114.0,Proposing nanofilltration as acceptable barrier for organic contaminants in water reuse
NF200,NF,Sulfamethoxazole,24.15,4.83,7.0,20.0,96.0,0.005,8.0,253.283,180,0.54,0.588,0.3153427582941809,0.31,1.6,5.7,-20.5,0.89,30.3,-0.00029703502799208013,-1.8590971335596065,38.11149123797193,-0.16891321364232847,84.0,114.0,Proposing nanofilltration as acceptable barrier for organic contaminants in water reuse
NF200,NF,Ibuprofen,24.15,4.83,7.0,20.0,96.0,0.005,8.0,206.284999999999,180,0.378,0.659,0.3727263864585965,0.31,5.2,,-20.5,3.97,30.3,-0.04094276335227059,-0.9843983377581704,20.180165924042495,0.7761004222382355,89.0,114.0,Proposing nanofilltration as acceptable barrier for organic contaminants in water reuse
NF200,NF,17α-Ethynilestradiol,24.15,4.83,7.0,20.0,96.0,0.005,8.0,296.41,180,0.44400000000000006,0.72,0.3945213448379869,0.31,10.33,,-20.5,3.67,30.3,-0.07433774956526429,-0.00046751646740626133,0.009584087581828358,3.67,89.0,114.0,Proposing nanofilltration as acceptable barrier for organic contaminants in water reuse
NF200,NF,Gemfibrozil,24.15,4.83,7.0,20.0,96.0,0.005,8.0,250.337999999999,180,0.499,0.743,0.3884540064460517,0.31,4.5,,-20.5,4.39,30.3,-0.06404819071214485,-0.9968476908167399,20.435377661743168,2.3493716807259686,90.0,114.0,Proposing nanofilltration as acceptable barrier for organic contaminants in water reuse
NF200,NF,Fenoprofen,24.15,4.83,7.0,20.0,96.0,0.005,8.0,242.274,180,0.42800000000000005,0.649,0.35256303874054024,0.31,4.5,,-20.5,3.1,30.3,-0.018851324316636126,-0.9968476908167399,20.435377661743168,0.851321182775655,91.0,114.0,Proposing nanofilltration as acceptable barrier for organic contaminants in water reuse
NF200,NF,Ketoprofen,24.15,4.83,7.0,20.0,96.0,0.005,8.0,254.285,180,0.437,0.658,0.360215085099329,0.31,3.98,,-20.5,3.12,30.3,-0.026238863387438614,-0.9990459185546853,20.480441330371047,0.9016259658626078,91.0,114.0,Proposing nanofilltration as acceptable barrier for organic contaminants in water reuse
NF200,NF,Naproxen,24.15,4.83,7.0,20.0,96.0,0.005,8.0,230.262999999999,180,0.392,0.73,0.33244899602012684,0.31,4.84,2.74,-20.5,3.18,30.3,-0.005244093884616769,-0.9931284718841809,20.359133673625706,1.09862278971032,92.0,114.0,Proposing nanofilltration as acceptable barrier for organic contaminants in water reuse
NF90,NF,"1,4-Dioxane",23.4048,2.76,7.0,20.0,96.0,0.005,8.0,88.106,180,0.29300000000000004,0.362,0.20835797252594918,0.34,14.0,,-27.29,-0.27,54.1,0.14991023700241143,0.0,0.0,-0.27,46.0,115.0,Proposing nanofilltration as acceptable barrier for organic contaminants in water reuse
NF90,NF,Metronidazole,23.4048,2.76,7.0,20.0,96.0,0.005,8.0,171.155999999999,200,0.46799999999999997,0.475,0.25331331436925775,0.34,2.38,15.42,-27.29,-0.02,54.1,0.06500502997961191,0.9996830677911888,-27.28135092002154,-0.02,71.0,115.0,Proposing nanofilltration as acceptable barrier for organic contaminants in water reuse
NF90,NF,Phenacetine,23.4048,2.76,7.0,20.0,96.0,0.005,8.0,179.219,200,0.34500000000000003,0.6900000000000001,0.29027039861765114,0.34,14.57,2.4,-27.29,1.58,54.1,0.021393021225322818,2.5091318026301973e-05,-0.0006847420689377808,1.58,72.0,115.0,Proposing nanofilltration as acceptable barrier for organic contaminants in water reuse
NF90,NF,Acetaminophen,23.4048,2.76,7.0,20.0,96.0,0.005,8.0,151.165,200,0.34900000000000003,0.567,0.2518576668186564,0.34,9.5,,-27.29,0.49,54.1,0.06720649566307085,-0.003152309183260209,0.0860265176111711,0.49,75.0,115.0,Proposing nanofilltration as acceptable barrier for organic contaminants in water reuse
NF90,NF,Bisphenol A,23.4048,2.76,7.0,20.0,96.0,0.005,8.0,228.291,200,0.453,0.562,0.33815520201831595,0.34,9.6,,-27.29,3.32,54.1,2.9440134889495247e-05,-0.002505592667285735,0.06837762389022771,3.32,89.0,115.0,Proposing nanofilltration as acceptable barrier for organic contaminants in water reuse
NF90,NF,Caffeine,23.4048,2.76,7.0,20.0,96.0,0.005,8.0,194.193999999999,200,0.44400000000000006,0.503,0.3016073766829081,0.34,10.4,,-27.29,-0.07,54.1,0.012750809041246636,-0.0003979487443048762,0.010860021232080071,-0.07,90.0,115.0,Proposing nanofilltration as acceptable barrier for organic contaminants in water reuse
NF90,NF,Carbamazepine,23.4048,2.76,7.0,20.0,96.0,0.005,8.0,236.274,200,0.44800000000000006,0.576,0.33345165595786874,0.34,13.9,,-27.29,2.45,54.1,0.0003709412603297269,0.0,0.0,2.45,90.0,115.0,Proposing nanofilltration as acceptable barrier for organic contaminants in water reuse
NF90,NF,17α-Ethynilestradiol,23.4048,2.76,7.0,20.0,96.0,0.005,8.0,296.41,200,0.44400000000000006,0.72,0.3945213448379869,0.34,10.33,,-27.29,3.67,54.1,-0.025714334281511056,-0.00046751646740626133,0.012758524395516871,3.67,90.0,115.0,Proposing nanofilltration as acceptable barrier for organic contaminants in water reuse
NF90,NF,Phenazone,23.4048,2.76,7.0,20.0,96.0,0.005,8.0,196.209,200,0.413,0.589,0.309561341088683,0.34,,0.65,-27.29,0.38,54.1,0.008014809310722319,4.466833926248209e-07,-1.2189989784731362e-05,0.38,91.0,115.0,Proposing nanofilltration as acceptable barrier for organic contaminants in water reuse
NF90,NF,Estrone,23.4048,2.76,7.0,20.0,96.0,0.005,8.0,270.372,200,0.40599999999999997,0.682,0.3667832440887863,0.34,10.25,,-27.29,3.13,54.1,-0.006205382040826185,-0.0005620252751523289,0.015337669758907057,3.13,93.0,115.0,Proposing nanofilltration as acceptable barrier for organic contaminants in water reuse
NF90,NF,Fenoprofen,23.4048,2.76,7.0,20.0,96.0,0.005,8.0,242.274,200,0.42800000000000005,0.649,0.35256303874054024,0.34,4.5,,-27.29,3.1,54.1,-0.0013653109203833357,-0.9968476908167399,27.20397348238883,0.851321182775655,94.0,115.0,Proposing nanofilltration as acceptable barrier for organic contaminants in water reuse
NF90,NF,Naproxen,23.4048,2.76,7.0,20.0,96.0,0.005,8.0,230.262999999999,200,0.392,0.73,0.33244899602012684,0.34,4.84,2.74,-27.29,3.18,54.1,0.0004932323624918739,-0.9931284718841809,27.102475997719296,1.09862278971032,95.0,115.0,Proposing nanofilltration as acceptable barrier for organic contaminants in water reuse
NF90,NF,Ketoprofen,23.4048,2.76,7.0,20.0,96.0,0.005,8.0,254.285,200,0.437,0.658,0.360215085099329,0.34,3.98,,-27.29,3.12,54.1,-0.003535031709109953,-0.9990459185546853,27.26396311735736,0.9016259658626078,95.0,115.0,Proposing nanofilltration as acceptable barrier for organic contaminants in water reuse
NF90,NF,Ibuprofen,23.4048,2.76,7.0,20.0,96.0,0.005,8.0,206.284999999999,200,0.378,0.659,0.3727263864585965,0.34,5.2,,-27.29,3.97,54.1,-0.009264847496863387,-0.9843983377581704,26.86423063742047,0.7761004222382355,96.0,115.0,Proposing nanofilltration as acceptable barrier for organic contaminants in water reuse
NF90,NF,Gemfibrozil,23.4048,2.76,7.0,20.0,96.0,0.005,8.0,250.337999999999,200,0.499,0.743,0.3884540064460517,0.34,4.5,,-27.29,4.39,54.1,-0.020309608483339275,-0.9968476908167399,27.20397348238883,2.3493716807259686,96.0,115.0,Proposing nanofilltration as acceptable barrier for organic contaminants in water reuse
NF90,NF,Sulfamethoxazole,23.4048,2.76,7.0,20.0,96.0,0.005,8.0,253.283,200,0.54,0.588,0.3153427582941809,0.34,1.6,5.7,-27.29,0.89,54.1,0.0052593388281936505,-1.8590971335596065,50.73476077484166,-0.16891321364232847,96.0,115.0,Proposing nanofilltration as acceptable barrier for organic contaminants in water reuse
NF90,NF,17β-Estradiol,23.4048,2.76,7.0,20.0,96.0,0.005,8.0,272.388,200,0.40199999999999997,0.73,0.3807542916588625,0.34,10.46,,-27.29,4.01,54.1,-0.014367753361726845,-0.000346616665681558,0.009459168806449718,4.01,96.0,115.0,Proposing nanofilltration as acceptable barrier for organic contaminants in water reuse
XLE,RO,2-Naphthol,43.0,5.0,7.0,20.0,24.0,0.1,,144.172999999999,96,0.393,0.507,0.24629064788690394,0.3,9.51,,-33.0,2.7,39.8,0.03205216116009484,-0.003080774927825529,0.10166557261824247,2.7,57.0,116.0,Rejection of neutral endocrine disrupting compounds (EDCs) and pharmaceutical active compounds (PhACs) by RO membranes
XLE,RO,4-Phenylphenol,43.0,5.0,7.0,20.0,24.0,0.1,,170.211,96,0.341,0.609,0.2733,0.3,9.5,,-33.0,3.2,39.8,0.007920999999999994,-0.003152309183260209,0.10402620304758689,3.2,61.0,116.0,Rejection of neutral endocrine disrupting compounds (EDCs) and pharmaceutical active compounds (PhACs) by RO membranes
XLE,RO,Caffeine,43.0,5.0,7.0,20.0,24.0,0.1,,194.193999999999,96,0.44400000000000006,0.503,0.3016073766829081,0.3,10.4,,-33.0,-0.07,39.8,-2.870733111951954e-05,-0.0003979487443048762,0.013132308562060916,-0.07,70.0,116.0,Rejection of neutral endocrine disrupting compounds (EDCs) and pharmaceutical active compounds (PhACs) by RO membranes
XLE,RO,Sulfamethoxazole,43.0,5.0,7.0,20.0,24.0,0.1,,253.283,96,0.54,0.588,0.3153427582941809,0.3,1.6,5.7,-33.0,0.89,39.8,-0.002615558134151743,-1.8590971335596065,61.350205407467016,-0.16891321364232847,70.0,116.0,Rejection of neutral endocrine disrupting compounds (EDCs) and pharmaceutical active compounds (PhACs) by RO membranes
XLE,RO,Phenacetine,43.0,5.0,7.0,20.0,24.0,0.1,,179.219,96,0.34500000000000003,0.6900000000000001,0.29027039861765114,0.3,14.57,2.4,-33.0,1.58,39.8,0.0010518349228822719,2.5091318026301973e-05,-0.0008280134948679651,1.58,74.0,116.0,Rejection of neutral endocrine disrupting compounds (EDCs) and pharmaceutical active compounds (PhACs) by RO membranes
XLE,RO,Isopropylantipyrine,43.0,5.0,7.0,20.0,24.0,0.1,,230.311,96,0.44299999999999995,0.634,0.3612252472395293,0.3,,1.46,-33.0,1.94,39.8,-0.041650343328238824,2.8840231855128767e-06,-9.517276512192493e-05,1.94,78.0,116.0,Rejection of neutral endocrine disrupting compounds (EDCs) and pharmaceutical active compounds (PhACs) by RO membranes
XLE,RO,N-acetyl-L-cysteine,43.0,5.0,7.0,20.0,24.0,0.1,,163.198,96,0.47400000000000003,0.607,0.2714601072050887,0.3,3.24,9.52,-33.0,-0.15,39.8,0.00905028311938923,-0.8910278616814726,29.403919435488596,-0.6486985766217621,79.0,116.0,Rejection of neutral endocrine disrupting compounds (EDCs) and pharmaceutical active compounds (PhACs) by RO membranes
XLE,RO,Bisphenol A,43.0,5.0,7.0,20.0,24.0,0.1,,228.291,96,0.453,0.562,0.33815520201831595,0.3,9.6,,-33.0,3.32,39.8,-0.016175771567316703,-0.002505592667285735,0.08268455802042926,3.32,83.0,116.0,Rejection of neutral endocrine disrupting compounds (EDCs) and pharmaceutical active compounds (PhACs) by RO membranes
XLE,RO,17β-Estradiol,43.0,5.0,7.0,20.0,24.0,0.1,,272.388,96,0.40199999999999997,0.73,0.3807542916588625,0.3,10.46,,-33.0,4.01,39.8,-0.07245839579249592,-0.000346616665681558,0.011438349967491414,4.01,83.0,116.0,Rejection of neutral endocrine disrupting compounds (EDCs) and pharmaceutical active compounds (PhACs) by RO membranes
XLE,RO,Primidone,43.0,5.0,7.0,20.0,24.0,0.1,,218.256,96,0.417,0.54,0.33895176473968675,0.3,12.3,4.31,-33.0,0.91,39.8,-0.016858221959287826,0.0020325659184116914,-0.06707467530758582,0.91,87.0,116.0,Rejection of neutral endocrine disrupting compounds (EDCs) and pharmaceutical active compounds (PhACs) by RO membranes
XLE,RO,Carbamazepine,43.0,5.0,7.0,20.0,24.0,0.1,,236.274,96,0.44800000000000006,0.576,0.33345165595786874,0.3,13.9,,-33.0,2.45,39.8,-0.012433480959151281,0.0,0.0,2.45,91.0,116.0,Rejection of neutral endocrine disrupting compounds (EDCs) and pharmaceutical active compounds (PhACs) by RO membranes
ES20,RO,"2,3-Dichlorophenol",15.3,3.0,3.0,25.0,0.3333333333333333,10.0,,163.003,100,0.39,0.42400000000000004,0.24519205060716803,,7.7,,-6.0,2.84,47.0,,-1.995222505046134e-05,0.00011971335030276805,2.84,83.4286,117.0,Rejection of organic compounds by ultra-low pressure reverse osmosis membrane
ES20,RO,"2,3-Dichlorophenol",15.3,3.0,5.0,25.0,0.3333333333333333,10.0,,163.003,100,0.39,0.42400000000000004,0.24519205060716803,,7.7,,-6.0,2.84,47.0,,-0.001991289170728318,0.011947735024369908,2.84,82.8571,117.0,Rejection of organic compounds by ultra-low pressure reverse osmosis membrane
ES20,RO,"2,3-Dichlorophenol",15.3,3.0,7.0,25.0,0.3333333333333333,10.0,,163.003,100,0.39,0.42400000000000004,0.24519205060716803,,7.7,,-6.0,2.84,47.0,,-0.1663375308165618,0.9980251848993709,2.84,82.2857,117.0,Rejection of organic compounds by ultra-low pressure reverse osmosis membrane
ES20,RO,"2,3-Dichlorophenol",15.3,3.0,9.0,25.0,0.3333333333333333,10.0,,163.003,100,0.39,0.42400000000000004,0.24519205060716803,,7.7,,-6.0,2.84,47.0,,-0.9522732789657962,5.713639673794777,2.84,94.8571,117.0,Rejection of organic compounds by ultra-low pressure reverse osmosis membrane
ES20,RO,"2,4,5-trichlorophenol",15.3,3.0,3.0,25.0,0.3333333333333333,10.0,,195.924,100,0.364,0.458,0.25283817716509704,,7.43,0.0,-6.0,3.72,47.0,,0.0009618488921233104,-0.005771093352739862,3.72,92.5714,118.0,Rejection of organic compounds by ultra-low pressure reverse osmosis membrane
ES20,RO,"2,4,5-trichlorophenol",15.3,3.0,5.0,25.0,0.3333333333333333,10.0,,195.924,100,0.364,0.458,0.25283817716509704,,7.43,0.0,-6.0,3.72,47.0,,-0.003691599781269223,0.02214959868761534,3.72,92.5714,118.0,Rejection of organic compounds by ultra-low pressure reverse osmosis membrane
ES20,RO,"2,4,5-trichlorophenol",15.3,3.0,7.0,25.0,0.3333333333333333,10.0,,195.924,100,0.364,0.458,0.25283817716509704,,7.43,0.0,-6.0,3.72,47.0,,-0.27088994444039555,1.6253396666423732,3.72,93.1429,118.0,Rejection of organic compounds by ultra-low pressure reverse osmosis membrane
ES20,RO,"2,4,5-trichlorophenol",15.3,3.0,9.0,25.0,0.3333333333333333,10.0,,195.924,100,0.364,0.458,0.25283817716509704,,7.43,0.0,-6.0,3.72,47.0,,-0.973790100475385,5.8427406028523095,3.72,96.5714,118.0,Rejection of organic compounds by ultra-low pressure reverse osmosis membrane
ES20,RO,"2,4-dichlorophenol",15.3,3.0,3.0,25.0,0.3333333333333333,10.0,,163.003,100,0.364,0.458,0.25308569126733516,,7.89,,-6.0,3.06,47.0,,-1.2882329560378537e-05,7.729397736227123e-05,3.06,76.5714,119.0,Rejection of organic compounds by ultra-low pressure reverse osmosis membrane
ES20,RO,"2,4-dichlorophenol",15.3,3.0,5.0,25.0,0.3333333333333333,10.0,,163.003,100,0.364,0.458,0.25308569126733516,,7.89,,-6.0,3.06,47.0,,-0.001286592099997101,0.0077195525999826054,3.06,75.4286,119.0,Rejection of organic compounds by ultra-low pressure reverse osmosis membrane
ES20,RO,"2,4-dichlorophenol",15.3,3.0,7.0,25.0,0.3333333333333333,10.0,,163.003,100,0.364,0.458,0.25308569126733516,,7.89,,-6.0,3.06,47.0,,-0.11412305741415052,0.6847383444849031,3.06,73.1429,119.0,Rejection of organic compounds by ultra-low pressure reverse osmosis membrane
ES20,RO,"2,4-dichlorophenol",15.3,3.0,9.0,25.0,0.3333333333333333,10.0,,163.003,100,0.364,0.458,0.25308569126733516,,7.89,,-6.0,3.06,47.0,,-0.9279668414961574,5.5678010489769445,3.06,90.2857,119.0,Rejection of organic compounds by ultra-low pressure reverse osmosis membrane
ES20,RO,"2,4-Dinitrophenol",15.3,3.0,3.0,25.0,0.3333333333333333,10.0,,184.107,100,0.389,0.502,0.24201108173408897,,4.09,,-6.0,1.67,47.0,,-0.07517277876028845,0.45103667256173074,1.4992725169449281,69.697,120.0,Rejection of organic compounds by ultra-low pressure reverse osmosis membrane
ES20,RO,"2,4-Dinitrophenol",15.3,3.0,5.0,25.0,0.3333333333333333,10.0,,184.107,100,0.389,0.502,0.24201108173408897,,4.09,,-6.0,1.67,47.0,,-0.8904506387229247,5.342703832337548,-0.35233306844652557,92.1212,120.0,Rejection of organic compounds by ultra-low pressure reverse osmosis membrane
ES20,RO,"2,4-Dinitrophenol",15.3,3.0,7.0,25.0,0.3333333333333333,10.0,,184.107,100,0.389,0.502,0.24201108173408897,,4.09,,-6.0,1.67,47.0,,-0.998771242930637,5.992627457583822,-0.598343717838095,95.7576,120.0,Rejection of organic compounds by ultra-low pressure reverse osmosis membrane
ES20,RO,"2,4-Dinitrophenol",15.3,3.0,9.0,25.0,0.3333333333333333,10.0,,184.107,100,0.389,0.502,0.24201108173408897,,4.09,,-6.0,1.67,47.0,,-0.9999876974636461,5.999926184781877,-0.6011064495622187,96.3636,120.0,Rejection of organic compounds by ultra-low pressure reverse osmosis membrane
ES20,RO,4-Chlorophenol,15.3,3.0,3.0,25.0,0.3333333333333333,10.0,,128.558,100,0.339,0.457,0.23619828329425094,,9.41,,-6.0,2.39,47.0,,-3.890449936382143e-07,2.3342699618292855e-06,2.39,52.0,121.0,Rejection of organic compounds by ultra-low pressure reverse osmosis membrane
ES20,RO,4-Chlorophenol,15.3,3.0,5.0,25.0,0.3333333333333333,10.0,,128.558,100,0.339,0.457,0.23619828329425094,,9.41,,-6.0,2.39,47.0,,-3.890300099706168e-05,0.00023341800598237008,2.39,48.5714,121.0,Rejection of organic compounds by ultra-low pressure reverse osmosis membrane
ES20,RO,4-Chlorophenol,15.3,3.0,7.0,25.0,0.3333333333333333,10.0,,128.558,100,0.339,0.457,0.23619828329425094,,9.41,,-6.0,2.39,47.0,,-0.0038753744936250076,0.023252246961750045,2.39,52.0,121.0,Rejection of organic compounds by ultra-low pressure reverse osmosis membrane
ES20,RO,4-Chlorophenol,15.3,3.0,9.0,25.0,0.3333333333333333,10.0,,128.558,100,0.339,0.457,0.23619828329425094,,9.41,,-6.0,2.39,47.0,,-0.280080994052848,1.680485964317088,2.39,62.8571,121.0,Rejection of organic compounds by ultra-low pressure reverse osmosis membrane
ES20,RO,Acetic acid,15.3,3.0,3.0,25.0,0.3333333333333333,10.0,,60.052,100,0.275,0.327,0.1645091332997442,,4.76,,-6.0,2.14,47.0,,-0.017081171546793474,0.10248702928076084,2.0960716805656823,34.1695,122.0,Rejection of organic compounds by ultra-low pressure reverse osmosis membrane
ES20,RO,Acetic acid,15.3,3.0,5.0,25.0,0.3333333333333333,10.0,,60.052,100,0.275,0.327,0.1645091332997442,,4.76,,-6.0,2.14,47.0,,-0.634743335052317,3.808460010313902,0.507605646685477,66.7119,122.0,Rejection of organic compounds by ultra-low pressure reverse osmosis membrane
ES20,RO,Acetic acid,15.3,3.0,7.0,25.0,0.3333333333333333,10.0,,60.052,100,0.275,0.327,0.1645091332997442,,4.76,,-6.0,2.14,47.0,,-0.9942785242829096,5.965671145697458,-0.41702511398176867,78.0339,122.0,Rejection of organic compounds by ultra-low pressure reverse osmosis membrane
ES20,RO,Acetic acid,15.3,3.0,9.0,25.0,0.3333333333333333,10.0,,60.052,100,0.275,0.327,0.1645091332997442,,4.76,,-6.0,2.14,47.0,,-0.9999424593173869,5.999654755904322,-0.4315912780629696,99.5254,122.0,Rejection of organic compounds by ultra-low pressure reverse osmosis membrane
ES20,RO,Aniline,15.3,3.0,3.0,25.0,0.3333333333333333,10.0,,93.1289999999999,100,0.341,0.40599999999999997,0.21692043637007125,,4.6,,-6.0,0.9,47.0,,-0.024503367550336008,0.14702020530201604,0.8936196706198093,98.7879,123.0,Rejection of organic compounds by ultra-low pressure reverse osmosis membrane
ES20,RO,Aniline,15.3,3.0,5.0,25.0,0.3333333333333333,10.0,,93.1289999999999,100,0.341,0.40599999999999997,0.21692043637007125,,4.6,,-6.0,0.9,47.0,,-0.7152527510491988,4.291516506295193,0.7137583280172899,73.3333,123.0,Rejection of organic compounds by ultra-low pressure reverse osmosis membrane
ES20,RO,Aniline,15.3,3.0,7.0,25.0,0.3333333333333333,10.0,,93.1289999999999,100,0.341,0.40599999999999997,0.21692043637007125,,4.6,,-6.0,0.9,47.0,,-0.9960347143808477,5.976208286285086,0.6406466870808997,72.1212,123.0,Rejection of organic compounds by ultra-low pressure reverse osmosis membrane
ES20,RO,Aniline,15.3,3.0,9.0,25.0,0.3333333333333333,10.0,,93.1289999999999,100,0.341,0.40599999999999997,0.21692043637007125,,4.6,,-6.0,0.9,47.0,,-0.9999601908677747,5.999761145206648,0.6396245486785214,66.0606,123.0,Rejection of organic compounds by ultra-low pressure reverse osmosis membrane
ES20,RO,Benzylalcohol,15.3,3.0,3.0,25.0,0.3333333333333333,10.0,,108.139999999999,100,0.33599999999999997,0.46399999999999997,0.23408068870547413,,15.4,,-6.0,1.1,47.0,,-3.9810717055333784e-13,2.3886430233200272e-12,1.1,75.3614,124.0,Rejection of organic compounds by ultra-low pressure reverse osmosis membrane
ES20,RO,Benzylalcohol,15.3,3.0,5.0,25.0,0.3333333333333333,10.0,,108.139999999999,100,0.33599999999999997,0.46399999999999997,0.23408068870547413,,15.4,,-6.0,1.1,47.0,,-3.981071705376469e-11,2.3886430232258814e-10,1.1,77.3042,124.0,Rejection of organic compounds by ultra-low pressure reverse osmosis membrane
ES20,RO,Benzylalcohol,15.3,3.0,7.0,25.0,0.3333333333333333,10.0,,108.139999999999,100,0.33599999999999997,0.46399999999999997,0.23408068870547413,,15.4,,-6.0,1.1,47.0,,-3.9810716896860346e-09,2.3886430138116207e-08,1.1,78.268,124.0,Rejection of organic compounds by ultra-low pressure reverse osmosis membrane
ES20,RO,Benzylalcohol,15.3,3.0,9.0,25.0,0.3333333333333333,10.0,,108.139999999999,100,0.33599999999999997,0.46399999999999997,0.23408068870547413,,15.4,,-6.0,1.1,47.0,,-3.9810701206424e-07,2.3886420723854403e-06,1.1,85.0301,124.0,Rejection of organic compounds by ultra-low pressure reverse osmosis membrane
ES20,RO,Ethanol,15.3,3.0,3.0,25.0,0.3333333333333333,10.0,,46.069,100,0.256,0.323,0.16605142653368316,,15.9,,-6.0,-0.31,47.0,,-1.2589254117940027e-13,7.553552470764016e-13,-0.31,33.6445,125.0,Rejection of organic compounds by ultra-low pressure reverse osmosis membrane
ES20,RO,Ethanol,15.3,3.0,5.0,25.0,0.3333333333333333,10.0,,46.069,100,0.256,0.323,0.16605142653368316,,15.9,,-6.0,-0.31,47.0,,-1.2589254117783152e-11,7.55355247066989e-11,-0.31,31.747,125.0,Rejection of organic compounds by ultra-low pressure reverse osmosis membrane
ES20,RO,Ethanol,15.3,3.0,7.0,25.0,0.3333333333333333,10.0,,46.069,100,0.256,0.323,0.16605142653368316,,15.9,,-6.0,-0.31,47.0,,-1.2589254102092692e-09,7.553552461255615e-09,-0.31,33.9909,125.0,Rejection of organic compounds by ultra-low pressure reverse osmosis membrane
ES20,RO,Ethanol,15.3,3.0,9.0,25.0,0.3333333333333333,10.0,,46.069,100,0.256,0.323,0.16605142653368316,,15.9,,-6.0,-0.31,47.0,,-1.258925253304866e-07,7.553551519829196e-07,-0.31,37.4398,125.0,Rejection of organic compounds by ultra-low pressure reverse osmosis membrane
ES20,RO,Ethylene glycol,15.3,3.0,3.0,25.0,0.3333333333333333,10.0,,62.068,100,0.256,0.375,0.161535170327908,,15.1,,-6.0,-1.36,47.0,,-7.943282347236493e-13,4.765969408341896e-12,-1.36,45.8434,126.0,Rejection of organic compounds by ultra-low pressure reverse osmosis membrane
ES20,RO,Ethylene glycol,15.3,3.0,5.0,25.0,0.3333333333333333,10.0,,62.068,100,0.256,0.375,0.161535170327908,,15.1,,-6.0,-1.36,47.0,,-7.943282346611834e-11,4.765969407967101e-10,-1.36,47.5602,126.0,Rejection of organic compounds by ultra-low pressure reverse osmosis membrane
ES20,RO,Ethylene glycol,15.3,3.0,7.0,25.0,0.3333333333333333,10.0,,62.068,100,0.256,0.375,0.161535170327908,,15.1,,-6.0,-1.36,47.0,,-7.943282284147075e-09,4.765969370488245e-08,-1.36,43.8554,126.0,Rejection of organic compounds by ultra-low pressure reverse osmosis membrane
ES20,RO,Ethylene glycol,15.3,3.0,9.0,25.0,0.3333333333333333,10.0,,62.068,100,0.256,0.375,0.161535170327908,,15.1,,-6.0,-1.36,47.0,,-7.943276037674379e-07,4.765965622604628e-06,-1.36,37.5151,126.0,Rejection of organic compounds by ultra-low pressure reverse osmosis membrane
ES20,RO,Glucose,15.3,3.0,3.0,25.0,0.3333333333333333,10.0,,180.156,100,0.40099999999999997,0.481,0.2515616313767203,,12.45,,-6.0,-3.24,47.0,,-3.5481338910768216e-10,2.128880334646093e-09,-3.24,95.5422,127.0,Rejection of organic compounds by ultra-low pressure reverse osmosis membrane
ES20,RO,Glucose,15.3,3.0,5.0,25.0,0.3333333333333333,10.0,,180.156,100,0.40099999999999997,0.481,0.2515616313767203,,12.45,,-6.0,-3.24,47.0,,-3.548133766443218e-08,2.128880259865931e-07,-3.24,96.5813,127.0,Rejection of organic compounds by ultra-low pressure reverse osmosis membrane
ES20,RO,Glucose,15.3,3.0,7.0,25.0,0.3333333333333333,10.0,,180.156,100,0.40099999999999997,0.481,0.2515616313767203,,12.45,,-6.0,-3.24,47.0,,-3.5481213031263073e-06,2.1288727818757845e-05,-3.24,94.4578,127.0,Rejection of organic compounds by ultra-low pressure reverse osmosis membrane
ES20,RO,Glucose,15.3,3.0,9.0,25.0,0.3333333333333333,10.0,,180.156,100,0.40099999999999997,0.481,0.2515616313767203,,12.45,,-6.0,-3.24,47.0,,-0.00035468754134491227,0.0021281252480694736,-3.24,96.6264,127.0,Rejection of organic compounds by ultra-low pressure reverse osmosis membrane
ES20,RO,Methanol,15.3,3.0,3.0,25.0,0.3333333333333333,10.0,,32.042,100,0.21800000000000003,0.259,0.13145717648167643,,15.3,,-6.0,-0.77,47.0,,-5.011872336270194e-13,3.0071234017621166e-12,-0.77,23.1024,128.0,Rejection of organic compounds by ultra-low pressure reverse osmosis membrane
ES20,RO,Methanol,15.3,3.0,5.0,25.0,0.3333333333333333,10.0,,32.042,100,0.21800000000000003,0.259,0.13145717648167643,,15.3,,-6.0,-0.77,47.0,,-5.011872336021511e-11,3.007123401612907e-10,-0.77,23.6898,128.0,Rejection of organic compounds by ultra-low pressure reverse osmosis membrane
ES20,RO,Methanol,15.3,3.0,7.0,25.0,0.3333333333333333,10.0,,32.042,100,0.21800000000000003,0.259,0.13145717648167643,,15.3,,-6.0,-0.77,47.0,,-5.011872311153847e-09,3.0071233866923084e-08,-0.77,17.5754,128.0,Rejection of organic compounds by ultra-low pressure reverse osmosis membrane
ES20,RO,Methanol,15.3,3.0,9.0,25.0,0.3333333333333333,10.0,,32.042,100,0.21800000000000003,0.259,0.13145717648167643,,15.3,,-6.0,-0.77,47.0,,-5.011869824387532e-07,3.007121894632519e-06,-0.77,24.5633,128.0,Rejection of organic compounds by ultra-low pressure reverse osmosis membrane
ES20,RO,o-Nitrophenol,15.3,3.0,3.0,25.0,0.3333333333333333,10.0,,139.109999999999,100,0.376,0.434,0.21962098572109445,,7.23,,-6.0,1.79,47.0,,-5.888089837121601e-05,0.00035328539022729606,1.79,58.7879,129.0,Rejection of organic compounds by ultra-low pressure reverse osmosis membrane
ES20,RO,o-Nitrophenol,15.3,3.0,5.0,25.0,0.3333333333333333,10.0,,139.109999999999,100,0.376,0.434,0.21962098572109445,,7.23,,-6.0,1.79,47.0,,-0.005853965847078673,0.035123795082472035,1.79,44.8485,129.0,Rejection of organic compounds by ultra-low pressure reverse osmosis membrane
ES20,RO,o-Nitrophenol,15.3,3.0,7.0,25.0,0.3333333333333333,10.0,,139.109999999999,100,0.376,0.434,0.21962098572109445,,7.23,,-6.0,1.79,47.0,,-0.3706114527824975,2.223668716694985,1.79,80.6061,129.0,Rejection of organic compounds by ultra-low pressure reverse osmosis membrane
ES20,RO,o-Nitrophenol,15.3,3.0,9.0,25.0,0.3333333333333333,10.0,,139.109999999999,100,0.376,0.434,0.21962098572109445,,7.23,,-6.0,1.79,47.0,,-0.9833011506249288,5.899806903749573,1.79,92.7273,129.0,Rejection of organic compounds by ultra-low pressure reverse osmosis membrane
ES20,RO,Pentachlorophenol,15.3,3.0,3.0,25.0,0.3333333333333333,10.0,,266.337999999999,100,0.454,0.484,0.2741369962397561,,4.7,,-6.0,5.12,47.0,,-0.01956230387257951,0.11737382323547704,5.080750665578084,81.7143,130.0,Rejection of organic compounds by ultra-low pressure reverse osmosis membrane
ES20,RO,Pentachlorophenol,15.3,3.0,5.0,25.0,0.3333333333333333,10.0,,266.337999999999,100,0.454,0.484,0.2741369962397561,,4.7,,-6.0,5.12,47.0,,-0.666139424583122,3.996836547498732,3.78347393346989,85.1429,130.0,Rejection of organic compounds by ultra-low pressure reverse osmosis membrane
ES20,RO,Pentachlorophenol,15.3,3.0,7.0,25.0,0.3333333333333333,10.0,,266.337999999999,100,0.454,0.484,0.2741369962397561,,4.7,,-6.0,5.12,47.0,,-0.9950131212633121,5.970078727579873,3.1236296846712763,98.2857,130.0,Rejection of organic compounds by ultra-low pressure reverse osmosis membrane
ES20,RO,Pentachlorophenol,15.3,3.0,9.0,25.0,0.3333333333333333,10.0,,266.337999999999,100,0.454,0.484,0.2741369962397561,,4.7,,-6.0,5.12,47.0,,-0.9999498837883978,5.999699302730386,3.113724683472503,97.7143,130.0,Rejection of organic compounds by ultra-low pressure reverse osmosis membrane
ES20,RO,p-Nitrophenol,15.3,3.0,3.0,25.0,0.3333333333333333,10.0,,139.109999999999,100,0.34199999999999997,0.46799999999999997,0.21918145046524798,,7.15,,-6.0,1.91,47.0,,-7.07895669208657e-05,0.0004247374015251942,1.91,45.4545,131.0,Rejection of organic compounds by ultra-low pressure reverse osmosis membrane
ES20,RO,p-Nitrophenol,15.3,3.0,5.0,25.0,0.3333333333333333,10.0,,139.109999999999,100,0.34199999999999997,0.46799999999999997,0.21918145046524798,,7.15,,-6.0,1.91,47.0,,-0.00702969143963923,0.04217814863783538,1.91,46.0606,131.0,Rejection of organic compounds by ultra-low pressure reverse osmosis membrane
ES20,RO,p-Nitrophenol,15.3,3.0,7.0,25.0,0.3333333333333333,10.0,,139.109999999999,100,0.34199999999999997,0.46799999999999997,0.21918145046524798,,7.15,,-6.0,1.91,47.0,,-0.41450132132819034,2.487007927969142,1.91,79.3939,131.0,Rejection of organic compounds by ultra-low pressure reverse osmosis membrane
ES20,RO,p-Nitrophenol,15.3,3.0,9.0,25.0,0.3333333333333333,10.0,,139.109999999999,100,0.34199999999999997,0.46799999999999997,0.21918145046524798,,7.15,,-6.0,1.91,47.0,,-0.9860713716585464,5.916428229951278,1.91,96.3636,131.0,Rejection of organic compounds by ultra-low pressure reverse osmosis membrane
ES20,RO,Triethylene glycol,15.3,3.0,3.0,25.0,0.3333333333333333,10.0,,150.174,100,0.317,0.739,0.2723664263557727,,14.06,,-6.0,-1.98,47.0,,-8.709635899484909e-12,5.2257815396909454e-11,-1.98,89.6687,132.0,Rejection of organic compounds by ultra-low pressure reverse osmosis membrane
ES20,RO,Triethylene glycol,15.3,3.0,5.0,25.0,0.3333333333333333,10.0,,150.174,100,0.317,0.739,0.2723664263557727,,14.06,,-6.0,-1.98,47.0,,-8.709635891975011e-10,5.225781535185007e-09,-1.98,91.3102,132.0,Rejection of organic compounds by ultra-low pressure reverse osmosis membrane
ES20,RO,Triethylene glycol,15.3,3.0,7.0,25.0,0.3333333333333333,10.0,,150.174,100,0.317,0.739,0.2723664263557727,,14.06,,-6.0,-1.98,47.0,,-8.709635140983266e-08,5.22578108458996e-07,-1.98,91.3705,132.0,Rejection of organic compounds by ultra-low pressure reverse osmosis membrane
ES20,RO,Triethylene glycol,15.3,3.0,9.0,25.0,0.3333333333333333,10.0,,150.174,100,0.317,0.739,0.2723664263557727,,14.06,,-6.0,-1.98,47.0,,-8.70956004246398e-06,5.225736025478388e-05,-1.98,88.5692,132.0,Rejection of organic compounds by ultra-low pressure reverse osmosis membrane
ES20,RO,Urea,15.3,3.0,3.0,25.0,0.3333333333333333,10.0,,60.056,100,0.28700000000000003,0.319,0.14277148504511986,,0.1,,-6.0,-2.11,47.0,,-0.9987426574886448,5.992455944931868,-3.7329601190755834,33.7198,133.0,Rejection of organic compounds by ultra-low pressure reverse osmosis membrane
ES20,RO,Urea,15.3,3.0,5.0,25.0,0.3333333333333333,10.0,,60.056,100,0.28700000000000003,0.319,0.14277148504511986,,0.1,,-6.0,-2.11,47.0,,-0.9999874109043695,5.999924465426217,-3.7349828474898117,31.0693,133.0,Rejection of organic compounds by ultra-low pressure reverse osmosis membrane
ES20,RO,Urea,15.3,3.0,7.0,25.0,0.3333333333333333,10.0,,60.056,100,0.28700000000000003,0.319,0.14277148504511986,,0.1,,-6.0,-2.11,47.0,,-0.9999998741074746,5.999999244644847,-3.735003100236046,29.8494,133.0,Rejection of organic compounds by ultra-low pressure reverse osmosis membrane
ES20,RO,Urea,15.3,3.0,9.0,25.0,0.3333333333333333,10.0,,60.056,100,0.28700000000000003,0.319,0.14277148504511986,,0.1,,-6.0,-2.11,47.0,,-0.9999999987410746,5.9999999924464475,-3.735003302766058,26.8976,133.0,Rejection of organic compounds by ultra-low pressure reverse osmosis membrane
ESNA,RO,2-Naphthol,27.14,5.52,8.0,22.0,8.0,0.1,2.6,144.172999999999,96,0.393,0.507,0.24629064788690394,,9.51,,-11.0,2.7,47.3,,-0.029976589159516023,0.32974248075467627,2.7,11.971197,134.0,"Rejection of organic micropollutants (disinfection by-products, endocrine disrupting compounds, and pharmaceutically active compounds) by NF/RO membranes"
ESNA,RO,2-Naphthol,27.14,5.52,8.0,22.0,20.729833333333332,0.1,2.6,144.172999999999,96,0.393,0.507,0.24629064788690394,,9.51,,-11.0,2.7,47.3,,-0.029976589159516023,0.32974248075467627,2.7,66.79667900000001,134.0,"Rejection of organic micropollutants (disinfection by-products, endocrine disrupting compounds, and pharmaceutically active compounds) by NF/RO membranes"
ESNA,RO,2-Naphthol,27.14,5.52,8.0,22.0,6.7108333333333325,0.1,2.6,144.172999999999,96,0.393,0.507,0.24629064788690394,,9.51,,-11.0,2.7,47.3,,-0.029976589159516023,0.32974248075467627,2.7,80.268026,134.0,"Rejection of organic micropollutants (disinfection by-products, endocrine disrupting compounds, and pharmaceutically active compounds) by NF/RO membranes"
ESNA,RO,2-Naphthol,27.14,5.52,8.0,22.0,4.712000000000001,0.1,2.6,144.172999999999,96,0.393,0.507,0.24629064788690394,,9.51,,-11.0,2.7,47.3,,-0.029976589159516023,0.32974248075467627,2.7,84.778477,134.0,"Rejection of organic micropollutants (disinfection by-products, endocrine disrupting compounds, and pharmaceutically active compounds) by NF/RO membranes"
ESNA,RO,2-Naphthol,27.14,5.52,8.0,22.0,2.8013333333333335,0.1,2.6,144.172999999999,96,0.393,0.507,0.24629064788690394,,9.51,,-11.0,2.7,47.3,,-0.029976589159516023,0.32974248075467627,2.7,90.009,134.0,"Rejection of organic micropollutants (disinfection by-products, endocrine disrupting compounds, and pharmaceutically active compounds) by NF/RO membranes"
ESNA,RO,2-Naphthol,27.14,5.52,8.0,22.0,5.1115,0.1,2.6,144.172999999999,96,0.393,0.507,0.24629064788690394,,9.51,,-11.0,2.7,47.3,,-0.029976589159516023,0.32974248075467627,2.7,94.299429,134.0,"Rejection of organic micropollutants (disinfection by-products, endocrine disrupting compounds, and pharmaceutically active compounds) by NF/RO membranes"
ESNA,RO,2-Naphthol,27.14,5.52,8.0,22.0,0.7556666666666667,0.1,2.6,144.172999999999,96,0.393,0.507,0.24629064788690394,,9.51,,-11.0,2.7,47.3,,-0.029976589159516023,0.32974248075467627,2.7,97.629762,134.0,"Rejection of organic micropollutants (disinfection by-products, endocrine disrupting compounds, and pharmaceutically active compounds) by NF/RO membranes"
ESNA,RO,Phenacetine,27.14,5.52,8.0,22.0,8.0,0.0001,2.6,179.219,200,0.34500000000000003,0.6900000000000001,0.29027039861765114,,14.57,2.4,-11.0,1.58,47.3,,2.2427267140043866e-06,-2.4669993854048254e-05,1.58,14.0,135.0,"Rejection of organic micropollutants (disinfection by-products, endocrine disrupting compounds, and pharmaceutically active compounds) by NF/RO membranes"
ESNA,RO,Phenacetine,27.14,5.52,8.0,22.0,8.0,0.1,2.6,179.219,96,0.34500000000000003,0.6900000000000001,0.29027039861765114,,14.57,2.4,-11.0,1.58,47.3,,2.2427267140043866e-06,-2.4669993854048254e-05,1.58,19.0,135.0,"Rejection of organic micropollutants (disinfection by-products, endocrine disrupting compounds, and pharmaceutically active compounds) by NF/RO membranes"
ESNA,RO,Bisphenol A,27.14,5.52,8.0,22.0,8.0,0.1,2.6,228.291,96,0.453,0.562,0.33815520201831595,,9.6,,-11.0,3.32,47.3,,-0.024503367550336008,0.2695370430536961,3.32,45.0,135.0,"Rejection of organic micropollutants (disinfection by-products, endocrine disrupting compounds, and pharmaceutically active compounds) by NF/RO membranes"
ESNA,RO,Primidone,27.14,5.52,8.0,22.0,8.0,0.0001,2.6,218.256,200,0.417,0.54,0.33895176473968675,,12.3,4.31,-11.0,0.91,47.3,,0.00015401590601169988,-0.0016941749661286986,0.91,72.0,135.0,"Rejection of organic micropollutants (disinfection by-products, endocrine disrupting compounds, and pharmaceutically active compounds) by NF/RO membranes"
ESNA,RO,Primidone,27.14,5.52,8.0,22.0,8.0,0.1,2.6,218.256,96,0.417,0.54,0.33895176473968675,,12.3,4.31,-11.0,0.91,47.3,,0.00015401590601169988,-0.0016941749661286986,0.91,87.0,135.0,"Rejection of organic micropollutants (disinfection by-products, endocrine disrupting compounds, and pharmaceutically active compounds) by NF/RO membranes"
ESNA,RO,Dichloroacetic acid,27.14,5.52,8.0,22.0,24.0,0.1,2.6,128.942,200,0.308,0.34700000000000003,0.20431713784192027,,1.26,,-11.0,0.92,47.3,,-0.9999998180299472,10.99999799832942,-2.7851093927997947,91.0,135.0,"Rejection of organic micropollutants (disinfection by-products, endocrine disrupting compounds, and pharmaceutically active compounds) by NF/RO membranes"
ESNA,RO,Salicylic acid,27.14,5.52,8.0,22.0,24.0,0.1,2.6,138.121999999999,200,0.356,0.47300000000000003,0.22337854510508892,,2.98,13.6,-11.0,2.26,47.3,,0.5834965145683255,-6.41846166025158,0.5264537347919747,92.0,135.0,"Rejection of organic micropollutants (disinfection by-products, endocrine disrupting compounds, and pharmaceutically active compounds) by NF/RO membranes"
ESNA,RO,9-Anthracenecarboxylic acid,27.14,5.52,8.0,22.0,24.0,0.1,2.6,222.243,200,0.483,0.579,0.3029859936493605,,3.49,,-11.0,3.85,47.3,,-0.999969098000638,10.999660078007018,1.9330927935469477,93.0,135.0,"Rejection of organic micropollutants (disinfection by-products, endocrine disrupting compounds, and pharmaceutically active compounds) by NF/RO membranes"
ESNA,RO,Diclofenac,27.14,5.52,8.0,22.0,24.0,0.1,2.6,296.153,200,0.462,0.634,0.3476931977505725,,4.15,,-11.0,4.51,47.3,,-0.9998587661953429,10.998446428148771,2.186975620725377,93.0,135.0,"Rejection of organic micropollutants (disinfection by-products, endocrine disrupting compounds, and pharmaceutically active compounds) by NF/RO membranes"
ESNA,RO,Trichloroacetic acid,27.14,5.52,8.0,22.0,24.0,0.1,2.6,163.387,96,0.317,0.385,0.23113091978683248,,0.51,,-11.0,1.33,47.3,,-0.9999999676406354,10.999999644046989,-2.225018328059951,92.96929599999999,136.0,"Rejection of organic micropollutants (disinfection by-products, endocrine disrupting compounds, and pharmaceutically active compounds) by NF/RO membranes"
ESNA,RO,Trichloroacetic acid,27.14,5.52,8.0,22.0,24.0,0.1,2.6,163.387,200,0.317,0.385,0.23113091978683248,,0.51,,-11.0,1.33,47.3,,-0.9999999676406354,10.999999644046989,-2.225018328059951,94.0,136.0,"Rejection of organic micropollutants (disinfection by-products, endocrine disrupting compounds, and pharmaceutically active compounds) by NF/RO membranes"
ESNA,RO,Trichloroacetic acid,27.14,5.52,8.0,22.0,8.0,0.1,2.6,163.387,96,0.317,0.385,0.23113091978683248,,0.51,,-11.0,1.33,47.3,,-0.9999999676406354,10.999999644046989,-2.225018328059951,95.56434,136.0,"Rejection of organic micropollutants (disinfection by-products, endocrine disrupting compounds, and pharmaceutically active compounds) by NF/RO membranes"
ESNA,RO,Trichloroacetic acid,27.14,5.52,8.0,22.0,5.0,0.1,2.6,163.387,96,0.317,0.385,0.23113091978683248,,0.51,,-11.0,1.33,47.3,,-0.9999999676406354,10.999999644046989,-2.225018328059951,95.899589,136.0,"Rejection of organic micropollutants (disinfection by-products, endocrine disrupting compounds, and pharmaceutically active compounds) by NF/RO membranes"
ESNA,RO,Trichloroacetic acid,27.14,5.52,8.0,22.0,3.0,0.1,2.6,163.387,96,0.317,0.385,0.23113091978683248,,0.51,,-11.0,1.33,47.3,,-0.9999999676406354,10.999999644046989,-2.225018328059951,96.919691,136.0,"Rejection of organic micropollutants (disinfection by-products, endocrine disrupting compounds, and pharmaceutically active compounds) by NF/RO membranes"
ESNA,RO,Trichloroacetic acid,27.14,5.52,8.0,22.0,1.0,0.1,2.6,163.387,96,0.317,0.385,0.23113091978683248,,0.51,,-11.0,1.33,47.3,,-0.9999999676406354,10.999999644046989,-2.225018328059951,97.159715,136.0,"Rejection of organic micropollutants (disinfection by-products, endocrine disrupting compounds, and pharmaceutically active compounds) by NF/RO membranes"
ESNA,RO,Trichloroacetic acid,27.14,5.52,8.0,22.0,2.0,0.1,2.6,163.387,96,0.317,0.385,0.23113091978683248,,0.51,,-11.0,1.33,47.3,,-0.9999999676406354,10.999999644046989,-2.225018328059951,98.1018,136.0,"Rejection of organic micropollutants (disinfection by-products, endocrine disrupting compounds, and pharmaceutically active compounds) by NF/RO membranes"
XLE,RO,2-Naphthol,47.472,5.52,8.0,22.0,8.0,0.1,2.6,144.172999999999,96,0.393,0.507,0.24629064788690394,0.3,9.51,,-19.0,2.7,46.9,0.03205216116009484,-0.029976589159516023,0.5695551940308045,2.7,42.774277000000005,137.0,"Rejection of organic micropollutants (disinfection by-products, endocrine disrupting compounds, and pharmaceutically active compounds) by NF/RO membranes"
XLE,RO,2-Naphthol,47.472,5.52,8.0,22.0,24.0,0.1,2.6,144.172999999999,96,0.393,0.507,0.24629064788690394,0.3,9.51,,-19.0,2.7,46.9,0.03205216116009484,-0.029976589159516023,0.5695551940308045,2.7,64.13641299999999,137.0,"Rejection of organic micropollutants (disinfection by-products, endocrine disrupting compounds, and pharmaceutically active compounds) by NF/RO membranes"
XLE,RO,2-Naphthol,47.472,5.52,8.0,22.0,8.0,0.1,2.6,144.172999999999,96,0.393,0.507,0.24629064788690394,0.3,9.51,,-19.0,2.7,46.9,0.03205216116009484,-0.029976589159516023,0.5695551940308045,2.7,82.58733000000001,137.0,"Rejection of organic micropollutants (disinfection by-products, endocrine disrupting compounds, and pharmaceutically active compounds) by NF/RO membranes"
XLE,RO,2-Naphthol,47.472,5.52,8.0,22.0,5.0,0.1,2.6,144.172999999999,96,0.393,0.507,0.24629064788690394,0.3,9.51,,-19.0,2.7,46.9,0.03205216116009484,-0.029976589159516023,0.5695551940308045,2.7,86.088608,137.0,"Rejection of organic micropollutants (disinfection by-products, endocrine disrupting compounds, and pharmaceutically active compounds) by NF/RO membranes"
XLE,RO,2-Naphthol,47.472,5.52,8.0,22.0,3.0,0.1,2.6,144.172999999999,96,0.393,0.507,0.24629064788690394,0.3,9.51,,-19.0,2.7,46.9,0.03205216116009484,-0.029976589159516023,0.5695551940308045,2.7,87.488748,137.0,"Rejection of organic micropollutants (disinfection by-products, endocrine disrupting compounds, and pharmaceutically active compounds) by NF/RO membranes"
XLE,RO,2-Naphthol,47.472,5.52,8.0,22.0,2.0,0.1,2.6,144.172999999999,96,0.393,0.507,0.24629064788690394,0.3,9.51,,-19.0,2.7,46.9,0.03205216116009484,-0.029976589159516023,0.5695551940308045,2.7,92.79711,137.0,"Rejection of organic micropollutants (disinfection by-products, endocrine disrupting compounds, and pharmaceutically active compounds) by NF/RO membranes"
XLE,RO,2-Naphthol,47.472,5.52,8.0,22.0,1.0,0.1,2.6,144.172999999999,96,0.393,0.507,0.24629064788690394,0.3,9.51,,-19.0,2.7,46.9,0.03205216116009484,-0.029976589159516023,0.5695551940308045,2.7,96.289628,137.0,"Rejection of organic micropollutants (disinfection by-products, endocrine disrupting compounds, and pharmaceutically active compounds) by NF/RO membranes"
XLE,RO,Phenacetine,47.472,5.52,8.0,22.0,8.0,0.0001,2.6,179.219,200,0.34500000000000003,0.6900000000000001,0.29027039861765114,0.3,14.57,2.4,-19.0,1.58,46.9,0.0010518349228822719,2.2427267140043866e-06,-4.2611807566083344e-05,1.58,50.0,138.0,"Rejection of organic micropollutants (disinfection by-products, endocrine disrupting compounds, and pharmaceutically active compounds) by NF/RO membranes"
XLE,RO,Diclofenac,47.472,5.52,8.0,22.0,8.0,0.0001,2.6,296.153,200,0.462,0.634,0.3476931977505725,0.3,4.15,,-19.0,4.51,46.9,-0.02527379012972465,-0.9998587661953429,18.997316557711514,2.186975620725377,65.0,138.0,"Rejection of organic micropollutants (disinfection by-products, endocrine disrupting compounds, and pharmaceutically active compounds) by NF/RO membranes"
XLE,RO,Phenacetine,47.472,5.52,8.0,22.0,8.0,0.1,2.6,179.219,200,0.34500000000000003,0.6900000000000001,0.29027039861765114,0.3,14.57,2.4,-19.0,1.58,46.9,0.0010518349228822719,2.2427267140043866e-06,-4.2611807566083344e-05,1.58,71.0,138.0,"Rejection of organic micropollutants (disinfection by-products, endocrine disrupting compounds, and pharmaceutically active compounds) by NF/RO membranes"
XLE,RO,Primidone,47.472,5.52,8.0,22.0,8.0,0.0001,2.6,218.256,200,0.417,0.54,0.33895176473968675,0.3,12.3,4.31,-19.0,0.91,46.9,-0.016858221959287826,0.00015401590601169988,-0.0029263022142222974,0.91,78.0,138.0,"Rejection of organic micropollutants (disinfection by-products, endocrine disrupting compounds, and pharmaceutically active compounds) by NF/RO membranes"
XLE,RO,Primidone,47.472,5.52,8.0,22.0,8.0,0.1,2.6,218.256,200,0.417,0.54,0.33895176473968675,0.3,12.3,4.31,-19.0,0.91,46.9,-0.016858221959287826,0.00015401590601169988,-0.0029263022142222974,0.91,84.0,138.0,"Rejection of organic micropollutants (disinfection by-products, endocrine disrupting compounds, and pharmaceutically active compounds) by NF/RO membranes"
XLE,RO,Salicylic acid,47.472,5.52,8.0,22.0,24.0,0.1,2.6,138.121999999999,200,0.356,0.47300000000000003,0.22337854510508892,0.3,2.98,13.6,-19.0,2.26,47.3,0.06523163722458768,0.5834965145683255,-11.086433776798184,0.5264537347919747,92.0,138.0,"Rejection of organic micropollutants (disinfection by-products, endocrine disrupting compounds, and pharmaceutically active compounds) by NF/RO membranes"
XLE,RO,Dichloroacetic acid,47.472,5.52,8.0,22.0,24.0,0.1,2.6,128.942,200,0.308,0.34700000000000003,0.20431713784192027,0.3,1.26,,-19.0,0.92,47.3,0.1017245567862454,-0.9999998180299472,18.999996542568997,-2.7851093927997947,95.0,138.0,"Rejection of organic micropollutants (disinfection by-products, endocrine disrupting compounds, and pharmaceutically active compounds) by NF/RO membranes"
XLE,RO,Diclofenac,47.472,5.52,8.0,22.0,24.0,0.1,2.6,296.153,200,0.462,0.634,0.3476931977505725,0.3,4.15,,-19.0,4.51,47.3,-0.02527379012972465,-0.9998587661953429,18.997316557711514,2.186975620725377,95.0,138.0,"Rejection of organic micropollutants (disinfection by-products, endocrine disrupting compounds, and pharmaceutically active compounds) by NF/RO membranes"
XLE,RO,9-Anthracenecarboxylic acid,47.472,5.52,8.0,22.0,24.0,0.1,2.6,222.243,200,0.483,0.579,0.3029859936493605,0.3,3.49,,-19.0,3.85,47.3,-9.90684230446846e-05,-0.999969098000638,18.99941286201212,1.9330927935469477,96.0,138.0,"Rejection of organic micropollutants (disinfection by-products, endocrine disrupting compounds, and pharmaceutically active compounds) by NF/RO membranes"
XLE,RO,Bisphenol A,47.472,5.52,8.0,22.0,8.0,0.1,2.6,228.291,200,0.453,0.562,0.33815520201831595,0.3,9.6,,-19.0,3.32,46.9,-0.016175771567316703,-0.024503367550336008,0.46556398345638417,3.32,99.0,138.0,"Rejection of organic micropollutants (disinfection by-products, endocrine disrupting compounds, and pharmaceutically active compounds) by NF/RO membranes"
XLE,RO,Trichloroacetic acid,47.472,5.52,8.0,22.0,24.0,0.1,2.6,163.387,200,0.317,0.385,0.23113091978683248,0.3,0.51,,-19.0,1.33,46.9,0.05269944677119667,-0.9999999676406354,18.99999938517207,-2.225018328059951,78.787878,139.0,"Rejection of organic micropollutants (disinfection by-products, endocrine disrupting compounds, and pharmaceutically active compounds) by NF/RO membranes"
XLE,RO,Trichloroacetic acid,47.472,5.52,8.0,22.0,8.0,0.1,2.6,163.387,200,0.317,0.385,0.23113091978683248,0.3,0.51,,-19.0,1.33,46.9,0.05269944677119667,-0.9999999676406354,18.99999938517207,-2.225018328059951,89.83008,139.0,"Rejection of organic micropollutants (disinfection by-products, endocrine disrupting compounds, and pharmaceutically active compounds) by NF/RO membranes"
XLE,RO,Trichloroacetic acid,47.472,5.52,8.0,22.0,5.0,0.1,2.6,163.387,200,0.317,0.385,0.23113091978683248,0.3,0.51,,-19.0,1.33,46.9,0.05269944677119667,-0.9999999676406354,18.99999938517207,-2.225018328059951,90.459045,139.0,"Rejection of organic micropollutants (disinfection by-products, endocrine disrupting compounds, and pharmaceutically active compounds) by NF/RO membranes"
XLE,RO,Trichloroacetic acid,47.472,5.52,8.0,22.0,3.0,0.1,2.6,163.387,200,0.317,0.385,0.23113091978683248,0.3,0.51,,-19.0,1.33,46.9,0.05269944677119667,-0.9999999676406354,18.99999938517207,-2.225018328059951,92.319231,139.0,"Rejection of organic micropollutants (disinfection by-products, endocrine disrupting compounds, and pharmaceutically active compounds) by NF/RO membranes"
XLE,RO,Trichloroacetic acid,47.472,5.52,8.0,22.0,1.0,0.1,2.6,163.387,200,0.317,0.385,0.23113091978683248,0.3,0.51,,-19.0,1.33,46.9,0.05269944677119667,-0.9999999676406354,18.99999938517207,-2.225018328059951,92.47743,139.0,"Rejection of organic micropollutants (disinfection by-products, endocrine disrupting compounds, and pharmaceutically active compounds) by NF/RO membranes"
XLE,RO,Trichloroacetic acid,47.472,5.52,8.0,22.0,24.0,0.1,2.6,163.387,200,0.317,0.385,0.23113091978683248,0.3,0.51,,-19.0,1.33,47.3,0.05269944677119667,-0.9999999676406354,18.99999938517207,-2.225018328059951,96.0,139.0,"Rejection of organic micropollutants (disinfection by-products, endocrine disrupting compounds, and pharmaceutically active compounds) by NF/RO membranes"
NF270,NF,Dibutyl phthalate,65.2,5.0,7.0,25.0,14.0,0.5,,278.348,330,0.583,0.702,0.4124324852368644,0.42,3.79,,-27.29,4.5,26.1,0.0003246444426886378,-0.9993837849532564,27.27318349137437,4.5,50.0,140.0,Rejection of Organic Micropollutants by Clean and Fouled Nanofiltration Membranes
NF270,NF,Diethyl phthalate,65.2,5.0,7.0,25.0,14.0,0.5,,222.239999999999,330,0.43899999999999995,0.6900000000000001,0.34594420905295203,0.42,7.84,,-27.29,2.47,26.1,0.031089910276603586,-0.12628957905491867,3.44644261240873,2.47,50.4,140.0,Rejection of Organic Micropollutants by Clean and Fouled Nanofiltration Membranes
NF270,NF,Acenaphthylene,65.2,5.0,7.0,25.0,14.0,0.5,,152.195999999999,330,0.434,0.47300000000000003,0.3145485203085889,0.42,14.0,,-27.29,3.93,26.1,0.06303863134415018,0.0,0.0,3.93,86.4,140.0,Rejection of Organic Micropollutants by Clean and Fouled Nanofiltration Membranes
NF270,NF,Dimethyl phthalate,65.2,5.0,7.0,25.0,14.0,0.5,,178.233999999999,330,0.4,0.58,0.30779756404147074,0.42,,,-27.29,4.46,26.1,0.07136840496047539,0.0,0.0,4.46,88.6,141.0,Rejection of Organic Micropollutants by Clean and Fouled Nanofiltration Membranes
NF270,NF,Dimethyl phthalate,65.2,5.0,7.0,25.0,14.0,0.5,,202.255999999999,330,0.47300000000000003,0.572,0.30779756404147074,0.42,,,-27.29,4.88,26.1,0.07136840496047539,0.0,0.0,4.88,92.3,142.0,Rejection of Organic Micropollutants by Clean and Fouled Nanofiltration Membranes
NF270,NF,Dimethyl phthalate,108.0,7.0,7.0,25.0,14.0,800.0,,194.185999999999,330,0.449,0.5730000000000001,0.30779756404147074,0.42,3.42,,-27.29,1.6,26.1,0.07136840496047539,-0.9997370423657155,27.282823886160376,1.6,14.0,142.0,Rejection of Organic Micropollutants by Clean and Fouled Nanofiltration Membranes
NF270,NF,Phenanthrene,65.2,5.0,7.0,25.0,14.0,800.0,,194.185999999999,330,0.449,0.5730000000000001,0.328323696375469,0.42,3.42,,-27.29,1.6,26.1,0.04764481091982538,-0.9997370423657155,27.282823886160376,1.6,65.8,141.0,Rejection of Organic Micropollutants by Clean and Fouled Nanofiltration Membranes
NF270,NF,Pyrene,85.5,6.0,7.0,25.0,14.0,800.0,,194.185999999999,330,0.449,0.5730000000000001,0.30318112315146056,0.42,3.42,,-27.29,1.6,26.1,0.07736196138409422,-0.9997370423657155,27.282823886160376,1.6,17.9,141.0,Rejection of Organic Micropollutants by Clean and Fouled Nanofiltration Membranes
NF90,NF,Acenaphthylene,43.4,5.0,7.0,25.0,14.0,0.5,,152.195999999999,180,0.434,0.47300000000000003,0.3145485203085889,0.34,14.0,,-42.7,3.93,47.3,0.005603614346732817,0.0,0.0,3.93,92.4,143.0,Rejection of Organic Micropollutants by Clean and Fouled Nanofiltration Membranes
NF90,NF,Diethyl phthalate,43.4,5.0,7.0,25.0,14.0,0.5,,222.239999999999,180,0.43899999999999995,0.6900000000000001,0.34594420905295203,0.34,7.84,,-42.7,2.47,47.3,-0.00030565416319374566,-0.12628957905491867,5.392565025645028,2.47,95.3,143.0,Rejection of Organic Micropollutants by Clean and Fouled Nanofiltration Membranes
NF90,NF,Dimethyl phthalate,43.4,5.0,7.0,25.0,14.0,800.0,,194.185999999999,180,0.449,0.5730000000000001,0.30779756404147074,0.34,3.42,,-42.7,1.6,47.3,0.0089705612600621,-0.9997370423657155,42.68877170901605,1.6,95.8,143.0,Rejection of Organic Micropollutants by Clean and Fouled Nanofiltration Membranes
NF90,NF,Dibutyl phthalate,43.4,5.0,7.0,25.0,14.0,0.5,,278.348,180,0.583,0.702,0.4124324852368644,0.34,3.79,,-42.7,4.5,47.3,-0.0453846446158181,-0.9993837849532564,42.67368761750405,4.5,99.9,143.0,Rejection of Organic Micropollutants by Clean and Fouled Nanofiltration Membranes
NF90,NF,Dimethyl phthalate,57.2,6.0,7.0,25.0,14.0,800.0,,194.185999999999,180,0.449,0.5730000000000001,0.30779756404147074,0.34,3.42,,-42.7,1.6,47.3,0.0089705612600621,-0.9997370423657155,42.68877170901605,1.6,95.0,143.0,Rejection of Organic Micropollutants by Clean and Fouled Nanofiltration Membranes
NF90,NF,Dimethyl phthalate,66.5,7.0,7.0,25.0,14.0,800.0,,194.185999999999,180,0.449,0.5730000000000001,0.30779756404147074,0.34,3.42,,-42.7,1.6,47.3,0.0089705612600621,-0.9997370423657155,42.68877170901605,1.6,92.5,143.0,Rejection of Organic Micropollutants by Clean and Fouled Nanofiltration Membranes
NF90,NF,Phenanthrene,43.4,5.0,7.0,25.0,14.0,0.5,,178.233999999999,180,0.4,0.58,0.328323696375469,0.34,,,-42.7,4.46,47.3,0.001179377736438034,0.0,0.0,4.46,95.7,143.0,Rejection of Organic Micropollutants by Clean and Fouled Nanofiltration Membranes
NF90,NF,Pyrene,43.4,5.0,7.0,25.0,14.0,0.5,,202.255999999999,180,0.47300000000000003,0.572,0.30318112315146056,0.34,,,-42.7,4.88,47.3,0.011726900453182662,0.0,0.0,4.88,99.9,143.0,Rejection of Organic Micropollutants by Clean and Fouled Nanofiltration Membranes
UTC60,NF,17β-Estradiol,18.625000000000004,3.0,3.0,25.0,24.0,1.0,,272.388,150,0.40199999999999997,0.73,0.3807542916588625,,10.46,,-4.1,4.01,51.6,,-3.4673683842988654e-08,1.4216210375625346e-07,4.01,57.9648,144.0,Rejection of pharmaceuticals and personal care products (PPCPs) and endocrine disrupting chemicals (EDCs) by low pressure reverse osmosis membranes
UTC60,NF,17β-Estradiol,18.625000000000004,3.0,5.0,25.0,24.0,1.0,,272.388,150,0.40199999999999997,0.73,0.3807542916588625,,10.46,,-29.21,4.01,51.6,,-3.467356481922647e-06,0.00010128148283696053,4.01,57.6476,144.0,Rejection of pharmaceuticals and personal care products (PPCPs) and endocrine disrupting chemicals (EDCs) by low pressure reverse osmosis membranes
UTC60,NF,17β-Estradiol,18.625000000000004,3.0,7.0,25.0,24.0,1.0,,272.388,150,0.40199999999999997,0.73,0.3807542916588625,,10.46,,-34.7,4.01,51.6,,-0.000346616665681558,0.012027598299150063,4.01,55.7445,144.0,Rejection of pharmaceuticals and personal care products (PPCPs) and endocrine disrupting chemicals (EDCs) by low pressure reverse osmosis membranes
UTC60,NF,17β-Estradiol,18.625000000000004,3.0,10.0,25.0,24.0,1.0,,272.388,150,0.40199999999999997,0.73,0.3807542916588625,,10.46,,-44.1,4.01,51.6,,-0.2574644410569298,11.354181850610603,4.01,92.8546,144.0,Rejection of pharmaceuticals and personal care products (PPCPs) and endocrine disrupting chemicals (EDCs) by low pressure reverse osmosis membranes
UTC60,NF,"2,4-dichlorophenol",18.625000000000004,3.0,4.0,25.0,24.0,10.0,,163.003,150,0.364,0.458,0.25308569126733516,,7.89,,-17.2,3.06,51.6,,-0.0001288083614379257,0.002215503816732322,3.06,21.8062,145.0,Rejection of pharmaceuticals and personal care products (PPCPs) and endocrine disrupting chemicals (EDCs) by low pressure reverse osmosis membranes
UTC60,NF,"2,4-dichlorophenol",18.625000000000004,3.0,7.0,25.0,24.0,10.0,,163.003,150,0.364,0.458,0.25308569126733516,,7.89,,-34.7,3.06,51.6,,-0.11412305741415052,3.9600700922710232,3.06,31.6388,145.0,Rejection of pharmaceuticals and personal care products (PPCPs) and endocrine disrupting chemicals (EDCs) by low pressure reverse osmosis membranes
UTC60,NF,"2,4-dichlorophenol",18.625000000000004,3.0,8.0,25.0,24.0,10.0,,163.003,150,0.364,0.458,0.25308569126733516,,7.89,,-42.82,3.06,51.6,,-0.5629847281035959,24.107006057395978,3.06,52.5727,145.0,Rejection of pharmaceuticals and personal care products (PPCPs) and endocrine disrupting chemicals (EDCs) by low pressure reverse osmosis membranes
UTC60,NF,"2,4-dichlorophenol",18.625000000000004,3.0,9.0,25.0,24.0,10.0,,163.003,150,0.364,0.458,0.25308569126733516,,7.89,,-44.7,3.06,51.6,,-0.9279668414961574,41.480117814878234,3.06,70.9692,145.0,Rejection of pharmaceuticals and personal care products (PPCPs) and endocrine disrupting chemicals (EDCs) by low pressure reverse osmosis membranes
UTC60,NF,"2,4-dichlorophenol",18.625000000000004,3.0,10.0,25.0,24.0,10.0,,163.003,150,0.364,0.458,0.25308569126733516,,7.89,,-44.1,3.06,51.6,,-0.992297320659993,43.76031184110569,3.06,93.8062,145.0,Rejection of pharmaceuticals and personal care products (PPCPs) and endocrine disrupting chemicals (EDCs) by low pressure reverse osmosis membranes
UTC60,NF,Bisphenol A,18.625000000000004,3.0,3.0,25.0,24.0,10.0,,228.291,150,0.453,0.562,0.33815520201831595,,9.6,,-4.1,3.32,51.6,,-2.511885800552392e-07,1.0298731782264807e-06,3.32,22.7577,146.0,Rejection of pharmaceuticals and personal care products (PPCPs) and endocrine disrupting chemicals (EDCs) by low pressure reverse osmosis membranes
UTC60,NF,Bisphenol A,18.625000000000004,3.0,5.0,25.0,24.0,10.0,,228.291,150,0.453,0.562,0.33815520201831595,,9.6,,-29.21,3.32,51.6,,-2.5118233373599843e-05,0.0007337035968428514,3.32,28.1498,146.0,Rejection of pharmaceuticals and personal care products (PPCPs) and endocrine disrupting chemicals (EDCs) by low pressure reverse osmosis membranes
UTC60,NF,Bisphenol A,18.625000000000004,3.0,7.0,25.0,24.0,10.0,,228.291,150,0.453,0.562,0.33815520201831595,,9.6,,-34.7,3.32,51.6,,-0.002505592667285735,0.08694406555481501,3.32,31.9559,146.0,Rejection of pharmaceuticals and personal care products (PPCPs) and endocrine disrupting chemicals (EDCs) by low pressure reverse osmosis membranes
UTC60,NF,Bisphenol A,18.625000000000004,3.0,8.0,25.0,24.0,10.0,,228.291,150,0.453,0.562,0.33815520201831595,,9.6,,-42.82,3.32,51.6,,-0.024503367550336008,1.049234198505388,3.32,52.5727,146.0,Rejection of pharmaceuticals and personal care products (PPCPs) and endocrine disrupting chemicals (EDCs) by low pressure reverse osmosis membranes
UTC60,NF,Bisphenol A,18.625000000000004,3.0,10.0,25.0,24.0,10.0,,228.291,150,0.453,0.562,0.33815520201831595,,9.6,,-44.1,3.32,51.6,,-0.7152527510491988,31.542646321269668,3.32,94.1233,146.0,Rejection of pharmaceuticals and personal care products (PPCPs) and endocrine disrupting chemicals (EDCs) by low pressure reverse osmosis membranes
UTC60,NF,Carbamazepine,18.625000000000004,3.0,3.0,25.0,24.0,10.0,,236.274,150,0.44800000000000006,0.576,0.33345165595786874,,13.9,,-4.1,2.45,51.6,,0.0,0.0,2.45,70.069,147.0,Rejection of pharmaceuticals and personal care products (PPCPs) and endocrine disrupting chemicals (EDCs) by low pressure reverse osmosis membranes
UTC60,NF,Carbamazepine,18.625000000000004,3.0,5.0,25.0,24.0,10.0,,236.274,150,0.44800000000000006,0.576,0.33345165595786874,,13.9,,-29.21,2.45,51.6,,0.0,0.0,2.45,68.4138,147.0,Rejection of pharmaceuticals and personal care products (PPCPs) and endocrine disrupting chemicals (EDCs) by low pressure reverse osmosis membranes
UTC60,NF,Carbamazepine,18.625000000000004,3.0,7.0,25.0,24.0,10.0,,236.274,150,0.44800000000000006,0.576,0.33345165595786874,,13.9,,-34.7,2.45,51.6,,0.0,0.0,2.45,70.8966,147.0,Rejection of pharmaceuticals and personal care products (PPCPs) and endocrine disrupting chemicals (EDCs) by low pressure reverse osmosis membranes
UTC60,NF,Carbamazepine,18.625000000000004,3.0,10.0,25.0,24.0,10.0,,236.274,150,0.44800000000000006,0.576,0.33345165595786874,,13.9,,-44.1,2.45,51.6,,0.0,0.0,2.45,70.069,147.0,Rejection of pharmaceuticals and personal care products (PPCPs) and endocrine disrupting chemicals (EDCs) by low pressure reverse osmosis membranes
UTC60,NF,Clofibric acid,18.625000000000004,3.0,3.0,25.0,24.0,10.0,,214.648,150,0.35,0.62,0.31493819502272646,,3.12,,-4.1,2.57,51.6,,-0.4313586081163323,1.7685702932769622,1.3633936543871041,18.5567,148.0,Rejection of pharmaceuticals and personal care products (PPCPs) and endocrine disrupting chemicals (EDCs) by low pressure reverse osmosis membranes
UTC60,NF,Clofibric acid,18.625000000000004,3.0,4.0,25.0,24.0,10.0,,214.648,150,0.35,0.62,0.31493819502272646,,3.12,,-17.2,2.57,51.6,,-0.8835282880564392,15.196686554570753,0.09857409394762451,95.1527,148.0,Rejection of pharmaceuticals and personal care products (PPCPs) and endocrine disrupting chemicals (EDCs) by low pressure reverse osmosis membranes
UTC60,NF,Clofibric acid,18.625000000000004,3.0,5.0,25.0,24.0,10.0,,214.648,150,0.35,0.62,0.31493819502272646,,3.12,,-29.21,2.57,51.6,,-0.9869889516362479,28.829947277294803,-0.19082848397207064,95.8522,148.0,Rejection of pharmaceuticals and personal care products (PPCPs) and endocrine disrupting chemicals (EDCs) by low pressure reverse osmosis membranes
UTC60,NF,Clofibric acid,18.625000000000004,3.0,7.0,25.0,24.0,10.0,,214.648,150,0.35,0.62,0.31493819502272646,,3.12,,-34.7,2.57,51.6,,-0.9998681917018621,34.69542625205462,-0.22685459426045274,96.9015,148.0,Rejection of pharmaceuticals and personal care products (PPCPs) and endocrine disrupting chemicals (EDCs) by low pressure reverse osmosis membranes
UTC60,NF,Clofibric acid,18.625000000000004,3.0,10.0,25.0,24.0,10.0,,214.648,150,0.35,0.62,0.31493819502272646,,3.12,,-44.1,2.57,51.6,,-0.9999998681743435,44.09999418648855,-0.22722292275622058,96.9015,148.0,Rejection of pharmaceuticals and personal care products (PPCPs) and endocrine disrupting chemicals (EDCs) by low pressure reverse osmosis membranes
UTC60,NF,Crotamiton,18.625000000000004,3.0,3.0,25.0,24.0,10.0,,203.285,150,0.41500000000000004,0.613,0.3480839263667334,,,1.14,-4.1,2.8,51.6,,0.013615891028782053,-0.055825153218006414,2.8,79.5862,149.0,Rejection of pharmaceuticals and personal care products (PPCPs) and endocrine disrupting chemicals (EDCs) by low pressure reverse osmosis membranes
UTC60,NF,Crotamiton,18.625000000000004,3.0,5.0,25.0,24.0,10.0,,203.285,150,0.41500000000000004,0.613,0.3480839263667334,,,1.14,-29.21,2.8,51.6,,0.00013801937448301352,-0.0040315459286488255,2.8,80.0,149.0,Rejection of pharmaceuticals and personal care products (PPCPs) and endocrine disrupting chemicals (EDCs) by low pressure reverse osmosis membranes
UTC60,NF,Crotamiton,18.625000000000004,3.0,7.0,25.0,24.0,10.0,,203.285,150,0.41500000000000004,0.613,0.3480839263667334,,,1.14,-34.7,2.8,51.6,,1.3803823591447935e-06,-4.789926786232434e-05,2.8,79.1724,149.0,Rejection of pharmaceuticals and personal care products (PPCPs) and endocrine disrupting chemicals (EDCs) by low pressure reverse osmosis membranes
UTC60,NF,Crotamiton,18.625000000000004,3.0,10.0,25.0,24.0,10.0,,203.285,150,0.41500000000000004,0.613,0.3480839263667334,,,1.14,-44.1,2.8,51.6,,1.3803842626974233e-09,-6.087494598495637e-08,2.8,82.069,149.0,Rejection of pharmaceuticals and personal care products (PPCPs) and endocrine disrupting chemicals (EDCs) by low pressure reverse osmosis membranes
UTC60,NF,Diclofenac,18.625000000000004,3.0,3.0,25.0,24.0,10.0,,296.153,150,0.462,0.634,0.3476931977505725,,4.15,,-4.1,4.51,51.6,,-0.06611406133719554,0.27106765148250167,4.356393729302807,62.9754,150.0,Rejection of pharmaceuticals and personal care products (PPCPs) and endocrine disrupting chemicals (EDCs) by low pressure reverse osmosis membranes
UTC60,NF,Diclofenac,18.625000000000004,3.0,4.0,25.0,24.0,10.0,,296.153,150,0.462,0.634,0.3476931977505725,,4.15,,-17.2,4.51,51.6,,-0.41450132132819034,7.129422726844874,3.546967312542611,71.7192,150.0,Rejection of pharmaceuticals and personal care products (PPCPs) and endocrine disrupting chemicals (EDCs) by low pressure reverse osmosis membranes
UTC60,NF,Diclofenac,18.625000000000004,3.0,5.0,25.0,24.0,10.0,,296.153,150,0.462,0.634,0.3476931977505725,,4.15,,-29.21,4.51,51.6,,-0.8762293189310645,25.594658405976393,2.4742104079783758,83.6108,150.0,Rejection of pharmaceuticals and personal care products (PPCPs) and endocrine disrupting chemicals (EDCs) by low pressure reverse osmosis membranes
UTC60,NF,Diclofenac,18.625000000000004,3.0,7.0,25.0,24.0,10.0,,296.153,150,0.462,0.634,0.3476931977505725,,4.15,,-34.7,4.51,51.6,,-0.9985894549032847,34.65105408514398,2.1899246783083397,96.202,150.0,Rejection of pharmaceuticals and personal care products (PPCPs) and endocrine disrupting chemicals (EDCs) by low pressure reverse osmosis membranes
UTC60,NF,Diclofenac,18.625000000000004,3.0,7.0,25.0,24.0,10.0,,296.153,150,0.462,0.634,0.3476931977505725,,4.15,,-34.7,4.51,51.6,,-0.9985894549032847,34.65105408514398,2.1899246783083397,97.2512,150.0,Rejection of pharmaceuticals and personal care products (PPCPs) and endocrine disrupting chemicals (EDCs) by low pressure reverse osmosis membranes
UTC60,NF,Diethyl phthalate,18.625000000000004,3.0,3.0,25.0,24.0,10.0,,222.239999999999,65,0.43899999999999995,0.6900000000000001,0.34594420905295203,,7.84,,-4.1,2.47,51.6,,-1.4454188780866098e-05,5.9262174001551e-05,2.47,41.931,151.0,Rejection of pharmaceuticals and personal care products (PPCPs) and endocrine disrupting chemicals (EDCs) by low pressure reverse osmosis membranes
UTC60,NF,Diethyl phthalate,18.625000000000004,3.0,5.0,25.0,24.0,10.0,,222.239999999999,65,0.43899999999999995,0.6900000000000001,0.34594420905295203,,7.84,,-29.21,2.47,51.6,,-0.0014433534902079355,0.0421603554489738,2.47,47.3103,151.0,Rejection of pharmaceuticals and personal care products (PPCPs) and endocrine disrupting chemicals (EDCs) by low pressure reverse osmosis membranes
UTC60,NF,Diethyl phthalate,18.625000000000004,3.0,7.0,25.0,24.0,10.0,,222.239999999999,65,0.43899999999999995,0.6900000000000001,0.34594420905295203,,7.84,,-34.7,2.47,51.6,,-0.12628957905491867,4.382248393205678,2.47,53.1034,151.0,Rejection of pharmaceuticals and personal care products (PPCPs) and endocrine disrupting chemicals (EDCs) by low pressure reverse osmosis membranes
UTC60,NF,Diethyl phthalate,18.625000000000004,3.0,10.0,25.0,24.0,10.0,,222.239999999999,150,0.43899999999999995,0.6900000000000001,0.34594420905295203,,7.84,,-44.1,2.47,51.6,,-0.993129224444049,43.79699879798257,2.47,54.7586,151.0,Rejection of pharmaceuticals and personal care products (PPCPs) and endocrine disrupting chemicals (EDCs) by low pressure reverse osmosis membranes
UTC60,NF,Gemfibrozil,18.625000000000004,3.0,3.0,25.0,24.0,10.0,,250.337999999999,65,0.499,0.743,0.3884540064460517,,4.5,,-4.1,4.39,51.6,,-0.0306534300317155,0.12567906313003355,4.327249934988209,44.7882,152.0,Rejection of pharmaceuticals and personal care products (PPCPs) and endocrine disrupting chemicals (EDCs) by low pressure reverse osmosis membranes
UTC60,NF,Gemfibrozil,18.625000000000004,3.0,4.0,25.0,24.0,10.0,,250.337999999999,65,0.499,0.743,0.3884540064460517,,4.5,,-17.2,4.39,51.6,,-0.2402530733520421,4.132352861655124,3.8981824136312024,60.8768,152.0,Rejection of pharmaceuticals and personal care products (PPCPs) and endocrine disrupting chemicals (EDCs) by low pressure reverse osmosis membranes
UTC60,NF,Gemfibrozil,18.625000000000004,3.0,5.0,25.0,24.0,10.0,,250.337999999999,65,0.499,0.743,0.3884540064460517,,4.5,,-29.21,4.39,51.6,,-0.7597469266479578,22.19220772738685,2.8347362337480186,89.9064,152.0,Rejection of pharmaceuticals and personal care products (PPCPs) and endocrine disrupting chemicals (EDCs) by low pressure reverse osmosis membranes
UTC60,NF,Gemfibrozil,18.625000000000004,3.0,7.0,25.0,24.0,10.0,,250.337999999999,65,0.499,0.743,0.3884540064460517,,4.5,,-34.7,4.39,51.6,,-0.9968476908167399,34.590614871340875,2.3493716807259686,95.8522,152.0,Rejection of pharmaceuticals and personal care products (PPCPs) and endocrine disrupting chemicals (EDCs) by low pressure reverse osmosis membranes
UTC60,NF,Gemfibrozil,18.625000000000004,3.0,7.0,25.0,24.0,10.0,,250.337999999999,65,0.499,0.743,0.3884540064460517,,4.5,,-34.7,4.39,51.6,,-0.9968476908167399,34.590614871340875,2.3493716807259686,98.3005,152.0,Rejection of pharmaceuticals and personal care products (PPCPs) and endocrine disrupting chemicals (EDCs) by low pressure reverse osmosis membranes
UTC60,NF,Ibuprofen,18.625000000000004,3.0,3.0,25.0,24.0,10.0,,206.284999999999,65,0.378,0.659,0.3727263864585965,,5.2,,-4.1,3.97,51.6,,-0.006270012341433834,0.025707050599878715,3.9496568228513342,26.9507,153.0,Rejection of pharmaceuticals and personal care products (PPCPs) and endocrine disrupting chemicals (EDCs) by low pressure reverse osmosis membranes
UTC60,NF,Ibuprofen,18.625000000000004,3.0,4.0,25.0,24.0,10.0,,206.284999999999,65,0.378,0.659,0.3727263864585965,,5.2,,-17.2,3.97,51.6,,-0.05935094310276757,1.020836221367602,3.7774347092586624,32.8966,153.0,Rejection of pharmaceuticals and personal care products (PPCPs) and endocrine disrupting chemicals (EDCs) by low pressure reverse osmosis membranes
UTC60,NF,Ibuprofen,18.625000000000004,3.0,5.0,25.0,24.0,10.0,,206.284999999999,65,0.378,0.659,0.3727263864585965,,5.2,,-29.21,3.97,51.6,,-0.38686317984685686,11.30027348332669,2.7148148789255773,83.9606,153.0,Rejection of pharmaceuticals and personal care products (PPCPs) and endocrine disrupting chemicals (EDCs) by low pressure reverse osmosis membranes
UTC60,NF,Ibuprofen,18.625000000000004,3.0,7.0,25.0,24.0,10.0,,206.284999999999,65,0.378,0.659,0.3727263864585965,,5.2,,-34.7,3.97,51.6,,-0.9843983377581704,34.158622320208515,0.7761004222382355,96.202,153.0,Rejection of pharmaceuticals and personal care products (PPCPs) and endocrine disrupting chemicals (EDCs) by low pressure reverse osmosis membranes
UTC60,NF,Ibuprofen,18.625000000000004,3.0,10.0,25.0,24.0,10.0,,206.284999999999,65,0.378,0.659,0.3727263864585965,,5.2,,-44.1,3.97,51.6,,-0.99998415131926,44.09930107317937,0.7255319466095553,97.9507,153.0,Rejection of pharmaceuticals and personal care products (PPCPs) and endocrine disrupting chemicals (EDCs) by low pressure reverse osmosis membranes
UTC60,NF,Indomethacin,18.625000000000004,3.0,3.0,25.0,24.0,10.0,,357.793,65,0.524,0.8539999999999999,0.40615816997435206,,4.5,,-4.1,4.27,51.6,,-0.0306534300317155,0.12567906313003355,4.183415378042571,68.9212,154.0,Rejection of pharmaceuticals and personal care products (PPCPs) and endocrine disrupting chemicals (EDCs) by low pressure reverse osmosis membranes
UTC60,NF,Indomethacin,18.625000000000004,3.0,4.0,25.0,24.0,10.0,,357.793,65,0.524,0.8539999999999999,0.40615816997435206,,4.5,,-17.2,4.27,51.6,,-0.2402530733520421,4.132352861655124,3.5913737741983853,93.7537,154.0,Rejection of pharmaceuticals and personal care products (PPCPs) and endocrine disrupting chemicals (EDCs) by low pressure reverse osmosis membranes
UTC60,NF,Indomethacin,18.625000000000004,3.0,5.0,25.0,24.0,10.0,,357.793,65,0.524,0.8539999999999999,0.40615816997435206,,4.5,,-29.21,4.27,51.6,,-0.7597469266479578,22.19220772738685,2.1239954465431725,95.8522,154.0,Rejection of pharmaceuticals and personal care products (PPCPs) and endocrine disrupting chemicals (EDCs) by low pressure reverse osmosis membranes
UTC60,NF,Indomethacin,18.625000000000004,3.0,7.0,25.0,24.0,10.0,,357.793,65,0.524,0.8539999999999999,0.40615816997435206,,4.5,,-34.7,4.27,51.6,,-0.9968476908167399,34.590614871340875,1.454273330286334,96.5517,154.0,Rejection of pharmaceuticals and personal care products (PPCPs) and endocrine disrupting chemicals (EDCs) by low pressure reverse osmosis membranes
UTC60,NF,Indomethacin,18.625000000000004,3.0,7.0,25.0,24.0,10.0,,357.793,65,0.524,0.8539999999999999,0.40615816997435206,,4.5,,-34.7,4.27,51.6,,-0.9968476908167399,34.590614871340875,1.454273330286334,96.5517,155.0,Rejection of pharmaceuticals and personal care products (PPCPs) and endocrine disrupting chemicals (EDCs) by low pressure reverse osmosis membranes
UTC60,NF,Ketoprofen,18.625000000000004,3.0,3.0,25.0,24.0,10.0,,254.285,65,0.437,0.658,0.360215085099329,,3.98,,-4.1,3.12,51.6,,-0.09478739597319612,0.38862832349010407,2.909525291995948,28.0,155.0,Rejection of pharmaceuticals and personal care products (PPCPs) and endocrine disrupting chemicals (EDCs) by low pressure reverse osmosis membranes
UTC60,NF,Ketoprofen,18.625000000000004,3.0,4.0,25.0,24.0,10.0,,254.285,65,0.437,0.658,0.360215085099329,,3.98,,-17.2,3.12,51.6,,-0.5115108912177917,8.797987328946016,1.9841938691890932,51.0837,155.0,Rejection of pharmaceuticals and personal care products (PPCPs) and endocrine disrupting chemicals (EDCs) by low pressure reverse osmosis membranes
UTC60,NF,Ketoprofen,18.625000000000004,3.0,5.0,25.0,24.0,10.0,,254.285,65,0.437,0.658,0.360215085099329,,3.98,,-29.21,3.12,51.6,,-0.9128258117454132,26.66364196108352,1.0930770719768783,93.0542,155.0,Rejection of pharmaceuticals and personal care products (PPCPs) and endocrine disrupting chemicals (EDCs) by low pressure reverse osmosis membranes
UTC60,NF,Ketoprofen,18.625000000000004,3.0,7.0,25.0,24.0,10.0,,254.285,65,0.437,0.658,0.360215085099329,,3.98,,-34.7,3.12,51.6,,-0.9990459185546853,34.66689337384758,0.9016259658626078,96.9015,155.0,Rejection of pharmaceuticals and personal care products (PPCPs) and endocrine disrupting chemicals (EDCs) by low pressure reverse osmosis membranes
UTC60,NF,Ketoprofen,18.625000000000004,3.0,7.0,25.0,24.0,10.0,,254.285,65,0.437,0.658,0.360215085099329,,3.98,,-34.7,3.12,51.6,,-0.9990459185546853,34.66689337384758,0.9016259658626078,97.601,156.0,Rejection of pharmaceuticals and personal care products (PPCPs) and endocrine disrupting chemicals (EDCs) by low pressure reverse osmosis membranes
UTC60,NF,"N,N-Diethyl-meta-toluamide",18.625000000000004,3.0,3.0,25.0,24.0,10.0,,191.274,65,0.40599999999999997,0.591,0.3392200412958573,,,-1.37,-4.1,2.02,51.6,,4.265613225692202e-05,-0.00017489014225338027,2.02,70.069,156.0,Rejection of pharmaceuticals and personal care products (PPCPs) and endocrine disrupting chemicals (EDCs) by low pressure reverse osmosis membranes
UTC60,NF,"N,N-Diethyl-meta-toluamide",18.625000000000004,3.0,5.0,25.0,24.0,10.0,,191.274,65,0.40599999999999997,0.591,0.3392200412958573,,,-1.37,-29.21,2.02,51.6,,4.265793368315839e-07,-1.2460382428850566e-05,2.02,68.4138,156.0,Rejection of pharmaceuticals and personal care products (PPCPs) and endocrine disrupting chemicals (EDCs) by low pressure reverse osmosis membranes
UTC60,NF,"N,N-Diethyl-meta-toluamide",18.625000000000004,3.0,7.0,25.0,24.0,10.0,,191.274,65,0.40599999999999997,0.591,0.3392200412958573,,,-1.37,-34.7,2.02,51.6,,4.265795169818896e-09,-1.480230923927157e-07,2.02,72.9655,156.0,Rejection of pharmaceuticals and personal care products (PPCPs) and endocrine disrupting chemicals (EDCs) by low pressure reverse osmosis membranes
UTC60,NF,"N,N-Diethyl-meta-toluamide",18.625000000000004,3.0,10.0,25.0,24.0,10.0,,191.274,65,0.40599999999999997,0.591,0.3392200412958573,,,-1.37,-44.1,2.02,51.6,,4.265795187997708e-12,-1.8812156779069895e-10,2.02,73.7931,157.0,Rejection of pharmaceuticals and personal care products (PPCPs) and endocrine disrupting chemicals (EDCs) by low pressure reverse osmosis membranes
UTC60,NF,Naproxen,18.625000000000004,3.0,3.0,25.0,24.0,1.0,,230.262999999999,65,0.392,0.73,0.33244899602012684,,4.84,2.74,-4.1,3.18,51.6,,0.34212793726333113,-1.4027245427796575,3.897024344566732,27.6502,157.0,Rejection of pharmaceuticals and personal care products (PPCPs) and endocrine disrupting chemicals (EDCs) by low pressure reverse osmosis membranes
UTC60,NF,Naproxen,18.625000000000004,3.0,4.0,25.0,24.0,1.0,,230.262999999999,65,0.392,0.73,0.33244899602012684,,4.84,2.74,-17.2,3.18,51.6,,-0.07468948249544373,1.284659098921632,3.023467395089972,50.734,157.0,Rejection of pharmaceuticals and personal care products (PPCPs) and endocrine disrupting chemicals (EDCs) by low pressure reverse osmosis membranes
UTC60,NF,Naproxen,18.625000000000004,3.0,5.0,25.0,24.0,1.0,,230.262999999999,65,0.392,0.73,0.33244899602012684,,4.84,2.74,-29.21,3.18,51.6,,-0.5875081373266712,17.161112691312066,1.948713129761041,92.7044,157.0,Rejection of pharmaceuticals and personal care products (PPCPs) and endocrine disrupting chemicals (EDCs) by low pressure reverse osmosis membranes
UTC60,NF,Naproxen,18.625000000000004,3.0,7.0,25.0,24.0,10.0,,230.262999999999,65,0.392,0.73,0.33244899602012684,,4.84,2.74,-34.7,3.18,51.6,,-0.9931284718841809,34.46155797438108,1.09862278971032,97.2512,157.0,Rejection of pharmaceuticals and personal care products (PPCPs) and endocrine disrupting chemicals (EDCs) by low pressure reverse osmosis membranes
UTC60,NF,Naproxen,18.625000000000004,3.0,10.0,25.0,24.0,10.0,,230.262999999999,65,0.392,0.73,0.33244899602012684,,4.84,2.74,-44.1,3.18,51.6,,-0.9999930817373932,44.09969490461904,1.0842360885830238,97.2512,158.0,Rejection of pharmaceuticals and personal care products (PPCPs) and endocrine disrupting chemicals (EDCs) by low pressure reverse osmosis membranes
UTC60,NF,Nonylphenol,18.625000000000004,3.0,3.0,25.0,24.0,1.0,,220.356,65,0.364,0.9029999999999999,0.3799131329745689,,10.25,,-4.1,5.71,51.6,,-5.6234129356757324e-08,2.3055993036270502e-07,5.71,29.7357,158.0,Rejection of pharmaceuticals and personal care products (PPCPs) and endocrine disrupting chemicals (EDCs) by low pressure reverse osmosis membranes
UTC60,NF,Nonylphenol,18.625000000000004,3.0,5.0,25.0,24.0,1.0,,220.356,65,0.364,0.9029999999999999,0.3799131329745689,,10.25,,-29.21,5.71,51.6,,-5.623381629304709e-06,0.00016425897739199056,5.71,37.0308,158.0,Rejection of pharmaceuticals and personal care products (PPCPs) and endocrine disrupting chemicals (EDCs) by low pressure reverse osmosis membranes
UTC60,NF,Nonylphenol,18.625000000000004,3.0,7.0,25.0,24.0,1.0,,220.356,65,0.364,0.9029999999999999,0.3799131329745689,,10.25,,-34.7,5.71,51.6,,-0.0005620252751523289,0.019502277047785815,5.71,39.8855,158.0,Rejection of pharmaceuticals and personal care products (PPCPs) and endocrine disrupting chemicals (EDCs) by low pressure reverse osmosis membranes
UTC60,NF,Nonylphenol,18.625000000000004,3.0,10.0,25.0,24.0,1.0,,220.356,65,0.364,0.9029999999999999,0.3799131329745689,,10.25,,-44.1,5.71,51.6,,-0.3599350001971149,15.873133508692767,5.71,96.0264,159.0,Rejection of pharmaceuticals and personal care products (PPCPs) and endocrine disrupting chemicals (EDCs) by low pressure reverse osmosis membranes
UTC60,NF,Phenacetine,18.625000000000004,3.0,3.0,25.0,24.0,10.0,,179.219,65,0.34500000000000003,0.6900000000000001,0.29027039861765114,,14.57,2.4,-4.1,1.58,51.6,,0.20076000891051865,-0.8231160365331264,1.58,13.7931,159.0,Rejection of pharmaceuticals and personal care products (PPCPs) and endocrine disrupting chemicals (EDCs) by low pressure reverse osmosis membranes
UTC60,NF,Phenacetine,18.625000000000004,3.0,5.0,25.0,24.0,10.0,,179.219,65,0.34500000000000003,0.6900000000000001,0.29027039861765114,,14.57,2.4,-29.21,1.58,51.6,,0.002505592398133942,-0.07318835394949245,1.58,16.6897,159.0,Rejection of pharmaceuticals and personal care products (PPCPs) and endocrine disrupting chemicals (EDCs) by low pressure reverse osmosis membranes
UTC60,NF,Phenacetine,18.625000000000004,3.0,7.0,25.0,24.0,10.0,,179.219,65,0.34500000000000003,0.6900000000000001,0.29027039861765114,,14.57,2.4,-34.7,1.58,51.6,,2.5091318026301973e-05,-0.0008706687355126785,1.58,18.7586,159.0,Rejection of pharmaceuticals and personal care products (PPCPs) and endocrine disrupting chemicals (EDCs) by low pressure reverse osmosis membranes
UTC60,NF,Phenacetine,18.625000000000004,3.0,10.0,25.0,24.0,10.0,,179.219,65,0.34500000000000003,0.6900000000000001,0.29027039861765114,,14.57,2.4,-44.1,1.58,51.6,,-2.6889504759140975e-05,0.001185827159878117,1.58,20.4138,160.0,Rejection of pharmaceuticals and personal care products (PPCPs) and endocrine disrupting chemicals (EDCs) by low pressure reverse osmosis membranes
UTC60,NF,Propyphenazone,18.625000000000004,3.0,3.0,25.0,24.0,10.0,,230.311,65,0.429,0.626,0.3610247150797939,,,1.46,-4.1,1.737,51.6,,0.028031867151696522,-0.11493065532195573,1.737,86.2069,160.0,Rejection of pharmaceuticals and personal care products (PPCPs) and endocrine disrupting chemicals (EDCs) by low pressure reverse osmosis membranes
UTC60,NF,Propyphenazone,18.625000000000004,3.0,5.0,25.0,24.0,10.0,,230.311,65,0.429,0.626,0.3610247150797939,,,1.46,-29.21,1.737,51.6,,0.0002883199979169627,-0.008421827139154481,1.737,90.3448,160.0,Rejection of pharmaceuticals and personal care products (PPCPs) and endocrine disrupting chemicals (EDCs) by low pressure reverse osmosis membranes
UTC60,NF,Propyphenazone,18.625000000000004,3.0,7.0,25.0,24.0,10.0,,230.311,65,0.429,0.626,0.3610247150797939,,,1.46,-34.7,1.737,51.6,,2.8840231855128767e-06,-0.00010007560453729683,1.737,89.1034,160.0,Rejection of pharmaceuticals and personal care products (PPCPs) and endocrine disrupting chemicals (EDCs) by low pressure reverse osmosis membranes
UTC60,NF,Propyphenazone,18.625000000000004,3.0,10.0,25.0,24.0,10.0,,230.311,65,0.429,0.626,0.3610247150797939,,,1.46,-44.1,1.737,51.6,,2.8840314948089678e-09,-1.271857889210755e-07,1.737,89.5172,161.0,Rejection of pharmaceuticals and personal care products (PPCPs) and endocrine disrupting chemicals (EDCs) by low pressure reverse osmosis membranes
UTC60,NF,Triclosan,18.625000000000004,3.0,3.0,25.0,24.0,1.0,,289.544999999999,65,0.417,0.655,0.33363696709333546,,7.9,,-4.1,4.76,51.6,,-1.258909563061765e-05,5.1615292085532355e-05,4.76,17.0485,161.0,Rejection of pharmaceuticals and personal care products (PPCPs) and endocrine disrupting chemicals (EDCs) by low pressure reverse osmosis membranes
UTC60,NF,Triclosan,18.625000000000004,3.0,5.0,25.0,24.0,1.0,,289.544999999999,65,0.417,0.655,0.33363696709333546,,7.9,,-29.21,4.76,51.6,,-0.0012573425113552908,0.03672697475668805,4.76,17.6828,161.0,Rejection of pharmaceuticals and personal care products (PPCPs) and endocrine disrupting chemicals (EDCs) by low pressure reverse osmosis membranes
UTC60,NF,Triclosan,18.625000000000004,3.0,7.0,25.0,24.0,1.0,,289.544999999999,65,0.417,0.655,0.33363696709333546,,7.9,,-34.7,4.76,51.6,,-0.11181576977811683,3.8800072113006543,4.76,36.0793,161.0,Rejection of pharmaceuticals and personal care products (PPCPs) and endocrine disrupting chemicals (EDCs) by low pressure reverse osmosis membranes
UTC60,NF,Triclosan,18.625000000000004,3.0,10.0,25.0,24.0,1.0,,289.544999999999,65,0.417,0.655,0.33363696709333546,,7.9,,-44.1,4.76,51.6,,-0.9921193161496697,43.75246184220044,4.76,93.489,162.0,Rejection of pharmaceuticals and personal care products (PPCPs) and endocrine disrupting chemicals (EDCs) by low pressure reverse osmosis membranes
UTC70,RO,Carbamazepine,12.375,3.0,7.0,25.0,24.0,10.0,22.0,236.274,150,0.44800000000000006,0.576,0.33345165595786874,,13.9,,-15.88,2.45,54.4,,0.0,0.0,2.45,91.0,162.0,Rejection of pharmaceuticals and personal care products (PPCPs) and endocrine disrupting chemicals (EDCs) by low pressure reverse osmosis membranes
UTC70,RO,Carbamazepine,12.375,3.0,7.0,25.0,24.0,10.0,22.0,236.274,150,0.44800000000000006,0.576,0.33345165595786874,,13.9,,-15.88,2.45,54.4,,0.0,0.0,2.45,92.0526,162.0,Rejection of pharmaceuticals and personal care products (PPCPs) and endocrine disrupting chemicals (EDCs) by low pressure reverse osmosis membranes
UTC70,RO,Carbamazepine,12.375,3.0,7.0,25.0,24.0,10.0,22.0,236.274,150,0.44800000000000006,0.576,0.33345165595786874,,13.9,,-15.88,2.45,54.4,,0.0,0.0,2.45,93.0,162.0,Rejection of pharmaceuticals and personal care products (PPCPs) and endocrine disrupting chemicals (EDCs) by low pressure reverse osmosis membranes
UTC70,RO,Carbamazepine,12.375,3.0,7.0,25.0,24.0,10.0,22.0,236.274,150,0.44800000000000006,0.576,0.33345165595786874,,13.9,,-15.88,2.45,54.4,,0.0,0.0,2.45,97.0526,163.0,Rejection of pharmaceuticals and personal care products (PPCPs) and endocrine disrupting chemicals (EDCs) by low pressure reverse osmosis membranes
UTC70,RO,Clofibric acid,12.375,3.0,3.0,25.0,24.0,10.0,22.0,214.648,150,0.35,0.62,0.31493819502272646,,3.12,,4.52,2.57,54.4,,-0.4313586081163323,-1.949740908685822,1.3633936543871041,86.9877,163.0,Rejection of pharmaceuticals and personal care products (PPCPs) and endocrine disrupting chemicals (EDCs) by low pressure reverse osmosis membranes
UTC70,RO,Clofibric acid,12.375,3.0,5.0,25.0,24.0,10.0,22.0,214.648,150,0.35,0.62,0.31493819502272646,,3.12,,-26.34,2.57,54.4,,-0.9869889516362479,25.99728898609877,-0.19082848397207064,96.9136,163.0,Rejection of pharmaceuticals and personal care products (PPCPs) and endocrine disrupting chemicals (EDCs) by low pressure reverse osmosis membranes
UTC70,RO,Clofibric acid,12.375,3.0,7.0,25.0,24.0,10.0,22.0,214.648,150,0.35,0.62,0.31493819502272646,,3.12,,-15.88,2.57,54.4,,-0.9998681917018621,15.877906884225572,-0.22685459426045274,97.2593,163.0,Rejection of pharmaceuticals and personal care products (PPCPs) and endocrine disrupting chemicals (EDCs) by low pressure reverse osmosis membranes
UTC70,RO,Clofibric acid,12.375,3.0,10.0,25.0,24.0,10.0,22.0,214.648,150,0.35,0.62,0.31493819502272646,,3.12,,-42.15,2.57,54.4,,-0.9999998681743435,42.14999444354858,-0.22722292275622058,97.1605,164.0,Rejection of pharmaceuticals and personal care products (PPCPs) and endocrine disrupting chemicals (EDCs) by low pressure reverse osmosis membranes
UTC70,RO,Crotamiton,12.375,3.0,7.0,25.0,24.0,10.0,22.0,203.285,150,0.41500000000000004,0.613,0.3480839263667334,,,1.14,-15.88,2.8,54.4,,1.3803823591447935e-06,-2.1920471863219322e-05,2.8,90.0,164.0,Rejection of pharmaceuticals and personal care products (PPCPs) and endocrine disrupting chemicals (EDCs) by low pressure reverse osmosis membranes
UTC70,RO,Crotamiton,12.375,3.0,7.0,25.0,24.0,10.0,22.0,203.285,150,0.41500000000000004,0.613,0.3480839263667334,,,1.14,-15.88,2.8,54.4,,1.3803823591447935e-06,-2.1920471863219322e-05,2.8,90.0526,164.0,Rejection of pharmaceuticals and personal care products (PPCPs) and endocrine disrupting chemicals (EDCs) by low pressure reverse osmosis membranes
UTC70,RO,Crotamiton,12.375,3.0,7.0,25.0,24.0,10.0,22.0,203.285,150,0.41500000000000004,0.613,0.3480839263667334,,,1.14,-15.88,2.8,54.4,,1.3803823591447935e-06,-2.1920471863219322e-05,2.8,90.3158,164.0,Rejection of pharmaceuticals and personal care products (PPCPs) and endocrine disrupting chemicals (EDCs) by low pressure reverse osmosis membranes
UTC70,RO,Crotamiton,12.375,3.0,7.0,25.0,24.0,10.0,22.0,203.285,150,0.41500000000000004,0.613,0.3480839263667334,,,1.14,-15.88,2.8,54.4,,1.3803823591447935e-06,-2.1920471863219322e-05,2.8,90.4737,165.0,Rejection of pharmaceuticals and personal care products (PPCPs) and endocrine disrupting chemicals (EDCs) by low pressure reverse osmosis membranes
UTC70,RO,Diclofenac,12.375,3.0,3.0,25.0,24.0,10.0,22.0,296.153,150,0.462,0.634,0.3476931977505725,,4.15,,4.52,4.51,54.4,,-0.06611406133719554,-0.2988355572441238,4.356393729302807,93.0123,165.0,Rejection of pharmaceuticals and personal care products (PPCPs) and endocrine disrupting chemicals (EDCs) by low pressure reverse osmosis membranes
UTC70,RO,Diclofenac,12.375,3.0,5.0,25.0,24.0,10.0,22.0,296.153,150,0.462,0.634,0.3476931977505725,,4.15,,-26.34,4.51,54.4,,-0.8762293189310645,23.079880260644238,2.4742104079783758,97.0123,165.0,Rejection of pharmaceuticals and personal care products (PPCPs) and endocrine disrupting chemicals (EDCs) by low pressure reverse osmosis membranes
UTC70,RO,Diclofenac,12.375,3.0,7.0,25.0,24.0,10.0,22.0,296.153,150,0.462,0.634,0.3476931977505725,,4.15,,-15.88,4.51,54.4,,-0.9985894549032847,15.85760054386416,2.1899246783083397,97.4074,165.0,Rejection of pharmaceuticals and personal care products (PPCPs) and endocrine disrupting chemicals (EDCs) by low pressure reverse osmosis membranes
UTC70,RO,Diclofenac,12.375,3.0,10.0,25.0,24.0,10.0,22.0,296.153,150,0.462,0.634,0.3476931977505725,,4.15,,-42.15,4.51,54.4,,-0.9999985874644506,42.14994046162659,2.1866507666281185,97.358,166.0,Rejection of pharmaceuticals and personal care products (PPCPs) and endocrine disrupting chemicals (EDCs) by low pressure reverse osmosis membranes
UTC70,RO,Diethyl phthalate,12.375,3.0,7.0,25.0,24.0,10.0,22.0,222.239999999999,150,0.43899999999999995,0.6900000000000001,0.34594420905295203,,7.84,,-15.88,2.47,54.4,,-0.12628957905491867,2.0054785153921086,2.47,83.9474,166.0,Rejection of pharmaceuticals and personal care products (PPCPs) and endocrine disrupting chemicals (EDCs) by low pressure reverse osmosis membranes
UTC70,RO,Diethyl phthalate,12.375,3.0,7.0,25.0,24.0,10.0,22.0,222.239999999999,150,0.43899999999999995,0.6900000000000001,0.34594420905295203,,7.84,,-15.88,2.47,54.4,,-0.12628957905491867,2.0054785153921086,2.47,88.0,166.0,Rejection of pharmaceuticals and personal care products (PPCPs) and endocrine disrupting chemicals (EDCs) by low pressure reverse osmosis membranes
UTC70,RO,Diethyl phthalate,12.375,3.0,7.0,25.0,24.0,10.0,22.0,222.239999999999,150,0.43899999999999995,0.6900000000000001,0.34594420905295203,,7.84,,-15.88,2.47,54.4,,-0.12628957905491867,2.0054785153921086,2.47,90.2105,166.0,Rejection of pharmaceuticals and personal care products (PPCPs) and endocrine disrupting chemicals (EDCs) by low pressure reverse osmosis membranes
UTC70,RO,Diethyl phthalate,12.375,3.0,7.0,25.0,24.0,10.0,22.0,222.239999999999,150,0.43899999999999995,0.6900000000000001,0.34594420905295203,,7.84,,-15.88,2.47,54.4,,-0.12628957905491867,2.0054785153921086,2.47,90.2632,167.0,Rejection of pharmaceuticals and personal care products (PPCPs) and endocrine disrupting chemicals (EDCs) by low pressure reverse osmosis membranes
UTC70,RO,Gemfibrozil,12.375,3.0,3.0,25.0,24.0,10.0,22.0,250.337999999999,150,0.499,0.743,0.3884540064460517,,4.5,,4.52,4.39,54.4,,-0.0306534300317155,-0.13855350374335404,4.327249934988209,90.9383,167.0,Rejection of pharmaceuticals and personal care products (PPCPs) and endocrine disrupting chemicals (EDCs) by low pressure reverse osmosis membranes
UTC70,RO,Gemfibrozil,12.375,3.0,5.0,25.0,24.0,10.0,22.0,250.337999999999,150,0.499,0.743,0.3884540064460517,,4.5,,-26.34,4.39,54.4,,-0.7597469266479578,20.01173404790721,2.8347362337480186,97.0617,167.0,Rejection of pharmaceuticals and personal care products (PPCPs) and endocrine disrupting chemicals (EDCs) by low pressure reverse osmosis membranes
UTC70,RO,Gemfibrozil,12.375,3.0,7.0,25.0,24.0,10.0,22.0,250.337999999999,150,0.499,0.743,0.3884540064460517,,4.5,,-15.88,4.39,54.4,,-0.9968476908167399,15.829941330169829,2.3493716807259686,97.5556,167.0,Rejection of pharmaceuticals and personal care products (PPCPs) and endocrine disrupting chemicals (EDCs) by low pressure reverse osmosis membranes
UTC70,RO,Gemfibrozil,12.375,3.0,10.0,25.0,24.0,10.0,22.0,250.337999999999,150,0.499,0.743,0.3884540064460517,,4.5,,-42.15,4.39,54.4,,-0.9999968377323398,42.149866710418124,2.3429251207983803,97.358,168.0,Rejection of pharmaceuticals and personal care products (PPCPs) and endocrine disrupting chemicals (EDCs) by low pressure reverse osmosis membranes
UTC70,RO,Ibuprofen,12.375,3.0,3.0,25.0,24.0,10.0,22.0,206.284999999999,150,0.378,0.659,0.3727263864585965,,5.2,,4.52,3.97,54.4,,-0.006270012341433834,-0.028340455783280927,3.9496568228513342,91.9753,168.0,Rejection of pharmaceuticals and personal care products (PPCPs) and endocrine disrupting chemicals (EDCs) by low pressure reverse osmosis membranes
UTC70,RO,Ibuprofen,12.375,3.0,5.0,25.0,24.0,10.0,22.0,206.284999999999,150,0.378,0.659,0.3727263864585965,,5.2,,-26.34,3.97,54.4,,-0.38686317984685686,10.18997615716621,2.7148148789255773,97.1605,168.0,Rejection of pharmaceuticals and personal care products (PPCPs) and endocrine disrupting chemicals (EDCs) by low pressure reverse osmosis membranes
UTC70,RO,Ibuprofen,12.375,3.0,7.0,25.0,24.0,10.0,22.0,206.284999999999,150,0.378,0.659,0.3727263864585965,,5.2,,-15.88,3.97,54.4,,-0.9843983377581704,15.632245603599747,0.7761004222382355,96.963,168.0,Rejection of pharmaceuticals and personal care products (PPCPs) and endocrine disrupting chemicals (EDCs) by low pressure reverse osmosis membranes
UTC70,RO,Ibuprofen,12.375,3.0,10.0,25.0,24.0,10.0,22.0,206.284999999999,150,0.378,0.659,0.3727263864585965,,5.2,,-42.15,3.97,54.4,,-0.99998415131926,42.14933197810681,0.7255319466095553,97.8025,169.0,Rejection of pharmaceuticals and personal care products (PPCPs) and endocrine disrupting chemicals (EDCs) by low pressure reverse osmosis membranes
UTC70,RO,Ketoprofen,12.375,3.0,3.0,25.0,24.0,10.0,22.0,254.285,150,0.437,0.658,0.360215085099329,,3.98,,4.52,3.12,54.4,,-0.09478739597319612,-0.4284390297988464,2.909525291995948,90.0,169.0,Rejection of pharmaceuticals and personal care products (PPCPs) and endocrine disrupting chemicals (EDCs) by low pressure reverse osmosis membranes
UTC70,RO,Ketoprofen,12.375,3.0,5.0,25.0,24.0,10.0,22.0,254.285,150,0.437,0.658,0.360215085099329,,3.98,,-26.34,3.12,54.4,,-0.9128258117454132,24.043831881374185,1.0930770719768783,96.6173,169.0,Rejection of pharmaceuticals and personal care products (PPCPs) and endocrine disrupting chemicals (EDCs) by low pressure reverse osmosis membranes
UTC70,RO,Ketoprofen,12.375,3.0,7.0,25.0,24.0,10.0,22.0,254.285,150,0.437,0.658,0.360215085099329,,3.98,,-15.88,3.12,54.4,,-0.9990459185546853,15.864849186648403,0.9016259658626078,97.1605,169.0,Rejection of pharmaceuticals and personal care products (PPCPs) and endocrine disrupting chemicals (EDCs) by low pressure reverse osmosis membranes
UTC70,RO,Ketoprofen,12.375,3.0,10.0,25.0,24.0,10.0,22.0,254.285,150,0.437,0.658,0.360215085099329,,3.98,,-42.15,3.12,54.4,,-0.9999990450083259,42.14995974710094,0.8995095556588959,97.6049,170.0,Rejection of pharmaceuticals and personal care products (PPCPs) and endocrine disrupting chemicals (EDCs) by low pressure reverse osmosis membranes
UTC70,RO,"N,N-Diethyl-meta-toluamide",12.375,3.0,7.0,25.0,24.0,10.0,22.0,191.274,150,0.40599999999999997,0.591,0.3392200412958573,,,-1.37,-15.88,2.02,54.4,,4.265795169818896e-09,-6.774082729672406e-08,2.02,90.0526,170.0,Rejection of pharmaceuticals and personal care products (PPCPs) and endocrine disrupting chemicals (EDCs) by low pressure reverse osmosis membranes
UTC70,RO,"N,N-Diethyl-meta-toluamide",12.375,3.0,7.0,25.0,24.0,10.0,22.0,191.274,150,0.40599999999999997,0.591,0.3392200412958573,,,-1.37,-15.88,2.02,54.4,,4.265795169818896e-09,-6.774082729672406e-08,2.02,90.6316,170.0,Rejection of pharmaceuticals and personal care products (PPCPs) and endocrine disrupting chemicals (EDCs) by low pressure reverse osmosis membranes
UTC70,RO,"N,N-Diethyl-meta-toluamide",12.375,3.0,7.0,25.0,24.0,10.0,22.0,191.274,150,0.40599999999999997,0.591,0.3392200412958573,,,-1.37,-15.88,2.02,54.4,,4.265795169818896e-09,-6.774082729672406e-08,2.02,90.7368,170.0,Rejection of pharmaceuticals and personal care products (PPCPs) and endocrine disrupting chemicals (EDCs) by low pressure reverse osmosis membranes
UTC70,RO,"N,N-Diethyl-meta-toluamide",12.375,3.0,7.0,25.0,24.0,10.0,22.0,191.274,150,0.40599999999999997,0.591,0.3392200412958573,,,-1.37,-15.88,2.02,54.4,,4.265795169818896e-09,-6.774082729672406e-08,2.02,91.0526,171.0,Rejection of pharmaceuticals and personal care products (PPCPs) and endocrine disrupting chemicals (EDCs) by low pressure reverse osmosis membranes
UTC70,RO,Naproxen,12.375,3.0,3.0,25.0,24.0,1.0,22.0,230.262999999999,150,0.392,0.73,0.33244899602012684,,4.84,2.74,4.52,3.18,54.4,,0.34212793726333113,1.5464182764302565,3.897024344566732,88.963,171.0,Rejection of pharmaceuticals and personal care products (PPCPs) and endocrine disrupting chemicals (EDCs) by low pressure reverse osmosis membranes
UTC70,RO,Naproxen,12.375,3.0,5.0,25.0,24.0,1.0,22.0,230.262999999999,150,0.392,0.73,0.33244899602012684,,4.84,2.74,-26.34,3.18,54.4,,-0.5875081373266712,15.474964337184518,1.948713129761041,96.6667,171.0,Rejection of pharmaceuticals and personal care products (PPCPs) and endocrine disrupting chemicals (EDCs) by low pressure reverse osmosis membranes
UTC70,RO,Naproxen,12.375,3.0,7.0,25.0,24.0,1.0,22.0,230.262999999999,150,0.392,0.73,0.33244899602012684,,4.84,2.74,-15.88,3.18,54.4,,-0.9931284718841809,15.770880133520793,1.09862278971032,97.2099,171.0,Rejection of pharmaceuticals and personal care products (PPCPs) and endocrine disrupting chemicals (EDCs) by low pressure reverse osmosis membranes
UTC70,RO,Naproxen,12.375,3.0,10.0,25.0,24.0,1.0,22.0,230.262999999999,150,0.392,0.73,0.33244899602012684,,4.84,2.74,-42.15,3.18,54.4,,-0.9999930817373932,42.14970839523112,1.0842360885830238,97.4074,172.0,Rejection of pharmaceuticals and personal care products (PPCPs) and endocrine disrupting chemicals (EDCs) by low pressure reverse osmosis membranes
UTC70,RO,Phenacetine,12.375,3.0,3.0,25.0,24.0,10.0,22.0,179.219,150,0.34500000000000003,0.6900000000000001,0.29027039861765114,,14.57,2.4,4.52,1.58,54.4,,0.20076000891051865,0.9074352402755442,1.58,77.0,172.0,Rejection of pharmaceuticals and personal care products (PPCPs) and endocrine disrupting chemicals (EDCs) by low pressure reverse osmosis membranes
UTC70,RO,Phenacetine,12.375,3.0,5.0,25.0,24.0,10.0,22.0,179.219,150,0.34500000000000003,0.6900000000000001,0.29027039861765114,,14.57,2.4,-26.34,1.58,54.4,,0.002505592398133942,-0.06599730376684804,1.58,80.0526,172.0,Rejection of pharmaceuticals and personal care products (PPCPs) and endocrine disrupting chemicals (EDCs) by low pressure reverse osmosis membranes
UTC70,RO,Phenacetine,12.375,3.0,7.0,25.0,24.0,10.0,22.0,179.219,150,0.34500000000000003,0.6900000000000001,0.29027039861765114,,14.57,2.4,-15.88,1.58,54.4,,2.5091318026301973e-05,-0.00039845013025767537,1.58,86.0,172.0,Rejection of pharmaceuticals and personal care products (PPCPs) and endocrine disrupting chemicals (EDCs) by low pressure reverse osmosis membranes
UTC70,RO,Phenacetine,12.375,3.0,10.0,25.0,24.0,10.0,22.0,179.219,150,0.34500000000000003,0.6900000000000001,0.29027039861765114,,14.57,2.4,-42.15,1.58,54.4,,-2.6889504759140975e-05,0.001133392625597792,1.58,82.0526,173.0,Rejection of pharmaceuticals and personal care products (PPCPs) and endocrine disrupting chemicals (EDCs) by low pressure reverse osmosis membranes
UTC70,RO,Propyphenazone,12.375,3.0,3.0,25.0,24.0,10.0,22.0,230.311,150,0.429,0.626,0.3610247150797939,,,1.46,4.52,1.737,54.4,,0.028031867151696522,0.12670403952566828,1.737,95.0,173.0,Rejection of pharmaceuticals and personal care products (PPCPs) and endocrine disrupting chemicals (EDCs) by low pressure reverse osmosis membranes
UTC70,RO,Propyphenazone,12.375,3.0,5.0,25.0,24.0,10.0,22.0,230.311,150,0.429,0.626,0.3610247150797939,,,1.46,-26.34,1.737,54.4,,0.0002883199979169627,-0.007594348745132797,1.737,95.0,173.0,Rejection of pharmaceuticals and personal care products (PPCPs) and endocrine disrupting chemicals (EDCs) by low pressure reverse osmosis membranes
UTC70,RO,Propyphenazone,12.375,3.0,7.0,25.0,24.0,10.0,22.0,230.311,150,0.429,0.626,0.3610247150797939,,,1.46,-15.88,1.737,54.4,,2.8840231855128767e-06,-4.5798288185944486e-05,1.737,94.6842,173.0,Rejection of pharmaceuticals and personal care products (PPCPs) and endocrine disrupting chemicals (EDCs) by low pressure reverse osmosis membranes
UTC70,RO,Propyphenazone,12.375,3.0,10.0,25.0,24.0,10.0,22.0,230.311,150,0.429,0.626,0.3610247150797939,,,1.46,-42.15,1.737,54.4,,2.8840314948089678e-09,-1.21561927506198e-07,1.737,94.6842,174.0,Rejection of pharmaceuticals and personal care products (PPCPs) and endocrine disrupting chemicals (EDCs) by low pressure reverse osmosis membranes
BW400,RO,Bromoform,17.566666666666666,6.2,8.0,23.0,48.0,0.1,,252.731,100,0.327,0.34199999999999997,0.21159673500728596,,15.0,,-23.02,2.4,56.8,,0.0,0.0,2.4,15.16,174.0,Rejection of trace organic compounds by high-pressure membranes
BW400,RO,Bromoform,17.566666666666666,6.2,8.0,23.0,24.0,0.1,,252.731,100,0.327,0.34199999999999997,0.21159673500728596,,15.0,,-4.49,2.4,56.8,,0.0,0.0,2.4,38.12,174.0,Rejection of trace organic compounds by high-pressure membranes
BW400,RO,Bromoform,17.566666666666666,6.2,8.0,23.0,12.0,0.1,,252.731,100,0.327,0.34199999999999997,0.21159673500728596,,15.0,,-4.49,2.4,56.8,,0.0,0.0,2.4,70.08,174.0,Rejection of trace organic compounds by high-pressure membranes
BW400,RO,Bromoform,17.566666666666666,6.2,8.0,23.0,6.0,0.1,,252.731,100,0.327,0.34199999999999997,0.21159673500728596,,15.0,,-4.49,2.4,56.8,,0.0,0.0,2.4,86.89,174.0,Rejection of trace organic compounds by high-pressure membranes
BW400,RO,Bromoform,17.566666666666666,6.2,8.0,23.0,2.0,0.1,,252.731,100,0.327,0.34199999999999997,0.21159673500728596,,15.0,,-4.49,2.4,56.8,,0.0,0.0,2.4,95.08,174.0,Rejection of trace organic compounds by high-pressure membranes
LE440,RO,Bromoform,16.3625,5.1,3.0,23.0,48.0,0.1,,252.731,100,0.327,0.34199999999999997,0.21159673500728596,,15.0,,-23.02,2.4,41.5,,0.0,0.0,2.4,13.75,174.0,Rejection of trace organic compounds by high-pressure membranes
LE440,RO,Bromoform,16.3625,5.1,3.0,23.0,24.0,0.1,,252.731,100,0.327,0.34199999999999997,0.21159673500728596,,15.0,,-23.02,2.4,41.5,,0.0,0.0,2.4,40.89,174.0,Rejection of trace organic compounds by high-pressure membranes
LE440,RO,Bromoform,16.3625,5.1,3.0,23.0,12.0,0.1,,252.731,100,0.327,0.34199999999999997,0.21159673500728596,,15.0,,-23.02,2.4,41.5,,0.0,0.0,2.4,82.56,174.0,Rejection of trace organic compounds by high-pressure membranes
LE440,RO,Bromoform,16.3625,5.1,3.0,23.0,6.0,0.1,,252.731,100,0.327,0.34199999999999997,0.21159673500728596,,15.0,,-23.02,2.4,41.5,,0.0,0.0,2.4,95.65,174.0,Rejection of trace organic compounds by high-pressure membranes
LE440,RO,Bromoform,16.3625,5.1,3.0,23.0,2.0,0.1,,252.731,100,0.327,0.34199999999999997,0.21159673500728596,,15.0,,-23.02,2.4,41.5,,0.0,0.0,2.4,99.52,174.0,Rejection of trace organic compounds by high-pressure membranes
LE440,RO,Bromoform,16.3625,5.1,5.0,23.0,48.0,0.1,,252.731,100,0.327,0.34199999999999997,0.21159673500728596,,15.0,,-23.02,2.4,41.5,,0.0,0.0,2.4,6.97,174.0,Rejection of trace organic compounds by high-pressure membranes
LE440,RO,Bromoform,16.3625,5.1,5.0,23.0,24.0,0.1,,252.731,100,0.327,0.34199999999999997,0.21159673500728596,,15.0,,-23.02,2.4,41.5,,0.0,0.0,2.4,30.23,174.0,Rejection of trace organic compounds by high-pressure membranes
LE440,RO,Bromoform,16.3625,5.1,5.0,23.0,12.0,0.1,,252.731,100,0.327,0.34199999999999997,0.21159673500728596,,15.0,,-23.02,2.4,41.5,,0.0,0.0,2.4,72.39,174.0,Rejection of trace organic compounds by high-pressure membranes
LE440,RO,Bromoform,16.3625,5.1,5.0,23.0,6.0,0.1,,252.731,100,0.327,0.34199999999999997,0.21159673500728596,,15.0,,-23.02,2.4,41.5,,0.0,0.0,2.4,89.35,174.0,Rejection of trace organic compounds by high-pressure membranes
LE440,RO,Bromoform,16.3625,5.1,5.0,23.0,2.0,0.1,,252.731,100,0.327,0.34199999999999997,0.21159673500728596,,15.0,,-23.02,2.4,41.5,,0.0,0.0,2.4,92.25,174.0,Rejection of trace organic compounds by high-pressure membranes
LE440,RO,Bromoform,16.3625,5.1,8.0,23.0,48.0,0.1,,252.731,100,0.327,0.34199999999999997,0.21159673500728596,,15.0,,-23.02,2.4,41.5,,0.0,0.0,2.4,6.0,174.0,Rejection of trace organic compounds by high-pressure membranes
LE440,RO,Bromoform,16.3625,5.1,8.0,23.0,48.0,0.1,,252.731,100,0.327,0.34199999999999997,0.21159673500728596,,15.0,,-23.02,2.4,41.5,,0.0,0.0,2.4,6.2,174.0,Rejection of trace organic compounds by high-pressure membranes
LE440,RO,Bromoform,16.3625,5.1,8.0,23.0,48.0,0.1,,252.731,180,0.327,0.34199999999999997,0.21159673500728596,,15.0,,-23.02,2.4,41.5,,0.0,0.0,2.4,6.56,174.0,Rejection of trace organic compounds by high-pressure membranes
LE440,RO,Bromoform,16.3625,5.1,8.0,23.0,24.0,0.1,,252.731,180,0.327,0.34199999999999997,0.21159673500728596,,15.0,,-23.02,2.4,41.5,,0.0,0.0,2.4,44.67,174.0,Rejection of trace organic compounds by high-pressure membranes
LE440,RO,Bromoform,16.3625,5.1,8.0,23.0,24.0,0.1,,252.731,100,0.327,0.34199999999999997,0.21159673500728596,,15.0,,-23.02,2.4,41.5,,0.0,0.0,2.4,44.76,174.0,Rejection of trace organic compounds by high-pressure membranes
LE440,RO,Bromoform,16.3625,5.1,8.0,23.0,24.0,0.1,,252.731,100,0.327,0.34199999999999997,0.21159673500728596,,15.0,,-23.02,2.4,41.5,,0.0,0.0,2.4,45.2,174.0,Rejection of trace organic compounds by high-pressure membranes
LE440,RO,Bromoform,16.3625,5.1,8.0,23.0,12.0,0.1,,252.731,100,0.327,0.34199999999999997,0.21159673500728596,,15.0,,-23.02,2.4,41.5,,0.0,0.0,2.4,72.87,174.0,Rejection of trace organic compounds by high-pressure membranes
LE440,RO,Bromoform,16.3625,5.1,8.0,23.0,12.0,0.1,,252.731,180,0.327,0.34199999999999997,0.21159673500728596,,15.0,,-23.02,2.4,41.5,,0.0,0.0,2.4,73.77,174.0,Rejection of trace organic compounds by high-pressure membranes
LE440,RO,Bromoform,16.3625,5.1,8.0,23.0,12.0,0.1,,252.731,100,0.327,0.34199999999999997,0.21159673500728596,,15.0,,-23.02,2.4,41.5,,0.0,0.0,2.4,73.8,174.0,Rejection of trace organic compounds by high-pressure membranes
LE440,RO,Bromoform,16.3625,5.1,8.0,23.0,6.0,0.1,,252.731,100,0.327,0.34199999999999997,0.21159673500728596,,15.0,,-23.02,2.4,41.5,,0.0,0.0,2.4,83.53,174.0,Rejection of trace organic compounds by high-pressure membranes
LE440,RO,Bromoform,16.3625,5.1,8.0,23.0,6.0,0.1,,252.731,100,0.327,0.34199999999999997,0.21159673500728596,,15.0,,-23.02,2.4,41.5,,0.0,0.0,2.4,83.79,174.0,Rejection of trace organic compounds by high-pressure membranes
LE440,RO,Bromoform,16.3625,5.1,8.0,23.0,6.0,0.1,,252.731,180,0.327,0.34199999999999997,0.21159673500728596,,15.0,,-23.02,2.4,41.5,,0.0,0.0,2.4,84.02,174.0,Rejection of trace organic compounds by high-pressure membranes
LE440,RO,Bromoform,16.3625,5.1,8.0,23.0,2.0,0.1,,252.731,100,0.327,0.34199999999999997,0.21159673500728596,,15.0,,-23.02,2.4,41.5,,0.0,0.0,2.4,84.5,174.0,Rejection of trace organic compounds by high-pressure membranes
LE440,RO,Bromoform,16.3625,5.1,8.0,23.0,2.0,0.1,,252.731,180,0.327,0.34199999999999997,0.21159673500728596,,15.0,,-23.02,2.4,41.5,,0.0,0.0,2.4,84.84,174.0,Rejection of trace organic compounds by high-pressure membranes
LE440,RO,Bromoform,16.3625,5.1,8.0,23.0,2.0,0.1,,252.731,100,0.327,0.34199999999999997,0.21159673500728596,,15.0,,-23.02,2.4,41.5,,0.0,0.0,2.4,86.15,174.0,Rejection of trace organic compounds by high-pressure membranes
LE440,RO,Bromoform,16.3625,5.1,10.0,23.0,48.0,0.1,,252.731,100,0.327,0.34199999999999997,0.21159673500728596,,15.0,,-23.02,2.4,41.5,,0.0,0.0,2.4,39.92,174.0,Rejection of trace organic compounds by high-pressure membranes
LE440,RO,Bromoform,16.3625,5.1,10.0,23.0,24.0,0.1,,252.731,100,0.327,0.34199999999999997,0.21159673500728596,,15.0,,-23.02,2.4,41.5,,0.0,0.0,2.4,66.09,174.0,Rejection of trace organic compounds by high-pressure membranes
LE440,RO,Bromoform,16.3625,5.1,10.0,23.0,12.0,0.1,,252.731,100,0.327,0.34199999999999997,0.21159673500728596,,15.0,,-23.02,2.4,41.5,,0.0,0.0,2.4,88.86,174.0,Rejection of trace organic compounds by high-pressure membranes
LE440,RO,Bromoform,16.3625,5.1,10.0,23.0,6.0,0.1,,252.731,100,0.327,0.34199999999999997,0.21159673500728596,,15.0,,-23.02,2.4,41.5,,0.0,0.0,2.4,97.58,174.0,Rejection of trace organic compounds by high-pressure membranes
LE440,RO,Bromoform,16.3625,5.1,10.0,23.0,2.0,0.1,,252.731,100,0.327,0.34199999999999997,0.21159673500728596,,15.0,,-23.02,2.4,41.5,,0.0,0.0,2.4,99.52,175.0,Rejection of trace organic compounds by high-pressure membranes
LE440,RO,Carbontetrabromide,16.3625,5.1,8.0,23.0,48.0,0.1,,331.626999999999,100,0.337,0.34199999999999997,0.22512193206089842,,,0.01,-23.02,3.42,41.5,,1.0232929818094669e-08,-2.3556204441253927e-07,3.42,89.93,175.0,Rejection of trace organic compounds by high-pressure membranes
LE440,RO,Carbontetrabromide,16.3625,5.1,8.0,23.0,12.0,0.1,,331.626999999999,100,0.337,0.34199999999999997,0.22512193206089842,,,0.01,-23.02,3.42,41.5,,1.0232929818094669e-08,-2.3556204441253927e-07,3.42,93.9,175.0,Rejection of trace organic compounds by high-pressure membranes
LE440,RO,Carbontetrabromide,16.3625,5.1,8.0,23.0,6.0,0.1,,331.626999999999,100,0.337,0.34199999999999997,0.22512193206089842,,,0.01,-23.02,3.42,41.5,,1.0232929818094669e-08,-2.3556204441253927e-07,3.42,95.27,175.0,Rejection of trace organic compounds by high-pressure membranes
LE440,RO,Carbontetrabromide,16.3625,5.1,8.0,23.0,3.0,0.1,,331.626999999999,100,0.337,0.34199999999999997,0.22512193206089842,,,0.01,-23.02,3.42,41.5,,1.0232929818094669e-08,-2.3556204441253927e-07,3.42,100.0,176.0,Rejection of trace organic compounds by high-pressure membranes
LE440,RO,Carbontetrachloride,16.3625,5.1,8.0,23.0,48.0,0.1,,153.823,100,0.316,0.318,0.22481124635515828,,,0.3,-23.02,2.83,41.5,,1.995262275158161e-08,-4.5930937574140864e-07,2.83,68.4,176.0,Rejection of trace organic compounds by high-pressure membranes
LE440,RO,Carbontetrachloride,16.3625,5.1,8.0,23.0,24.0,0.1,,153.823,100,0.316,0.318,0.22481124635515828,,,0.3,-23.02,2.83,41.5,,1.995262275158161e-08,-4.5930937574140864e-07,2.83,77.26,176.0,Rejection of trace organic compounds by high-pressure membranes
LE440,RO,Carbontetrachloride,16.3625,5.1,8.0,23.0,12.0,0.1,,153.823,100,0.316,0.318,0.22481124635515828,,,0.3,-23.02,2.83,41.5,,1.995262275158161e-08,-4.5930937574140864e-07,2.83,89.11,176.0,Rejection of trace organic compounds by high-pressure membranes
LE440,RO,Carbontetrachloride,16.3625,5.1,8.0,23.0,6.0,0.1,,153.823,100,0.316,0.318,0.22481124635515828,,,0.3,-23.02,2.83,41.5,,1.995262275158161e-08,-4.5930937574140864e-07,2.83,91.44,176.0,Rejection of trace organic compounds by high-pressure membranes
LE440,RO,Carbontetrachloride,16.3625,5.1,8.0,23.0,3.0,0.1,,153.823,100,0.316,0.318,0.22481124635515828,,,0.3,-23.02,2.83,41.5,,1.995262275158161e-08,-4.5930937574140864e-07,2.83,95.72,177.0,Rejection of trace organic compounds by high-pressure membranes
LE440,RO,Chloroform,16.3625,5.1,8.0,23.0,48.0,0.1,,119.378,100,0.304,0.318,0.20129157151502178,,,1.12,-23.02,1.97,41.5,,1.3182565647763447e-07,-3.0346266121151453e-06,1.97,2.85,177.0,Rejection of trace organic compounds by high-pressure membranes
LE440,RO,Chloroform,16.3625,5.1,8.0,23.0,24.0,0.1,,119.378,100,0.304,0.318,0.20129157151502178,,,1.12,-23.02,1.97,41.5,,1.3182565647763447e-07,-3.0346266121151453e-06,1.97,18.89,177.0,Rejection of trace organic compounds by high-pressure membranes
LE440,RO,Chloroform,16.3625,5.1,8.0,23.0,12.0,0.1,,119.378,100,0.304,0.318,0.20129157151502178,,,1.12,-23.02,1.97,41.5,,1.3182565647763447e-07,-3.0346266121151453e-06,1.97,38.87,177.0,Rejection of trace organic compounds by high-pressure membranes
LE440,RO,Chloroform,16.3625,5.1,8.0,23.0,6.0,0.1,,119.378,100,0.304,0.318,0.20129157151502178,,,1.12,-23.02,1.97,41.5,,1.3182565647763447e-07,-3.0346266121151453e-06,1.97,53.17,177.0,Rejection of trace organic compounds by high-pressure membranes
LE440,RO,Chloroform,16.3625,5.1,8.0,23.0,2.0,0.1,,119.378,100,0.304,0.318,0.20129157151502178,,,1.12,-23.02,1.97,41.5,,1.3182565647763447e-07,-3.0346266121151453e-06,1.97,83.28,178.0,Rejection of trace organic compounds by high-pressure membranes
LE440,RO,Perchloroethylene,16.3625,5.1,8.0,23.0,48.0,0.1,,165.834,100,0.318,0.386,0.23232970754636786,,,0.11,-23.02,3.4,41.5,,1.2882495350972661e-08,-2.9655504297939065e-07,3.4,76.54,178.0,Rejection of trace organic compounds by high-pressure membranes
LE440,RO,Perchloroethylene,16.3625,5.1,8.0,23.0,24.0,0.1,,165.834,100,0.318,0.386,0.23232970754636786,,,0.11,-23.02,3.4,41.5,,1.2882495350972661e-08,-2.9655504297939065e-07,3.4,94.97,178.0,Rejection of trace organic compounds by high-pressure membranes
LE440,RO,Perchloroethylene,16.3625,5.1,8.0,23.0,3.0,0.1,,165.834,100,0.318,0.386,0.23232970754636786,,,0.11,-23.02,3.4,41.5,,1.2882495350972661e-08,-2.9655504297939065e-07,3.4,95.24,178.0,Rejection of trace organic compounds by high-pressure membranes
LE440,RO,Perchloroethylene,16.3625,5.1,8.0,23.0,6.0,0.1,,165.834,100,0.318,0.386,0.23232970754636786,,,0.11,-23.02,3.4,41.5,,1.2882495350972661e-08,-2.9655504297939065e-07,3.4,95.27,178.0,Rejection of trace organic compounds by high-pressure membranes
LE440,RO,Perchloroethylene,16.3625,5.1,8.0,23.0,12.0,0.1,,165.834,100,0.318,0.386,0.23232970754636786,,,0.11,-23.02,3.4,41.5,,1.2882495350972661e-08,-2.9655504297939065e-07,3.4,95.33,179.0,Rejection of trace organic compounds by high-pressure membranes
LE440,RO,Trichloroethylene,16.3625,5.1,8.0,23.0,48.0,0.1,,131.389,100,0.313,0.385,0.21489123633228346,,,0.95,-23.02,2.42,41.5,,8.91250858700929e-08,-2.0516594767295386e-06,2.42,4.29,179.0,Rejection of trace organic compounds by high-pressure membranes
LE440,RO,Trichloroethylene,16.3625,5.1,8.0,23.0,24.0,0.1,,131.389,100,0.313,0.385,0.21489123633228346,,,0.95,-23.02,2.42,41.5,,8.91250858700929e-08,-2.0516594767295386e-06,2.42,31.81,179.0,Rejection of trace organic compounds by high-pressure membranes
LE440,RO,Trichloroethylene,16.3625,5.1,8.0,23.0,12.0,0.1,,131.389,100,0.313,0.385,0.21489123633228346,,,0.95,-23.02,2.42,41.5,,8.91250858700929e-08,-2.0516594767295386e-06,2.42,73.8,179.0,Rejection of trace organic compounds by high-pressure membranes
LE440,RO,Trichloroethylene,16.3625,5.1,8.0,23.0,6.0,0.1,,131.389,100,0.313,0.385,0.21489123633228346,,,0.95,-23.02,2.42,41.5,,8.91250858700929e-08,-2.0516594767295386e-06,2.42,84.27,179.0,Rejection of trace organic compounds by high-pressure membranes
LE440,RO,Trichloroethylene,16.3625,5.1,8.0,23.0,3.0,0.1,,131.389,100,0.313,0.385,0.21489123633228346,,,0.95,-23.02,2.42,41.5,,8.91250858700929e-08,-2.0516594767295386e-06,2.42,86.63,180.0,Rejection of trace organic compounds by high-pressure membranes
NF90,NF,Bromoform,26.016666666666666,2.8,8.0,23.0,48.0,0.1,,252.731,100,0.327,0.34199999999999997,0.21159673500728596,0.34,15.0,,-30.76,2.4,59.8,0.14262455415907566,0.0,0.0,2.4,0.82,180.0,Rejection of trace organic compounds by high-pressure membranes
NF90,NF,Bromoform,26.016666666666666,2.8,8.0,23.0,24.0,0.1,,252.731,100,0.327,0.34199999999999997,0.21159673500728596,0.34,15.0,,-30.76,2.4,59.8,0.14262455415907566,0.0,0.0,2.4,17.62,180.0,Rejection of trace organic compounds by high-pressure membranes
NF90,NF,Bromoform,26.016666666666666,2.8,8.0,23.0,51.333333333333336,0.1,,252.731,100,0.327,0.34199999999999997,0.21159673500728596,0.34,15.0,,-30.76,2.4,59.8,0.14262455415907566,0.0,0.0,2.4,31.97,180.0,Rejection of trace organic compounds by high-pressure membranes
NF90,NF,Bromoform,26.016666666666666,2.8,8.0,23.0,6.0,0.1,,252.731,100,0.327,0.34199999999999997,0.21159673500728596,0.34,15.0,,-30.76,2.4,59.8,0.14262455415907566,0.0,0.0,2.4,79.92,180.0,Rejection of trace organic compounds by high-pressure membranes
NF90,NF,Bromoform,26.016666666666666,2.8,8.0,23.0,3.0,0.1,,252.731,100,0.327,0.34199999999999997,0.21159673500728596,0.34,15.0,,-30.76,2.4,59.8,0.14262455415907566,0.0,0.0,2.4,91.39,180.0,Rejection of trace organic compounds by high-pressure membranes
XLE440,RO,Bromoform,15.716666666666667,4.1,8.0,23.0,48.0,0.1,,252.731,100,0.327,0.34199999999999997,0.21159673500728596,,15.0,,-19.42,2.4,39.8,,0.0,0.0,2.4,16.39,180.0,Rejection of trace organic compounds by high-pressure membranes
XLE440,RO,Bromoform,15.716666666666667,4.1,8.0,23.0,24.0,0.1,,252.731,100,0.327,0.34199999999999997,0.21159673500728596,,15.0,,-19.42,2.4,39.8,,0.0,0.0,2.4,41.8,180.0,Rejection of trace organic compounds by high-pressure membranes
XLE440,RO,Bromoform,15.7166666666667,4.1,8.0,23.0,12.0,0.1,,252.731,100,0.327,0.34199999999999997,0.21159673500728596,,15.0,,-19.42,2.4,39.8,,0.0,0.0,2.4,73.36,180.0,Rejection of trace organic compounds by high-pressure membranes
XLE440,RO,Bromoform,15.716666666666667,4.1,8.0,23.0,6.0,0.1,,252.731,100,0.327,0.34199999999999997,0.21159673500728596,,15.0,,-19.42,2.4,39.8,,0.0,0.0,2.4,88.12,180.0,Rejection of trace organic compounds by high-pressure membranes
XLE440,RO,Bromoform,15.716666666666667,4.1,8.0,23.0,3.0,0.1,,252.731,100,0.327,0.34199999999999997,0.21159673500728596,,15.0,,-19.42,2.4,39.8,,0.0,0.0,2.4,94.67,182.0,Rejection of trace organic compounds by high-pressure membranes
De-DL,NF,Serine,32.8,8.0,3.0,25.0,2.0,0.0210186,4500.0,105.092999999999,260,0.306,0.43,0.17820333436683466,0.45,2.21,9.15,7.0,-3.07,46.0,0.3648070491323787,0.9999905617854518,6.999933932498163,-2.761049835183246,26.0,182.0,Relation between membrane characteristics and performance in nanofiltration
De-DL,NF,Diphenylaminosulfonic acid,32.8,8.0,3.0,25.0,2.0,0.049856,4500.0,249.29,260,0.499,0.5900000000000001,0.32418255056578626,0.45,-1.33,,7.0,2.39,46.0,0.07817299052904166,-0.9999532286735305,-6.999672600714714,-1.9247985081321555,31.0,182.0,Relation between membrane characteristics and performance in nanofiltration
De-DL,NF,Tryptophane,32.8,8.0,3.0,25.0,2.0,0.0408458,4500.0,204.228999999999,260,0.41100000000000003,0.622,0.2924204382401059,0.45,2.38,9.39,7.0,-1.06,46.0,0.12262379399723596,0.9999961961404267,6.9999733729829865,-1.06,36.0,182.0,Relation between membrane characteristics and performance in nanofiltration
De-DL,NF,Glutamine,32.8,8.0,3.0,25.0,2.0,0.0292292,4500.0,146.146,260,0.34700000000000003,0.523,0.24376499637886045,0.45,2.27,,7.0,-3.64,46.0,0.21003889737585899,-0.8430219644140362,-5.901153750898254,-3.8002218986389855,39.0,182.0,Relation between membrane characteristics and performance in nanofiltration
De-DL,NF,Phenylalanine,32.8,8.0,3.0,25.0,2.0,0.0330384,4500.0,165.191999999999,260,0.34500000000000003,0.585,0.272385470173311,0.45,2.2,9.08,7.0,-1.38,46.0,0.1557872652126212,0.9999886721558955,6.999920705091268,-1.3269466311752092,39.0,182.0,Relation between membrane characteristics and performance in nanofiltration
De-DL,NF,Isoleucine,32.8,8.0,3.0,25.0,2.0,0.026235,4500.0,131.174999999999,260,0.353,0.514,0.264356489173457,0.45,2.17,9.13,7.0,-1.7,46.0,0.1701901882074311,0.9999892350070191,6.999924645049133,-1.6037593178272032,59.0,182.0,Relation between membrane characteristics and performance in nanofiltration
De-DL,NF,Methylene Blue,32.8,8.0,3.0,25.0,2.0,0.06397,4500.0,319.861,260,0.43600000000000005,0.829,0.3917937815338432,0.45,,,7.0,,46.0,0.016730685768543068,1.0,7.0,,62.0,182.0,Relation between membrane characteristics and performance in nanofiltration
De-DL,NF,Neutral red,32.8,8.0,3.0,25.0,2.0,0.057756,4500.0,288.782,260,0.43899999999999995,0.76,0.65,0.45,,,7.0,3.22,46.0,-0.19753086419753085,1.0,7.0,3.22,80.0,182.0,Relation between membrane characteristics and performance in nanofiltration
De-DL,NF,Eosin,32.8,8.0,3.0,25.0,2.0,0.1341768,4500.0,691.859,260,0.625,0.693,0.55,0.45,,,7.0,,46.0,-0.04938271604938276,-2.0,-14.0,,88.0,182.0,Relation between membrane characteristics and performance in nanofiltration
De-DL,NF,Methyl Orange,32.8,8.0,3.0,25.0,2.0,0.065466,4500.0,327.341,260,0.381,0.874,0.559408095316251,0.45,,,7.0,,46.0,-0.059111759608542556,-1.0,-7.0,,90.0,182.0,Relation between membrane characteristics and performance in nanofiltration
De-DL,NF,Patent Blue,32.8,8.0,3.0,25.0,2.0,0.113332,4500.0,566.677,260,0.8560000000000001,0.858,,0.45,,,7.0,-1.99,46.0,,-1.0,-7.0,-1.99,93.0,182.0,Relation between membrane characteristics and performance in nanofiltration
De-DL,NF,Congo red,32.8,8.0,3.0,25.0,2.0,0.139332,4500.0,696.678,260,0.635,1.421,1.325,0.45,9.0,,7.0,,46.0,-3.7808641975308634,-2.0,-14.0,,93.0,182.0,Relation between membrane characteristics and performance in nanofiltration
De-DL,NF,Janus green,32.8,8.0,3.0,25.0,2.0,0.090992,4500.0,454.965,260,0.587,1.014,,0.45,,,7.0,,46.0,,1.0,7.0,,97.0,182.0,Relation between membrane characteristics and performance in nanofiltration
De-DL,NF,4-Methyl-3-nitrophenol,29.6,8.0,6.0,25.0,2.0,0.306274,4500.0,153.137,310,0.392,0.449,0.2506959187743933,0.45,8.66,,-17.0,2.1,44.0,0.19615860144781846,-0.0021829857714531367,0.037110758114703324,2.1,5.0,182.0,Relation between membrane characteristics and performance in nanofiltration
De-DL,NF,Benzylalcohol,29.6,8.0,6.0,25.0,2.0,0.21628,4500.0,108.139999999999,310,0.33599999999999997,0.46399999999999997,0.23408068870547413,0.45,15.4,,-17.0,1.1,44.0,0.23022789624643145,-3.9810717039500686e-10,6.767821896715116e-09,1.1,8.0,182.0,Relation between membrane characteristics and performance in nanofiltration
De-DL,NF,Benzonitrile,29.6,8.0,6.0,25.0,2.0,0.206248,4500.0,103.123999999999,310,0.341,0.45199999999999996,0.2322023269185876,0.45,14.0,,-17.0,1.56,44.0,0.23425099456631004,0.0,0.0,1.56,12.0,182.0,Relation between membrane characteristics and performance in nanofiltration
De-DL,NF,p-Tolualdehyde,29.6,8.0,6.0,25.0,2.0,0.240302,4500.0,120.150999999999,310,0.33199999999999996,0.489,0.25308895811208665,0.45,14.0,,-17.0,2.26,44.0,0.1914763378636226,0.0,0.0,2.26,14.0,182.0,Relation between membrane characteristics and performance in nanofiltration
De-DL,NF,4-Chloro-3-nitrobenzaldehyde,29.6,8.0,6.0,25.0,2.0,0.37112,4500.0,185.565999999999,310,0.393,0.5,0.2621239557222039,0.45,14.0,,-17.0,2.18,44.0,0.17430818772085133,0.0,0.0,2.18,14.0,182.0,Relation between membrane characteristics and performance in nanofiltration
De-DL,NF,Benzylideneacetone,29.6,8.0,6.0,25.0,2.0,0.292378,4500.0,146.189,310,0.351,0.599,0.28560748561997984,0.45,14.0,,-17.0,2.07,44.0,0.13345629029227227,0.0,0.0,2.07,18.0,182.0,Relation between membrane characteristics and performance in nanofiltration
De-DL,NF,Xylitol,29.6,8.0,6.0,25.0,2.0,0.304292,4500.0,152.146,310,0.337,0.518,0.24637668301140211,0.45,11.3,,-17.0,-2.56,44.0,0.20475286529105693,-5.011847217534286e-06,8.520140269808286e-05,-2.56,42.0,182.0,Relation between membrane characteristics and performance in nanofiltration
De-DL,NF,"3,5-Dihydroxybenzoic acid",29.6,8.0,6.0,25.0,2.0,0.308242,4500.0,154.120999999999,310,0.389,0.481,0.2277471565708836,0.45,3.96,,-17.0,0.86,44.0,0.24393247611025848,-0.9909623162617605,16.84635937644993,-1.3952119544509087,44.0,182.0,Relation between membrane characteristics and performance in nanofiltration
De-DL,NF,Xylose,29.6,8.0,6.0,25.0,2.0,0.30026,4500.0,150.13,310,0.40599999999999997,0.41100000000000003,0.2271758314535358,0.45,12.14,,-17.0,-2.39,44.0,0.24518819796752145,-7.244354352679074e-07,1.2315402399554426e-05,-2.39,100.0,182.0,Relation between membrane characteristics and performance in nanofiltration
De-DL,NF,Maltose,29.6,8.0,6.0,25.0,2.0,0.684594,4500.0,342.297,310,0.485,0.651,0.4772552314760964,0.45,12.39,,-17.0,,44.0,-0.0036683834213115814,-4.073801118454884e-07,6.9254619013733024e-06,,100.0,182.0,Relation between membrane characteristics and performance in nanofiltration
De-DL,NF,Raffinose,29.6,8.0,6.0,25.0,2.0,1.008876,4500.0,504.438,310,0.5730000000000001,0.753,0.424151565064248,0.45,12.81,,-17.0,-5.104,44.0,0.0032994646351990307,-1.5488163790292228e-07,2.6329878443496785e-06,-5.104,100.0,182.0,Relation between membrane characteristics and performance in nanofiltration
De-DL,NF,Glutamine,32.8,8.0,10.0,25.0,2.0,0.0292292,4500.0,146.146,260,0.34700000000000003,0.523,0.24376499637886045,0.45,2.27,,-21.0,-3.64,47.0,0.21003889737585899,-0.999999981379129,20.99999960896171,-3.8300566087467014,31.0,182.0,Relation between membrane characteristics and performance in nanofiltration
De-DL,NF,Isoleucine,32.8,8.0,10.0,25.0,2.0,0.026235,4500.0,131.174999999999,260,0.353,0.514,0.264356489173457,0.45,2.17,9.13,-21.0,-1.7,47.0,0.1701901882074311,-0.9999999812183917,20.999999605586225,-1.7962417164066435,39.0,182.0,Relation between membrane characteristics and performance in nanofiltration
De-DL,NF,Serine,32.8,8.0,10.0,25.0,2.0,0.0210186,4500.0,105.092999999999,260,0.306,0.43,0.17820333436683466,0.45,2.21,9.15,-21.0,-3.07,47.0,0.3648070491323787,-0.9999999792001641,20.999999563203446,-3.3789530743560423,52.0,182.0,Relation between membrane characteristics and performance in nanofiltration
De-DL,NF,Neutral red,32.8,8.0,10.0,25.0,2.0,0.057756,4500.0,288.782,260,0.43899999999999995,0.76,0.65,0.45,,,-21.0,3.22,47.0,-0.19753086419753085,0.0,0.0,3.22,66.0,182.0,Relation between membrane characteristics and performance in nanofiltration
De-DL,NF,Phenylalanine,32.8,8.0,10.0,25.0,2.0,0.0330384,4500.0,165.191999999999,260,0.34500000000000003,0.585,0.272385470173311,0.45,2.2,9.08,-21.0,-1.38,47.0,0.1557872652126212,-0.999999980340147,20.999999587143087,-1.4330539687688564,84.0,182.0,Relation between membrane characteristics and performance in nanofiltration
De-DL,NF,Tryptophane,32.8,8.0,10.0,25.0,2.0,0.0408458,4500.0,204.228999999999,260,0.41100000000000003,0.622,0.2924204382401059,0.45,2.38,9.39,-21.0,-1.06,47.0,0.12262379399723596,-0.9999999642347988,20.999999248930774,-1.06,91.0,182.0,Relation between membrane characteristics and performance in nanofiltration
De-DL,NF,Diphenylaminosulfonic acid,32.8,8.0,10.0,25.0,2.0,0.049856,4500.0,249.29,260,0.499,0.5900000000000001,0.32418255056578626,0.45,-1.33,,-21.0,2.39,47.0,0.07817299052904166,-0.9999999999953226,20.999999999901775,-1.9250003264009554,95.0,182.0,Relation between membrane characteristics and performance in nanofiltration
De-DL,NF,Patent Blue,32.8,8.0,10.0,25.0,2.0,0.113332,4500.0,566.677,260,0.8560000000000001,0.858,,0.45,,,-21.0,-1.99,47.0,,-1.0,21.0,-1.99,96.0,182.0,Relation between membrane characteristics and performance in nanofiltration
De-DL,NF,Congo red,32.8,8.0,10.0,25.0,2.0,0.139332,4500.0,696.678,260,0.635,1.421,1.325,0.45,9.0,,-21.0,,47.0,-3.7808641975308634,-2.0,42.0,,96.0,182.0,Relation between membrane characteristics and performance in nanofiltration
De-DL,NF,Methyl Orange,32.8,8.0,10.0,25.0,2.0,0.065466,4500.0,327.341,260,0.381,0.874,0.559408095316251,0.45,,,-21.0,,47.0,-0.059111759608542556,-1.0,21.0,,97.0,182.0,Relation between membrane characteristics and performance in nanofiltration
De-DL,NF,Methylene Blue,32.8,8.0,10.0,25.0,2.0,0.06397,4500.0,319.861,260,0.43600000000000005,0.829,0.3917937815338432,0.45,,,-21.0,,47.0,0.016730685768543068,1.0,-21.0,,100.0,182.0,Relation between membrane characteristics and performance in nanofiltration
De-DL,NF,Janus green,32.8,8.0,10.0,25.0,2.0,0.090992,4500.0,454.965,260,0.587,1.014,,0.45,,,-21.0,,47.0,,1.0,-21.0,,100.0,182.0,Relation between membrane characteristics and performance in nanofiltration
De-DL,NF,Eosin,32.8,8.0,10.0,25.0,2.0,0.1341768,4500.0,691.859,260,0.625,0.693,0.55,0.45,,,-21.0,,47.0,-0.04938271604938276,-2.0,42.0,,100.0,181.0,Relation between membrane characteristics and performance in nanofiltration
De-HL,NF,Diphenylaminosulfonic acid,96.0,8.0,3.0,25.0,2.0,0.049856,4500.0,249.29,310,0.499,0.5900000000000001,0.32418255056578626,0.45,-1.33,,4.0,2.39,46.0,0.07817299052904166,-0.9999532286735305,-3.999812914694122,-1.9247985081321555,74.0,181.0,Relation between membrane characteristics and performance in nanofiltration
De-HL,NF,Congo red,96.0,8.0,3.0,25.0,2.0,0.139332,4500.0,696.678,310,0.635,1.421,1.325,0.45,9.0,,4.0,,46.0,-3.7808641975308634,-2.0,-8.0,,84.0,181.0,Relation between membrane characteristics and performance in nanofiltration
De-HL,NF,Serine,96.0,8.0,3.0,25.0,2.0,0.0210186,4500.0,105.092999999999,300,0.306,0.43,0.17820333436683466,0.45,2.21,9.15,4.0,-3.07,46.0,0.3648070491323787,0.9999905617854518,3.999962247141807,-2.761049835183246,89.0,181.0,Relation between membrane characteristics and performance in nanofiltration
De-HL,NF,Neutral red,96.0,8.0,3.0,25.0,2.0,0.057756,4500.0,288.782,300,0.43899999999999995,0.76,0.65,0.45,,,4.0,3.22,46.0,-0.19753086419753085,1.0,4.0,3.22,90.0,181.0,Relation between membrane characteristics and performance in nanofiltration
De-HL,NF,Isoleucine,96.0,8.0,3.0,25.0,2.0,0.026235,4500.0,131.174999999999,300,0.353,0.514,0.264356489173457,0.45,2.17,9.13,4.0,-1.7,46.0,0.1701901882074311,0.9999892350070191,3.9999569400280763,-1.6037593178272032,92.0,181.0,Relation between membrane characteristics and performance in nanofiltration
De-HL,NF,Patent Blue,96.0,8.0,3.0,25.0,2.0,0.113332,4500.0,566.677,300,0.8560000000000001,0.858,,0.45,,,4.0,-1.99,46.0,,-1.0,-4.0,-1.99,92.0,181.0,Relation between membrane characteristics and performance in nanofiltration
De-HL,NF,Phenylalanine,96.0,8.0,3.0,25.0,2.0,0.0330384,4500.0,165.191999999999,300,0.34500000000000003,0.585,0.272385470173311,0.45,2.2,9.08,4.0,-1.38,46.0,0.1557872652126212,0.9999886721558955,3.999954688623582,-1.3269466311752092,93.0,181.0,Relation between membrane characteristics and performance in nanofiltration
De-HL,NF,Tryptophane,96.0,8.0,3.0,25.0,2.0,0.0408458,4500.0,204.228999999999,300,0.41100000000000003,0.622,0.2924204382401059,0.45,2.38,9.39,4.0,-1.06,46.0,0.12262379399723596,0.9999961961404267,3.9999847845617067,-1.06,95.0,181.0,Relation between membrane characteristics and performance in nanofiltration
De-HL,NF,Methylene Blue,96.0,8.0,3.0,25.0,2.0,0.06397,4500.0,319.861,300,0.43600000000000005,0.829,0.3917937815338432,0.45,,,4.0,,46.0,0.016730685768543068,1.0,4.0,,95.0,181.0,Relation between membrane characteristics and performance in nanofiltration
De-HL,NF,Methyl Orange,96.0,8.0,3.0,25.0,2.0,0.065466,4500.0,327.341,300,0.381,0.874,0.559408095316251,0.45,,,4.0,,46.0,-0.059111759608542556,-1.0,-4.0,,95.0,181.0,Relation between membrane characteristics and performance in nanofiltration
De-HL,NF,Glutamine,96.0,8.0,3.0,25.0,2.0,0.0292292,4500.0,146.146,310,0.34700000000000003,0.523,0.24376499637886045,0.45,2.27,,4.0,-3.64,46.0,0.21003889737585899,-0.8430219644140362,-3.372087857656145,-3.8002218986389855,97.0,181.0,Relation between membrane characteristics and performance in nanofiltration
De-HL,NF,Janus green,96.0,8.0,3.0,25.0,2.0,0.090992,4500.0,454.965,300,0.587,1.014,,0.45,,,4.0,,46.0,,1.0,4.0,,99.0,181.0,Relation between membrane characteristics and performance in nanofiltration
De-HL,NF,Eosin,96.0,8.0,3.0,25.0,2.0,0.1341768,4500.0,691.859,310,0.625,0.693,0.55,0.45,,,4.0,,46.0,-0.04938271604938276,-2.0,-8.0,,100.0,181.0,Relation between membrane characteristics and performance in nanofiltration
De-HL,NF,4-Methyl-3-nitrophenol,91.2,8.0,6.0,25.0,2.0,0.306274,4500.0,153.137,310,0.392,0.449,0.2506959187743933,0.45,8.66,,-13.0,2.1,47.0,0.19615860144781846,-0.0021829857714531367,0.028378815028890777,2.1,0.0,181.0,Relation between membrane characteristics and performance in nanofiltration
De-HL,NF,Benzonitrile,91.2,8.0,6.0,25.0,2.0,0.206248,4500.0,103.123999999999,310,0.1,0.45199999999999996,0.2322023269185876,0.45,14.0,,-13.0,1.56,47.0,0.23425099456631004,0.0,0.0,1.56,5.0,181.0,Relation between membrane characteristics and performance in nanofiltration
De-HL,NF,p-Tolualdehyde,91.2,8.0,6.0,25.0,2.0,0.240302,4500.0,120.150999999999,310,0.33199999999999996,0.489,0.25308895811208665,0.45,14.0,,-13.0,2.26,47.0,0.1914763378636226,0.0,0.0,2.26,6.0,181.0,Relation between membrane characteristics and performance in nanofiltration
De-HL,NF,Benzylalcohol,91.2,8.0,6.0,25.0,2.0,0.21628,4500.0,108.139999999999,310,0.33599999999999997,0.46399999999999997,0.23408068870547413,0.45,15.4,,-13.0,1.1,47.0,0.23022789624643145,-3.9810717039500686e-10,5.175393215135089e-09,1.1,9.0,181.0,Relation between membrane characteristics and performance in nanofiltration
De-HL,NF,4-Chloro-3-nitrobenzaldehyde,91.2,8.0,6.0,25.0,2.0,0.308242,4500.0,185.565999999999,310,0.393,0.5,0.2621239557222039,0.45,14.0,,-13.0,2.18,47.0,0.17430818772085133,0.0,0.0,2.18,14.0,181.0,Relation between membrane characteristics and performance in nanofiltration
De-HL,NF,Benzylideneacetone,91.2,8.0,6.0,25.0,2.0,0.292378,4500.0,146.189,310,0.351,0.599,0.28560748561997984,0.45,14.0,,-13.0,2.07,47.0,0.13345629029227227,0.0,0.0,2.07,17.0,181.0,Relation between membrane characteristics and performance in nanofiltration
De-HL,NF,"3,5-Dihydroxybenzoic acid",91.2,8.0,6.0,25.0,2.0,0.308242,4500.0,154.120999999999,310,0.389,0.481,0.2277471565708836,0.45,3.96,,-13.0,0.86,47.0,0.24393247611025848,-0.9909623162617605,12.882510111402887,-1.3952119544509087,33.0,181.0,Relation between membrane characteristics and performance in nanofiltration
De-HL,NF,Xylose,91.2,8.0,6.0,25.0,2.0,0.30026,4500.0,150.13,310,0.40599999999999997,0.41100000000000003,0.2271758314535358,0.45,12.14,,-13.0,-2.39,47.0,0.24518819796752145,-7.244354352679074e-07,9.417660658482797e-06,-2.39,85.0,181.0,Relation between membrane characteristics and performance in nanofiltration
De-HL,NF,Xylitol,91.2,8.0,6.0,25.0,2.0,0.30026,4500.0,152.146,310,0.337,0.518,0.24637668301140211,0.45,11.3,,-13.0,-2.56,47.0,0.20475286529105693,-5.011847217534286e-06,6.515401382794571e-05,-2.56,85.0,181.0,Relation between membrane characteristics and performance in nanofiltration
De-HL,NF,Raffinose,91.2,8.0,6.0,25.0,2.0,0.240302,4500.0,504.438,310,0.5730000000000001,0.753,0.424151565064248,0.45,12.81,,-13.0,-5.104,47.0,0.0032994646351990307,-1.5488163790292228e-07,2.0134612927379894e-06,-5.104,93.0,181.0,Relation between membrane characteristics and performance in nanofiltration
De-HL,NF,Maltose,91.2,8.0,6.0,25.0,2.0,0.684594,4500.0,342.297,310,0.485,0.651,0.4772552314760964,0.45,12.39,,-13.0,,47.0,-0.0036683834213115814,-4.073801118454884e-07,5.2959414539913495e-06,,94.0,181.0,Relation between membrane characteristics and performance in nanofiltration
De-HL,NF,Neutral red,85.6,8.0,10.0,25.0,2.0,0.057756,4500.0,288.782,260,0.43899999999999995,0.76,0.65,0.45,,,-17.0,3.22,35.0,-0.19753086419753085,0.0,0.0,3.22,79.0,181.0,Relation between membrane characteristics and performance in nanofiltration
De-HL,NF,Glutamine,85.6,8.0,10.0,25.0,2.0,0.0292292,4500.0,146.146,260,0.34700000000000003,0.523,0.24376499637886045,0.45,2.27,,-17.0,-3.64,35.0,0.21003889737585899,-0.999999981379129,16.999999683445193,-3.8300566087467014,87.0,181.0,Relation between membrane characteristics and performance in nanofiltration
De-HL,NF,Serine,85.6,8.0,10.0,25.0,2.0,0.0210186,4500.0,105.092999999999,260,0.306,0.43,0.17820333436683466,0.45,2.21,9.15,-17.0,-3.07,35.0,0.3648070491323787,-0.9999999792001641,16.99999964640279,-3.3789530743560423,89.0,181.0,Relation between membrane characteristics and performance in nanofiltration
De-HL,NF,Janus green,85.6,8.0,10.0,25.0,2.0,0.090992,4500.0,454.965,260,0.587,1.014,,0.45,,,-17.0,,35.0,,1.0,-17.0,,89.0,181.0,Relation between membrane characteristics and performance in nanofiltration
De-HL,NF,Isoleucine,85.6,8.0,10.0,25.0,2.0,0.026235,4500.0,131.174999999999,260,0.353,0.514,0.264356489173457,0.45,2.17,9.13,-17.0,-1.7,35.0,0.1701901882074311,-0.9999999812183917,16.99999968071266,-1.7962417164066435,92.0,181.0,Relation between membrane characteristics and performance in nanofiltration
De-HL,NF,Phenylalanine,85.6,8.0,10.0,25.0,2.0,0.0330384,4500.0,165.191999999999,260,0.34500000000000003,0.585,0.272385470173311,0.45,2.2,9.08,-17.0,-1.38,35.0,0.1557872652126212,-0.999999980340147,16.9999996657825,-1.4330539687688564,95.0,181.0,Relation between membrane characteristics and performance in nanofiltration
De-HL,NF,Tryptophane,85.6,8.0,10.0,25.0,2.0,0.0408458,4500.0,204.228999999999,260,0.41100000000000003,0.622,0.2924204382401059,0.45,2.38,9.39,-17.0,-1.06,35.0,0.12262379399723596,-0.9999999642347988,16.99999939199158,-1.06,96.0,181.0,Relation between membrane characteristics and performance in nanofiltration
De-HL,NF,Congo red,85.6,8.0,10.0,25.0,2.0,0.139332,4500.0,696.678,300,0.635,1.421,1.325,0.45,9.0,,-17.0,,35.0,-3.7808641975308634,-2.0,34.0,,97.0,181.0,Relation between membrane characteristics and performance in nanofiltration
De-HL,NF,Diphenylaminosulfonic acid,85.6,8.0,10.0,25.0,2.0,0.049856,4500.0,249.29,300,0.499,0.5900000000000001,0.32418255056578626,0.45,-1.33,,-17.0,2.39,35.0,0.07817299052904166,-0.9999999999953226,16.999999999920483,-1.9250003264009554,99.0,181.0,Relation between membrane characteristics and performance in nanofiltration
De-HL,NF,Methylene Blue,85.6,8.0,10.0,25.0,2.0,0.06397,4500.0,319.861,260,0.43600000000000005,0.829,0.3917937815338432,0.45,,,-17.0,,35.0,0.016730685768543068,1.0,-17.0,,99.0,181.0,Relation between membrane characteristics and performance in nanofiltration
De-HL,NF,Methyl Orange,85.6,8.0,10.0,25.0,2.0,0.065466,4500.0,327.341,260,0.381,0.874,0.559408095316251,0.45,,,-17.0,,35.0,-0.059111759608542556,-1.0,17.0,,99.0,181.0,Relation between membrane characteristics and performance in nanofiltration
De-HL,NF,Patent Blue,85.6,8.0,10.0,25.0,2.0,0.113332,4500.0,566.677,260,0.8560000000000001,0.858,,0.45,,,-17.0,-1.99,35.0,,-1.0,17.0,-1.99,99.0,181.0,Relation between membrane characteristics and performance in nanofiltration
De-HL,NF,Eosin,85.6,8.0,10.0,25.0,2.0,0.1341768,4500.0,691.859,260,0.625,0.693,0.55,0.45,,,-17.0,,35.0,-0.04938271604938276,-2.0,34.0,,99.0,183.0,Relation between membrane characteristics and performance in nanofiltration
NTR7450,NF,Tryptophane,25.6,8.0,3.0,25.0,2.0,0.0408458,4500.0,204.228999999999,310,0.41100000000000003,0.622,0.2924204382401059,0.69,2.38,9.39,1.0,-1.06,66.0,0.3320090483704882,0.9999961961404267,0.9999961961404267,-1.06,45.0,183.0,Relation between membrane characteristics and performance in nanofiltration
NTR7450,NF,Phenylalanine,25.6,8.0,3.0,25.0,2.0,0.0330384,4500.0,165.191999999999,310,0.34500000000000003,0.585,0.272385470173311,0.69,2.2,9.08,1.0,-1.38,66.0,0.3663135801772033,0.9999886721558955,0.9999886721558955,-1.3269466311752092,46.0,183.0,Relation between membrane characteristics and performance in nanofiltration
NTR7450,NF,Serine,25.6,8.0,3.0,25.0,2.0,0.0210186,4500.0,105.092999999999,310,0.306,0.43,0.17820333436683466,0.69,2.21,9.15,1.0,-3.07,66.0,0.5501697688578576,0.9999905617854518,0.9999905617854518,-2.761049835183246,50.0,183.0,Relation between membrane characteristics and performance in nanofiltration
NTR7450,NF,Glutamine,25.6,8.0,3.0,25.0,2.0,0.0292292,4500.0,146.146,310,0.34700000000000003,0.523,0.24376499637886045,0.69,2.27,,1.0,-3.64,66.0,0.41824339100348334,-0.8430219644140362,-0.8430219644140362,-3.8002218986389855,75.0,183.0,Relation between membrane characteristics and performance in nanofiltration
NTR7450,NF,Isoleucine,25.6,8.0,3.0,25.0,2.0,0.026235,4500.0,131.174999999999,310,0.353,0.514,0.264356489173457,0.69,2.17,9.13,1.0,-1.7,66.0,0.38053433797258024,0.9999892350070191,0.9999892350070191,-1.6037593178272032,76.0,183.0,Relation between membrane characteristics and performance in nanofiltration
NTR7450,NF,Patent Blue,25.6,8.0,3.0,25.0,2.0,0.113332,4500.0,566.677,310,0.8560000000000001,0.858,,0.69,,,1.0,-1.99,66.0,,-1.0,-1.0,-1.99,80.0,183.0,Relation between membrane characteristics and performance in nanofiltration
NTR7450,NF,Methyl Orange,25.6,8.0,3.0,25.0,2.0,0.065466,4500.0,327.341,310,0.381,0.874,0.559408095316251,0.69,,,1.0,,66.0,0.03582072163186173,-1.0,-1.0,,82.0,183.0,Relation between membrane characteristics and performance in nanofiltration
NTR7450,NF,Diphenylaminosulfonic acid,25.6,8.0,3.0,25.0,2.0,0.049856,4500.0,249.29,310,0.499,0.5900000000000001,0.32418255056578626,0.69,-1.33,,1.0,2.39,66.0,0.28108045853928487,-0.9999532286735305,-0.9999532286735305,-1.9247985081321555,83.0,183.0,Relation between membrane characteristics and performance in nanofiltration
NTR7450,NF,Eosin,25.6,8.0,3.0,25.0,2.0,0.1341768,4500.0,691.859,310,0.625,0.693,0.55,0.69,,,1.0,,66.0,0.04116782188615833,-2.0,-2.0,,87.0,183.0,Relation between membrane characteristics and performance in nanofiltration
NTR7450,NF,Neutral red,25.6,8.0,3.0,25.0,2.0,0.057756,4500.0,288.782,310,0.43899999999999995,0.76,0.65,0.69,,,1.0,3.22,66.0,0.0033606385213190417,1.0,1.0,3.22,88.0,183.0,Relation between membrane characteristics and performance in nanofiltration
NTR7450,NF,Methylene Blue,25.6,8.0,3.0,25.0,2.0,0.06397,4500.0,319.861,310,0.43600000000000005,0.829,0.3917937815338432,0.69,,,1.0,,66.0,0.18678208093233606,1.0,1.0,,95.0,183.0,Relation between membrane characteristics and performance in nanofiltration
NTR7450,NF,Congo red,25.6,8.0,3.0,25.0,2.0,0.139332,4500.0,696.678,310,0.635,1.421,1.325,0.69,9.0,,1.0,,66.0,-0.8469334173492965,-2.0,-2.0,,96.0,183.0,Relation between membrane characteristics and performance in nanofiltration
NTR7450,NF,Janus green,25.6,8.0,3.0,25.0,2.0,0.090992,4500.0,454.965,310,0.587,1.014,,0.69,,,1.0,,66.0,,1.0,1.0,,99.0,183.0,Relation between membrane characteristics and performance in nanofiltration
NTR7450,NF,Benzonitrile,45.6,8.0,6.0,25.0,2.0,0.206248,4500.0,103.123999999999,310,0.341,0.45199999999999996,0.2322023269185876,0.69,14.0,,-15.23,1.56,70.0,0.44019892770165026,0.0,0.0,1.56,8.0,183.0,Relation between membrane characteristics and performance in nanofiltration
NTR7450,NF,p-Tolualdehyde,45.6,8.0,6.0,25.0,2.0,0.240302,4500.0,120.150999999999,310,0.33199999999999996,0.489,0.25308895811208665,0.69,14.0,,-15.23,2.26,70.0,0.40094782298588955,0.0,0.0,2.26,8.0,183.0,Relation between membrane characteristics and performance in nanofiltration
NTR7450,NF,4-Chloro-3-nitrobenzaldehyde,45.6,8.0,6.0,25.0,2.0,0.37112,4500.0,185.565999999999,310,0.393,0.5,0.2621239557222039,0.69,14.0,,-15.23,2.18,70.0,0.38453667142788167,0.0,0.0,2.18,8.0,183.0,Relation between membrane characteristics and performance in nanofiltration
NTR7450,NF,4-Methyl-3-nitrophenol,45.6,8.0,6.0,25.0,2.0,0.306274,4500.0,153.137,310,0.392,0.449,0.2506959187743933,0.69,8.66,,-15.23,2.1,70.0,0.40535197601653944,-0.0021829857714531367,0.033246873299231275,2.1,9.0,183.0,Relation between membrane characteristics and performance in nanofiltration
NTR7450,NF,Benzylideneacetone,45.6,8.0,6.0,25.0,2.0,0.292378,4500.0,146.189,310,0.351,0.599,0.28560748561997984,0.69,14.0,,-15.23,2.07,70.0,0.3434852041306338,0.0,0.0,2.07,15.0,183.0,Relation between membrane characteristics and performance in nanofiltration
NTR7450,NF,Xylitol,45.6,8.0,6.0,25.0,2.0,0.304292,4500.0,152.146,310,0.337,0.518,0.24637668301140211,0.69,11.3,,-15.23,-2.56,70.0,0.41336199826919967,-5.011847217534286e-06,7.633043312304718e-05,-2.56,15.0,183.0,Relation between membrane characteristics and performance in nanofiltration
NTR7450,NF,Benzylalcohol,45.6,8.0,6.0,25.0,2.0,0.21628,4500.0,108.139999999999,310,0.33599999999999997,0.46399999999999997,0.23408068870547413,0.69,15.4,,-15.23,1.1,70.0,0.4365940315296675,-3.9810717039500686e-10,6.063172205115955e-09,1.1,17.0,183.0,Relation between membrane characteristics and performance in nanofiltration
NTR7450,NF,"3,5-Dihydroxybenzoic acid",45.6,8.0,6.0,25.0,2.0,0.308242,4500.0,154.120999999999,310,0.389,0.481,0.2277471565708836,0.69,3.96,,-15.23,0.86,70.0,0.44880842524323283,-0.9909623162617605,15.092356076666611,-1.3952119544509087,28.0,183.0,Relation between membrane characteristics and performance in nanofiltration
NTR7450,NF,Xylose,45.6,8.0,6.0,25.0,2.0,0.30026,4500.0,150.13,310,0.40599999999999997,0.41100000000000003,0.2271758314535358,0.69,12.14,,-15.23,-2.39,70.0,0.44991852760076856,-7.244354352679074e-07,1.103315167913023e-05,-2.39,71.0,183.0,Relation between membrane characteristics and performance in nanofiltration
NTR7450,NF,Maltose,45.6,8.0,6.0,25.0,2.0,0.684594,4500.0,342.297,310,0.485,0.651,0.4772552314760964,0.69,12.39,,-15.23,,70.0,0.09506476902812293,-4.073801118454884e-07,6.2043991034067885e-06,,78.0,183.0,Relation between membrane characteristics and performance in nanofiltration
NTR7450,NF,Raffinose,45.6,8.0,6.0,25.0,2.0,1.008876,4500.0,504.438,310,0.5730000000000001,0.753,0.424151565064248,0.69,12.81,,-15.23,-5.104,70.0,0.1484465245910287,-1.5488163790292228e-07,2.3588473452615065e-06,-5.104,90.0,183.0,Relation between membrane characteristics and performance in nanofiltration
NTR7450,NF,Glutamine,39.2,8.0,10.0,25.0,2.0,0.0292292,4500.0,146.146,260,0.34700000000000003,0.523,0.24376499637886045,0.69,2.27,,-19.0,-3.64,71.0,0.41824339100348334,-0.999999981379129,18.999999646203452,-3.8300566087467014,31.0,183.0,Relation between membrane characteristics and performance in nanofiltration
NTR7450,NF,Serine,39.2,8.0,10.0,25.0,2.0,0.0210186,4500.0,105.092999999999,260,0.306,0.43,0.17820333436683466,0.69,2.21,9.15,-19.0,-3.07,71.0,0.5501697688578576,-0.9999999792001641,18.99999960480312,-3.3789530743560423,39.0,183.0,Relation between membrane characteristics and performance in nanofiltration
NTR7450,NF,Isoleucine,39.2,8.0,10.0,25.0,2.0,0.026235,4500.0,131.174999999999,260,0.353,0.514,0.264356489173457,0.69,2.17,9.13,-19.0,-1.7,71.0,0.38053433797258024,-0.9999999812183917,18.999999643149444,-1.7962417164066435,39.0,183.0,Relation between membrane characteristics and performance in nanofiltration
NTR7450,NF,Neutral red,39.2,8.0,10.0,25.0,2.0,0.057756,4500.0,288.782,260,0.43899999999999995,0.76,0.65,0.69,,,-19.0,3.22,71.0,0.0033606385213190417,0.0,0.0,3.22,76.0,183.0,Relation between membrane characteristics and performance in nanofiltration
NTR7450,NF,Phenylalanine,39.2,8.0,10.0,25.0,2.0,0.0330384,4500.0,165.191999999999,260,0.34500000000000003,0.585,0.272385470173311,0.69,2.2,9.08,-19.0,-1.38,71.0,0.3663135801772033,-0.999999980340147,18.999999626462795,-1.4330539687688564,91.0,183.0,Relation between membrane characteristics and performance in nanofiltration
NTR7450,NF,Tryptophane,39.2,8.0,10.0,25.0,2.0,0.0408458,4500.0,204.228999999999,260,0.41100000000000003,0.622,0.2924204382401059,0.69,2.38,9.39,-19.0,-1.06,71.0,0.3320090483704882,-0.9999999642347988,18.999999320461175,-1.06,91.0,183.0,Relation between membrane characteristics and performance in nanofiltration
NTR7450,NF,Methylene Blue,39.2,8.0,10.0,25.0,2.0,0.06397,4500.0,319.861,260,0.43600000000000005,0.829,0.3917937815338432,0.69,,,-19.0,,71.0,0.18678208093233606,1.0,-19.0,,96.0,183.0,Relation between membrane characteristics and performance in nanofiltration
NTR7450,NF,Patent Blue,39.2,8.0,10.0,25.0,2.0,0.113332,4500.0,566.677,260,0.8560000000000001,0.858,,0.69,,,-19.0,-1.99,71.0,,-1.0,19.0,-1.99,96.0,183.0,Relation between membrane characteristics and performance in nanofiltration
NTR7450,NF,Diphenylaminosulfonic acid,39.2,8.0,10.0,25.0,2.0,0.049856,4500.0,249.29,260,0.499,0.5900000000000001,0.32418255056578626,0.69,-1.33,,-19.0,2.39,71.0,0.28108045853928487,-0.9999999999953226,18.99999999991113,-1.9250003264009554,97.0,183.0,Relation between membrane characteristics and performance in nanofiltration
NTR7450,NF,Janus green,39.2,8.0,10.0,25.0,2.0,0.090992,4500.0,454.965,260,0.587,1.014,,0.69,,,-19.0,,71.0,,1.0,-19.0,,97.0,183.0,Relation between membrane characteristics and performance in nanofiltration
NTR7450,NF,Congo red,39.2,8.0,10.0,25.0,2.0,0.139332,4500.0,696.678,260,0.635,1.421,1.325,0.69,9.0,,-19.0,,71.0,-0.8469334173492965,-2.0,38.0,,97.0,183.0,Relation between membrane characteristics and performance in nanofiltration
NTR7450,NF,Methyl Orange,39.2,8.0,10.0,25.0,2.0,0.065466,4500.0,327.341,260,0.381,0.874,0.559408095316251,0.69,,,-19.0,,71.0,0.03582072163186173,-1.0,19.0,,99.0,183.0,Relation between membrane characteristics and performance in nanofiltration
NTR7450,NF,Eosin,39.2,8.0,10.0,25.0,2.0,0.1341768,4500.0,691.859,260,0.625,0.693,0.55,0.69,,,-19.0,,71.0,0.04116782188615833,-2.0,38.0,,100.0,184.0,Relation between membrane characteristics and performance in nanofiltration
CPA3,RO,Dexamethasone,27.79,10.0,7.0,25.0,2.0,15.0,,392.467,96,0.48600000000000004,0.743,0.4409415966246648,,12.13,,-15.0,1.83,73.0,,-7.413047459329147e-06,0.00011119571188993721,1.83,96.3,184.0,Removal of Glucocorticosteroids and Anesthetics from Water with RO/NF Membranes
CPA3,RO,Dexamethasone,27.79,10.0,7.0,25.0,4.0,15.0,,392.467,96,0.48600000000000004,0.743,0.4409415966246648,,12.13,,-15.0,1.83,73.0,,-7.413047459329147e-06,0.00011119571188993721,1.83,96.6,184.0,Removal of Glucocorticosteroids and Anesthetics from Water with RO/NF Membranes
CPA3,RO,Dexamethasone,27.79,10.0,7.0,25.0,12.0,15.0,,392.467,96,0.48600000000000004,0.743,0.4409415966246648,,12.13,,-15.0,1.83,73.0,,-7.413047459329147e-06,0.00011119571188993721,1.83,96.7,184.0,Removal of Glucocorticosteroids and Anesthetics from Water with RO/NF Membranes
CPA3,RO,Dexamethasone,27.79,10.0,7.0,25.0,6.0,15.0,,392.467,96,0.48600000000000004,0.743,0.4409415966246648,,12.13,,-15.0,1.83,73.0,,-7.413047459329147e-06,0.00011119571188993721,1.83,96.8,184.0,Removal of Glucocorticosteroids and Anesthetics from Water with RO/NF Membranes
CPA3,RO,Dexamethasone,27.79,10.0,7.0,25.0,8.0,15.0,,392.467,96,0.48600000000000004,0.743,0.4409415966246648,,12.13,,-15.0,1.83,73.0,,-7.413047459329147e-06,0.00011119571188993721,1.83,96.8,184.0,Removal of Glucocorticosteroids and Anesthetics from Water with RO/NF Membranes
CPA3,RO,Dexamethasone,27.79,10.0,7.0,25.0,24.0,15.0,,392.467,96,0.48600000000000004,0.743,0.4409415966246648,,12.13,,-15.0,1.83,73.0,,-7.413047459329147e-06,0.00011119571188993721,1.83,97.1,184.0,Removal of Glucocorticosteroids and Anesthetics from Water with RO/NF Membranes
CPA3,RO,Dexamethasone,27.79,10.0,7.0,25.0,0.5,15.0,,392.467,96,0.48600000000000004,0.743,0.4409415966246648,,12.13,,-15.0,1.83,73.0,,-7.413047459329147e-06,0.00011119571188993721,1.83,98.2,185.0,Removal of Glucocorticosteroids and Anesthetics from Water with RO/NF Membranes
CPA3,RO,Hydrocortisone,27.79,10.0,7.0,25.0,2.0,15.0,,362.466,96,0.445,0.753,0.40581405595270564,,12.58,,-15.0,1.61,73.0,,-2.630261073603865e-06,3.945391610405797e-05,1.61,92.2,185.0,Removal of Glucocorticosteroids and Anesthetics from Water with RO/NF Membranes
CPA3,RO,Hydrocortisone,27.79,10.0,7.0,25.0,6.0,15.0,,362.466,96,0.445,0.753,0.40581405595270564,,12.58,,-15.0,1.61,73.0,,-2.630261073603865e-06,3.945391610405797e-05,1.61,93.6,185.0,Removal of Glucocorticosteroids and Anesthetics from Water with RO/NF Membranes
CPA3,RO,Hydrocortisone,27.79,10.0,7.0,25.0,4.0,15.0,,362.466,96,0.445,0.753,0.40581405595270564,,12.58,,-15.0,1.61,73.0,,-2.630261073603865e-06,3.945391610405797e-05,1.61,93.9,185.0,Removal of Glucocorticosteroids and Anesthetics from Water with RO/NF Membranes
CPA3,RO,Hydrocortisone,27.79,10.0,7.0,25.0,8.0,15.0,,362.466,96,0.445,0.753,0.40581405595270564,,12.58,,-15.0,1.61,73.0,,-2.630261073603865e-06,3.945391610405797e-05,1.61,94.0,185.0,Removal of Glucocorticosteroids and Anesthetics from Water with RO/NF Membranes
CPA3,RO,Hydrocortisone,27.79,10.0,7.0,25.0,24.0,15.0,,362.466,96,0.445,0.753,0.40581405595270564,,12.58,,-15.0,1.61,73.0,,-2.630261073603865e-06,3.945391610405797e-05,1.61,94.5,185.0,Removal of Glucocorticosteroids and Anesthetics from Water with RO/NF Membranes
CPA3,RO,Hydrocortisone,27.79,10.0,7.0,25.0,12.0,15.0,,362.466,96,0.445,0.753,0.40581405595270564,,12.58,,-15.0,1.61,73.0,,-2.630261073603865e-06,3.945391610405797e-05,1.61,94.6,185.0,Removal of Glucocorticosteroids and Anesthetics from Water with RO/NF Membranes
CPA3,RO,Hydrocortisone,27.79,10.0,7.0,25.0,0.5,15.0,,362.466,96,0.445,0.753,0.40581405595270564,,12.58,,-15.0,1.61,73.0,,-2.630261073603865e-06,3.945391610405797e-05,1.61,95.8,186.0,Removal of Glucocorticosteroids and Anesthetics from Water with RO/NF Membranes
CPA3,RO,Lidocaine,27.79,10.0,7.0,25.0,24.0,15.0,,234.343,96,0.45099999999999996,0.675,0.3764144754956523,,14.23,7.928,-15.0,2.44,73.0,,0.8944287193736347,-13.41643079060452,2.44,77.2,186.0,Removal of Glucocorticosteroids and Anesthetics from Water with RO/NF Membranes
CPA3,RO,Lidocaine,27.79,10.0,7.0,25.0,4.0,15.0,,234.343,96,0.45099999999999996,0.675,0.3764144754956523,,14.23,7.928,-15.0,2.44,73.0,,0.8944287193736347,-13.41643079060452,2.44,81.8,186.0,Removal of Glucocorticosteroids and Anesthetics from Water with RO/NF Membranes
CPA3,RO,Lidocaine,27.79,10.0,7.0,25.0,12.0,15.0,,234.343,96,0.45099999999999996,0.675,0.3764144754956523,,14.23,7.928,-15.0,2.44,73.0,,0.8944287193736347,-13.41643079060452,2.44,82.5,186.0,Removal of Glucocorticosteroids and Anesthetics from Water with RO/NF Membranes
CPA3,RO,Lidocaine,27.79,10.0,7.0,25.0,6.0,15.0,,234.343,96,0.45099999999999996,0.675,0.3764144754956523,,14.23,7.928,-15.0,2.44,73.0,,0.8944287193736347,-13.41643079060452,2.44,82.9,186.0,Removal of Glucocorticosteroids and Anesthetics from Water with RO/NF Membranes
CPA3,RO,Lidocaine,27.79,10.0,7.0,25.0,8.0,15.0,,234.343,96,0.45099999999999996,0.675,0.3764144754956523,,14.23,7.928,-15.0,2.44,73.0,,0.8944287193736347,-13.41643079060452,2.44,84.0,186.0,Removal of Glucocorticosteroids and Anesthetics from Water with RO/NF Membranes
CPA3,RO,Lidocaine,27.79,10.0,7.0,25.0,2.0,15.0,,234.343,96,0.45099999999999996,0.675,0.3764144754956523,,14.23,7.928,-15.0,2.44,73.0,,0.8944287193736347,-13.41643079060452,2.44,86.8,186.0,Removal of Glucocorticosteroids and Anesthetics from Water with RO/NF Membranes
CPA3,RO,Lidocaine,27.79,10.0,7.0,25.0,0.5,15.0,,234.343,96,0.45099999999999996,0.675,0.3764144754956523,,14.23,7.928,-15.0,2.44,73.0,,0.8944287193736347,-13.41643079060452,2.44,98.8,187.0,Removal of Glucocorticosteroids and Anesthetics from Water with RO/NF Membranes
CPA3,RO,Procaine,27.79,10.0,7.0,25.0,8.0,15.0,,236.315,96,0.43099999999999994,0.8039999999999999,0.3496445781501531,,,9.04,-15.0,2.14,73.0,,0.9909623162617605,-14.864434743926406,0.6456806777873878,86.0,187.0,Removal of Glucocorticosteroids and Anesthetics from Water with RO/NF Membranes
CPA3,RO,Procaine,27.79,10.0,7.0,25.0,12.0,15.0,,236.315,96,0.43099999999999994,0.8039999999999999,0.3496445781501531,,,9.04,-15.0,2.14,73.0,,0.9909623162617605,-14.864434743926406,0.6456806777873878,88.3,187.0,Removal of Glucocorticosteroids and Anesthetics from Water with RO/NF Membranes
CPA3,RO,Procaine,27.79,10.0,7.0,25.0,6.0,15.0,,236.315,96,0.43099999999999994,0.8039999999999999,0.3496445781501531,,,9.04,-15.0,2.14,73.0,,0.9909623162617605,-14.864434743926406,0.6456806777873878,89.0,187.0,Removal of Glucocorticosteroids and Anesthetics from Water with RO/NF Membranes
CPA3,RO,Procaine,27.79,10.0,7.0,25.0,4.0,15.0,,236.315,96,0.43099999999999994,0.8039999999999999,0.3496445781501531,,,9.04,-15.0,2.14,73.0,,0.9909623162617605,-14.864434743926406,0.6456806777873878,90.4,187.0,Removal of Glucocorticosteroids and Anesthetics from Water with RO/NF Membranes
CPA3,RO,Procaine,27.79,10.0,7.0,25.0,24.0,15.0,,236.315,96,0.43099999999999994,0.8039999999999999,0.3496445781501531,,,9.04,-15.0,2.14,73.0,,0.9909623162617605,-14.864434743926406,0.6456806777873878,91.6,187.0,Removal of Glucocorticosteroids and Anesthetics from Water with RO/NF Membranes
CPA3,RO,Procaine,27.79,10.0,7.0,25.0,2.0,15.0,,236.315,96,0.43099999999999994,0.8039999999999999,0.3496445781501531,,,9.04,-15.0,2.14,73.0,,0.9909623162617605,-14.864434743926406,0.6456806777873878,93.2,187.0,Removal of Glucocorticosteroids and Anesthetics from Water with RO/NF Membranes
CPA3,RO,Procaine,27.79,10.0,7.0,25.0,0.5,15.0,,236.315,96,0.43099999999999994,0.8039999999999999,0.3496445781501531,,,9.04,-15.0,2.14,73.0,,0.9909623162617605,-14.864434743926406,0.6456806777873878,99.6,188.0,Removal of Glucocorticosteroids and Anesthetics from Water with RO/NF Membranes
LFC1,RO,Dexamethasone,24.3,10.0,7.0,25.0,2.0,15.0,,392.467,100,0.48600000000000004,0.743,0.4409415966246648,,12.13,,-3.2,1.83,78.0,,-7.413047459329147e-06,2.372175186985327e-05,1.83,99.7,188.0,Removal of Glucocorticosteroids and Anesthetics from Water with RO/NF Membranes
LFC1,RO,Dexamethasone,24.3,10.0,7.0,25.0,6.0,15.0,,392.467,100,0.48600000000000004,0.743,0.4409415966246648,,12.13,,-3.2,1.83,78.0,,-7.413047459329147e-06,2.372175186985327e-05,1.83,99.7,188.0,Removal of Glucocorticosteroids and Anesthetics from Water with RO/NF Membranes
LFC1,RO,Dexamethasone,24.3,10.0,7.0,25.0,12.0,15.0,,392.467,100,0.48600000000000004,0.743,0.4409415966246648,,12.13,,-3.2,1.83,78.0,,-7.413047459329147e-06,2.372175186985327e-05,1.83,99.7,188.0,Removal of Glucocorticosteroids and Anesthetics from Water with RO/NF Membranes
LFC1,RO,Dexamethasone,24.3,10.0,7.0,25.0,0.5,15.0,,392.467,100,0.48600000000000004,0.743,0.4409415966246648,,12.13,,-3.2,1.83,78.0,,-7.413047459329147e-06,2.372175186985327e-05,1.83,99.8,188.0,Removal of Glucocorticosteroids and Anesthetics from Water with RO/NF Membranes
LFC1,RO,Dexamethasone,24.3,10.0,7.0,25.0,4.0,15.0,,392.467,100,0.48600000000000004,0.743,0.4409415966246648,,12.13,,-3.2,1.83,78.0,,-7.413047459329147e-06,2.372175186985327e-05,1.83,99.8,188.0,Removal of Glucocorticosteroids and Anesthetics from Water with RO/NF Membranes
LFC1,RO,Dexamethasone,24.3,10.0,7.0,25.0,8.0,15.0,,392.467,100,0.48600000000000004,0.743,0.4409415966246648,,12.13,,-3.2,1.83,78.0,,-7.413047459329147e-06,2.372175186985327e-05,1.83,99.8,188.0,Removal of Glucocorticosteroids and Anesthetics from Water with RO/NF Membranes
LFC1,RO,Dexamethasone,24.3,10.0,7.0,25.0,24.0,15.0,,392.467,100,0.48600000000000004,0.743,0.4409415966246648,,12.13,,-3.2,1.83,78.0,,-7.413047459329147e-06,2.372175186985327e-05,1.83,99.8,189.0,Removal of Glucocorticosteroids and Anesthetics from Water with RO/NF Membranes
LFC1,RO,Hydrocortisone,24.3,10.0,7.0,25.0,12.0,15.0,,362.466,100,0.445,0.753,0.40581405595270564,,12.58,,-3.2,1.61,78.0,,-2.630261073603865e-06,8.416835435532367e-06,1.61,99.4,189.0,Removal of Glucocorticosteroids and Anesthetics from Water with RO/NF Membranes
LFC1,RO,Hydrocortisone,24.3,10.0,7.0,25.0,2.0,15.0,,362.466,100,0.445,0.753,0.40581405595270564,,12.58,,-3.2,1.61,78.0,,-2.630261073603865e-06,8.416835435532367e-06,1.61,99.5,189.0,Removal of Glucocorticosteroids and Anesthetics from Water with RO/NF Membranes
LFC1,RO,Hydrocortisone,24.3,10.0,7.0,25.0,6.0,15.0,,362.466,100,0.445,0.753,0.40581405595270564,,12.58,,-3.2,1.61,78.0,,-2.630261073603865e-06,8.416835435532367e-06,1.61,99.5,189.0,Removal of Glucocorticosteroids and Anesthetics from Water with RO/NF Membranes
LFC1,RO,Hydrocortisone,24.3,10.0,7.0,25.0,8.0,15.0,,362.466,100,0.445,0.753,0.40581405595270564,,12.58,,-3.2,1.61,78.0,,-2.630261073603865e-06,8.416835435532367e-06,1.61,99.5,189.0,Removal of Glucocorticosteroids and Anesthetics from Water with RO/NF Membranes
LFC1,RO,Hydrocortisone,24.3,10.0,7.0,25.0,0.5,15.0,,362.466,100,0.445,0.753,0.40581405595270564,,12.58,,-3.2,1.61,78.0,,-2.630261073603865e-06,8.416835435532367e-06,1.61,99.6,189.0,Removal of Glucocorticosteroids and Anesthetics from Water with RO/NF Membranes
LFC1,RO,Hydrocortisone,24.3,10.0,7.0,25.0,4.0,15.0,,362.466,100,0.445,0.753,0.40581405595270564,,12.58,,-3.2,1.61,78.0,,-2.630261073603865e-06,8.416835435532367e-06,1.61,99.6,189.0,Removal of Glucocorticosteroids and Anesthetics from Water with RO/NF Membranes
LFC1,RO,Hydrocortisone,24.3,10.0,7.0,25.0,24.0,15.0,,362.466,100,0.445,0.753,0.40581405595270564,,12.58,,-3.2,1.61,78.0,,-2.630261073603865e-06,8.416835435532367e-06,1.61,99.7,190.0,Removal of Glucocorticosteroids and Anesthetics from Water with RO/NF Membranes
LFC1,RO,Lidocaine,24.3,10.0,7.0,25.0,0.5,15.0,,234.343,100,0.45099999999999996,0.675,0.3764144754956523,,14.23,7.928,-3.2,2.44,78.0,,0.8944287193736347,-2.862171901995631,2.44,100.0,190.0,Removal of Glucocorticosteroids and Anesthetics from Water with RO/NF Membranes
LFC1,RO,Lidocaine,24.3,10.0,7.0,25.0,2.0,15.0,,234.343,100,0.45099999999999996,0.675,0.3764144754956523,,14.23,7.928,-3.2,2.44,78.0,,0.8944287193736347,-2.862171901995631,2.44,100.0,190.0,Removal of Glucocorticosteroids and Anesthetics from Water with RO/NF Membranes
LFC1,RO,Lidocaine,24.3,10.0,7.0,25.0,4.0,15.0,,234.343,100,0.45099999999999996,0.675,0.3764144754956523,,14.23,7.928,-3.2,2.44,78.0,,0.8944287193736347,-2.862171901995631,2.44,100.0,190.0,Removal of Glucocorticosteroids and Anesthetics from Water with RO/NF Membranes
LFC1,RO,Lidocaine,24.3,10.0,7.0,25.0,6.0,15.0,,234.343,100,0.45099999999999996,0.675,0.3764144754956523,,14.23,7.928,-3.2,2.44,78.0,,0.8944287193736347,-2.862171901995631,2.44,100.0,190.0,Removal of Glucocorticosteroids and Anesthetics from Water with RO/NF Membranes
LFC1,RO,Lidocaine,24.3,10.0,7.0,25.0,8.0,15.0,,234.343,100,0.45099999999999996,0.675,0.3764144754956523,,14.23,7.928,-3.2,2.44,78.0,,0.8944287193736347,-2.862171901995631,2.44,100.0,190.0,Removal of Glucocorticosteroids and Anesthetics from Water with RO/NF Membranes
LFC1,RO,Lidocaine,24.3,10.0,7.0,25.0,12.0,15.0,,234.343,100,0.45099999999999996,0.675,0.3764144754956523,,14.23,7.928,-3.2,2.44,78.0,,0.8944287193736347,-2.862171901995631,2.44,100.0,190.0,Removal of Glucocorticosteroids and Anesthetics from Water with RO/NF Membranes
LFC1,RO,Lidocaine,24.3,10.0,7.0,25.0,24.0,15.0,,234.343,100,0.45099999999999996,0.675,0.3764144754956523,,14.23,7.928,-3.2,2.44,78.0,,0.8944287193736347,-2.862171901995631,2.44,100.0,191.0,Removal of Glucocorticosteroids and Anesthetics from Water with RO/NF Membranes
LFC1,RO,Procaine,24.3,10.0,7.0,25.0,6.0,15.0,,236.315,100,0.43099999999999994,0.8039999999999999,0.3496445781501531,,,9.04,-3.2,2.14,78.0,,0.9909623162617605,-3.1710794120376335,0.6456806777873878,99.3,191.0,Removal of Glucocorticosteroids and Anesthetics from Water with RO/NF Membranes
LFC1,RO,Procaine,24.3,10.0,7.0,25.0,2.0,15.0,,236.315,100,0.43099999999999994,0.8039999999999999,0.3496445781501531,,,9.04,-3.2,2.14,78.0,,0.9909623162617605,-3.1710794120376335,0.6456806777873878,99.4,191.0,Removal of Glucocorticosteroids and Anesthetics from Water with RO/NF Membranes
LFC1,RO,Procaine,24.3,10.0,7.0,25.0,4.0,15.0,,236.315,100,0.43099999999999994,0.8039999999999999,0.3496445781501531,,,9.04,-3.2,2.14,78.0,,0.9909623162617605,-3.1710794120376335,0.6456806777873878,99.4,191.0,Removal of Glucocorticosteroids and Anesthetics from Water with RO/NF Membranes
LFC1,RO,Procaine,24.3,10.0,7.0,25.0,8.0,15.0,,236.315,100,0.43099999999999994,0.8039999999999999,0.3496445781501531,,,9.04,-3.2,2.14,78.0,,0.9909623162617605,-3.1710794120376335,0.6456806777873878,99.4,191.0,Removal of Glucocorticosteroids and Anesthetics from Water with RO/NF Membranes
LFC1,RO,Procaine,24.3,10.0,7.0,25.0,12.0,15.0,,236.315,100,0.43099999999999994,0.8039999999999999,0.3496445781501531,,,9.04,-3.2,2.14,78.0,,0.9909623162617605,-3.1710794120376335,0.6456806777873878,99.4,191.0,Removal of Glucocorticosteroids and Anesthetics from Water with RO/NF Membranes
LFC1,RO,Procaine,24.3,10.0,7.0,25.0,24.0,15.0,,236.315,100,0.43099999999999994,0.8039999999999999,0.3496445781501531,,,9.04,-3.2,2.14,78.0,,0.9909623162617605,-3.1710794120376335,0.6456806777873878,99.4,191.0,Removal of Glucocorticosteroids and Anesthetics from Water with RO/NF Membranes
LFC1,RO,Procaine,24.3,10.0,7.0,25.0,0.5,15.0,,236.315,100,0.43099999999999994,0.8039999999999999,0.3496445781501531,,,9.04,-3.2,2.14,78.0,,0.9909623162617605,-3.1710794120376335,0.6456806777873878,100.0,192.0,Removal of Glucocorticosteroids and Anesthetics from Water with RO/NF Membranes
NF270,NF,Dexamethasone,145.11,10.0,7.0,25.0,2.0,15.0,,392.467,180,0.48600000000000004,0.743,0.4409415966246648,0.42,12.13,,-42.7,1.83,73.16,-0.0024861137709193426,-7.413047459329147e-06,0.0003165371265133546,1.83,99.0,192.0,Removal of Glucocorticosteroids and Anesthetics from Water with RO/NF Membranes
NF270,NF,Dexamethasone,145.11,10.0,7.0,25.0,4.0,15.0,,392.467,180,0.48600000000000004,0.743,0.4409415966246648,0.42,12.13,,-42.7,1.83,73.16,-0.0024861137709193426,-7.413047459329147e-06,0.0003165371265133546,1.83,99.0,192.0,Removal of Glucocorticosteroids and Anesthetics from Water with RO/NF Membranes
NF270,NF,Dexamethasone,145.11,10.0,7.0,25.0,8.0,15.0,,392.467,180,0.48600000000000004,0.743,0.4409415966246648,0.42,12.13,,-42.7,1.83,73.16,-0.0024861137709193426,-7.413047459329147e-06,0.0003165371265133546,1.83,99.0,192.0,Removal of Glucocorticosteroids and Anesthetics from Water with RO/NF Membranes
NF270,NF,Dexamethasone,145.11,10.0,7.0,25.0,0.5,15.0,,392.467,180,0.48600000000000004,0.743,0.4409415966246648,0.42,12.13,,-42.7,1.83,73.16,-0.0024861137709193426,-7.413047459329147e-06,0.0003165371265133546,1.83,99.1,192.0,Removal of Glucocorticosteroids and Anesthetics from Water with RO/NF Membranes
NF270,NF,Dexamethasone,145.11,10.0,7.0,25.0,6.0,15.0,,392.467,180,0.48600000000000004,0.743,0.4409415966246648,0.42,12.13,,-42.7,1.83,73.16,-0.0024861137709193426,-7.413047459329147e-06,0.0003165371265133546,1.83,99.1,192.0,Removal of Glucocorticosteroids and Anesthetics from Water with RO/NF Membranes
NF270,NF,Dexamethasone,145.11,10.0,7.0,25.0,24.0,15.0,,392.467,180,0.48600000000000004,0.743,0.4409415966246648,0.42,12.13,,-42.7,1.83,73.16,-0.0024861137709193426,-7.413047459329147e-06,0.0003165371265133546,1.83,99.1,192.0,Removal of Glucocorticosteroids and Anesthetics from Water with RO/NF Membranes
NF270,NF,Dexamethasone,145.11,10.0,7.0,25.0,12.0,15.0,,392.467,180,0.48600000000000004,0.743,0.4409415966246648,0.42,12.13,,-42.7,1.83,73.16,-0.0024861137709193426,-7.413047459329147e-06,0.0003165371265133546,1.83,99.2,193.0,Removal of Glucocorticosteroids and Anesthetics from Water with RO/NF Membranes
NF270,NF,Hydrocortisone,145.11,10.0,7.0,25.0,0.5,15.0,,362.466,180,0.445,0.753,0.40581405595270564,0.42,12.58,,-42.7,1.61,73.16,0.0011408220437242966,-2.630261073603865e-06,0.00011231214784288503,1.61,94.8,193.0,Removal of Glucocorticosteroids and Anesthetics from Water with RO/NF Membranes
NF270,NF,Hydrocortisone,145.11,10.0,7.0,25.0,2.0,15.0,,362.466,180,0.445,0.753,0.40581405595270564,0.42,12.58,,-42.7,1.61,73.16,0.0011408220437242966,-2.630261073603865e-06,0.00011231214784288503,1.61,94.9,193.0,Removal of Glucocorticosteroids and Anesthetics from Water with RO/NF Membranes
NF270,NF,Hydrocortisone,145.11,10.0,7.0,25.0,6.0,15.0,,362.466,180,0.445,0.753,0.40581405595270564,0.42,12.58,,-42.7,1.61,73.16,0.0011408220437242966,-2.630261073603865e-06,0.00011231214784288503,1.61,95.1,193.0,Removal of Glucocorticosteroids and Anesthetics from Water with RO/NF Membranes
NF270,NF,Hydrocortisone,145.11,10.0,7.0,25.0,4.0,15.0,,362.466,180,0.445,0.753,0.40581405595270564,0.42,12.58,,-42.7,1.61,73.16,0.0011408220437242966,-2.630261073603865e-06,0.00011231214784288503,1.61,95.2,193.0,Removal of Glucocorticosteroids and Anesthetics from Water with RO/NF Membranes
NF270,NF,Hydrocortisone,145.11,10.0,7.0,25.0,8.0,15.0,,362.466,180,0.445,0.753,0.40581405595270564,0.42,12.58,,-42.7,1.61,73.16,0.0011408220437242966,-2.630261073603865e-06,0.00011231214784288503,1.61,95.2,193.0,Removal of Glucocorticosteroids and Anesthetics from Water with RO/NF Membranes
NF270,NF,Hydrocortisone,145.11,10.0,7.0,25.0,12.0,15.0,,362.466,180,0.445,0.753,0.40581405595270564,0.42,12.58,,-42.7,1.61,73.16,0.0011408220437242966,-2.630261073603865e-06,0.00011231214784288503,1.61,95.6,193.0,Removal of Glucocorticosteroids and Anesthetics from Water with RO/NF Membranes
NF270,NF,Hydrocortisone,145.11,10.0,7.0,25.0,24.0,15.0,,362.466,180,0.445,0.753,0.40581405595270564,0.42,12.58,,-42.7,1.61,73.16,0.0011408220437242966,-2.630261073603865e-06,0.00011231214784288503,1.61,95.7,194.0,Removal of Glucocorticosteroids and Anesthetics from Water with RO/NF Membranes
NF270,NF,Lidocaine,145.11,10.0,7.0,25.0,4.0,15.0,,234.343,180,0.45099999999999996,0.675,0.3764144754956523,0.42,14.23,7.928,-42.7,2.44,73.16,0.010769262734235214,0.8944287193736347,-38.1921063172542,2.44,55.3,194.0,Removal of Glucocorticosteroids and Anesthetics from Water with RO/NF Membranes
NF270,NF,Lidocaine,145.11,10.0,7.0,25.0,6.0,15.0,,234.343,180,0.45099999999999996,0.675,0.3764144754956523,0.42,14.23,7.928,-42.7,2.44,73.16,0.010769262734235214,0.8944287193736347,-38.1921063172542,2.44,56.6,194.0,Removal of Glucocorticosteroids and Anesthetics from Water with RO/NF Membranes
NF270,NF,Lidocaine,145.11,10.0,7.0,25.0,2.0,15.0,,234.343,180,0.45099999999999996,0.675,0.3764144754956523,0.42,14.23,7.928,-42.7,2.44,73.16,0.010769262734235214,0.8944287193736347,-38.1921063172542,2.44,56.8,194.0,Removal of Glucocorticosteroids and Anesthetics from Water with RO/NF Membranes
NF270,NF,Lidocaine,145.11,10.0,7.0,25.0,8.0,15.0,,234.343,180,0.45099999999999996,0.675,0.3764144754956523,0.42,14.23,7.928,-42.7,2.44,73.16,0.010769262734235214,0.8944287193736347,-38.1921063172542,2.44,59.0,194.0,Removal of Glucocorticosteroids and Anesthetics from Water with RO/NF Membranes
NF270,NF,Lidocaine,145.11,10.0,7.0,25.0,0.5,15.0,,234.343,180,0.45099999999999996,0.675,0.3764144754956523,0.42,14.23,7.928,-42.7,2.44,73.16,0.010769262734235214,0.8944287193736347,-38.1921063172542,2.44,60.8,194.0,Removal of Glucocorticosteroids and Anesthetics from Water with RO/NF Membranes
NF270,NF,Lidocaine,145.11,10.0,7.0,25.0,24.0,15.0,,234.343,180,0.45099999999999996,0.675,0.3764144754956523,0.42,14.23,7.928,-42.7,2.44,73.16,0.010769262734235214,0.8944287193736347,-38.1921063172542,2.44,61.6,194.0,Removal of Glucocorticosteroids and Anesthetics from Water with RO/NF Membranes
NF270,NF,Lidocaine,145.11,10.0,7.0,25.0,12.0,15.0,,234.343,180,0.45099999999999996,0.675,0.3764144754956523,0.42,14.23,7.928,-42.7,2.44,73.16,0.010769262734235214,0.8944287193736347,-38.1921063172542,2.44,63.0,195.0,Removal of Glucocorticosteroids and Anesthetics from Water with RO/NF Membranes
NF270,NF,Procaine,145.11,10.0,7.0,25.0,24.0,15.0,,236.315,180,0.43099999999999994,0.8039999999999999,0.3496445781501531,0.42,,9.04,-42.7,2.14,73.16,0.028060574737357787,0.9909623162617605,-42.314090904377174,0.6456806777873878,43.2,195.0,Removal of Glucocorticosteroids and Anesthetics from Water with RO/NF Membranes
NF270,NF,Procaine,145.11,10.0,7.0,25.0,8.0,15.0,,236.315,180,0.43099999999999994,0.8039999999999999,0.3496445781501531,0.42,,9.04,-42.7,2.14,73.16,0.028060574737357787,0.9909623162617605,-42.314090904377174,0.6456806777873878,44.9,195.0,Removal of Glucocorticosteroids and Anesthetics from Water with RO/NF Membranes
NF270,NF,Procaine,145.11,10.0,7.0,25.0,12.0,15.0,,236.315,180,0.43099999999999994,0.8039999999999999,0.3496445781501531,0.42,,9.04,-42.7,2.14,73.16,0.028060574737357787,0.9909623162617605,-42.314090904377174,0.6456806777873878,47.3,195.0,Removal of Glucocorticosteroids and Anesthetics from Water with RO/NF Membranes
NF270,NF,Procaine,145.11,10.0,7.0,25.0,6.0,15.0,,236.315,180,0.43099999999999994,0.8039999999999999,0.3496445781501531,0.42,,9.04,-42.7,2.14,73.16,0.028060574737357787,0.9909623162617605,-42.314090904377174,0.6456806777873878,48.7,195.0,Removal of Glucocorticosteroids and Anesthetics from Water with RO/NF Membranes
NF270,NF,Procaine,145.11,10.0,7.0,25.0,4.0,15.0,,236.315,180,0.43099999999999994,0.8039999999999999,0.3496445781501531,0.42,,9.04,-42.7,2.14,73.16,0.028060574737357787,0.9909623162617605,-42.314090904377174,0.6456806777873878,50.0,195.0,Removal of Glucocorticosteroids and Anesthetics from Water with RO/NF Membranes
NF270,NF,Procaine,145.11,10.0,7.0,25.0,2.0,15.0,,236.315,180,0.43099999999999994,0.8039999999999999,0.3496445781501531,0.42,,9.04,-42.7,2.14,73.16,0.028060574737357787,0.9909623162617605,-42.314090904377174,0.6456806777873878,50.7,195.0,Removal of Glucocorticosteroids and Anesthetics from Water with RO/NF Membranes
NF270,NF,Procaine,145.11,10.0,7.0,25.0,0.5,15.0,,236.315,180,0.43099999999999994,0.8039999999999999,0.3496445781501531,0.42,,9.04,-42.7,2.14,73.16,0.028060574737357787,0.9909623162617605,-42.314090904377174,0.6456806777873878,69.1,196.0,Removal of Glucocorticosteroids and Anesthetics from Water with RO/NF Membranes
NF90,NF,Dexamethasone,84.76,10.0,7.0,25.0,0.5,15.0,,392.467,330,0.48600000000000004,0.743,0.4409415966246648,0.34,12.13,,-27.29,1.83,54.1,-0.08814191980221917,-7.413047459329147e-06,0.0002023020651650924,1.83,99.6,196.0,Removal of Glucocorticosteroids and Anesthetics from Water with RO/NF Membranes
NF90,NF,Dexamethasone,84.76,10.0,7.0,25.0,2.0,15.0,,392.467,330,0.48600000000000004,0.743,0.4409415966246648,0.34,12.13,,-27.29,1.83,54.1,-0.08814191980221917,-7.413047459329147e-06,0.0002023020651650924,1.83,99.6,196.0,Removal of Glucocorticosteroids and Anesthetics from Water with RO/NF Membranes
NF90,NF,Dexamethasone,84.76,10.0,7.0,25.0,4.0,15.0,,392.467,330,0.48600000000000004,0.743,0.4409415966246648,0.34,12.13,,-27.29,1.83,54.1,-0.08814191980221917,-7.413047459329147e-06,0.0002023020651650924,1.83,99.6,196.0,Removal of Glucocorticosteroids and Anesthetics from Water with RO/NF Membranes
NF90,NF,Dexamethasone,84.76,10.0,7.0,25.0,6.0,15.0,,392.467,330,0.48600000000000004,0.743,0.4409415966246648,0.34,12.13,,-27.29,1.83,54.1,-0.08814191980221917,-7.413047459329147e-06,0.0002023020651650924,1.83,99.6,196.0,Removal of Glucocorticosteroids and Anesthetics from Water with RO/NF Membranes
NF90,NF,Dexamethasone,84.76,10.0,7.0,25.0,8.0,15.0,,392.467,330,0.48600000000000004,0.743,0.4409415966246648,0.34,12.13,,-27.29,1.83,54.1,-0.08814191980221917,-7.413047459329147e-06,0.0002023020651650924,1.83,99.6,196.0,Removal of Glucocorticosteroids and Anesthetics from Water with RO/NF Membranes
NF90,NF,Dexamethasone,84.76,10.0,7.0,25.0,12.0,15.0,,392.467,330,0.48600000000000004,0.743,0.4409415966246648,0.34,12.13,,-27.29,1.83,54.1,-0.08814191980221917,-7.413047459329147e-06,0.0002023020651650924,1.83,99.6,196.0,Removal of Glucocorticosteroids and Anesthetics from Water with RO/NF Membranes
NF90,NF,Dexamethasone,84.76,10.0,7.0,25.0,24.0,15.0,,392.467,330,0.48600000000000004,0.743,0.4409415966246648,0.34,12.13,,-27.29,1.83,54.1,-0.08814191980221917,-7.413047459329147e-06,0.0002023020651650924,1.83,99.7,197.0,Removal of Glucocorticosteroids and Anesthetics from Water with RO/NF Membranes
NF90,NF,Hydrocortisone,84.76,10.0,7.0,25.0,2.0,15.0,,362.466,330,0.445,0.753,0.40581405595270564,0.34,12.58,,-27.29,1.61,54.1,-0.03746963634036217,-2.630261073603865e-06,7.177982469864946e-05,1.61,99.3,197.0,Removal of Glucocorticosteroids and Anesthetics from Water with RO/NF Membranes
NF90,NF,Hydrocortisone,84.76,10.0,7.0,25.0,4.0,15.0,,362.466,330,0.445,0.753,0.40581405595270564,0.34,12.58,,-27.29,1.61,54.1,-0.03746963634036217,-2.630261073603865e-06,7.177982469864946e-05,1.61,99.3,197.0,Removal of Glucocorticosteroids and Anesthetics from Water with RO/NF Membranes
NF90,NF,Hydrocortisone,84.76,10.0,7.0,25.0,8.0,15.0,,362.466,330,0.445,0.753,0.40581405595270564,0.34,12.58,,-27.29,1.61,54.1,-0.03746963634036217,-2.630261073603865e-06,7.177982469864946e-05,1.61,99.3,197.0,Removal of Glucocorticosteroids and Anesthetics from Water with RO/NF Membranes
NF90,NF,Hydrocortisone,84.76,10.0,7.0,25.0,0.5,15.0,,362.466,330,0.445,0.753,0.40581405595270564,0.34,12.58,,-27.29,1.61,54.1,-0.03746963634036217,-2.630261073603865e-06,7.177982469864946e-05,1.61,99.4,197.0,Removal of Glucocorticosteroids and Anesthetics from Water with RO/NF Membranes
NF90,NF,Hydrocortisone,84.76,10.0,7.0,25.0,6.0,15.0,,362.466,330,0.445,0.753,0.40581405595270564,0.34,12.58,,-27.29,1.61,54.1,-0.03746963634036217,-2.630261073603865e-06,7.177982469864946e-05,1.61,99.4,197.0,Removal of Glucocorticosteroids and Anesthetics from Water with RO/NF Membranes
NF90,NF,Hydrocortisone,84.76,10.0,7.0,25.0,12.0,15.0,,362.466,330,0.445,0.753,0.40581405595270564,0.34,12.58,,-27.29,1.61,54.1,-0.03746963634036217,-2.630261073603865e-06,7.177982469864946e-05,1.61,99.4,197.0,Removal of Glucocorticosteroids and Anesthetics from Water with RO/NF Membranes
NF90,NF,Hydrocortisone,84.76,10.0,7.0,25.0,24.0,15.0,,362.466,330,0.445,0.753,0.40581405595270564,0.34,12.58,,-27.29,1.61,54.1,-0.03746963634036217,-2.630261073603865e-06,7.177982469864946e-05,1.61,99.4,198.0,Removal of Glucocorticosteroids and Anesthetics from Water with RO/NF Membranes
NF90,NF,Lidocaine,84.76,10.0,7.0,25.0,4.0,15.0,,234.343,330,0.45099999999999996,0.675,0.3764144754956523,0.34,14.23,7.928,-27.29,2.44,54.1,-0.011470709564216813,0.8944287193736347,-24.40895975170649,2.44,99.1,198.0,Removal of Glucocorticosteroids and Anesthetics from Water with RO/NF Membranes
NF90,NF,Lidocaine,84.76,10.0,7.0,25.0,6.0,15.0,,234.343,330,0.45099999999999996,0.675,0.3764144754956523,0.34,14.23,7.928,-27.29,2.44,54.1,-0.011470709564216813,0.8944287193736347,-24.40895975170649,2.44,99.1,198.0,Removal of Glucocorticosteroids and Anesthetics from Water with RO/NF Membranes
NF90,NF,Lidocaine,84.76,10.0,7.0,25.0,8.0,15.0,,234.343,330,0.45099999999999996,0.675,0.3764144754956523,0.34,14.23,7.928,-27.29,2.44,54.1,-0.011470709564216813,0.8944287193736347,-24.40895975170649,2.44,99.1,198.0,Removal of Glucocorticosteroids and Anesthetics from Water with RO/NF Membranes
NF90,NF,Lidocaine,84.76,10.0,7.0,25.0,12.0,15.0,,234.343,330,0.45099999999999996,0.675,0.3764144754956523,0.34,14.23,7.928,-27.29,2.44,54.1,-0.011470709564216813,0.8944287193736347,-24.40895975170649,2.44,99.2,198.0,Removal of Glucocorticosteroids and Anesthetics from Water with RO/NF Membranes
NF90,NF,Lidocaine,84.76,10.0,7.0,25.0,24.0,15.0,,234.343,330,0.45099999999999996,0.675,0.3764144754956523,0.34,14.23,7.928,-27.29,2.44,54.1,-0.011470709564216813,0.8944287193736347,-24.40895975170649,2.44,99.2,198.0,Removal of Glucocorticosteroids and Anesthetics from Water with RO/NF Membranes
NF90,NF,Lidocaine,84.76,10.0,7.0,25.0,0.5,15.0,,234.343,330,0.45099999999999996,0.675,0.3764144754956523,0.34,14.23,7.928,-27.29,2.44,54.1,-0.011470709564216813,0.8944287193736347,-24.40895975170649,2.44,99.3,198.0,Removal of Glucocorticosteroids and Anesthetics from Water with RO/NF Membranes
NF90,NF,Lidocaine,84.76,10.0,7.0,25.0,2.0,15.0,,234.343,330,0.45099999999999996,0.675,0.3764144754956523,0.34,14.23,7.928,-27.29,2.44,54.1,-0.011470709564216813,0.8944287193736347,-24.40895975170649,2.44,99.4,199.0,Removal of Glucocorticosteroids and Anesthetics from Water with RO/NF Membranes
NF90,NF,Procaine,84.76,10.0,7.0,25.0,8.0,15.0,,236.315,330,0.43099999999999994,0.8039999999999999,0.3496445781501531,0.34,,9.04,-27.29,2.14,54.1,-0.0008046530077371148,0.9909623162617605,-27.043361610783442,0.6456806777873878,98.4,199.0,Removal of Glucocorticosteroids and Anesthetics from Water with RO/NF Membranes
NF90,NF,Procaine,84.76,10.0,7.0,25.0,2.0,15.0,,236.315,330,0.43099999999999994,0.8039999999999999,0.3496445781501531,0.34,,9.04,-27.29,2.14,54.1,-0.0008046530077371148,0.9909623162617605,-27.043361610783442,0.6456806777873878,98.5,199.0,Removal of Glucocorticosteroids and Anesthetics from Water with RO/NF Membranes
NF90,NF,Procaine,84.76,10.0,7.0,25.0,4.0,15.0,,236.315,330,0.43099999999999994,0.8039999999999999,0.3496445781501531,0.34,,9.04,-27.29,2.14,54.1,-0.0008046530077371148,0.9909623162617605,-27.043361610783442,0.6456806777873878,98.5,199.0,Removal of Glucocorticosteroids and Anesthetics from Water with RO/NF Membranes
NF90,NF,Procaine,84.76,10.0,7.0,25.0,6.0,15.0,,236.315,330,0.43099999999999994,0.8039999999999999,0.3496445781501531,0.34,,9.04,-27.29,2.14,54.1,-0.0008046530077371148,0.9909623162617605,-27.043361610783442,0.6456806777873878,98.6,199.0,Removal of Glucocorticosteroids and Anesthetics from Water with RO/NF Membranes
NF90,NF,Procaine,84.76,10.0,7.0,25.0,12.0,15.0,,236.315,330,0.43099999999999994,0.8039999999999999,0.3496445781501531,0.34,,9.04,-27.29,2.14,54.1,-0.0008046530077371148,0.9909623162617605,-27.043361610783442,0.6456806777873878,98.7,199.0,Removal of Glucocorticosteroids and Anesthetics from Water with RO/NF Membranes
NF90,NF,Procaine,84.76,10.0,7.0,25.0,24.0,15.0,,236.315,330,0.43099999999999994,0.8039999999999999,0.3496445781501531,0.34,,9.04,-27.29,2.14,54.1,-0.0008046530077371148,0.9909623162617605,-27.043361610783442,0.6456806777873878,98.8,199.0,Removal of Glucocorticosteroids and Anesthetics from Water with RO/NF Membranes
NF90,NF,Procaine,84.76,10.0,7.0,25.0,0.5,15.0,,236.315,330,0.43099999999999994,0.8039999999999999,0.3496445781501531,0.34,,9.04,-27.29,2.14,54.1,-0.0008046530077371148,0.9909623162617605,-27.043361610783442,0.6456806777873878,99.6,200.0,Removal of Glucocorticosteroids and Anesthetics from Water with RO/NF Membranes
SWC1,RO,Dexamethasone,7.13,10.0,7.0,25.0,2.0,15.0,,392.467,100,0.48600000000000004,0.743,0.4409415966246648,,12.13,,-30.6,1.83,48.8,,-7.413047459329147e-06,0.0002268392522554719,1.83,99.6,200.0,Removal of Glucocorticosteroids and Anesthetics from Water with RO/NF Membranes
SWC1,RO,Dexamethasone,7.13,10.0,7.0,25.0,4.0,15.0,,392.467,100,0.48600000000000004,0.743,0.4409415966246648,,12.13,,-30.6,1.83,48.8,,-7.413047459329147e-06,0.0002268392522554719,1.83,99.6,200.0,Removal of Glucocorticosteroids and Anesthetics from Water with RO/NF Membranes
SWC1,RO,Dexamethasone,7.13,10.0,7.0,25.0,6.0,15.0,,392.467,100,0.48600000000000004,0.743,0.4409415966246648,,12.13,,-30.6,1.83,48.8,,-7.413047459329147e-06,0.0002268392522554719,1.83,99.6,200.0,Removal of Glucocorticosteroids and Anesthetics from Water with RO/NF Membranes
SWC1,RO,Dexamethasone,7.13,10.0,7.0,25.0,8.0,15.0,,392.467,100,0.48600000000000004,0.743,0.4409415966246648,,12.13,,-30.6,1.83,48.8,,-7.413047459329147e-06,0.0002268392522554719,1.83,99.6,200.0,Removal of Glucocorticosteroids and Anesthetics from Water with RO/NF Membranes
SWC1,RO,Dexamethasone,7.13,10.0,7.0,25.0,12.0,15.0,,392.467,100,0.48600000000000004,0.743,0.4409415966246648,,12.13,,-30.6,1.83,48.8,,-7.413047459329147e-06,0.0002268392522554719,1.83,99.6,200.0,Removal of Glucocorticosteroids and Anesthetics from Water with RO/NF Membranes
SWC1,RO,Dexamethasone,7.13,10.0,7.0,25.0,24.0,15.0,,392.467,100,0.48600000000000004,0.743,0.4409415966246648,,12.13,,-30.6,1.83,48.8,,-7.413047459329147e-06,0.0002268392522554719,1.83,99.6,200.0,Removal of Glucocorticosteroids and Anesthetics from Water with RO/NF Membranes
SWC1,RO,Dexamethasone,7.13,10.0,7.0,25.0,0.5,15.0,,392.467,100,0.48600000000000004,0.743,0.4409415966246648,,12.13,,-30.6,1.83,48.8,,-7.413047459329147e-06,0.0002268392522554719,1.83,99.9,201.0,Removal of Glucocorticosteroids and Anesthetics from Water with RO/NF Membranes
SWC1,RO,Hydrocortisone,7.13,10.0,7.0,25.0,8.0,15.0,,362.466,100,0.445,0.753,0.40581405595270564,,12.58,,-30.6,1.61,48.8,,-2.630261073603865e-06,8.048598885227827e-05,1.61,99.5,201.0,Removal of Glucocorticosteroids and Anesthetics from Water with RO/NF Membranes
SWC1,RO,Hydrocortisone,7.13,10.0,7.0,25.0,12.0,15.0,,362.466,100,0.445,0.753,0.40581405595270564,,12.58,,-30.6,1.61,48.8,,-2.630261073603865e-06,8.048598885227827e-05,1.61,99.5,201.0,Removal of Glucocorticosteroids and Anesthetics from Water with RO/NF Membranes
SWC1,RO,Hydrocortisone,7.13,10.0,7.0,25.0,2.0,15.0,,362.466,100,0.445,0.753,0.40581405595270564,,12.58,,-30.6,1.61,48.8,,-2.630261073603865e-06,8.048598885227827e-05,1.61,99.6,201.0,Removal of Glucocorticosteroids and Anesthetics from Water with RO/NF Membranes
SWC1,RO,Hydrocortisone,7.13,10.0,7.0,25.0,4.0,15.0,,362.466,100,0.445,0.753,0.40581405595270564,,12.58,,-30.6,1.61,48.8,,-2.630261073603865e-06,8.048598885227827e-05,1.61,99.6,201.0,Removal of Glucocorticosteroids and Anesthetics from Water with RO/NF Membranes
SWC1,RO,Hydrocortisone,7.13,10.0,7.0,25.0,6.0,15.0,,362.466,100,0.445,0.753,0.40581405595270564,,12.58,,-30.6,1.61,48.8,,-2.630261073603865e-06,8.048598885227827e-05,1.61,99.6,201.0,Removal of Glucocorticosteroids and Anesthetics from Water with RO/NF Membranes
SWC1,RO,Hydrocortisone,7.13,10.0,7.0,25.0,24.0,15.0,,362.466,100,0.445,0.753,0.40581405595270564,,12.58,,-30.6,1.61,48.8,,-2.630261073603865e-06,8.048598885227827e-05,1.61,99.6,201.0,Removal of Glucocorticosteroids and Anesthetics from Water with RO/NF Membranes
SWC1,RO,Hydrocortisone,7.13,10.0,7.0,25.0,0.5,15.0,,362.466,100,0.445,0.753,0.40581405595270564,,12.58,,-30.6,1.61,48.8,,-2.630261073603865e-06,8.048598885227827e-05,1.61,99.9,202.0,Removal of Glucocorticosteroids and Anesthetics from Water with RO/NF Membranes
SWC1,RO,Lidocaine,7.13,10.0,7.0,25.0,12.0,15.0,,234.343,100,0.45099999999999996,0.675,0.3764144754956523,,14.23,7.928,-30.6,2.44,48.8,,0.8944287193736347,-27.36951881283322,2.44,98.3,202.0,Removal of Glucocorticosteroids and Anesthetics from Water with RO/NF Membranes
SWC1,RO,Lidocaine,7.13,10.0,7.0,25.0,8.0,15.0,,234.343,100,0.45099999999999996,0.675,0.3764144754956523,,14.23,7.928,-30.6,2.44,48.8,,0.8944287193736347,-27.36951881283322,2.44,98.5,202.0,Removal of Glucocorticosteroids and Anesthetics from Water with RO/NF Membranes
SWC1,RO,Lidocaine,7.13,10.0,7.0,25.0,4.0,15.0,,234.343,100,0.45099999999999996,0.675,0.3764144754956523,,14.23,7.928,-30.6,2.44,48.8,,0.8944287193736347,-27.36951881283322,2.44,98.6,202.0,Removal of Glucocorticosteroids and Anesthetics from Water with RO/NF Membranes
SWC1,RO,Lidocaine,7.13,10.0,7.0,25.0,24.0,15.0,,234.343,100,0.45099999999999996,0.675,0.3764144754956523,,14.23,7.928,-30.6,2.44,48.8,,0.8944287193736347,-27.36951881283322,2.44,98.6,202.0,Removal of Glucocorticosteroids and Anesthetics from Water with RO/NF Membranes
SWC1,RO,Lidocaine,7.13,10.0,7.0,25.0,6.0,15.0,,234.343,100,0.45099999999999996,0.675,0.3764144754956523,,14.23,7.928,-30.6,2.44,48.8,,0.8944287193736347,-27.36951881283322,2.44,98.8,202.0,Removal of Glucocorticosteroids and Anesthetics from Water with RO/NF Membranes
SWC1,RO,Lidocaine,7.13,10.0,7.0,25.0,2.0,15.0,,234.343,100,0.45099999999999996,0.675,0.3764144754956523,,14.23,7.928,-30.6,2.44,48.8,,0.8944287193736347,-27.36951881283322,2.44,99.3,202.0,Removal of Glucocorticosteroids and Anesthetics from Water with RO/NF Membranes
SWC1,RO,Lidocaine,7.13,10.0,7.0,25.0,0.5,15.0,,234.343,100,0.45099999999999996,0.675,0.3764144754956523,,14.23,7.928,-30.6,2.44,48.8,,0.8944287193736347,-27.36951881283322,2.44,100.0,203.0,Removal of Glucocorticosteroids and Anesthetics from Water with RO/NF Membranes
SWC1,RO,Procaine,7.13,10.0,7.0,25.0,8.0,15.0,,236.315,100,0.43099999999999994,0.8039999999999999,0.3496445781501531,,,9.04,-30.6,2.14,48.8,,0.9909623162617605,-30.32344687760987,0.6456806777873878,97.5,203.0,Removal of Glucocorticosteroids and Anesthetics from Water with RO/NF Membranes
SWC1,RO,Procaine,7.13,10.0,7.0,25.0,24.0,15.0,,236.315,100,0.43099999999999994,0.8039999999999999,0.3496445781501531,,,9.04,-30.6,2.14,48.8,,0.9909623162617605,-30.32344687760987,0.6456806777873878,97.6,203.0,Removal of Glucocorticosteroids and Anesthetics from Water with RO/NF Membranes
SWC1,RO,Procaine,7.13,10.0,7.0,25.0,12.0,15.0,,236.315,100,0.43099999999999994,0.8039999999999999,0.3496445781501531,,,9.04,-30.6,2.14,48.8,,0.9909623162617605,-30.32344687760987,0.6456806777873878,97.7,203.0,Removal of Glucocorticosteroids and Anesthetics from Water with RO/NF Membranes
SWC1,RO,Procaine,7.13,10.0,7.0,25.0,6.0,15.0,,236.315,100,0.43099999999999994,0.8039999999999999,0.3496445781501531,,,9.04,-30.6,2.14,48.8,,0.9909623162617605,-30.32344687760987,0.6456806777873878,98.0,203.0,Removal of Glucocorticosteroids and Anesthetics from Water with RO/NF Membranes
SWC1,RO,Procaine,7.13,10.0,7.0,25.0,4.0,15.0,,236.315,100,0.43099999999999994,0.8039999999999999,0.3496445781501531,,,9.04,-30.6,2.14,48.8,,0.9909623162617605,-30.32344687760987,0.6456806777873878,98.4,203.0,Removal of Glucocorticosteroids and Anesthetics from Water with RO/NF Membranes
SWC1,RO,Procaine,7.13,10.0,7.0,25.0,2.0,15.0,,236.315,100,0.43099999999999994,0.8039999999999999,0.3496445781501531,,,9.04,-30.6,2.14,48.8,,0.9909623162617605,-30.32344687760987,0.6456806777873878,99.3,203.0,Removal of Glucocorticosteroids and Anesthetics from Water with RO/NF Membranes
SWC1,RO,Procaine,7.13,10.0,7.0,25.0,0.5,15.0,,236.315,100,0.43099999999999994,0.8039999999999999,0.3496445781501531,,,9.04,-30.6,2.14,48.8,,0.9909623162617605,-30.32344687760987,0.6456806777873878,100.0,204.0,Removal of Glucocorticosteroids and Anesthetics from Water with RO/NF Membranes
XLE,RO,Dexamethasone,83.79,10.0,7.0,25.0,0.5,15.0,,392.467,100,0.48600000000000004,0.743,0.4409415966246648,0.3,12.13,,-33.0,1.83,65.0,-0.22071704065677475,-7.413047459329147e-06,0.0002446305661578619,1.83,99.3,204.0,Removal of Glucocorticosteroids and Anesthetics from Water with RO/NF Membranes
XLE,RO,Dexamethasone,83.79,10.0,7.0,25.0,6.0,15.0,,392.467,100,0.48600000000000004,0.743,0.4409415966246648,0.3,12.13,,-33.0,1.83,65.0,-0.22071704065677475,-7.413047459329147e-06,0.0002446305661578619,1.83,99.4,204.0,Removal of Glucocorticosteroids and Anesthetics from Water with RO/NF Membranes
XLE,RO,Dexamethasone,83.79,10.0,7.0,25.0,8.0,15.0,,392.467,100,0.48600000000000004,0.743,0.4409415966246648,0.3,12.13,,-33.0,1.83,65.0,-0.22071704065677475,-7.413047459329147e-06,0.0002446305661578619,1.83,99.4,204.0,Removal of Glucocorticosteroids and Anesthetics from Water with RO/NF Membranes
XLE,RO,Dexamethasone,83.79,10.0,7.0,25.0,2.0,15.0,,392.467,100,0.48600000000000004,0.743,0.4409415966246648,0.3,12.13,,-33.0,1.83,65.0,-0.22071704065677475,-7.413047459329147e-06,0.0002446305661578619,1.83,99.5,204.0,Removal of Glucocorticosteroids and Anesthetics from Water with RO/NF Membranes
XLE,RO,Dexamethasone,83.79,10.0,7.0,25.0,4.0,15.0,,392.467,100,0.48600000000000004,0.743,0.4409415966246648,0.3,12.13,,-33.0,1.83,65.0,-0.22071704065677475,-7.413047459329147e-06,0.0002446305661578619,1.83,99.5,204.0,Removal of Glucocorticosteroids and Anesthetics from Water with RO/NF Membranes
XLE,RO,Dexamethasone,83.79,10.0,7.0,25.0,12.0,15.0,,392.467,100,0.48600000000000004,0.743,0.4409415966246648,0.3,12.13,,-33.0,1.83,65.0,-0.22071704065677475,-7.413047459329147e-06,0.0002446305661578619,1.83,99.5,204.0,Removal of Glucocorticosteroids and Anesthetics from Water with RO/NF Membranes
XLE,RO,Dexamethasone,83.79,10.0,7.0,25.0,24.0,15.0,,392.467,100,0.48600000000000004,0.743,0.4409415966246648,0.3,12.13,,-33.0,1.83,65.0,-0.22071704065677475,-7.413047459329147e-06,0.0002446305661578619,1.83,99.6,205.0,Removal of Glucocorticosteroids and Anesthetics from Water with RO/NF Membranes
XLE,RO,Hydrocortisone,83.79,10.0,7.0,25.0,24.0,15.0,,362.466,100,0.445,0.753,0.40581405595270564,0.3,12.58,,-33.0,1.61,65.0,-0.12440682707958131,-2.630261073603865e-06,8.679861542892754e-05,1.61,98.8,205.0,Removal of Glucocorticosteroids and Anesthetics from Water with RO/NF Membranes
XLE,RO,Hydrocortisone,83.79,10.0,7.0,25.0,0.5,15.0,,362.466,100,0.445,0.753,0.40581405595270564,0.3,12.58,,-33.0,1.61,65.0,-0.12440682707958131,-2.630261073603865e-06,8.679861542892754e-05,1.61,99.3,205.0,Removal of Glucocorticosteroids and Anesthetics from Water with RO/NF Membranes
XLE,RO,Hydrocortisone,83.79,10.0,7.0,25.0,2.0,15.0,,362.466,100,0.445,0.753,0.40581405595270564,0.3,12.58,,-33.0,1.61,65.0,-0.12440682707958131,-2.630261073603865e-06,8.679861542892754e-05,1.61,99.3,205.0,Removal of Glucocorticosteroids and Anesthetics from Water with RO/NF Membranes
XLE,RO,Hydrocortisone,83.79,10.0,7.0,25.0,4.0,15.0,,362.466,100,0.445,0.753,0.40581405595270564,0.3,12.58,,-33.0,1.61,65.0,-0.12440682707958131,-2.630261073603865e-06,8.679861542892754e-05,1.61,99.3,205.0,Removal of Glucocorticosteroids and Anesthetics from Water with RO/NF Membranes
XLE,RO,Hydrocortisone,83.79,10.0,7.0,25.0,6.0,15.0,,362.466,100,0.445,0.753,0.40581405595270564,0.3,12.58,,-33.0,1.61,65.0,-0.12440682707958131,-2.630261073603865e-06,8.679861542892754e-05,1.61,99.3,205.0,Removal of Glucocorticosteroids and Anesthetics from Water with RO/NF Membranes
XLE,RO,Hydrocortisone,83.79,10.0,7.0,25.0,8.0,15.0,,362.466,100,0.445,0.753,0.40581405595270564,0.3,12.58,,-33.0,1.61,65.0,-0.12440682707958131,-2.630261073603865e-06,8.679861542892754e-05,1.61,99.3,205.0,Removal of Glucocorticosteroids and Anesthetics from Water with RO/NF Membranes
XLE,RO,Hydrocortisone,83.79,10.0,7.0,25.0,12.0,15.0,,362.466,100,0.445,0.753,0.40581405595270564,0.3,12.58,,-33.0,1.61,65.0,-0.12440682707958131,-2.630261073603865e-06,8.679861542892754e-05,1.61,99.3,206.0,Removal of Glucocorticosteroids and Anesthetics from Water with RO/NF Membranes
XLE,RO,Lidocaine,83.79,10.0,7.0,25.0,8.0,15.0,,234.343,100,0.45099999999999996,0.675,0.3764144754956523,0.3,14.23,7.928,-33.0,2.44,65.0,-0.06487968961417388,0.8944287193736347,-29.516147739329945,2.44,97.2,206.0,Removal of Glucocorticosteroids and Anesthetics from Water with RO/NF Membranes
XLE,RO,Lidocaine,83.79,10.0,7.0,25.0,2.0,15.0,,234.343,100,0.45099999999999996,0.675,0.3764144754956523,0.3,14.23,7.928,-33.0,2.44,65.0,-0.06487968961417388,0.8944287193736347,-29.516147739329945,2.44,97.3,206.0,Removal of Glucocorticosteroids and Anesthetics from Water with RO/NF Membranes
XLE,RO,Lidocaine,83.79,10.0,7.0,25.0,6.0,15.0,,234.343,100,0.45099999999999996,0.675,0.3764144754956523,0.3,14.23,7.928,-33.0,2.44,65.0,-0.06487968961417388,0.8944287193736347,-29.516147739329945,2.44,97.5,206.0,Removal of Glucocorticosteroids and Anesthetics from Water with RO/NF Membranes
XLE,RO,Lidocaine,83.79,10.0,7.0,25.0,4.0,15.0,,234.343,100,0.45099999999999996,0.675,0.3764144754956523,0.3,14.23,7.928,-33.0,2.44,65.0,-0.06487968961417388,0.8944287193736347,-29.516147739329945,2.44,97.7,206.0,Removal of Glucocorticosteroids and Anesthetics from Water with RO/NF Membranes
XLE,RO,Lidocaine,83.79,10.0,7.0,25.0,12.0,15.0,,234.343,100,0.45099999999999996,0.675,0.3764144754956523,0.3,14.23,7.928,-33.0,2.44,65.0,-0.06487968961417388,0.8944287193736347,-29.516147739329945,2.44,98.1,206.0,Removal of Glucocorticosteroids and Anesthetics from Water with RO/NF Membranes
XLE,RO,Lidocaine,83.79,10.0,7.0,25.0,24.0,15.0,,234.343,100,0.45099999999999996,0.675,0.3764144754956523,0.3,14.23,7.928,-33.0,2.44,65.0,-0.06487968961417388,0.8944287193736347,-29.516147739329945,2.44,98.3,206.0,Removal of Glucocorticosteroids and Anesthetics from Water with RO/NF Membranes
XLE,RO,Lidocaine,83.79,10.0,7.0,25.0,0.5,15.0,,234.343,100,0.45099999999999996,0.675,0.3764144754956523,0.3,14.23,7.928,-33.0,2.44,65.0,-0.06487968961417388,0.8944287193736347,-29.516147739329945,2.44,98.4,207.0,Removal of Glucocorticosteroids and Anesthetics from Water with RO/NF Membranes
XLE,RO,Procaine,83.79,10.0,7.0,25.0,8.0,15.0,,236.315,100,0.43099999999999994,0.8039999999999999,0.3496445781501531,0.3,,9.04,-33.0,2.14,65.0,-0.027384268218962882,0.9909623162617605,-32.70175643663809,0.6456806777873878,95.0,207.0,Removal of Glucocorticosteroids and Anesthetics from Water with RO/NF Membranes
XLE,RO,Procaine,83.79,10.0,7.0,25.0,6.0,15.0,,236.315,100,0.43099999999999994,0.8039999999999999,0.3496445781501531,0.3,,9.04,-33.0,2.14,65.0,-0.027384268218962882,0.9909623162617605,-32.70175643663809,0.6456806777873878,95.5,207.0,Removal of Glucocorticosteroids and Anesthetics from Water with RO/NF Membranes
XLE,RO,Procaine,83.79,10.0,7.0,25.0,12.0,15.0,,236.315,100,0.43099999999999994,0.8039999999999999,0.3496445781501531,0.3,,9.04,-33.0,2.14,65.0,-0.027384268218962882,0.9909623162617605,-32.70175643663809,0.6456806777873878,95.7,207.0,Removal of Glucocorticosteroids and Anesthetics from Water with RO/NF Membranes
XLE,RO,Procaine,83.79,10.0,7.0,25.0,2.0,15.0,,236.315,100,0.43099999999999994,0.8039999999999999,0.3496445781501531,0.3,,9.04,-33.0,2.14,65.0,-0.027384268218962882,0.9909623162617605,-32.70175643663809,0.6456806777873878,96.0,207.0,Removal of Glucocorticosteroids and Anesthetics from Water with RO/NF Membranes
XLE,RO,Procaine,83.79,10.0,7.0,25.0,24.0,15.0,,236.315,100,0.43099999999999994,0.8039999999999999,0.3496445781501531,0.3,,9.04,-33.0,2.14,65.0,-0.027384268218962882,0.9909623162617605,-32.70175643663809,0.6456806777873878,96.0,207.0,Removal of Glucocorticosteroids and Anesthetics from Water with RO/NF Membranes
XLE,RO,Procaine,83.79,10.0,7.0,25.0,4.0,15.0,,236.315,100,0.43099999999999994,0.8039999999999999,0.3496445781501531,0.3,,9.04,-33.0,2.14,65.0,-0.027384268218962882,0.9909623162617605,-32.70175643663809,0.6456806777873878,96.4,207.0,Removal of Glucocorticosteroids and Anesthetics from Water with RO/NF Membranes
XLE,RO,Procaine,83.79,10.0,7.0,25.0,0.5,15.0,,236.315,100,0.43099999999999994,0.8039999999999999,0.3496445781501531,0.3,,9.04,-33.0,2.14,65.0,-0.027384268218962882,0.9909623162617605,-32.70175643663809,0.6456806777873878,99.6,208.0,Removal of Glucocorticosteroids and Anesthetics from Water with RO/NF Membranes
NF270,NF,Bromoacetic acid,111.00563600000001,6.89476,3.5,25.0,0.5,0.1,18.1,138.948,96,0.268,0.358,0.18413924243231267,0.42,2.89,,-5.89372,0.41,73.16,0.31536449524038196,-0.8029091701538159,4.732121834318948,-2.0544397554342133,18.181999999999988,208.0,Removal of haloacetic acids from swimming pool water by reverse osmosis and nanofiltration
NF270,NF,Bromoacetic acid,111.00563600000001,6.89476,5.5,25.0,0.5,0.1,18.1,138.948,180,0.268,0.358,0.18413924243231267,0.42,2.89,,-22.1256,0.41,73.16,0.31536449524038196,-0.9975513019253107,22.071421085878654,-2.6518719749818396,17.171999999999983,208.0,Removal of haloacetic acids from swimming pool water by reverse osmosis and nanofiltration
NF270,NF,Bromoacetic acid,111.00563600000001,6.89476,7.5,25.0,0.5,0.1,18.1,138.948,330,0.268,0.358,0.18413924243231267,0.42,2.89,,-35.6522,0.41,73.16,0.31536449524038196,-0.9999754535133879,35.651324863750006,-2.6593126367265696,62.626099999999994,209.0,Removal of haloacetic acids from swimming pool water by reverse osmosis and nanofiltration
NF270,NF,Bromochloroacetic acid,111.00563600000001,6.89476,3.5,25.0,0.5,0.1,18.1,173.393,96,0.323,0.358,0.20229249218243678,0.42,1.4,,-5.89372,0.61,73.16,0.2686879759644804,-0.9921193161496697,5.847273455977632,-2.5649125928354395,26.767999999999986,209.0,Removal of haloacetic acids from swimming pool water by reverse osmosis and nanofiltration
NF270,NF,Bromochloroacetic acid,111.00563600000001,6.89476,5.5,25.0,0.5,0.1,18.1,173.393,180,0.323,0.358,0.20229249218243678,0.42,1.4,,-22.1256,0.61,73.16,0.2686879759644804,-0.9999205734855999,22.12384264071299,-2.5898776446720655,33.837999999999994,209.0,Removal of haloacetic acids from swimming pool water by reverse osmosis and nanofiltration
NF270,NF,Bromochloroacetic acid,111.00563600000001,6.89476,7.5,25.0,0.5,0.1,18.1,173.393,330,0.323,0.358,0.20229249218243678,0.42,1.4,,-35.6522,0.61,73.16,0.2686879759644804,-0.9999992056723962,35.6521716804734,-2.5901292780351075,65.15139999999998,210.0,Removal of haloacetic acids from swimming pool water by reverse osmosis and nanofiltration
NF270,NF,Bromodichloroacetic acid,111.00563600000001,6.89476,3.5,25.0,0.5,0.1,18.1,207.838,96,0.325,0.397,0.2184269227652916,0.42,0.03,,-5.89372,1.53,73.16,0.2303384663598056,-0.9996612706203316,5.891723623880461,-1.9638221429755591,31.817999999999984,210.0,Removal of haloacetic acids from swimming pool water by reverse osmosis and nanofiltration
NF270,NF,Bromodichloroacetic acid,111.00563600000001,6.89476,5.5,25.0,0.5,0.1,18.1,207.838,180,0.325,0.397,0.2184269227652916,0.42,0.03,,-22.1256,1.53,73.16,0.2303384663598056,-0.9999966115699201,22.125525028951422,-1.9649941616078224,43.43419999999999,210.0,Removal of haloacetic acids from swimming pool water by reverse osmosis and nanofiltration
NF270,NF,Bromodichloroacetic acid,111.00563600000001,6.89476,7.5,25.0,0.5,0.1,18.1,207.838,330,0.325,0.397,0.2184269227652916,0.42,0.03,,-35.6522,1.53,73.16,0.2303384663598056,-0.9999999661155854,35.65219879194608,-1.9650058857650639,70.20189999999998,211.0,Removal of haloacetic acids from swimming pool water by reverse osmosis and nanofiltration
NF270,NF,Chloroacetic acid,111.00563600000001,6.89476,3.5,25.0,0.5,0.1,18.1,94.497,96,0.264,0.343,0.18080832247887618,0.42,2.87,,-5.89372,0.22,73.16,0.3243347992934767,-0.8100951586047567,4.774474038172027,-2.436629979300485,16.666999999999987,211.0,Removal of haloacetic acids from swimming pool water by reverse osmosis and nanofiltration
NF270,NF,Chloroacetic acid,111.00563600000001,6.89476,5.5,25.0,0.5,0.1,18.1,94.497,180,0.264,0.343,0.18080832247887618,0.42,2.87,,-22.1256,0.22,73.16,0.3243347992934767,-0.997661253741052,22.07385383577302,-3.0517351384247915,17.676999999999992,211.0,Removal of haloacetic acids from swimming pool water by reverse osmosis and nanofiltration
NF270,NF,Chloroacetic acid,111.00563600000001,6.89476,7.5,25.0,0.5,0.1,18.1,94.497,330,0.264,0.343,0.18080832247887618,0.42,2.87,,-35.6522,0.22,73.16,0.3243347992934767,-0.9999765582613749,35.65136425044619,-3.059327959261412,64.14129999999999,212.0,Removal of haloacetic acids from swimming pool water by reverse osmosis and nanofiltration
NF270,NF,Dibromoacetic acid,111.00563600000001,6.89476,3.5,25.0,0.5,0.1,18.1,217.844,96,0.325,0.382,0.20495327371940447,0.42,1.48,,-5.89372,1.65,73.16,0.2621603995691688,-0.9905404124990876,5.837967839954123,-0.6631023776509091,27.272999999999982,212.0,Removal of haloacetic acids from swimming pool water by reverse osmosis and nanofiltration
NF270,NF,Dibromoacetic acid,111.00563600000001,6.89476,5.5,25.0,0.5,0.1,18.1,217.844,180,0.325,0.382,0.20495327371940447,0.42,1.48,,-22.1256,1.65,73.16,0.2621603995691688,-0.9999045098606353,22.12348722337247,-0.6849693460231565,34.34299999999999,212.0,Removal of haloacetic acids from swimming pool water by reverse osmosis and nanofiltration
NF270,NF,Dibromoacetic acid,111.00563600000001,6.89476,7.5,25.0,0.5,0.1,18.1,217.844,330,0.325,0.382,0.20495327371940447,0.42,1.48,,-35.6522,1.65,73.16,0.2621603995691688,-0.9999990450083259,35.65216595244584,-0.6851901037753243,65.65639999999999,213.0,Removal of haloacetic acids from swimming pool water by reverse osmosis and nanofiltration
NF270,NF,Dibromochloroacetic acid,111.00563600000001,6.89476,3.5,25.0,0.5,0.1,18.1,252.289,96,0.333,0.378,0.22095967578172254,0.42,0.03,,-5.89372,2.86,73.16,0.22458645501653632,-0.9996612706203316,5.891723623880461,-1.7334514271172838,30.807999999999993,213.0,Removal of haloacetic acids from swimming pool water by reverse osmosis and nanofiltration
NF270,NF,Dibromochloroacetic acid,111.00563600000001,6.89476,5.5,25.0,0.5,0.1,18.1,252.289,180,0.333,0.378,0.22095967578172254,0.42,0.03,,-22.1256,2.86,73.16,0.22458645501653632,-0.9999966115699201,22.125525028951422,-1.7349923214269158,40.40399999999998,213.0,Removal of haloacetic acids from swimming pool water by reverse osmosis and nanofiltration
NF270,NF,Dibromochloroacetic acid,111.00563600000001,6.89476,7.5,25.0,0.5,0.1,18.1,252.289,330,0.333,0.378,0.22095967578172254,0.42,0.03,,-35.6522,2.86,73.16,0.22458645501653632,-0.9999999661155854,35.65219879194608,-1.7350077355907199,74.24229999999999,214.0,Removal of haloacetic acids from swimming pool water by reverse osmosis and nanofiltration
NF270,NF,Dichloroacetic acid,111.00563600000001,6.89476,3.5,25.0,0.5,0.1,18.1,128.942,96,0.308,0.34700000000000003,0.20431713784192027,0.42,1.26,,-5.89372,0.92,73.16,0.2637137019767643,-0.9942785242829096,5.85999922413667,-2.7639113697412734,26.261999999999986,214.0,Removal of haloacetic acids from swimming pool water by reverse osmosis and nanofiltration
NF270,NF,Dichloroacetic acid,111.00563600000001,6.89476,5.5,25.0,0.5,0.1,18.1,128.942,180,0.308,0.34700000000000003,0.20431713784192027,0.42,1.26,,-22.1256,0.92,73.16,0.2637137019767643,-0.9999424593173869,22.124326877872775,-2.7848968724564562,29.292999999999992,214.0,Removal of haloacetic acids from swimming pool water by reverse osmosis and nanofiltration
NF270,NF,Dichloroacetic acid,111.00563600000001,6.89476,7.5,25.0,0.5,0.1,18.1,128.942,330,0.308,0.34700000000000003,0.20431713784192027,0.42,1.26,,-35.6522,0.92,73.16,0.2637137019767643,-0.9999994245603939,35.65217948431208,-2.7851079349517915,62.626099999999994,215.0,Removal of haloacetic acids from swimming pool water by reverse osmosis and nanofiltration
NF270,NF,Erythritol,111.00563600000001,6.89476,3.5,25.0,0.5,0.1,18.1,122.119999999999,96,0.33599999999999997,0.472,0.20772947513878956,0.42,13.903,,-5.89372,-2.29,73.16,0.25543523653545214,-3.953666200524956e-11,2.330180155935794e-10,-2.29,38.3838,215.0,Removal of haloacetic acids from swimming pool water by reverse osmosis and nanofiltration
NF270,NF,Erythritol,111.00563600000001,6.89476,5.5,25.0,0.5,0.1,18.1,122.119999999999,180,0.33599999999999997,0.472,0.20772947513878956,0.42,13.903,,-22.1256,-2.29,73.16,0.25543523653545214,-3.953666185049789e-09,8.74772365439376e-08,-2.29,31.8182,215.0,Removal of haloacetic acids from swimming pool water by reverse osmosis and nanofiltration
NF270,NF,Erythritol,111.00563600000001,6.89476,7.5,25.0,0.5,0.1,18.1,122.119999999999,330,0.33599999999999997,0.472,0.20772947513878956,0.42,13.903,,-35.6522,-2.29,73.16,0.25543523653545214,-3.9536646375342417e-07,1.4095684239029829e-05,-2.29,33.8384,216.0,Removal of haloacetic acids from swimming pool water by reverse osmosis and nanofiltration
NF270,NF,Glucose,111.00563600000001,6.89476,3.5,25.0,0.5,0.1,18.1,180.156,96,0.40099999999999997,0.481,0.2515616313767203,0.42,12.45,,-5.89372,-3.24,73.16,0.16083607723623505,-1.1220184530430384e-09,6.612862597068816e-09,-3.24,81.3131,216.0,Removal of haloacetic acids from swimming pool water by reverse osmosis and nanofiltration
NF270,NF,Glucose,111.00563600000001,6.89476,5.5,25.0,0.5,0.1,18.1,180.156,180,0.40099999999999997,0.481,0.2515616313767203,0.42,12.45,,-22.1256,-3.24,73.16,0.16083607723623505,-1.1220183284094351e-07,2.4825328727055795e-06,-3.24,80.303,216.0,Removal of haloacetic acids from swimming pool water by reverse osmosis and nanofiltration
NF270,NF,Glucose,111.00563600000001,6.89476,7.5,25.0,0.5,0.1,18.1,180.156,330,0.40099999999999997,0.481,0.2515616313767203,0.42,12.45,,-35.6522,-3.24,73.16,0.16083607723623505,-1.122005865189099e-05,0.0004000197750689479,-3.24,78.7879,217.0,Removal of haloacetic acids from swimming pool water by reverse osmosis and nanofiltration
NF270,NF,Glycerol,111.00563600000001,6.89476,3.5,25.0,0.5,0.1,18.1,92.094,96,0.301,0.438,0.18991238664148963,0.42,14.4,,-5.89372,-1.76,73.16,0.30011513503976955,-1.2589254117783152e-11,7.419753877906092e-11,-1.76,21.7172,217.0,Removal of haloacetic acids from swimming pool water by reverse osmosis and nanofiltration
NF270,NF,Glycerol,111.00563600000001,6.89476,5.5,25.0,0.5,0.1,18.1,92.094,180,0.301,0.438,0.18991238664148963,0.42,14.4,,-22.1256,-1.76,73.16,0.30011513503976955,-1.2589254102092692e-09,2.7854480056126203e-08,-1.76,16.6667,217.0,Removal of haloacetic acids from swimming pool water by reverse osmosis and nanofiltration
NF270,NF,Glycerol,111.00563600000001,6.89476,7.5,25.0,0.5,0.1,18.1,92.094,330,0.301,0.438,0.18991238664148963,0.42,14.4,,-35.6522,-1.76,73.16,0.30011513503976955,-1.258925253304866e-07,4.488345491587575e-06,-1.76,19.697,218.0,Removal of haloacetic acids from swimming pool water by reverse osmosis and nanofiltration
NF270,NF,Raffinose,111.00563600000001,6.89476,3.5,25.0,0.5,0.1,18.1,504.438,96,0.5730000000000001,0.753,0.424151565064248,0.42,12.81,,-5.89372,-5.104,73.16,-9.770687348460641e-05,-4.897788191285612e-10,2.886619221874384e-09,-5.104,100.0,218.0,Removal of haloacetic acids from swimming pool water by reverse osmosis and nanofiltration
NF270,NF,Raffinose,111.00563600000001,6.89476,5.5,25.0,0.5,0.1,18.1,504.438,180,0.5730000000000001,0.753,0.424151565064248,0.42,12.81,,-22.1256,-5.104,73.16,-9.770687348460641e-05,-4.8977879538011765e-08,1.083664971506233e-06,-5.104,99.4949,218.0,Removal of haloacetic acids from swimming pool water by reverse osmosis and nanofiltration
NF270,NF,Raffinose,111.00563600000001,6.89476,7.5,25.0,0.5,0.1,18.1,504.438,330,0.5730000000000001,0.753,0.424151565064248,0.42,12.81,,-35.6522,-5.104,73.16,-9.770687348460641e-05,-4.897764205472748e-06,0.0001746160690063555,-5.104,99.4949,219.0,Removal of haloacetic acids from swimming pool water by reverse osmosis and nanofiltration
NF270,NF,Sucrose,111.00563600000001,6.89476,3.5,25.0,0.5,0.1,18.1,342.297,96,0.529,0.584,0.36459331155819796,0.42,12.62,,-5.89372,-3.7,73.16,0.01740306759686461,-7.585775744537426e-10,4.470843822109512e-09,-3.7,99.4949,219.0,Removal of haloacetic acids from swimming pool water by reverse osmosis and nanofiltration
NF270,NF,Sucrose,111.00563600000001,6.89476,5.5,25.0,0.5,0.1,18.1,342.297,180,0.529,0.584,0.36459331155819796,0.42,12.62,,-22.1256,-3.7,73.16,0.01740306759686461,-7.585775174851948e-08,1.6783982720870426e-06,-3.7,98.9899,219.0,Removal of haloacetic acids from swimming pool water by reverse osmosis and nanofiltration
NF270,NF,Sucrose,111.00563600000001,6.89476,7.5,25.0,0.5,0.1,18.1,342.297,330,0.529,0.584,0.36459331155819796,0.42,12.62,,-35.6522,-3.7,73.16,0.01740306759686461,-7.585718206734624e-06,0.00027044754265014416,-3.7,98.9899,220.0,Removal of haloacetic acids from swimming pool water by reverse osmosis and nanofiltration
NF270,NF,Tribromoacetic acid,111.00563600000001,6.89476,3.5,25.0,0.5,0.1,18.1,296.74,96,0.339,0.396,0.22347057632666453,0.42,0.72,,-5.89372,3.33,73.16,0.21895586377195794,-0.998343162757957,5.883955065209826,-1.247441902701456,49.494799999999984,220.0,Removal of haloacetic acids from swimming pool water by reverse osmosis and nanofiltration
NF270,NF,Tribromoacetic acid,111.00563600000001,6.89476,5.5,25.0,0.5,0.1,18.1,296.74,180,0.339,0.396,0.22347057632666453,0.42,0.72,,-22.1256,3.33,73.16,0.21895586377195794,-0.999983404406344,22.125232812533003,-1.2549624739158087,41.41399999999999,220.0,Removal of haloacetic acids from swimming pool water by reverse osmosis and nanofiltration
NF270,NF,Tribromoacetic acid,111.00563600000001,6.89476,7.5,25.0,0.5,0.1,18.1,296.74,330,0.339,0.396,0.22347057632666453,0.42,0.72,,-35.6522,3.33,73.16,0.21895586377195794,-0.9999998340413367,35.65219408320855,-1.2550378044258652,72.7271,221.0,Removal of haloacetic acids from swimming pool water by reverse osmosis and nanofiltration
NF270,NF,Trichloroacetic acid,111.00563600000001,6.89476,3.5,25.0,0.5,0.1,18.1,163.387,96,0.317,0.385,0.23113091978683248,0.42,0.51,,-5.89372,1.33,73.16,0.2022195547651242,-0.9989777530658435,5.887695162799223,-2.221384336393762,33.837999999999994,221.0,Removal of haloacetic acids from swimming pool water by reverse osmosis and nanofiltration
NF270,NF,Trichloroacetic acid,111.00563600000001,6.89476,5.5,25.0,0.5,0.1,18.1,163.387,180,0.317,0.385,0.23113091978683248,0.42,0.51,,-22.1256,1.33,73.16,0.2022195547651242,-0.999989767174789,22.12537359260251,-2.2249820652157393,43.93929999999999,221.0,Removal of haloacetic acids from swimming pool water by reverse osmosis and nanofiltration
NF270,NF,Trichloroacetic acid,111.00563600000001,6.89476,7.5,25.0,0.5,0.1,18.1,163.387,330,0.317,0.385,0.23113091978683248,0.42,0.51,,-35.6522,1.33,73.16,0.2022195547651242,-0.9999998976707112,35.65219635173573,-2.2250180793155803,69.19179999999999,222.0,Removal of haloacetic acids from swimming pool water by reverse osmosis and nanofiltration
NF270,NF,Xylose,111.00563600000001,6.89476,3.5,25.0,0.5,0.1,18.1,150.13,96,0.40599999999999997,0.41100000000000003,0.2271758314535358,0.42,12.14,,-5.89372,-2.39,73.16,0.2107775508822859,-2.2908676475196924e-09,1.350173247153976e-08,-2.39,53.0303,222.0,Removal of haloacetic acids from swimming pool water by reverse osmosis and nanofiltration
NF270,NF,Xylose,111.00563600000001,6.89476,5.5,25.0,0.5,0.1,18.1,150.13,180,0.40599999999999997,0.41100000000000003,0.2271758314535358,0.42,12.14,,-22.1256,-2.39,73.16,0.2107775508822859,-2.2908671279604276e-07,5.068680972640123e-06,-2.39,48.4848,222.0,Removal of haloacetic acids from swimming pool water by reverse osmosis and nanofiltration
NF270,NF,Xylose,111.00563600000001,6.89476,7.5,25.0,0.5,0.1,18.1,150.13,330,0.40599999999999997,0.41100000000000003,0.2271758314535358,0.42,12.14,,-35.6522,-2.39,73.16,0.2107775508822859,-2.2908151732239808e-05,0.00081672600718816,-2.39,52.0202,223.0,Removal of haloacetic acids from swimming pool water by reverse osmosis and nanofiltration
NF90,NF,Glycerol,53.02070440000001,6.89476,3.5,25.0,0.5,0.1,18.1,92.094,330,0.301,0.438,0.18991238664148963,0.34,14.4,,5.2657,-1.76,54.1,0.19486411491049915,-1.2589254117783152e-11,-6.629123540801073e-11,-1.76,74.09,223.0,Removal of haloacetic acids from swimming pool water by reverse osmosis and nanofiltration
NF90,NF,Chloroacetic acid,53.02070440000001,6.89476,3.5,25.0,0.5,0.1,18.1,94.497,330,0.264,0.343,0.18080832247887618,0.34,2.87,,5.2657,0.22,54.1,0.2192213684428156,-0.8100951586047567,-4.265718076665067,-2.436629979300485,78.811,223.0,Removal of haloacetic acids from swimming pool water by reverse osmosis and nanofiltration
NF90,NF,Bromoacetic acid,53.02070440000001,6.89476,3.5,25.0,0.5,0.1,18.1,138.948,330,0.268,0.358,0.18413924243231267,0.34,2.89,,5.2657,0.41,54.1,0.2101433888371402,-0.8029091701538159,-4.227878817278948,-2.0544397554342133,81.021,223.0,Removal of haloacetic acids from swimming pool water by reverse osmosis and nanofiltration
NF90,NF,Dibromochloroacetic acid,53.02070440000001,6.89476,3.5,25.0,0.5,0.1,18.1,252.289,330,0.333,0.378,0.22095967578172254,0.34,0.03,,5.2657,2.86,54.1,0.12258303451550705,-0.9996612706203316,-5.26391635270548,-1.7334514271172838,88.729,223.0,Removal of haloacetic acids from swimming pool water by reverse osmosis and nanofiltration
NF90,NF,Dichloroacetic acid,53.02070440000001,6.89476,3.5,25.0,0.5,0.1,18.1,128.942,330,0.308,0.34700000000000003,0.20431713784192027,0.34,1.26,,5.2657,0.92,54.1,0.15925466335128435,-0.9942785242829096,-5.2355724253165175,-2.7639113697412734,90.453,223.0,Removal of haloacetic acids from swimming pool water by reverse osmosis and nanofiltration
NF90,NF,Bromochloroacetic acid,53.02070440000001,6.89476,3.5,25.0,0.5,0.1,18.1,173.393,330,0.323,0.358,0.20229249218243678,0.34,1.4,,5.2657,0.61,54.1,0.1640428867588602,-0.9921193161496697,-5.224202683049316,-2.5649125928354395,90.485,223.0,Removal of haloacetic acids from swimming pool water by reverse osmosis and nanofiltration
NF90,NF,Dibromoacetic acid,53.02070440000001,6.89476,3.5,25.0,0.5,0.1,18.1,217.844,330,0.325,0.382,0.20495327371940447,0.34,1.48,,5.2657,1.65,54.1,0.15776486400610812,-0.9905404124990876,-5.215888650096446,-0.6631023776509091,90.881,223.0,Removal of haloacetic acids from swimming pool water by reverse osmosis and nanofiltration
NF90,NF,Bromodichloroacetic acid,53.02070440000001,6.89476,3.5,25.0,0.5,0.1,18.1,207.838,330,0.325,0.397,0.2184269227652916,0.34,0.03,,5.2657,1.53,54.1,0.12785478467401706,-0.9996612706203316,-5.26391635270548,-1.9638221429755591,93.778,223.0,Removal of haloacetic acids from swimming pool water by reverse osmosis and nanofiltration
NF90,NF,Erythritol,53.02070440000001,6.89476,3.5,25.0,0.5,0.1,18.1,122.119999999999,330,0.33599999999999997,0.472,0.20772947513878956,0.34,13.903,,5.2657,-2.29,54.1,0.1513450843171288,-3.953666200524956e-11,-2.081882011210426e-10,-2.29,94.079,223.0,Removal of haloacetic acids from swimming pool water by reverse osmosis and nanofiltration
NF90,NF,Trichloroacetic acid,53.02070440000001,6.89476,3.5,25.0,0.5,0.1,18.1,163.387,330,0.317,0.385,0.23113091978683248,0.34,0.51,,5.2657,1.33,54.1,0.10253007462336594,-0.9989777530658435,-5.260317154318812,-2.221384336393762,94.472,223.0,Removal of haloacetic acids from swimming pool water by reverse osmosis and nanofiltration
NF90,NF,Xylose,53.02070440000001,6.89476,3.5,25.0,0.5,0.1,18.1,150.13,330,0.40599999999999997,0.41100000000000003,0.2271758314535358,0.34,12.14,,5.2657,-2.39,54.1,0.11011499142042357,-2.2908676475196924e-09,-1.2063021771544443e-08,-2.39,96.278,223.0,Removal of haloacetic acids from swimming pool water by reverse osmosis and nanofiltration
NF90,NF,Sucrose,53.02070440000001,6.89476,3.5,25.0,0.5,0.1,18.1,342.297,330,0.529,0.584,0.36459331155819796,0.34,12.62,,5.2657,-3.7,54.1,-0.005232101846008581,-7.585775744537426e-10,-3.994441933801072e-09,-3.7,99.684,223.0,Removal of haloacetic acids from swimming pool water by reverse osmosis and nanofiltration
NF90,NF,Glucose,53.02070440000001,6.89476,3.5,25.0,0.5,0.1,18.1,180.156,330,0.40099999999999997,0.481,0.2515616313767203,0.34,12.45,,5.2657,-3.24,54.1,0.06765869415871203,-1.1220184530430384e-09,-5.908212568188727e-09,-3.24,100.0,223.0,Removal of haloacetic acids from swimming pool water by reverse osmosis and nanofiltration
NF90,NF,Tribromoacetic acid,53.02070440000001,6.89476,3.5,25.0,0.5,0.1,18.1,296.74,330,0.339,0.396,0.22347057632666453,0.34,0.72,,5.2657,3.33,54.1,0.11746631991037816,-0.998343162757957,-5.256975592134574,-1.247441902701456,100.0,223.0,Removal of haloacetic acids from swimming pool water by reverse osmosis and nanofiltration
NF90,NF,Raffinose,53.02070440000001,6.89476,3.5,25.0,0.5,0.1,18.1,504.438,330,0.5730000000000001,0.753,0.424151565064248,0.34,12.81,,5.2657,-5.104,54.1,-0.06125852857060866,-4.897788191285612e-10,-2.579028327885265e-09,-5.104,100.0,224.0,Removal of haloacetic acids from swimming pool water by reverse osmosis and nanofiltration
XLE,RO,Bromoacetic acid,49.98701,6.89476,3.5,25.0,0.5,0.1,18.1,138.948,330,0.268,0.358,0.18413924243231267,0.3,2.89,,-1.15942,0.41,39.8,0.14915239049064902,-0.8029091701538159,0.9309089500597372,-2.0544397554342133,78.636,224.0,Removal of haloacetic acids from swimming pool water by reverse osmosis and nanofiltration
XLE,RO,Chloroacetic acid,49.98701,6.89476,3.5,25.0,0.5,0.1,18.1,94.497,330,0.264,0.343,0.18080832247887618,0.3,2.87,,-1.15942,0.22,39.8,0.15785173322555077,-0.8100951586047567,0.9392405287895269,-2.436629979300485,81.364,224.0,Removal of haloacetic acids from swimming pool water by reverse osmosis and nanofiltration
XLE,RO,Glycerol,49.98701,6.89476,3.5,25.0,0.5,0.1,18.1,92.094,330,0.301,0.438,0.18991238664148963,0.3,14.4,,-1.15942,-1.76,39.8,0.13465869572192077,-1.2589254117783152e-11,1.459623300924014e-11,-1.76,89.091,224.0,Removal of haloacetic acids from swimming pool water by reverse osmosis and nanofiltration
XLE,RO,Dibromochloroacetic acid,49.98701,6.89476,3.5,25.0,0.5,0.1,18.1,252.289,330,0.333,0.378,0.22095967578172254,0.3,0.03,,-1.15942,2.86,39.8,0.06941525391700462,-0.9996612706203316,1.1590272703826248,-1.7334514271172838,92.273,224.0,Removal of haloacetic acids from swimming pool water by reverse osmosis and nanofiltration
XLE,RO,Bromochloroacetic acid,49.98701,6.89476,3.5,25.0,0.5,0.1,18.1,173.393,330,0.323,0.358,0.20229249218243678,0.3,1.4,,-1.15942,0.61,39.8,0.10607507871021307,-0.9921193161496697,1.15028297753025,-2.5649125928354395,92.955,224.0,Removal of haloacetic acids from swimming pool water by reverse osmosis and nanofiltration
XLE,RO,Dibromoacetic acid,49.98701,6.89476,3.5,25.0,0.5,0.1,18.1,217.844,330,0.325,0.382,0.20495327371940447,0.3,1.48,,-1.15942,1.65,39.8,0.10037644640731609,-0.9905404124990876,1.148452365059692,-0.6631023776509091,92.955,224.0,Removal of haloacetic acids from swimming pool water by reverse osmosis and nanofiltration
XLE,RO,Bromodichloroacetic acid,49.98701,6.89476,3.5,25.0,0.5,0.1,18.1,207.838,330,0.325,0.397,0.2184269227652916,0.3,0.03,,-1.15942,1.53,39.8,0.07393518810599667,-0.9996612706203316,1.1590272703826248,-1.9638221429755591,93.864,224.0,Removal of haloacetic acids from swimming pool water by reverse osmosis and nanofiltration
XLE,RO,Dichloroacetic acid,49.98701,6.89476,3.5,25.0,0.5,0.1,18.1,128.942,330,0.308,0.34700000000000003,0.20431713784192027,0.3,1.26,,-1.15942,0.92,39.8,0.1017245567862454,-0.9942785242829096,1.152786406624091,-2.7639113697412734,94.091,224.0,Removal of haloacetic acids from swimming pool water by reverse osmosis and nanofiltration
XLE,RO,Trichloroacetic acid,49.98701,6.89476,3.5,25.0,0.5,0.1,18.1,163.387,330,0.317,0.385,0.23113091978683248,0.3,0.51,,-1.15942,1.33,39.8,0.05269944677119667,-0.9989777530658435,1.1582347864596,-2.221384336393762,95.682,224.0,Removal of haloacetic acids from swimming pool water by reverse osmosis and nanofiltration
XLE,RO,Xylose,49.98701,6.89476,3.5,25.0,0.5,0.1,18.1,150.13,330,0.40599999999999997,0.41100000000000003,0.2271758314535358,0.3,12.14,,-1.15942,-2.39,39.8,0.058926216938709204,-2.2908676475196924e-09,2.6560777678872814e-09,-2.39,96.591,224.0,Removal of haloacetic acids from swimming pool water by reverse osmosis and nanofiltration
XLE,RO,Erythritol,49.98701,6.89476,3.5,25.0,0.5,0.1,18.1,122.119999999999,330,0.33599999999999997,0.472,0.20772947513878956,0.3,13.903,,-1.15942,-2.29,39.8,0.09459833064625835,-3.953666200524956e-11,4.583959666212644e-11,-2.29,97.273,224.0,Removal of haloacetic acids from swimming pool water by reverse osmosis and nanofiltration
XLE,RO,Sucrose,49.98701,6.89476,3.5,25.0,0.5,0.1,18.1,342.297,330,0.529,0.584,0.36459331155819796,0.3,12.62,,-1.15942,-3.7,39.8,-0.04635884331171596,-7.585775744537426e-10,8.795100113731581e-10,-3.7,98.636,224.0,Removal of haloacetic acids from swimming pool water by reverse osmosis and nanofiltration
XLE,RO,Raffinose,49.98701,6.89476,3.5,25.0,0.5,0.1,18.1,504.438,330,0.5730000000000001,0.753,0.424151565064248,0.3,12.81,,-1.15942,-5.104,39.8,-0.17126234564335796,-4.897788191285612e-10,5.678593584740364e-10,-5.104,99.091,224.0,Removal of haloacetic acids from swimming pool water by reverse osmosis and nanofiltration
XLE,RO,Tribromoacetic acid,49.98701,6.89476,3.5,25.0,0.5,0.1,18.1,296.74,330,0.339,0.396,0.22347057632666453,0.3,0.72,,-1.15942,3.33,39.8,0.06507502986414311,-0.998343162757957,1.1574990297648304,-1.247441902701456,99.773,224.0,Removal of haloacetic acids from swimming pool water by reverse osmosis and nanofiltration
XLE,RO,Glucose,49.98701,6.89476,3.5,25.0,0.5,0.1,18.1,180.156,330,0.40099999999999997,0.481,0.2515616313767203,0.3,12.45,,-1.15942,-3.24,39.8,0.0260697283876081,-1.1220184530430384e-09,1.3008906348271595e-09,-3.24,100.0,225.0,Removal of haloacetic acids from swimming pool water by reverse osmosis and nanofiltration
AK,RO,Formaldehyde,44.67087011349307,8.0,7.0,20.0,0.5,0.030026,,30.026,200,0.20800000000000002,0.23399999999999999,0.12737612642857962,,13.27,,-19.9,0.35,50.0,,-5.37031507967257e-07,1.0686927008548414e-05,0.35,3.35,225.0,Removal of organic contaminants by RO and NF membranes
AK,RO,Methanol,44.67087011349307,8.0,7.0,20.0,0.5,0.032042,,32.042,200,0.22000000000000003,0.262,0.13145717648167643,,15.3,,-19.9,-0.77,50.0,,-5.011872311153847e-09,9.973625899196154e-08,-0.77,3.77,225.0,Removal of organic contaminants by RO and NF membranes
AK,RO,Urea,44.67087011349307,8.0,7.0,20.0,0.5,0.060056,,60.056,200,0.28700000000000003,0.319,0.14277148504511986,,0.1,,-19.9,-2.11,50.0,,-0.9999998741074746,19.89999749473874,-3.735003100236046,17.16,225.0,Removal of organic contaminants by RO and NF membranes
AK,RO,Isopropanol,44.67087011349307,8.0,7.0,20.0,0.5,0.060096,,60.096,200,0.29500000000000004,0.33599999999999997,0.19535704946778623,,17.1,,-19.9,0.05,50.0,,-7.943282346611806e-11,1.5807131869757493e-09,0.05,65.27,225.0,Removal of organic contaminants by RO and NF membranes
AK,RO,2-(2-Butoxyethoxy)ethanol,44.67087011349307,8.0,7.0,20.0,0.5,0.162229,,162.228999999999,200,0.325,0.808,0.3154284711145045,,14.37,,-19.9,0.56,50.0,,-4.2657950060458453e-08,8.488932062031231e-07,0.56,81.59,225.0,Removal of organic contaminants by RO and NF membranes
AK,RO,Caprolactam,44.67087011349307,8.0,7.0,20.0,0.5,0.11316,,113.16,200,0.392,0.40099999999999997,0.24406145828818357,,,16.61,-19.9,-0.19,50.0,,0.999999999754529,-19.899999995115127,-0.19,82.85,225.0,Removal of organic contaminants by RO and NF membranes
AK,RO,Creatine,44.67087011349307,8.0,7.0,20.0,0.5,0.131135,,131.135,200,0.335,0.43600000000000005,0.22240639066619755,,3.8,12.7,-19.9,-3.72,50.0,,0.9936934052044928,-19.774498763569405,-3.9730785218439113,96.65,227.0,Removal of organic contaminants by RO and NF membranes
De-HL,NF,Formaldehyde,74.304,8.0,7.0,20.0,0.5,0.030026,,30.026,200,0.20800000000000002,0.23399999999999999,0.12737612642857962,0.45,13.27,,-10.1,0.35,50.0,0.5140057471517424,-5.37031507967257e-07,5.4240182304692956e-06,0.35,3.35,227.0,Removal of organic contaminants by RO and NF membranes
De-HL,NF,Methanol,74.304,8.0,7.0,20.0,0.5,0.032042,,32.042,200,0.22000000000000003,0.262,0.13145717648167643,0.45,15.3,,-10.1,-0.77,50.0,0.5010841008149423,-5.011872311153847e-09,5.061991034265385e-08,-0.77,3.77,227.0,Removal of organic contaminants by RO and NF membranes
De-HL,NF,Urea,74.304,8.0,7.0,20.0,0.5,0.060056,,60.056,200,0.28700000000000003,0.319,0.14277148504511986,0.45,0.1,,-10.1,-2.11,50.0,0.4661202982784248,-0.9999998741074746,10.099998728485494,-3.735003100236046,17.16,227.0,Removal of organic contaminants by RO and NF membranes
De-HL,NF,Isopropanol,74.304,8.0,7.0,20.0,0.5,0.060096,,60.096,200,0.29500000000000004,0.33599999999999997,0.19535704946778623,0.45,17.1,,-10.1,0.05,50.0,0.32021250496667397,-7.943282346611806e-11,8.022715170077923e-10,0.05,65.27,227.0,Removal of organic contaminants by RO and NF membranes
De-HL,NF,2-(2-Butoxyethoxy)ethanol,74.304,8.0,7.0,20.0,0.5,0.162229,,162.228999999999,200,0.325,0.808,0.3154284711145045,0.45,14.37,,-10.1,0.56,50.0,0.08942961178557902,-4.2657950060458453e-08,4.3084529561063034e-07,0.56,81.59,227.0,Removal of organic contaminants by RO and NF membranes
De-HL,NF,Caprolactam,74.304,8.0,7.0,20.0,0.5,0.11316,,113.16,200,0.392,0.40099999999999997,0.24406145828818357,0.45,,16.61,-10.1,-0.19,50.0,0.20943547141920768,0.999999999754529,-10.099999997520742,-0.19,82.85,227.0,Removal of organic contaminants by RO and NF membranes
De-HL,NF,Creatine,74.304,8.0,7.0,20.0,0.5,0.131135,,131.135,200,0.335,0.43600000000000005,0.22240639066619755,0.45,3.8,12.7,-10.1,-3.72,50.0,0.25579679510907405,0.9936934052044928,-10.036303392565376,-3.9730785218439113,96.65,228.0,Removal of organic contaminants by RO and NF membranes
ESNA,RO,Methanol,39.333333333333336,8.0,7.0,20.0,0.5,0.032042,,32.042,175,0.22000000000000003,0.262,0.13145717648167643,,15.3,,-5.0,-0.77,63.2,,-5.011872311153847e-09,2.5059361555769232e-08,-0.77,6.7,228.0,Removal of organic contaminants by RO and NF membranes
ESNA,RO,Formaldehyde,39.333333333333336,8.0,7.0,20.0,0.5,0.030026,,30.026,175,0.20800000000000002,0.23399999999999999,0.12737612642857962,,13.27,,-5.0,0.35,63.2,,-5.37031507967257e-07,2.6851575398362853e-06,0.35,12.13,228.0,Removal of organic contaminants by RO and NF membranes
ESNA,RO,Urea,39.333333333333336,8.0,7.0,20.0,0.5,0.060056,,60.056,175,0.28700000000000003,0.319,0.14277148504511986,,0.1,,-5.0,-2.11,63.2,,-0.9999998741074746,4.999999370537373,-3.735003100236046,22.18,228.0,Removal of organic contaminants by RO and NF membranes
ESNA,RO,Isopropanol,39.333333333333336,8.0,7.0,20.0,0.5,0.060096,,60.096,175,0.29500000000000004,0.33599999999999997,0.19535704946778623,,17.1,,-5.0,0.05,63.2,,-7.943282346611806e-11,3.971641173305903e-10,0.05,51.46,228.0,Removal of organic contaminants by RO and NF membranes
ESNA,RO,Caprolactam,39.333333333333336,8.0,7.0,20.0,0.5,0.11316,,113.16,175,0.392,0.40099999999999997,0.24406145828818357,,,16.61,-5.0,-0.19,63.2,,0.999999999754529,-4.999999998772645,-0.19,59.41,228.0,Removal of organic contaminants by RO and NF membranes
ESNA,RO,2-(2-Butoxyethoxy)ethanol,39.333333333333336,8.0,7.0,20.0,0.5,0.162229,,162.228999999999,175,0.325,0.808,0.3154284711145045,,14.37,,-5.0,0.56,63.2,,-4.2657950060458453e-08,2.1328975030229226e-07,0.56,61.09,228.0,Removal of organic contaminants by RO and NF membranes
ESNA,RO,Creatine,39.333333333333336,8.0,7.0,20.0,0.5,0.131135,,131.135,175,0.335,0.43600000000000005,0.22240639066619755,,3.8,12.7,-5.0,-3.72,63.2,,0.9936934052044928,-4.968467026022464,-3.9730785218439113,89.54,226.0,Removal of organic contaminants by RO and NF membranes
ESPA,RO,Methanol,48.0,8.0,7.0,20.0,0.5,0.032042,,32.042,150,0.22000000000000003,0.262,0.13145717648167643,,15.3,,-13.79,-0.77,47.0,,-5.011872311153847e-09,6.911371917081154e-08,-0.77,10.15,226.0,Removal of organic contaminants by RO and NF membranes
ESPA,RO,Urea,48.0,8.0,7.0,20.0,0.5,0.060056,,60.056,150,0.28700000000000003,0.319,0.14277148504511986,,0.1,,-13.79,-2.11,47.0,,-0.9999998741074746,13.789998263942074,-3.735003100236046,12.31,226.0,Removal of organic contaminants by RO and NF membranes
ESPA,RO,Formaldehyde,48.0,8.0,7.0,20.0,0.5,0.030026,,30.026,150,0.20800000000000002,0.23399999999999999,0.12737612642857962,,13.27,,-13.79,0.35,47.0,,-5.37031507967257e-07,7.405664494868474e-06,0.35,16.03,226.0,Removal of organic contaminants by RO and NF membranes
ESPA,RO,Isopropanol,48.0,8.0,7.0,20.0,0.5,0.060096,,60.096,150,0.29500000000000004,0.33599999999999997,0.19535704946778623,,17.1,,-13.79,0.05,47.0,,-7.943282346611806e-11,1.0953786355977679e-09,0.05,68.19,226.0,Removal of organic contaminants by RO and NF membranes
ESPA,RO,Caprolactam,48.0,8.0,7.0,20.0,0.5,0.11316,,113.16,150,0.392,0.40099999999999997,0.24406145828818357,,,16.61,-13.79,-0.19,47.0,,0.999999999754529,-13.789999996614954,-0.19,78.39,226.0,Removal of organic contaminants by RO and NF membranes
ESPA,RO,2-(2-Butoxyethoxy)ethanol,48.0,8.0,7.0,20.0,0.5,0.162229,,162.228999999999,150,0.325,0.808,0.3154284711145045,,14.37,,-13.79,0.56,47.0,,-4.2657950060458453e-08,5.882531313337221e-07,0.56,85.21,226.0,Removal of organic contaminants by RO and NF membranes
ESPA,RO,Creatine,48.0,8.0,7.0,20.0,0.5,0.131135,,131.135,150,0.335,0.43600000000000005,0.22240639066619755,,3.8,12.7,-13.79,-3.72,47.0,,0.9936934052044928,-13.703032057769954,-3.9730785218439113,98.59,229.0,Removal of organic contaminants by RO and NF membranes
DK,NF,Chlortoluron,29.0,10.0,7.0,20.0,1.0,0.05,200.0,212.679999999999,250,0.393,0.637,0.32039900571704105,0.48,14.43,,-17.39,2.41,40.6,0.11055762750047352,-3.7153521529333037e-08,6.460997393951015e-07,2.41,69.8,229.0,Removal of phenyl-urea herbicides in ultrapure water by ultrafiltration and nanofiltration processes
DK,NF,Chlortoluron,58.0,20.0,3.0,20.0,1.0,0.05,200.0,212.679999999999,250,0.393,0.637,0.32039900571704105,0.48,14.43,,-17.39,2.41,40.6,0.11055762750047352,-3.715352290957918e-12,6.46099763397582e-11,2.41,81.3,229.0,Removal of phenyl-urea herbicides in ultrapure water by ultrafiltration and nanofiltration processes
DK,NF,Chlortoluron,58.0,20.0,7.0,20.0,1.0,0.05,100.0,212.679999999999,250,0.393,0.637,0.32039900571704105,0.48,14.43,,-17.39,2.41,40.6,0.11055762750047352,-3.7153521529333037e-08,6.460997393951015e-07,2.41,70.5,229.0,Removal of phenyl-urea herbicides in ultrapure water by ultrafiltration and nanofiltration processes
DK,NF,Chlortoluron,58.0,20.0,7.0,20.0,1.0,0.05,300.0,212.679999999999,250,0.393,0.637,0.32039900571704105,0.48,14.43,,-17.39,2.41,40.6,0.11055762750047352,-3.7153521529333037e-08,6.460997393951015e-07,2.41,81.6,229.0,Removal of phenyl-urea herbicides in ultrapure water by ultrafiltration and nanofiltration processes
DK,NF,Chlortoluron,58.0,20.0,7.0,20.0,1.0,0.05,200.0,212.679999999999,250,0.393,0.637,0.32039900571704105,0.48,14.43,,-17.39,2.41,40.6,0.11055762750047352,-3.7153521529333037e-08,6.460997393951015e-07,2.41,85.9,229.0,Removal of phenyl-urea herbicides in ultrapure water by ultrafiltration and nanofiltration processes
DK,NF,Chlortoluron,58.0,20.0,9.0,20.0,1.0,0.05,200.0,212.679999999999,250,0.393,0.637,0.32039900571704105,0.48,14.43,,-17.39,2.41,40.6,0.11055762750047352,-3.715338487180367e-06,6.460973629206659e-05,2.41,60.3,229.0,Removal of phenyl-urea herbicides in ultrapure water by ultrafiltration and nanofiltration processes
DK,NF,Chlortoluron,101.5,35.0,7.0,20.0,1.0,0.05,200.0,212.679999999999,250,0.393,0.637,0.32039900571704105,0.48,14.43,,-17.39,2.41,40.6,0.11055762750047352,-3.7153521529333037e-08,6.460997393951015e-07,2.41,90.3,230.0,Removal of phenyl-urea herbicides in ultrapure water by ultrafiltration and nanofiltration processes
DK,NF,Diuron,29.0,10.0,7.0,20.0,1.0,0.05,200.0,233.097999999999,250,0.393,0.65,0.3452604307057441,0.48,13.55,,-17.39,2.68,40.6,0.07879666464236802,-2.818382136936434e-07,4.9011665361324585e-06,2.68,61.9,230.0,Removal of phenyl-urea herbicides in ultrapure water by ultrafiltration and nanofiltration processes
DK,NF,Diuron,58.0,20.0,3.0,20.0,1.0,0.05,200.0,233.097999999999,250,0.393,0.65,0.3452604307057441,0.48,13.55,,-17.39,2.68,40.6,0.07879666464236802,-2.8183829311850144e-11,4.90116791733074e-10,2.68,80.1,230.0,Removal of phenyl-urea herbicides in ultrapure water by ultrafiltration and nanofiltration processes
DK,NF,Diuron,58.0,20.0,7.0,20.0,1.0,0.05,100.0,233.097999999999,250,0.393,0.65,0.3452604307057441,0.48,13.55,,-17.39,2.68,40.6,0.07879666464236802,-2.818382136936434e-07,4.9011665361324585e-06,2.68,64.7,230.0,Removal of phenyl-urea herbicides in ultrapure water by ultrafiltration and nanofiltration processes
DK,NF,Diuron,58.0,20.0,7.0,20.0,1.0,0.05,300.0,233.097999999999,250,0.393,0.65,0.3452604307057441,0.48,13.55,,-17.39,2.68,40.6,0.07879666464236802,-2.818382136936434e-07,4.9011665361324585e-06,2.68,68.9,230.0,Removal of phenyl-urea herbicides in ultrapure water by ultrafiltration and nanofiltration processes
DK,NF,Diuron,58.0,20.0,7.0,20.0,1.0,0.05,200.0,233.097999999999,250,0.393,0.65,0.3452604307057441,0.48,13.55,,-17.39,2.68,40.6,0.07879666464236802,-2.818382136936434e-07,4.9011665361324585e-06,2.68,81.4,230.0,Removal of phenyl-urea herbicides in ultrapure water by ultrafiltration and nanofiltration processes
DK,NF,Diuron,58.0,20.0,9.0,20.0,1.0,0.05,200.0,233.097999999999,250,0.393,0.65,0.3452604307057441,0.48,13.55,,-17.39,2.68,40.6,0.07879666464236802,-2.8183035006796315e-05,0.0004901029787681879,2.68,51.1,230.0,Removal of phenyl-urea herbicides in ultrapure water by ultrafiltration and nanofiltration processes
DK,NF,Diuron,101.5,35.0,7.0,20.0,1.0,0.05,200.0,233.097999999999,250,0.393,0.65,0.3452604307057441,0.48,13.55,,-17.39,2.68,40.6,0.07879666464236802,-2.818382136936434e-07,4.9011665361324585e-06,2.68,86.1,231.0,Removal of phenyl-urea herbicides in ultrapure water by ultrafiltration and nanofiltration processes
DK,NF,Isoproturon,29.0,10.0,7.0,20.0,1.0,0.05,200.0,206.289,250,0.351,0.6980000000000001,0.34388687817302505,0.48,15.06,,-17.39,2.87,40.6,0.0804113799196394,-8.709635823703039e-09,1.5146056697419586e-07,2.87,85.3,231.0,Removal of phenyl-urea herbicides in ultrapure water by ultrafiltration and nanofiltration processes
DK,NF,Isoproturon,58.0,20.0,3.0,20.0,1.0,0.05,200.0,206.289,250,0.351,0.6980000000000001,0.34388687817302505,0.48,15.06,,-17.39,2.87,40.6,0.0804113799196394,-8.709635899553204e-13,1.5146056829323022e-11,2.87,95.4,231.0,Removal of phenyl-urea herbicides in ultrapure water by ultrafiltration and nanofiltration processes
DK,NF,Isoproturon,58.0,20.0,7.0,20.0,1.0,0.05,100.0,206.289,250,0.351,0.6980000000000001,0.34388687817302505,0.48,15.06,,-17.39,2.87,40.6,0.0804113799196394,-8.709635823703039e-09,1.5146056697419586e-07,2.87,90.3,231.0,Removal of phenyl-urea herbicides in ultrapure water by ultrafiltration and nanofiltration processes
DK,NF,Isoproturon,58.0,20.0,7.0,20.0,1.0,0.05,300.0,206.289,250,0.351,0.6980000000000001,0.34388687817302505,0.48,15.06,,-17.39,2.87,40.6,0.0804113799196394,-8.709635823703039e-09,1.5146056697419586e-07,2.87,93.4,231.0,Removal of phenyl-urea herbicides in ultrapure water by ultrafiltration and nanofiltration processes
DK,NF,Isoproturon,58.0,20.0,7.0,20.0,1.0,0.05,200.0,206.289,250,0.351,0.6980000000000001,0.34388687817302505,0.48,15.06,,-17.39,2.87,40.6,0.0804113799196394,-8.709635823703039e-09,1.5146056697419586e-07,2.87,94.6,231.0,Removal of phenyl-urea herbicides in ultrapure water by ultrafiltration and nanofiltration processes
DK,NF,Isoproturon,58.0,20.0,9.0,20.0,1.0,0.05,200.0,206.289,250,0.351,0.6980000000000001,0.34388687817302505,0.48,15.06,,-17.39,2.87,40.6,0.0804113799196394,-8.709628313791642e-07,1.5146043637683667e-05,2.87,80.9,231.0,Removal of phenyl-urea herbicides in ultrapure water by ultrafiltration and nanofiltration processes
DK,NF,Isoproturon,101.5,35.0,7.0,20.0,1.0,0.05,200.0,206.289,250,0.351,0.6980000000000001,0.34388687817302505,0.48,15.06,,-17.39,2.87,40.6,0.0804113799196394,-8.709635823703039e-09,1.5146056697419586e-07,2.87,97.1,232.0,Removal of phenyl-urea herbicides in ultrapure water by ultrafiltration and nanofiltration processes
DK,NF,Linuron,29.0,10.0,7.0,20.0,1.0,0.05,200.0,249.096999999999,250,0.398,0.639,0.3121424816914341,0.48,12.13,,-17.39,3.2,40.6,0.12229230231211165,-7.413047459329147e-06,0.00012891289531773387,3.2,75.2,232.0,Removal of phenyl-urea herbicides in ultrapure water by ultrafiltration and nanofiltration processes
DK,NF,Linuron,58.0,20.0,3.0,20.0,1.0,0.05,200.0,249.096999999999,250,0.398,0.639,0.3121424816914341,0.48,12.13,,-17.39,3.2,40.6,0.12229230231211165,-7.413102407513729e-10,1.2891385086666374e-08,3.2,87.6,232.0,Removal of phenyl-urea herbicides in ultrapure water by ultrafiltration and nanofiltration processes
DK,NF,Linuron,58.0,20.0,7.0,20.0,1.0,0.05,100.0,249.096999999999,250,0.398,0.639,0.3121424816914341,0.48,12.13,,-17.39,3.2,40.6,0.12229230231211165,-7.413047459329147e-06,0.00012891289531773387,3.2,75.7,232.0,Removal of phenyl-urea herbicides in ultrapure water by ultrafiltration and nanofiltration processes
DK,NF,Linuron,58.0,20.0,7.0,20.0,1.0,0.05,300.0,249.096999999999,250,0.398,0.639,0.3121424816914341,0.48,12.13,,-17.39,3.2,40.6,0.12229230231211165,-7.413047459329147e-06,0.00012891289531773387,3.2,85.4,232.0,Removal of phenyl-urea herbicides in ultrapure water by ultrafiltration and nanofiltration processes
DK,NF,Linuron,58.0,20.0,7.0,20.0,1.0,0.05,200.0,249.096999999999,250,0.398,0.639,0.3121424816914341,0.48,12.13,,-17.39,3.2,40.6,0.12229230231211165,-7.413047459329147e-06,0.00012891289531773387,3.2,89.8,232.0,Removal of phenyl-urea herbicides in ultrapure water by ultrafiltration and nanofiltration processes
DK,NF,Linuron,58.0,20.0,9.0,20.0,1.0,0.05,200.0,249.096999999999,250,0.398,0.639,0.3121424816914341,0.48,12.13,,-17.39,3.2,40.6,0.12229230231211165,-0.0007407611075055647,0.01288183565952177,3.2,65.4,232.0,Removal of phenyl-urea herbicides in ultrapure water by ultrafiltration and nanofiltration processes
DK,NF,Linuron,101.5,35.0,7.0,20.0,1.0,0.05,200.0,249.096999999999,250,0.398,0.639,0.3121424816914341,0.48,12.13,,-17.39,3.2,40.6,0.12229230231211165,-7.413047459329147e-06,0.00012891289531773387,3.2,93.6,235.0,Removal of phenyl-urea herbicides in ultrapure water by ultrafiltration and nanofiltration processes
De-HL,NF,Carbamazepine,46.44,5.0,7.0,25.0,24.0,0.02,212.5,236.274,180,0.44800000000000006,0.576,0.33345165595786874,0.45,13.9,,-30.6,2.45,26.8,0.06707909382203948,0.0,0.0,2.45,72.793,235.0,Role of membrane and compound properties in affecting the rejection of pharmaceuticals by different RO/NF membranes
De-HL,NF,Chloramphenicol,46.44,5.0,7.0,25.0,24.0,0.02,212.5,323.132,180,0.43499999999999994,0.747,0.35676096883845776,0.45,11.03,,-30.6,1.1,26.8,0.04293094781206444,-9.331672125655432e-05,0.002855491670450562,1.1,72.973,235.0,Role of membrane and compound properties in affecting the rejection of pharmaceuticals by different RO/NF membranes
De-HL,NF,Chloramphenicol,46.44,5.0,7.0,25.0,0.5,0.02,212.5,323.132,180,0.43499999999999994,0.747,0.35676096883845776,0.45,11.03,,-30.6,1.1,26.8,0.04293094781206444,-9.331672125655432e-05,0.002855491670450562,1.1,75.495,235.0,Role of membrane and compound properties in affecting the rejection of pharmaceuticals by different RO/NF membranes
De-HL,NF,Carbamazepine,46.44,5.0,7.0,25.0,0.5,0.02,212.5,236.274,180,0.44800000000000006,0.576,0.33345165595786874,0.45,13.9,,-30.6,2.45,26.8,0.06707909382203948,0.0,0.0,2.45,82.342,235.0,Role of membrane and compound properties in affecting the rejection of pharmaceuticals by different RO/NF membranes
De-HL,NF,Diclofenac,46.44,5.0,7.0,25.0,24.0,0.02,212.5,296.153,180,0.462,0.634,0.3476931977505725,0.45,4.15,,-30.6,4.51,26.8,0.05168731746421464,-0.9985894549032847,30.55683732004051,2.1899246783083397,89.369,235.0,Role of membrane and compound properties in affecting the rejection of pharmaceuticals by different RO/NF membranes
De-HL,NF,Clofibric acid,46.44,5.0,7.0,25.0,0.5,0.02,212.5,214.648,180,0.35,0.62,0.31493819502272646,0.45,3.12,,-30.6,2.57,26.8,0.0900824254998473,-0.9998681917018621,30.595966666076983,-0.22685459426045274,91.171,235.0,Role of membrane and compound properties in affecting the rejection of pharmaceuticals by different RO/NF membranes
De-HL,NF,Clofibric acid,46.44,5.0,7.0,25.0,24.0,0.02,212.5,214.648,180,0.35,0.62,0.31493819502272646,0.45,3.12,,-30.6,2.57,26.8,0.0900824254998473,-0.9998681917018621,30.595966666076983,-0.22685459426045274,91.712,235.0,Role of membrane and compound properties in affecting the rejection of pharmaceuticals by different RO/NF membranes
De-HL,NF,Ampicillin,46.44,5.0,7.0,25.0,0.5,0.02,212.5,349.412,180,0.449,0.794,0.38870974624140536,0.45,2.5,7.3,-30.6,1.35,26.8,0.018550593608853944,-0.9998422007010169,30.59517134145112,-2.2088090863131176,92.793,235.0,Role of membrane and compound properties in affecting the rejection of pharmaceuticals by different RO/NF membranes
De-HL,NF,Ciprofloxacin,46.44,5.0,7.0,25.0,24.0,0.02,212.5,331.347,180,0.502,0.748,0.36894243687167305,0.45,6.16,8.62,-30.6,0.28,26.8,0.0324460668656924,0.7009062548873292,-21.447731399552275,-1.9668908973476305,94.054,235.0,Role of membrane and compound properties in affecting the rejection of pharmaceuticals by different RO/NF membranes
De-HL,NF,Cephalexin,46.44,5.0,7.0,25.0,0.5,0.02,212.5,365.411,180,0.47400000000000003,0.638,0.39125306823277134,0.45,2.53,7.14,-30.6,0.65,26.8,0.0170429728003132,-0.9999193485754344,30.597532066408295,-3.4238920272801825,94.054,235.0,Role of membrane and compound properties in affecting the rejection of pharmaceuticals by different RO/NF membranes
De-HL,NF,Cephalexin,46.44,5.0,7.0,25.0,24.0,0.02,212.5,365.411,180,0.47400000000000003,0.638,0.39125306823277134,0.45,2.53,7.14,-30.6,0.65,26.8,0.0170429728003132,-0.9999193485754344,30.597532066408295,-3.4238920272801825,95.135,235.0,Role of membrane and compound properties in affecting the rejection of pharmaceuticals by different RO/NF membranes
De-HL,NF,Gemfibrozil,46.44,5.0,7.0,25.0,24.0,0.02,212.5,250.337999999999,180,0.499,0.743,0.3884540064460517,0.45,4.5,,-30.6,4.39,26.8,0.0187057250495933,-0.9968476908167399,30.50353933899224,2.3493716807259686,95.856,235.0,Role of membrane and compound properties in affecting the rejection of pharmaceuticals by different RO/NF membranes
De-HL,NF,Diclofenac,46.44,5.0,7.0,25.0,0.5,0.02,212.5,296.153,180,0.462,0.634,0.3476931977505725,0.45,4.15,,-30.6,4.51,26.8,0.05168731746421464,-0.9985894549032847,30.55683732004051,2.1899246783083397,97.477,235.0,Role of membrane and compound properties in affecting the rejection of pharmaceuticals by different RO/NF membranes
De-HL,NF,Ampicillin,46.44,5.0,7.0,25.0,24.0,0.02,212.5,349.412,180,0.449,0.794,0.38870974624140536,0.45,2.5,7.3,-30.6,1.35,26.8,0.018550593608853944,-0.9998422007010169,30.59517134145112,-2.2088090863131176,97.477,235.0,Role of membrane and compound properties in affecting the rejection of pharmaceuticals by different RO/NF membranes
De-HL,NF,Diltiazem,46.44,5.0,7.0,25.0,24.0,0.02,212.5,414.527,180,0.613,0.85,0.46854672713460255,0.45,,8.06,-30.6,2.7,26.8,-0.0016986720365698845,0.9198816569709808,-28.148378703312012,1.2277210354099395,97.477,235.0,Role of membrane and compound properties in affecting the rejection of pharmaceuticals by different RO/NF membranes
De-HL,NF,Gemfibrozil,46.44,5.0,7.0,25.0,0.5,0.02,212.5,250.337999999999,180,0.499,0.743,0.3884540064460517,0.45,4.5,,-30.6,4.39,26.8,0.0187057250495933,-0.9968476908167399,30.50353933899224,2.3493716807259686,99.279,235.0,Role of membrane and compound properties in affecting the rejection of pharmaceuticals by different RO/NF membranes
De-HL,NF,Ciprofloxacin,46.44,5.0,7.0,25.0,0.5,0.02,212.5,331.347,180,0.502,0.748,0.36894243687167305,0.45,6.16,8.62,-30.6,0.28,26.8,0.0324460668656924,0.7009062548873292,-21.447731399552275,-1.9668908973476305,99.279,235.0,Role of membrane and compound properties in affecting the rejection of pharmaceuticals by different RO/NF membranes
De-HL,NF,Erythromycin,46.44,5.0,7.0,25.0,24.0,0.02,212.5,733.937,180,0.683,0.932,0.6797200230450683,0.45,,8.9,-30.6,3.06,26.8,-0.2605989579645763,0.9875672647455576,-30.219558301214064,0.8153601848775871,99.459,235.0,Role of membrane and compound properties in affecting the rejection of pharmaceuticals by different RO/NF membranes
De-HL,NF,Diltiazem,46.44,5.0,7.0,25.0,0.5,0.02,212.5,414.527,180,0.613,0.85,0.46854672713460255,0.45,,8.06,-30.6,2.7,26.8,-0.0016986720365698845,0.9198816569709808,-28.148378703312012,1.2277210354099395,99.82,235.0,Role of membrane and compound properties in affecting the rejection of pharmaceuticals by different RO/NF membranes
De-HL,NF,Erythromycin,46.44,5.0,7.0,25.0,0.5,0.02,212.5,733.937,180,0.683,0.932,0.6797200230450683,0.45,,8.9,-30.6,3.06,26.8,-0.2605989579645763,0.9875672647455576,-30.219558301214064,0.8153601848775871,100.0,236.0,Role of membrane and compound properties in affecting the rejection of pharmaceuticals by different RO/NF membranes
De-HL,NF,glucose,9.288,1.0,7.0,25.0,12.0,10.0,68.0,180.156,180,0.0,0.0,0.2515616313767203,0.45,12.45,,-30.6,-3.24,26.8,0.19445820316972176,-3.5481213031263073e-06,0.00010857251187566501,-3.24,70.6458,236.0,Role of membrane and compound properties in affecting the rejection of pharmaceuticals by different RO/NF membranes
De-HL,NF,glucose,13.932,1.5,7.0,25.0,12.0,10.0,102.0,180.156,180,0.0,0.0,0.2515616313767203,0.45,12.45,,-30.6,-3.24,26.8,0.19445820316972176,-3.5481213031263073e-06,0.00010857251187566501,-3.24,77.6908,236.0,Role of membrane and compound properties in affecting the rejection of pharmaceuticals by different RO/NF membranes
De-HL,NF,glucose,27.864,3.0,7.0,25.0,12.0,10.0,212.5,180.156,180,0.0,0.0,0.2515616313767203,0.45,12.45,,-30.6,-3.24,26.8,0.19445820316972176,-3.5481213031263073e-06,0.00010857251187566501,-3.24,80.0391,236.0,Role of membrane and compound properties in affecting the rejection of pharmaceuticals by different RO/NF membranes
De-HL,NF,glucose,41.79600000000001,4.5,7.0,25.0,12.0,10.0,312.25,180.156,180,0.0,0.0,0.2515616313767203,0.45,12.45,,-30.6,-3.24,26.8,0.19445820316972176,-3.5481213031263073e-06,0.00010857251187566501,-3.24,82.3875,236.0,Role of membrane and compound properties in affecting the rejection of pharmaceuticals by different RO/NF membranes
De-HL,NF,Propanolol,46.44,5.0,7.0,25.0,24.0,0.02,212.5,294.802,180,0.466,0.741,0.4143107346896919,0.45,,9.53,-30.6,3.48,26.8,0.0062899933747632706,0.9970574747809099,-30.509958728295842,0.6761204636410381,71.892,236.0,Role of membrane and compound properties in affecting the rejection of pharmaceuticals by different RO/NF membranes
De-HL,NF,Sulfamethoxazole,46.44,5.0,7.0,25.0,0.5,0.02,212.5,253.283,180,0.54,0.588,0.3153427582941809,0.45,1.6,5.7,-30.6,0.89,26.8,0.0895435691052809,-1.8590971335596065,56.88837228692396,-0.16891321364232847,81.261,236.0,Role of membrane and compound properties in affecting the rejection of pharmaceuticals by different RO/NF membranes
De-HL,NF,Sulfadiazine,46.44,5.0,7.0,25.0,0.5,0.02,212.5,250.283,180,0.453,0.612,0.3093115947296739,0.45,6.36,,-30.6,-0.09,26.8,0.09774433272843222,-0.8136122105055866,24.896533641470953,-0.09,81.622,236.0,Role of membrane and compound properties in affecting the rejection of pharmaceuticals by different RO/NF membranes
De-HL,NF,Metoprolol,46.44,5.0,7.0,25.0,24.0,0.02,212.5,267.368999999999,180,0.43899999999999995,1.0070000000000001,0.4057420132561651,0.45,,9.56,-30.6,1.88,26.8,0.009672935262308478,0.9972533362368368,-30.515952088847207,-0.728501937152191,81.802,236.0,Role of membrane and compound properties in affecting the rejection of pharmaceuticals by different RO/NF membranes
De-HL,NF,Metoprolol,46.44,5.0,7.0,25.0,0.5,0.02,212.5,267.368999999999,180,0.43899999999999995,1.0070000000000001,0.4057420132561651,0.45,,9.56,-30.6,1.88,26.8,0.009672935262308478,0.9972533362368368,-30.515952088847207,-0.728501937152191,82.703,236.0,Role of membrane and compound properties in affecting the rejection of pharmaceuticals by different RO/NF membranes
De-HL,NF,Sulpiride,46.44,5.0,7.0,25.0,24.0,0.02,212.5,341.433,180,0.5519999999999999,0.714,0.40194252744592934,0.45,,9.12,-30.6,0.57,26.8,0.011405040337211134,0.992471335013991,-30.369622851428126,-1.5844763200003373,83.784,236.0,Role of membrane and compound properties in affecting the rejection of pharmaceuticals by different RO/NF membranes
De-HL,NF,Nizatidine,46.44,5.0,7.0,25.0,24.0,0.02,212.5,331.467,180,0.497,0.93,0.41187957623591204,0.45,,7.31,-30.6,1.1,26.8,0.007176131891129094,0.6712405808158316,-20.539961772964446,1.0178343158970802,85.586,236.0,Role of membrane and compound properties in affecting the rejection of pharmaceuticals by different RO/NF membranes
De-HL,NF,Sulfamethazine,46.44,5.0,7.0,25.0,0.5,0.02,212.5,278.337,180,0.49000000000000005,0.704,0.33697261889209035,0.45,2.65,7.65,-30.6,0.89,26.8,0.06308735249438345,-0.9995563875055626,30.586425457670217,0.89,86.306,236.0,Role of membrane and compound properties in affecting the rejection of pharmaceuticals by different RO/NF membranes
De-HL,NF,Sulpiride,46.44,5.0,7.0,25.0,0.5,0.02,212.5,341.433,180,0.5519999999999999,0.714,0.40194252744592934,0.45,,9.12,-30.6,0.57,26.8,0.011405040337211134,0.992471335013991,-30.369622851428126,-1.5844763200003373,87.928,236.0,Role of membrane and compound properties in affecting the rejection of pharmaceuticals by different RO/NF membranes
De-HL,NF,Sulfadiazine,46.44,5.0,7.0,25.0,24.0,0.02,212.5,250.283,180,0.453,0.612,0.3093115947296739,0.45,6.36,,-30.6,-0.09,26.8,0.09774433272843222,-0.8136122105055866,24.896533641470953,-0.09,88.829,236.0,Role of membrane and compound properties in affecting the rejection of pharmaceuticals by different RO/NF membranes
De-HL,NF,Sulfamethazine,46.44,5.0,7.0,25.0,24.0,0.02,212.5,278.337,180,0.49000000000000005,0.704,0.33697261889209035,0.45,2.65,7.65,-30.6,0.89,26.8,0.06308735249438345,-0.9995563875055626,30.586425457670217,0.89,88.829,236.0,Role of membrane and compound properties in affecting the rejection of pharmaceuticals by different RO/NF membranes
De-HL,NF,Sulfamethoxazole,46.44,5.0,7.0,25.0,24.0,0.02,212.5,253.283,180,0.54,0.588,0.3153427582941809,0.45,1.6,5.7,-30.6,0.89,26.8,0.0895435691052809,-1.8590971335596065,56.88837228692396,-0.16891321364232847,89.009,236.0,Role of membrane and compound properties in affecting the rejection of pharmaceuticals by different RO/NF membranes
De-HL,NF,Naproxen,46.44,5.0,7.0,25.0,0.5,0.02,212.5,230.262999999999,180,0.392,0.73,0.33244899602012684,0.45,4.84,2.74,-30.6,3.18,26.8,0.06823821499593162,-0.9931284718841809,30.389731239655937,1.09862278971032,89.55,236.0,Role of membrane and compound properties in affecting the rejection of pharmaceuticals by different RO/NF membranes
De-HL,NF,Nizatidine,46.44,5.0,7.0,25.0,0.5,0.02,212.5,331.467,180,0.497,0.93,0.41187957623591204,0.45,,7.31,-30.6,1.1,26.8,0.007176131891129094,0.6712405808158316,-20.539961772964446,1.0178343158970802,90.27,236.0,Role of membrane and compound properties in affecting the rejection of pharmaceuticals by different RO/NF membranes
De-HL,NF,Naproxen,46.44,5.0,7.0,25.0,24.0,0.02,212.5,230.262999999999,180,0.392,0.73,0.33244899602012684,0.45,4.84,2.74,-30.6,3.18,26.8,0.06823821499593162,-0.9931284718841809,30.389731239655937,1.09862278971032,91.351,236.0,Role of membrane and compound properties in affecting the rejection of pharmaceuticals by different RO/NF membranes
De-HL,NF,Nalidixic acid,46.44,5.0,7.0,25.0,24.0,0.02,212.5,232.238999999999,180,0.516,0.636,0.32025638719070443,0.45,6.01,,-30.6,1.59,26.8,0.08312792624596742,-0.9071699361527149,27.75940004627308,0.9946735597791301,92.252,236.0,Role of membrane and compound properties in affecting the rejection of pharmaceuticals by different RO/NF membranes
De-HL,NF,Indomethacin,46.44,5.0,7.0,25.0,24.0,0.02,212.5,357.793,180,0.524,0.8539999999999999,0.40615816997435206,0.45,4.5,,-30.6,4.27,26.8,0.009491881777766945,-0.9968476908167399,30.50353933899224,1.454273330286334,93.153,236.0,Role of membrane and compound properties in affecting the rejection of pharmaceuticals by different RO/NF membranes
De-HL,NF,Propanolol,46.44,5.0,7.0,25.0,0.5,0.02,212.5,294.802,180,0.466,0.741,0.4143107346896919,0.45,,9.53,-30.6,3.48,26.8,0.0062899933747632706,0.9970574747809099,-30.509958728295842,0.6761204636410381,93.694,236.0,Role of membrane and compound properties in affecting the rejection of pharmaceuticals by different RO/NF membranes
De-HL,NF,Norfloxacin,46.44,5.0,7.0,25.0,24.0,0.02,212.5,319.336,180,0.516,0.744,0.3854363846657497,0.45,6.34,8.75,-30.6,-1.03,26.8,0.020584989753229834,0.8359071041684609,-25.578757387554905,-3.1378030081271744,95.676,236.0,Role of membrane and compound properties in affecting the rejection of pharmaceuticals by different RO/NF membranes
De-HL,NF,Nalidixic acid,46.44,5.0,7.0,25.0,0.5,0.02,212.5,232.238999999999,180,0.516,0.636,0.32025638719070443,0.45,6.01,,-30.6,1.59,26.8,0.08312792624596742,-0.9071699361527149,27.75940004627308,0.9946735597791301,97.838,236.0,Role of membrane and compound properties in affecting the rejection of pharmaceuticals by different RO/NF membranes
De-HL,NF,Roxithromycin,46.44,5.0,7.0,25.0,24.0,0.02,212.5,837.057999999999,180,0.9119999999999999,1.083,0.7177130859539779,0.45,,9.27,-30.6,3.73,26.8,-0.3539273895851948,0.9946583682969876,-30.43654606988782,1.941941928835152,98.378,236.0,Role of membrane and compound properties in affecting the rejection of pharmaceuticals by different RO/NF membranes
De-HL,NF,Norfloxacin,46.44,5.0,7.0,25.0,0.5,0.02,212.5,319.336,180,0.516,0.744,0.3854363846657497,0.45,6.34,8.75,-30.6,-1.03,26.8,0.020584989753229834,0.8359071041684609,-25.578757387554905,-3.1378030081271744,99.459,236.0,Role of membrane and compound properties in affecting the rejection of pharmaceuticals by different RO/NF membranes
De-HL,NF,Roxithromycin,46.44,5.0,7.0,25.0,0.5,0.02,212.5,837.057999999999,180,0.9119999999999999,1.083,0.7177130859539779,0.45,,9.27,-30.6,3.73,26.8,-0.3539273895851948,0.9946583682969876,-30.43654606988782,1.941941928835152,99.82,236.0,Role of membrane and compound properties in affecting the rejection of pharmaceuticals by different RO/NF membranes
De-HL,NF,Indomethacin,46.44,5.0,7.0,25.0,0.5,0.02,212.5,357.793,180,0.524,0.8539999999999999,0.40615816997435206,0.45,4.5,,-30.6,4.27,26.8,0.009491881777766945,-0.9968476908167399,30.50353933899224,1.454273330286334,100.0,236.0,Role of membrane and compound properties in affecting the rejection of pharmaceuticals by different RO/NF membranes
De-HL,NF,glucose,55.728,6.0,7.0,25.0,12.0,10.0,382.0,180.156,180,0.0,0.0,0.2515616313767203,0.45,12.45,,-30.6,-3.24,26.8,0.19445820316972176,-3.5481213031263073e-06,0.00010857251187566501,-3.24,85.1272,233.0,Role of membrane and compound properties in affecting the rejection of pharmaceuticals by different RO/NF membranes
De-HL,NF,glucose,69.66,7.5,7.0,25.0,12.0,10.0,395.0,180.156,180,0.0,0.0,0.2515616313767203,0.45,12.45,,-13.79,-3.24,26.8,0.19445820316972176,-3.5481213031263073e-06,4.8928592770111774e-05,-3.24,87.8669,233.0,Role of membrane and compound properties in affecting the rejection of pharmaceuticals by different RO/NF membranes
De-HL,NF,glucose,83.59200000000001,9.0,7.0,25.0,12.0,10.0,457.0,180.156,180,0.0,0.0,0.2515616313767203,0.45,12.45,,-13.79,-3.24,26.8,0.19445820316972176,-3.5481213031263073e-06,4.8928592770111774e-05,-3.24,91.3894,233.0,Role of membrane and compound properties in affecting the rejection of pharmaceuticals by different RO/NF membranes
ESPA1,RO,Carbamazepine,15.498,5.0,7.0,25.0,24.0,0.02,33.55,236.274,175,0.44800000000000006,0.576,0.33345165595786874,,13.9,,-27.29,2.45,22.6,,0.0,0.0,2.45,94.0227,233.0,Role of membrane and compound properties in affecting the rejection of pharmaceuticals by different RO/NF membranes
ESPA1,RO,Erythromycin,15.498,5.0,7.0,25.0,24.0,0.02,33.55,733.937,175,0.683,0.932,0.6797200230450683,,,8.9,-27.29,3.06,22.6,,0.9875672647455576,-26.950710654906263,0.8153601848775871,94.7621,233.0,Role of membrane and compound properties in affecting the rejection of pharmaceuticals by different RO/NF membranes
ESPA1,RO,Chloramphenicol,15.498,5.0,7.0,25.0,24.0,0.02,33.55,323.132,175,0.43499999999999994,0.747,0.35676096883845776,,11.03,,-27.29,1.1,22.6,,-9.331672125655432e-05,0.002546613323091367,1.1,95.1975,233.0,Role of membrane and compound properties in affecting the rejection of pharmaceuticals by different RO/NF membranes
ESPA1,RO,Cephalexin,15.498,5.0,7.0,25.0,24.0,0.02,33.55,365.411,175,0.47400000000000003,0.638,0.39125306823277134,,2.53,7.14,-27.29,0.65,22.6,,-0.9999193485754344,27.287799022623606,-3.4238920272801825,95.2613,233.0,Role of membrane and compound properties in affecting the rejection of pharmaceuticals by different RO/NF membranes
ESPA1,RO,Clofibric acid,15.498,5.0,7.0,25.0,24.0,0.02,33.55,214.648,175,0.35,0.62,0.31493819502272646,,3.12,,-27.29,2.57,22.6,,-0.9998681917018621,27.286402951543817,-0.22685459426045274,95.531,233.0,Role of membrane and compound properties in affecting the rejection of pharmaceuticals by different RO/NF membranes
ESPA1,RO,Diclofenac,15.498,5.0,7.0,25.0,24.0,0.02,33.55,296.153,175,0.462,0.634,0.3476931977505725,,4.15,,-27.29,4.51,22.6,,-0.9985894549032847,27.25150622431064,2.1899246783083397,95.7354,233.0,Role of membrane and compound properties in affecting the rejection of pharmaceuticals by different RO/NF membranes
ESPA1,RO,Cephalexin,15.498,5.0,7.0,25.0,0.5,0.02,33.55,365.411,175,0.47400000000000003,0.638,0.39125306823277134,,2.53,7.14,-27.29,0.65,22.6,,-0.9999193485754344,27.287799022623606,-3.4238920272801825,95.7675,233.0,Role of membrane and compound properties in affecting the rejection of pharmaceuticals by different RO/NF membranes
ESPA1,RO,Chloramphenicol,15.498,5.0,7.0,25.0,0.5,0.02,33.55,323.132,175,0.43499999999999994,0.747,0.35676096883845776,,11.03,,-27.29,1.1,22.6,,-9.331672125655432e-05,0.002546613323091367,1.1,96.9275,233.0,Role of membrane and compound properties in affecting the rejection of pharmaceuticals by different RO/NF membranes
ESPA1,RO,Clofibric acid,15.498,5.0,7.0,25.0,0.5,0.02,33.55,214.648,175,0.35,0.62,0.31493819502272646,,3.12,,-27.29,2.57,22.6,,-0.9998681917018621,27.286402951543817,-0.22685459426045274,97.0921,233.0,Role of membrane and compound properties in affecting the rejection of pharmaceuticals by different RO/NF membranes
ESPA1,RO,Erythromycin,15.498,5.0,7.0,25.0,0.5,0.02,33.55,733.937,175,0.683,0.932,0.6797200230450683,,,8.9,-27.29,3.06,22.6,,0.9875672647455576,-26.950710654906263,0.8153601848775871,97.6735,233.0,Role of membrane and compound properties in affecting the rejection of pharmaceuticals by different RO/NF membranes
ESPA1,RO,Diltiazem,15.498,5.0,7.0,25.0,24.0,0.02,33.55,414.527,175,0.613,0.85,0.46854672713460255,,,8.06,-27.29,2.7,22.6,,0.9198816569709808,-25.103570418738066,1.2277210354099395,98.3872,233.0,Role of membrane and compound properties in affecting the rejection of pharmaceuticals by different RO/NF membranes
ESPA1,RO,Carbamazepine,15.498,5.0,7.0,25.0,0.5,0.02,33.55,236.274,175,0.44800000000000006,0.576,0.33345165595786874,,13.9,,-27.29,2.45,22.6,,0.0,0.0,2.45,98.7904,233.0,Role of membrane and compound properties in affecting the rejection of pharmaceuticals by different RO/NF membranes
ESPA1,RO,Diltiazem,15.498,5.0,7.0,25.0,0.5,0.02,33.55,414.527,175,0.613,0.85,0.46854672713460255,,,8.06,-27.29,2.7,22.6,,0.9198816569709808,-25.103570418738066,1.2277210354099395,98.8936,233.0,Role of membrane and compound properties in affecting the rejection of pharmaceuticals by different RO/NF membranes
ESPA1,RO,Diclofenac,15.498,5.0,7.0,25.0,0.5,0.02,33.55,296.153,175,0.462,0.634,0.3476931977505725,,4.15,,-27.29,4.51,22.6,,-0.9985894549032847,27.25150622431064,2.1899246783083397,99.4484,233.0,Role of membrane and compound properties in affecting the rejection of pharmaceuticals by different RO/NF membranes
ESPA1,RO,Gemfibrozil,15.498,5.0,7.0,25.0,0.5,0.02,33.55,250.337999999999,175,0.499,0.743,0.3884540064460517,,4.5,,-27.29,4.39,22.6,,-0.9968476908167399,27.20397348238883,2.3493716807259686,99.979,233.0,Role of membrane and compound properties in affecting the rejection of pharmaceuticals by different RO/NF membranes
ESPA1,RO,Gemfibrozil,15.498,5.0,7.0,25.0,24.0,0.02,33.55,250.337999999999,175,0.499,0.743,0.3884540064460517,,4.5,,-27.29,4.39,22.6,,-0.9968476908167399,27.20397348238883,2.3493716807259686,100.0,233.0,Role of membrane and compound properties in affecting the rejection of pharmaceuticals by different RO/NF membranes
ESPA1,RO,Ciprofloxacin,15.498,5.0,7.0,25.0,0.5,0.02,33.55,331.347,175,0.502,0.748,0.36894243687167305,,6.16,8.62,-27.29,0.28,22.6,,0.7009062548873292,-19.127731695875212,-1.9668908973476305,100.0,233.0,Role of membrane and compound properties in affecting the rejection of pharmaceuticals by different RO/NF membranes
ESPA1,RO,Ciprofloxacin,15.498,5.0,7.0,25.0,24.0,0.02,33.55,331.347,175,0.502,0.748,0.36894243687167305,,6.16,8.62,-27.29,0.28,22.6,,0.7009062548873292,-19.127731695875212,-1.9668908973476305,100.0,234.0,Role of membrane and compound properties in affecting the rejection of pharmaceuticals by different RO/NF membranes
ESPA1,RO,Ampicillin,15.498,5.0,7.0,25.0,0.5,0.02,33.55,349.412,175,0.449,0.794,0.38870974624140536,,2.5,7.3,-27.29,1.35,22.6,,-0.9998422007010169,27.28569365713075,-2.2088090863131176,100.0,234.0,Role of membrane and compound properties in affecting the rejection of pharmaceuticals by different RO/NF membranes
ESPA1,RO,Ampicillin,15.498,5.0,7.0,25.0,24.0,0.02,33.55,349.412,175,0.449,0.794,0.38870974624140536,,2.5,7.3,-27.29,1.35,22.6,,-0.9998422007010169,27.28569365713075,-2.2088090863131176,100.0,234.0,Role of membrane and compound properties in affecting the rejection of pharmaceuticals by different RO/NF membranes
ESPA1,RO,Glucose,7.749,2.5,7.0,25.0,12.0,10.0,,180.156,330,0.4,0.48,0.2515616313767203,,12.45,,-13.79,-3.24,26.8,,-3.5481213031263073e-06,4.8928592770111774e-05,-3.24,93.9335,234.0,Role of membrane and compound properties in affecting the rejection of pharmaceuticals by different RO/NF membranes
ESPA1,RO,Sulpiride,15.498,5.0,7.0,25.0,24.0,0.02,33.55,341.433,175,0.5519999999999999,0.714,0.40194252744592934,,,9.12,-27.29,0.57,22.6,,0.992471335013991,-27.084542732531812,-1.5844763200003373,92.2546,234.0,Role of membrane and compound properties in affecting the rejection of pharmaceuticals by different RO/NF membranes
ESPA1,RO,Nizatidine,15.498,5.0,7.0,25.0,24.0,0.02,33.55,331.467,175,0.497,0.93,0.41187957623591204,,,7.31,-27.29,1.1,22.6,,0.6712405808158316,-18.318155450464044,1.0178343158970802,93.6857,234.0,Role of membrane and compound properties in affecting the rejection of pharmaceuticals by different RO/NF membranes
ESPA1,RO,Sulfadiazine,15.498,5.0,7.0,25.0,24.0,0.02,33.55,250.283,175,0.453,0.612,0.3093115947296739,,6.36,,-27.29,-0.09,22.6,,-0.8136122105055866,22.20347722469746,-0.09,93.7308,234.0,Role of membrane and compound properties in affecting the rejection of pharmaceuticals by different RO/NF membranes
ESPA1,RO,Metoprolol,15.498,5.0,7.0,25.0,24.0,0.02,33.55,267.368999999999,175,0.43899999999999995,1.0070000000000001,0.4057420132561651,,,9.56,-27.29,1.88,22.6,,0.9972533362368368,-27.215043545903274,-0.728501937152191,93.7874,234.0,Role of membrane and compound properties in affecting the rejection of pharmaceuticals by different RO/NF membranes
ESPA1,RO,Sulfadiazine,15.498,5.0,7.0,25.0,0.5,0.02,33.55,250.283,175,0.453,0.612,0.3093115947296739,,6.36,,-27.29,-0.09,22.6,,-0.8136122105055866,22.20347722469746,-0.09,94.1951,234.0,Role of membrane and compound properties in affecting the rejection of pharmaceuticals by different RO/NF membranes
ESPA1,RO,Sulfamethazine,15.498,5.0,7.0,25.0,24.0,0.02,33.55,278.337,175,0.49000000000000005,0.704,0.33697261889209035,,2.65,7.65,-27.29,0.89,22.6,,-0.9995563875055626,27.277893815026804,0.89,94.8035,234.0,Role of membrane and compound properties in affecting the rejection of pharmaceuticals by different RO/NF membranes
ESPA1,RO,Sulfamethazine,15.498,5.0,7.0,25.0,0.5,0.02,33.55,278.337,175,0.49000000000000005,0.704,0.33697261889209035,,2.65,7.65,-27.29,0.89,22.6,,-0.9995563875055626,27.277893815026804,0.89,95.6052,234.0,Role of membrane and compound properties in affecting the rejection of pharmaceuticals by different RO/NF membranes
ESPA1,RO,Sulfamethoxazole,15.498,5.0,7.0,25.0,24.0,0.02,33.55,253.283,175,0.54,0.588,0.3153427582941809,,1.6,5.7,-27.29,0.89,22.6,,-1.8590971335596065,50.73476077484166,-0.16891321364232847,96.0165,234.0,Role of membrane and compound properties in affecting the rejection of pharmaceuticals by different RO/NF membranes
ESPA1,RO,Sulfamethoxazole,15.498,5.0,7.0,25.0,0.5,0.02,33.55,253.283,175,0.54,0.588,0.3153427582941809,,1.6,5.7,-27.29,0.89,22.6,,-1.8590971335596065,50.73476077484166,-0.16891321364232847,96.2276,234.0,Role of membrane and compound properties in affecting the rejection of pharmaceuticals by different RO/NF membranes
ESPA1,RO,Indomethacin,15.498,5.0,7.0,25.0,24.0,0.02,33.55,357.793,175,0.524,0.8539999999999999,0.40615816997435206,,4.5,,-27.29,4.27,22.6,,-0.9968476908167399,27.20397348238883,1.454273330286334,97.0719,234.0,Role of membrane and compound properties in affecting the rejection of pharmaceuticals by different RO/NF membranes
ESPA1,RO,Nalidixic acid,15.498,5.0,7.0,25.0,24.0,0.02,33.55,232.238999999999,175,0.516,0.636,0.32025638719070443,,6.01,,-27.29,1.59,22.6,,-0.9071699361527149,24.75666755760759,0.9946735597791301,97.3948,234.0,Role of membrane and compound properties in affecting the rejection of pharmaceuticals by different RO/NF membranes
ESPA1,RO,Nizatidine,15.498,5.0,7.0,25.0,0.5,0.02,33.55,331.467,175,0.497,0.93,0.41187957623591204,,,7.31,-27.29,1.1,22.6,,0.6712405808158316,-18.318155450464044,1.0178343158970802,97.6942,234.0,Role of membrane and compound properties in affecting the rejection of pharmaceuticals by different RO/NF membranes
ESPA1,RO,Glucose,15.498,5.0,7.0,25.0,12.0,10.0,,180.156,330,0.4,0.48,0.2515616313767203,,12.45,,-13.79,-3.24,26.8,,-3.5481213031263073e-06,4.8928592770111774e-05,-3.24,98.8258,234.0,Role of membrane and compound properties in affecting the rejection of pharmaceuticals by different RO/NF membranes
ESPA1,RO,Propanolol,15.498,5.0,7.0,25.0,24.0,0.02,33.55,294.802,175,0.466,0.741,0.4143107346896919,,,9.53,-27.29,3.48,22.6,,0.9970574747809099,-27.20969848677103,0.6761204636410381,98.8471,234.0,Role of membrane and compound properties in affecting the rejection of pharmaceuticals by different RO/NF membranes
ESPA1,RO,Metoprolol,15.498,5.0,7.0,25.0,0.5,0.02,33.55,267.368999999999,175,0.43899999999999995,1.0070000000000001,0.4057420132561651,,,9.56,-27.29,1.88,22.6,,0.9972533362368368,-27.215043545903274,-0.728501937152191,98.8506,234.0,Role of membrane and compound properties in affecting the rejection of pharmaceuticals by different RO/NF membranes
ESPA1,RO,Roxithromycin,15.498,5.0,7.0,25.0,24.0,0.02,33.55,837.057999999999,175,0.9119999999999999,1.083,0.7177130859539779,,,9.27,-27.29,3.73,22.6,,0.9946583682969876,-27.14422687082479,1.941941928835152,99.9135,234.0,Role of membrane and compound properties in affecting the rejection of pharmaceuticals by different RO/NF membranes
ESPA1,RO,Nalidixic acid,15.498,5.0,7.0,25.0,0.5,0.02,33.55,232.238999999999,175,0.516,0.636,0.32025638719070443,,6.01,,-27.29,1.59,22.6,,-0.9071699361527149,24.75666755760759,0.9946735597791301,99.9685,234.0,Role of membrane and compound properties in affecting the rejection of pharmaceuticals by different RO/NF membranes
ESPA1,RO,Sulpiride,15.498,5.0,7.0,25.0,0.5,0.02,33.55,341.433,175,0.5519999999999999,0.714,0.40194252744592934,,,9.12,-27.29,0.57,22.6,,0.992471335013991,-27.084542732531812,-1.5844763200003373,99.9761,234.0,Role of membrane and compound properties in affecting the rejection of pharmaceuticals by different RO/NF membranes
ESPA1,RO,Propanolol,15.498,5.0,7.0,25.0,0.5,0.02,33.55,294.802,175,0.466,0.741,0.4143107346896919,,,9.53,-27.29,3.48,22.6,,0.9970574747809099,-27.20969848677103,0.6761204636410381,99.9862,234.0,Role of membrane and compound properties in affecting the rejection of pharmaceuticals by different RO/NF membranes
ESPA1,RO,Roxithromycin,15.498,5.0,7.0,25.0,0.5,0.02,33.55,837.057999999999,175,0.9119999999999999,1.083,0.7177130859539779,,,9.27,-27.29,3.73,22.6,,0.9946583682969876,-27.14422687082479,1.941941928835152,99.9977,234.0,Role of membrane and compound properties in affecting the rejection of pharmaceuticals by different RO/NF membranes
ESPA1,RO,Naproxen,15.498,5.0,7.0,25.0,0.5,0.02,33.55,230.262999999999,175,0.392,0.73,0.33244899602012684,,4.84,2.74,-27.29,3.18,22.6,,-0.9931284718841809,27.102475997719296,1.09862278971032,100.0,234.0,Role of membrane and compound properties in affecting the rejection of pharmaceuticals by different RO/NF membranes
ESPA1,RO,Naproxen,15.498,5.0,7.0,25.0,24.0,0.02,33.55,230.262999999999,175,0.392,0.73,0.33244899602012684,,4.84,2.74,-27.29,3.18,22.6,,-0.9931284718841809,27.102475997719296,1.09862278971032,100.0,234.0,Role of membrane and compound properties in affecting the rejection of pharmaceuticals by different RO/NF membranes
ESPA1,RO,Norfloxacin,15.498,5.0,7.0,25.0,0.5,0.02,33.55,319.336,175,0.516,0.744,0.3854363846657497,,6.34,8.75,-27.29,-1.03,22.6,,0.8359071041684609,-22.8119048727573,-3.1378030081271744,100.0,234.0,Role of membrane and compound properties in affecting the rejection of pharmaceuticals by different RO/NF membranes
ESPA1,RO,Norfloxacin,15.498,5.0,7.0,25.0,24.0,0.02,33.55,319.336,175,0.516,0.744,0.3854363846657497,,6.34,8.75,-27.29,-1.03,22.6,,0.8359071041684609,-22.8119048727573,-3.1378030081271744,100.0,234.0,Role of membrane and compound properties in affecting the rejection of pharmaceuticals by different RO/NF membranes
ESPA1,RO,Indomethacin,15.498,5.0,7.0,25.0,0.5,0.02,33.55,357.793,175,0.524,0.8539999999999999,0.40615816997435206,,4.5,,-27.29,4.27,22.6,,-0.9968476908167399,27.20397348238883,1.454273330286334,100.0,234.0,Role of membrane and compound properties in affecting the rejection of pharmaceuticals by different RO/NF membranes
ESPA1,RO,Glucose,23.247000000000003,7.5,7.0,25.0,12.0,10.0,,180.156,330,0.4,0.48,0.2515616313767203,,12.45,,-13.79,-3.24,26.8,,-3.5481213031263073e-06,4.8928592770111774e-05,-3.24,100.0,234.0,Role of membrane and compound properties in affecting the rejection of pharmaceuticals by different RO/NF membranes
ESPA1,RO,Glucose,27.896400000000003,9.0,7.0,25.0,12.0,10.0,,180.156,330,0.4,0.48,0.2515616313767203,,12.45,,-13.79,-3.24,26.8,,-3.5481213031263073e-06,4.8928592770111774e-05,-3.24,100.0,234.0,Role of membrane and compound properties in affecting the rejection of pharmaceuticals by different RO/NF membranes
ESPA1,RO,Glucose,37.1952,12.0,7.0,25.0,12.0,10.0,,180.156,330,0.4,0.48,0.2515616313767203,,12.45,,-13.79,-3.24,26.8,,-3.5481213031263073e-06,4.8928592770111774e-05,-3.24,100.0,237.0,Role of membrane and compound properties in affecting the rejection of pharmaceuticals by different RO/NF membranes
NF270,NF,Ampicillin,76.0,5.0,7.0,25.0,0.5,0.02,33.55,349.412,330,0.449,0.794,0.38870974624140536,0.42,2.5,7.3,-13.79,1.35,31.3,0.005550340024247413,-0.9998422007010169,13.787823947667022,-2.2088090863131176,81.423,237.0,Role of membrane and compound properties in affecting the rejection of pharmaceuticals by different RO/NF membranes
NF270,NF,Carbamazepine,76.0,5.0,7.0,25.0,0.5,0.02,33.55,236.274,330,0.44800000000000006,0.576,0.33345165595786874,0.42,13.9,,-13.79,2.45,31.3,0.04246380870994964,0.0,0.0,2.45,87.113,237.0,Role of membrane and compound properties in affecting the rejection of pharmaceuticals by different RO/NF membranes
NF270,NF,Carbamazepine,76.0,5.0,7.0,25.0,24.0,0.02,33.55,236.274,330,0.44800000000000006,0.576,0.33345165595786874,0.42,13.9,,-13.79,2.45,31.3,0.04246380870994964,0.0,0.0,2.45,87.782,237.0,Role of membrane and compound properties in affecting the rejection of pharmaceuticals by different RO/NF membranes
NF270,NF,Diltiazem,76.0,5.0,7.0,25.0,24.0,0.02,33.55,414.527,200,0.613,0.85,0.46854672713460255,0.42,,8.06,-42.7,2.7,31.3,-0.013360457570757111,0.9198816569709808,-39.27894675266088,1.2277210354099395,88.452,237.0,Role of membrane and compound properties in affecting the rejection of pharmaceuticals by different RO/NF membranes
NF270,NF,Ampicillin,76.0,5.0,7.0,25.0,24.0,0.02,33.55,349.412,200,0.449,0.794,0.38870974624140536,0.42,2.5,7.3,-42.7,1.35,31.3,0.005550340024247413,-0.9998422007010169,42.693261969933424,-2.2088090863131176,92.636,237.0,Role of membrane and compound properties in affecting the rejection of pharmaceuticals by different RO/NF membranes
NF270,NF,Cephalexin,76.0,5.0,7.0,25.0,0.5,0.02,33.55,365.411,330,0.47400000000000003,0.638,0.39125306823277134,0.42,2.53,7.14,-13.79,0.65,31.3,0.004684728378853171,-0.9999193485754344,13.78888781685524,-3.4238920272801825,92.803,237.0,Role of membrane and compound properties in affecting the rejection of pharmaceuticals by different RO/NF membranes
NF270,NF,Clofibric acid,76.0,5.0,7.0,25.0,0.5,0.02,33.55,214.648,330,0.35,0.62,0.31493819502272646,0.42,3.12,,-13.79,2.57,31.3,0.06257359900840509,-0.9998681917018621,13.788182363568678,-0.22685459426045274,93.473,237.0,Role of membrane and compound properties in affecting the rejection of pharmaceuticals by different RO/NF membranes
NF270,NF,Clofibric acid,76.0,5.0,7.0,25.0,24.0,0.02,33.55,214.648,330,0.35,0.62,0.31493819502272646,0.42,3.12,,-13.79,2.57,31.3,0.06257359900840509,-0.9998681917018621,13.788182363568678,-0.22685459426045274,93.473,237.0,Role of membrane and compound properties in affecting the rejection of pharmaceuticals by different RO/NF membranes
NF270,NF,Diclofenac,76.0,5.0,7.0,25.0,24.0,0.02,33.55,296.153,200,0.462,0.634,0.3476931977505725,0.42,4.15,,-42.7,4.51,31.3,0.029638739521189415,-0.9985894549032847,42.63976972437026,2.1899246783083397,93.473,237.0,Role of membrane and compound properties in affecting the rejection of pharmaceuticals by different RO/NF membranes
NF270,NF,Gemfibrozil,76.0,5.0,7.0,25.0,24.0,0.02,33.55,250.337999999999,330,0.499,0.743,0.3884540064460517,0.42,4.5,,-13.79,4.39,31.3,0.005641438261370434,-0.9968476908167399,13.746529656362842,2.3493716807259686,93.808,237.0,Role of membrane and compound properties in affecting the rejection of pharmaceuticals by different RO/NF membranes
NF270,NF,Gemfibrozil,76.0,5.0,7.0,25.0,0.5,0.02,33.55,250.337999999999,330,0.499,0.743,0.3884540064460517,0.42,4.5,,-13.79,4.39,31.3,0.005641438261370434,-0.9968476908167399,13.746529656362842,2.3493716807259686,94.142,237.0,Role of membrane and compound properties in affecting the rejection of pharmaceuticals by different RO/NF membranes
NF270,NF,Diclofenac,76.0,5.0,7.0,25.0,0.5,0.02,33.55,296.153,330,0.462,0.634,0.3476931977505725,0.42,4.15,,-13.79,4.51,31.3,0.029638739521189415,-0.9985894549032847,13.770548583116295,2.1899246783083397,94.142,237.0,Role of membrane and compound properties in affecting the rejection of pharmaceuticals by different RO/NF membranes
NF270,NF,Erythromycin,76.0,5.0,7.0,25.0,24.0,0.02,33.55,733.937,200,0.683,0.932,0.6797200230450683,0.42,,8.9,-42.7,3.06,31.3,-0.38239507012772583,0.9875672647455576,-42.16912220463531,0.8153601848775871,94.477,237.0,Role of membrane and compound properties in affecting the rejection of pharmaceuticals by different RO/NF membranes
NF270,NF,Ciprofloxacin,76.0,5.0,7.0,25.0,0.5,0.02,33.55,331.347,330,0.502,0.748,0.36894243687167305,0.42,6.16,8.62,-13.79,0.28,31.3,0.014778201545369,0.7009062548873292,-9.665497254896268,-1.9668908973476305,94.644,237.0,Role of membrane and compound properties in affecting the rejection of pharmaceuticals by different RO/NF membranes
NF270,NF,Cephalexin,76.0,5.0,7.0,25.0,24.0,0.02,33.55,365.411,200,0.47400000000000003,0.638,0.39125306823277134,0.42,2.53,7.14,-42.7,0.65,31.3,0.004684728378853171,-0.9999193485754344,42.69655618417105,-3.4238920272801825,94.812,237.0,Role of membrane and compound properties in affecting the rejection of pharmaceuticals by different RO/NF membranes
NF270,NF,Ciprofloxacin,76.0,5.0,7.0,25.0,24.0,0.02,33.55,331.347,200,0.502,0.748,0.36894243687167305,0.42,6.16,8.62,-42.7,0.28,31.3,0.014778201545369,0.7009062548873292,-29.928697083688956,-1.9668908973476305,95.649,237.0,Role of membrane and compound properties in affecting the rejection of pharmaceuticals by different RO/NF membranes
NF270,NF,Chloramphenicol,76.0,5.0,7.0,25.0,0.5,0.02,33.55,323.132,330,0.43499999999999994,0.747,0.35676096883845776,0.42,11.03,,-13.79,1.1,31.3,0.022671060443597,-9.331672125655432e-05,0.001286837586127884,1.1,95.983,237.0,Role of membrane and compound properties in affecting the rejection of pharmaceuticals by different RO/NF membranes
NF270,NF,Chloramphenicol,76.0,5.0,7.0,25.0,24.0,0.02,33.55,323.132,200,0.43499999999999994,0.747,0.35676096883845776,0.42,11.03,,-42.7,1.1,31.3,0.022671060443597,-9.331672125655432e-05,0.00398462399765487,1.1,96.987,237.0,Role of membrane and compound properties in affecting the rejection of pharmaceuticals by different RO/NF membranes
NF270,NF,Diltiazem,76.0,5.0,7.0,25.0,0.5,0.02,33.55,414.527,330,0.613,0.85,0.46854672713460255,0.42,,8.06,-13.79,2.7,31.3,-0.013360457570757111,0.9198816569709808,-12.685168049629825,1.2277210354099395,99.833,237.0,Role of membrane and compound properties in affecting the rejection of pharmaceuticals by different RO/NF membranes
NF270,NF,Erythromycin,76.0,5.0,7.0,25.0,0.5,0.02,33.55,733.937,330,0.683,0.932,0.6797200230450683,0.42,,8.9,-13.79,3.06,31.3,-0.38239507012772583,0.9875672647455576,-13.618552580841238,0.8153601848775871,99.833,238.0,Role of membrane and compound properties in affecting the rejection of pharmaceuticals by different RO/NF membranes
NF270,NF,glucose,15.2,1.0,7.0,25.0,12.0,10.0,68.0,180.156,330,0.0,0.0,0.2515616313767203,0.42,12.45,,-13.79,-3.24,26.8,0.16083607723623505,-3.5481213031263073e-06,4.8928592770111774e-05,-3.24,65.5577,238.0,Role of membrane and compound properties in affecting the rejection of pharmaceuticals by different RO/NF membranes
NF270,NF,glucose,30.4,2.0,7.0,25.0,12.0,10.0,136.0,180.156,330,0.0,0.0,0.2515616313767203,0.42,12.45,,-13.79,-3.24,26.8,0.16083607723623505,-3.5481213031263073e-06,4.8928592770111774e-05,-3.24,77.8865,238.0,Role of membrane and compound properties in affecting the rejection of pharmaceuticals by different RO/NF membranes
NF270,NF,glucose,45.6,3.0,7.0,25.0,12.0,10.0,212.5,180.156,330,0.0,0.0,0.2515616313767203,0.42,12.45,,-13.79,-3.24,26.8,0.16083607723623505,-3.5481213031263073e-06,4.8928592770111774e-05,-3.24,79.2564,238.0,Role of membrane and compound properties in affecting the rejection of pharmaceuticals by different RO/NF membranes
NF270,NF,glucose,60.8,4.0,7.0,25.0,12.0,10.0,289.0,180.156,330,0.0,0.0,0.2515616313767203,0.42,12.45,,-13.79,-3.24,26.8,0.16083607723623505,-3.5481213031263073e-06,4.8928592770111774e-05,-3.24,83.7573,238.0,Role of membrane and compound properties in affecting the rejection of pharmaceuticals by different RO/NF membranes
NF270,NF,Propanolol,76.0,5.0,7.0,25.0,24.0,0.02,33.55,294.802,330,0.466,0.741,0.4143107346896919,0.42,,9.53,-13.79,3.48,31.3,0.00018349058827140193,0.9970574747809099,-13.749422577228746,0.6761204636410381,70.711,238.0,Role of membrane and compound properties in affecting the rejection of pharmaceuticals by different RO/NF membranes
NF270,NF,Sulpiride,76.0,5.0,7.0,25.0,0.5,0.02,33.55,341.433,330,0.5519999999999999,0.714,0.40194252744592934,0.42,,9.12,-13.79,0.57,31.3,0.0018484825115703788,0.992471335013991,-13.686179709842936,-1.5844763200003373,78.243,238.0,Role of membrane and compound properties in affecting the rejection of pharmaceuticals by different RO/NF membranes
NF270,NF,Metoprolol,76.0,5.0,7.0,25.0,24.0,0.02,33.55,267.368999999999,330,0.43899999999999995,1.0070000000000001,0.4057420132561651,0.42,,9.56,-42.7,1.88,31.3,0.001152438696073531,0.9972533362368368,-42.58271745731293,-0.728501937152191,81.255,238.0,Role of membrane and compound properties in affecting the rejection of pharmaceuticals by different RO/NF membranes
NF270,NF,Sulpiride,76.0,5.0,7.0,25.0,24.0,0.02,33.55,341.433,200,0.5519999999999999,0.714,0.40194252744592934,0.42,,9.12,-42.7,0.57,31.3,0.0018484825115703788,0.992471335013991,-42.37852600509742,-1.5844763200003373,82.092,238.0,Role of membrane and compound properties in affecting the rejection of pharmaceuticals by different RO/NF membranes
NF270,NF,glucose,76.0,5.0,7.0,25.0,12.0,10.0,335.5,180.156,330,0.0,0.0,0.2515616313767203,0.42,12.45,,-13.79,-3.24,26.8,0.16083607723623505,-3.5481213031263073e-06,4.8928592770111774e-05,-3.24,85.5186,238.0,Role of membrane and compound properties in affecting the rejection of pharmaceuticals by different RO/NF membranes
NF270,NF,Naproxen,76.0,5.0,7.0,25.0,0.5,0.02,33.55,230.262999999999,330,0.392,0.73,0.33244899602012684,0.42,4.84,2.74,-13.79,3.18,31.3,0.043453391711359216,-0.9931284718841809,13.695241627282853,1.09862278971032,86.778,238.0,Role of membrane and compound properties in affecting the rejection of pharmaceuticals by different RO/NF membranes
NF270,NF,Metoprolol,76.0,5.0,7.0,25.0,0.5,0.02,33.55,267.368999999999,330,0.43899999999999995,1.0070000000000001,0.4057420132561651,0.42,,9.56,-13.79,1.88,31.3,0.001152438696073531,0.9972533362368368,-13.752123506705978,-0.728501937152191,87.95,238.0,Role of membrane and compound properties in affecting the rejection of pharmaceuticals by different RO/NF membranes
NF270,NF,Propanolol,76.0,5.0,7.0,25.0,0.5,0.02,33.55,294.802,330,0.466,0.741,0.4143107346896919,0.42,,9.53,-13.79,3.48,31.3,0.00018349058827140193,0.9970574747809099,-13.749422577228746,0.6761204636410381,89.121,238.0,Role of membrane and compound properties in affecting the rejection of pharmaceuticals by different RO/NF membranes
NF270,NF,Sulfadiazine,76.0,5.0,7.0,25.0,0.5,0.02,33.55,250.283,330,0.453,0.612,0.3093115947296739,0.42,6.36,,-13.79,-0.09,31.3,0.06945534615242602,-0.8136122105055866,11.21971238287204,-0.09,90.46,238.0,Role of membrane and compound properties in affecting the rejection of pharmaceuticals by different RO/NF membranes
NF270,NF,Sulfamethazine,76.0,5.0,7.0,25.0,0.5,0.02,33.55,278.337,330,0.49000000000000005,0.704,0.33697261889209035,0.42,2.65,7.65,-13.79,0.89,31.3,0.039079059034229424,-0.9995563875055626,13.783882583701708,0.89,90.962,238.0,Role of membrane and compound properties in affecting the rejection of pharmaceuticals by different RO/NF membranes
NF270,NF,Nizatidine,76.0,5.0,7.0,25.0,0.5,0.02,33.55,331.467,330,0.497,0.93,0.41187957623591204,0.42,,7.31,-13.79,1.1,31.3,0.0003738167919975303,0.6712405808158316,-9.256407609450317,1.0178343158970802,90.962,238.0,Role of membrane and compound properties in affecting the rejection of pharmaceuticals by different RO/NF membranes
NF270,NF,Nizatidine,76.0,5.0,7.0,25.0,24.0,0.02,33.55,331.467,200,0.497,0.93,0.41187957623591204,0.42,,7.31,-42.7,1.1,31.3,0.0003738167919975303,0.6712405808158316,-28.66197280083601,1.0178343158970802,90.962,238.0,Role of membrane and compound properties in affecting the rejection of pharmaceuticals by different RO/NF membranes
NF270,NF,Sulfadiazine,76.0,5.0,7.0,25.0,24.0,0.02,33.55,250.283,330,0.453,0.612,0.3093115947296739,0.42,6.36,,-13.79,-0.09,31.3,0.06945534615242602,-0.8136122105055866,11.21971238287204,-0.09,92.134,238.0,Role of membrane and compound properties in affecting the rejection of pharmaceuticals by different RO/NF membranes
NF270,NF,Nalidixic acid,76.0,5.0,7.0,25.0,0.5,0.02,33.55,232.238999999999,330,0.516,0.636,0.32025638719070443,0.42,6.01,,-13.79,1.59,31.3,0.0563990266227362,-0.9071699361527149,12.509873419545938,0.9946735597791301,92.971,238.0,Role of membrane and compound properties in affecting the rejection of pharmaceuticals by different RO/NF membranes
NF270,NF,Sulfamethoxazole,76.0,5.0,7.0,25.0,0.5,0.02,33.55,253.283,330,0.54,0.588,0.3153427582941809,0.42,1.6,5.7,-13.79,0.89,31.3,0.06209262041649797,-1.8590971335596065,25.636949471786973,-0.16891321364232847,92.971,238.0,Role of membrane and compound properties in affecting the rejection of pharmaceuticals by different RO/NF membranes
NF270,NF,Sulfamethazine,76.0,5.0,7.0,25.0,24.0,0.02,33.55,278.337,330,0.49000000000000005,0.704,0.33697261889209035,0.42,2.65,7.65,-42.7,0.89,31.3,0.039079059034229424,-0.9995563875055626,42.681057746487525,0.89,93.138,238.0,Role of membrane and compound properties in affecting the rejection of pharmaceuticals by different RO/NF membranes
NF270,NF,Nalidixic acid,76.0,5.0,7.0,25.0,24.0,0.02,33.55,232.238999999999,330,0.516,0.636,0.32025638719070443,0.42,6.01,,-13.79,1.59,31.3,0.0563990266227362,-0.9071699361527149,12.509873419545938,0.9946735597791301,93.473,238.0,Role of membrane and compound properties in affecting the rejection of pharmaceuticals by different RO/NF membranes
NF270,NF,Sulfamethoxazole,76.0,5.0,7.0,25.0,24.0,0.02,33.55,253.283,330,0.54,0.588,0.3153427582941809,0.42,1.6,5.7,-13.79,0.89,31.3,0.06209262041649797,-1.8590971335596065,25.636949471786973,-0.16891321364232847,93.808,238.0,Role of membrane and compound properties in affecting the rejection of pharmaceuticals by different RO/NF membranes
NF270,NF,Norfloxacin,76.0,5.0,7.0,25.0,0.5,0.02,33.55,319.336,330,0.516,0.744,0.3854363846657497,0.42,6.34,8.75,-13.79,-1.03,31.3,0.006772355470374276,0.8359071041684609,-11.527158966483075,-3.1378030081271744,93.975,238.0,Role of membrane and compound properties in affecting the rejection of pharmaceuticals by different RO/NF membranes
NF270,NF,Indomethacin,76.0,5.0,7.0,25.0,24.0,0.02,33.55,357.793,200,0.524,0.8539999999999999,0.40615816997435206,0.42,4.5,,-42.7,4.27,31.3,0.0010861465899032249,-0.9968476908167399,42.56539639787479,1.454273330286334,95.314,238.0,Role of membrane and compound properties in affecting the rejection of pharmaceuticals by different RO/NF membranes
NF270,NF,Roxithromycin,76.0,5.0,7.0,25.0,24.0,0.02,33.55,837.057999999999,200,0.9119999999999999,1.083,0.7177130859539779,0.42,,9.27,-42.7,3.73,31.3,-0.5024551108176907,0.9946583682969876,-42.47191232628138,1.941941928835152,97.155,238.0,Role of membrane and compound properties in affecting the rejection of pharmaceuticals by different RO/NF membranes
NF270,NF,Norfloxacin,76.0,5.0,7.0,25.0,24.0,0.02,33.55,319.336,200,0.516,0.744,0.3854363846657497,0.42,6.34,8.75,-42.7,-1.03,31.3,0.006772355470374276,0.8359071041684609,-35.693233347993285,-3.1378030081271744,97.49,238.0,Role of membrane and compound properties in affecting the rejection of pharmaceuticals by different RO/NF membranes
NF270,NF,Indomethacin,76.0,5.0,7.0,25.0,0.5,0.02,33.55,357.793,330,0.524,0.8539999999999999,0.40615816997435206,0.42,4.5,,-13.79,4.27,31.3,0.0010861465899032249,-0.9968476908167399,13.746529656362842,1.454273330286334,97.49,238.0,Role of membrane and compound properties in affecting the rejection of pharmaceuticals by different RO/NF membranes
NF270,NF,Naproxen,76.0,5.0,7.0,25.0,24.0,0.02,33.55,230.262999999999,330,0.392,0.73,0.33244899602012684,0.42,4.84,2.74,-13.79,3.18,31.3,0.043453391711359216,-0.9931284718841809,13.695241627282853,1.09862278971032,100.0,238.0,Role of membrane and compound properties in affecting the rejection of pharmaceuticals by different RO/NF membranes
NF270,NF,Roxithromycin,76.0,5.0,7.0,25.0,0.5,0.02,33.55,837.057999999999,330,0.9119999999999999,1.083,0.7177130859539779,0.42,,9.27,-13.79,3.73,31.3,-0.5024551108176907,0.9946583682969876,-13.716338898815458,1.941941928835152,100.0,238.0,Role of membrane and compound properties in affecting the rejection of pharmaceuticals by different RO/NF membranes
NF270,NF,glucose,91.2,6.0,7.0,25.0,12.0,10.0,382.0,180.156,330,0.0,0.0,0.2515616313767203,0.42,12.45,,-13.79,-3.24,26.8,0.16083607723623505,-3.5481213031263073e-06,4.8928592770111774e-05,-3.24,88.0626,238.0,Role of membrane and compound properties in affecting the rejection of pharmaceuticals by different RO/NF membranes
NF270,NF,glucose,106.4,7.0,7.0,25.0,12.0,10.0,407.0,180.156,330,0.0,0.0,0.2515616313767203,0.42,12.45,,-13.79,-3.24,26.8,0.16083607723623505,-3.5481213031263073e-06,4.8928592770111774e-05,-3.24,89.2368,239.0,Role of membrane and compound properties in affecting the rejection of pharmaceuticals by different RO/NF membranes
NF90,NF,Ampicillin,42.4,5.0,7.0,25.0,24.0,0.02,33.55,349.412,175,0.449,0.794,0.38870974624140536,0.34,2.5,7.3,-27.29,1.35,37.0,-0.020524562101229278,-0.9998422007010169,27.28569365713075,-2.2088090863131176,93.5565,239.0,Role of membrane and compound properties in affecting the rejection of pharmaceuticals by different RO/NF membranes
NF90,NF,Chloramphenicol,42.4,5.0,7.0,25.0,0.5,0.02,33.55,323.132,200,0.43499999999999994,0.747,0.35676096883845776,0.34,11.03,,-42.7,1.1,37.0,-0.0024301909723507924,-9.331672125655432e-05,0.00398462399765487,1.1,96.2762,239.0,Role of membrane and compound properties in affecting the rejection of pharmaceuticals by different RO/NF membranes
NF90,NF,Gemfibrozil,42.4,5.0,7.0,25.0,0.5,0.02,33.55,250.337999999999,200,0.499,0.743,0.3884540064460517,0.34,4.5,,-42.7,4.39,37.0,-0.020309608483339275,-0.9968476908167399,42.56539639787479,2.3493716807259686,96.9038,239.0,Role of membrane and compound properties in affecting the rejection of pharmaceuticals by different RO/NF membranes
NF90,NF,Cephalexin,42.4,5.0,7.0,25.0,24.0,0.02,33.55,365.411,175,0.47400000000000003,0.638,0.39125306823277134,0.34,2.53,7.14,-27.29,0.65,37.0,-0.022723849509282978,-0.9999193485754344,27.287799022623606,-3.4238920272801825,97.0711,239.0,Role of membrane and compound properties in affecting the rejection of pharmaceuticals by different RO/NF membranes
NF90,NF,Chloramphenicol,42.4,5.0,7.0,25.0,24.0,0.02,33.55,323.132,200,0.43499999999999994,0.747,0.35676096883845776,0.34,11.03,,-42.7,1.1,37.0,-0.0024301909723507924,-9.331672125655432e-05,0.00398462399765487,1.1,97.2385,239.0,Role of membrane and compound properties in affecting the rejection of pharmaceuticals by different RO/NF membranes
NF90,NF,Gemfibrozil,42.4,5.0,7.0,25.0,24.0,0.02,33.55,250.337999999999,200,0.499,0.743,0.3884540064460517,0.34,4.5,,-42.7,4.39,37.0,-0.020309608483339275,-0.9968476908167399,42.56539639787479,2.3493716807259686,97.364,239.0,Role of membrane and compound properties in affecting the rejection of pharmaceuticals by different RO/NF membranes
NF90,NF,Diltiazem,42.4,5.0,7.0,25.0,24.0,0.02,33.55,414.527,175,0.613,0.85,0.46854672713460255,0.34,,8.06,-27.29,2.7,37.0,-0.14294343474929017,0.9198816569709808,-25.103570418738066,1.2277210354099395,97.4895,239.0,Role of membrane and compound properties in affecting the rejection of pharmaceuticals by different RO/NF membranes
NF90,NF,Ciprofloxacin,42.4,5.0,7.0,25.0,24.0,0.02,33.55,331.347,200,0.502,0.748,0.36894243687167305,0.34,6.16,8.62,-42.7,0.28,37.0,-0.0072462340144530835,0.7009062548873292,-29.928697083688956,-1.9668908973476305,97.7824,239.0,Role of membrane and compound properties in affecting the rejection of pharmaceuticals by different RO/NF membranes
NF90,NF,Diclofenac,42.4,5.0,7.0,25.0,0.5,0.02,33.55,296.153,200,0.462,0.634,0.3476931977505725,0.34,4.15,,-42.7,4.51,37.0,-0.0005119834916039174,-0.9985894549032847,42.63976972437026,2.1899246783083397,97.9916,239.0,Role of membrane and compound properties in affecting the rejection of pharmaceuticals by different RO/NF membranes
NF90,NF,Cephalexin,42.4,5.0,7.0,25.0,0.5,0.02,33.55,365.411,200,0.47400000000000003,0.638,0.39125306823277134,0.34,2.53,7.14,-42.7,0.65,37.0,-0.022723849509282978,-0.9999193485754344,42.69655618417105,-3.4238920272801825,98.0335,239.0,Role of membrane and compound properties in affecting the rejection of pharmaceuticals by different RO/NF membranes
NF90,NF,Ampicillin,42.4,5.0,7.0,25.0,0.5,0.02,33.55,349.412,200,0.449,0.794,0.38870974624140536,0.34,2.5,7.3,-42.7,1.35,37.0,-0.020524562101229278,-0.9998422007010169,42.693261969933424,-2.2088090863131176,98.159,239.0,Role of membrane and compound properties in affecting the rejection of pharmaceuticals by different RO/NF membranes
NF90,NF,Diclofenac,42.4,5.0,7.0,25.0,24.0,0.02,33.55,296.153,200,0.462,0.634,0.3476931977505725,0.34,4.15,,-42.7,4.51,37.0,-0.0005119834916039174,-0.9985894549032847,42.63976972437026,2.1899246783083397,98.3682,239.0,Role of membrane and compound properties in affecting the rejection of pharmaceuticals by different RO/NF membranes
NF90,NF,Diltiazem,42.4,5.0,7.0,25.0,0.5,0.02,33.55,414.527,200,0.613,0.85,0.46854672713460255,0.34,,8.06,-42.7,2.7,37.0,-0.14294343474929017,0.9198816569709808,-39.27894675266088,1.2277210354099395,98.4519,239.0,Role of membrane and compound properties in affecting the rejection of pharmaceuticals by different RO/NF membranes
NF90,NF,Ciprofloxacin,42.4,5.0,7.0,25.0,0.5,0.02,33.55,331.347,200,0.502,0.748,0.36894243687167305,0.34,6.16,8.62,-42.7,0.28,37.0,-0.0072462340144530835,0.7009062548873292,-29.928697083688956,-1.9668908973476305,99.1213,239.0,Role of membrane and compound properties in affecting the rejection of pharmaceuticals by different RO/NF membranes
NF90,NF,Clofibric acid,42.4,5.0,7.0,25.0,0.5,0.02,33.55,214.648,200,0.35,0.62,0.31493819502272646,0.34,3.12,,-42.7,2.57,37.0,0.005433339694800116,-0.9998681917018621,42.69437178566952,-0.22685459426045274,99.1632,239.0,Role of membrane and compound properties in affecting the rejection of pharmaceuticals by different RO/NF membranes
NF90,NF,Clofibric acid,42.4,5.0,7.0,25.0,24.0,0.02,33.55,214.648,200,0.35,0.62,0.31493819502272646,0.34,3.12,,-42.7,2.57,37.0,0.005433339694800116,-0.9998681917018621,42.69437178566952,-0.22685459426045274,99.1632,239.0,Role of membrane and compound properties in affecting the rejection of pharmaceuticals by different RO/NF membranes
NF90,NF,Erythromycin,42.4,5.0,7.0,25.0,24.0,0.02,33.55,733.937,175,0.683,0.932,0.6797200230450683,0.34,,8.9,-27.29,3.06,37.0,-0.9983537548247551,0.9875672647455576,-26.950710654906263,0.8153601848775871,99.3724,239.0,Role of membrane and compound properties in affecting the rejection of pharmaceuticals by different RO/NF membranes
NF90,NF,Carbamazepine,42.4,5.0,7.0,25.0,0.5,0.02,33.55,236.274,200,0.44800000000000006,0.576,0.33345165595786874,0.34,13.9,,-42.7,2.45,37.0,0.0003709412603297269,0.0,0.0,2.45,99.8326,239.0,Role of membrane and compound properties in affecting the rejection of pharmaceuticals by different RO/NF membranes
NF90,NF,Carbamazepine,42.4,5.0,7.0,25.0,24.0,0.02,33.55,236.274,200,0.44800000000000006,0.576,0.33345165595786874,0.34,13.9,,-42.7,2.45,37.0,0.0003709412603297269,0.0,0.0,2.45,99.8326,239.0,Role of membrane and compound properties in affecting the rejection of pharmaceuticals by different RO/NF membranes
NF90,NF,Erythromycin,42.4,5.0,7.0,25.0,0.5,0.02,33.55,733.937,200,0.683,0.932,0.6797200230450683,0.34,,8.9,-42.7,3.06,37.0,-0.9983537548247551,0.9875672647455576,-42.16912220463531,0.8153601848775871,100.0,240.0,Role of membrane and compound properties in affecting the rejection of pharmaceuticals by different RO/NF membranes
NF90,NF,glucose,14.3458632,1.79099,7.0,25.0,12.0,10.0,68.0,180.156,330,0.0,0.0,0.2515616313767203,0.34,12.45,,-13.79,-3.24,26.8,0.06765869415871203,-3.5481213031263073e-06,4.8928592770111774e-05,-3.24,89.4325,240.0,Role of membrane and compound properties in affecting the rejection of pharmaceuticals by different RO/NF membranes
NF90,NF,glucose,20.3007528,3.53153,7.0,25.0,12.0,10.0,136.0,180.156,330,0.0,0.0,0.2515616313767203,0.34,12.45,,-13.79,-3.24,26.8,0.06765869415871203,-3.5481213031263073e-06,4.8928592770111774e-05,-3.24,89.4325,240.0,Role of membrane and compound properties in affecting the rejection of pharmaceuticals by different RO/NF membranes
NF90,NF,glucose,40.704,4.8,7.0,25.0,12.0,10.0,312.25,180.156,330,0.0,0.0,0.2515616313767203,0.34,12.45,,-13.79,-3.24,26.8,0.06765869415871203,-3.5481213031263073e-06,4.8928592770111774e-05,-3.24,94.5205,240.0,Role of membrane and compound properties in affecting the rejection of pharmaceuticals by different RO/NF membranes
NF90,NF,glucose,30.045114,4.91892,7.0,25.0,12.0,10.0,212.5,180.156,330,0.0,0.0,0.2515616313767203,0.34,12.45,,-13.79,-3.24,26.8,0.06765869415871203,-3.5481213031263073e-06,4.8928592770111774e-05,-3.24,93.9335,240.0,Role of membrane and compound properties in affecting the rejection of pharmaceuticals by different RO/NF membranes
NF90,NF,Propanolol,42.4,5.0,7.0,25.0,24.0,0.02,33.55,294.802,200,0.466,0.741,0.4143107346896919,0.34,,9.53,-42.7,3.48,37.0,-0.047768903893786976,0.9970574747809099,-42.574354173144854,0.6761204636410381,94.3096,240.0,Role of membrane and compound properties in affecting the rejection of pharmaceuticals by different RO/NF membranes
NF90,NF,Propanolol,42.4,5.0,7.0,25.0,0.5,0.02,33.55,294.802,200,0.466,0.741,0.4143107346896919,0.34,,9.53,-42.7,3.48,37.0,-0.047768903893786976,0.9970574747809099,-42.574354173144854,0.6761204636410381,96.2762,240.0,Role of membrane and compound properties in affecting the rejection of pharmaceuticals by different RO/NF membranes
NF90,NF,Roxithromycin,42.4,5.0,7.0,25.0,0.5,0.02,33.55,837.057999999999,200,0.9119999999999999,1.083,0.7177130859539779,0.34,,9.27,-42.7,3.73,37.0,-1.2341451150594898,0.9946583682969876,-42.47191232628138,1.941941928835152,96.9038,240.0,Role of membrane and compound properties in affecting the rejection of pharmaceuticals by different RO/NF membranes
NF90,NF,Nizatidine,42.4,5.0,7.0,25.0,0.5,0.02,33.55,331.467,200,0.497,0.93,0.41187957623591204,0.34,,7.31,-42.7,1.1,37.0,-0.04469440726517546,0.6712405808158316,-28.66197280083601,1.0178343158970802,97.0293,240.0,Role of membrane and compound properties in affecting the rejection of pharmaceuticals by different RO/NF membranes
NF90,NF,Indomethacin,42.4,5.0,7.0,25.0,0.5,0.02,33.55,357.793,200,0.524,0.8539999999999999,0.40615816997435206,0.34,4.5,,-42.7,4.27,37.0,-0.03786248662937068,-0.9968476908167399,42.56539639787479,1.454273330286334,97.6569,240.0,Role of membrane and compound properties in affecting the rejection of pharmaceuticals by different RO/NF membranes
NF90,NF,Nizatidine,42.4,5.0,7.0,25.0,24.0,0.02,33.55,331.467,200,0.497,0.93,0.41187957623591204,0.34,,7.31,-42.7,1.1,37.0,-0.04469440726517546,0.6712405808158316,-28.66197280083601,1.0178343158970802,97.6987,240.0,Role of membrane and compound properties in affecting the rejection of pharmaceuticals by different RO/NF membranes
NF90,NF,Roxithromycin,42.4,5.0,7.0,25.0,24.0,0.02,33.55,837.057999999999,175,0.9119999999999999,1.083,0.7177130859539779,0.34,,9.27,-27.29,3.73,37.0,-1.2341451150594898,0.9946583682969876,-27.14422687082479,1.941941928835152,97.7406,240.0,Role of membrane and compound properties in affecting the rejection of pharmaceuticals by different RO/NF membranes
NF90,NF,Nalidixic acid,42.4,5.0,7.0,25.0,0.5,0.02,33.55,232.238999999999,200,0.516,0.636,0.32025638719070443,0.34,6.01,,-42.7,1.59,37.0,0.0033720609581607297,-0.9071699361527149,38.73615627372093,0.9946735597791301,97.7824,240.0,Role of membrane and compound properties in affecting the rejection of pharmaceuticals by different RO/NF membranes
NF90,NF,Nalidixic acid,42.4,5.0,7.0,25.0,24.0,0.02,33.55,232.238999999999,200,0.516,0.636,0.32025638719070443,0.34,6.01,,-42.7,1.59,37.0,0.0033720609581607297,-0.9071699361527149,38.73615627372093,0.9946735597791301,97.7824,240.0,Role of membrane and compound properties in affecting the rejection of pharmaceuticals by different RO/NF membranes
NF90,NF,Sulfamethazine,42.4,5.0,7.0,25.0,0.5,0.02,33.55,278.337,200,0.49000000000000005,0.704,0.33697261889209035,0.34,2.65,7.65,-42.7,0.89,37.0,7.928232156166432e-05,-0.9995563875055626,42.681057746487525,0.89,97.8661,240.0,Role of membrane and compound properties in affecting the rejection of pharmaceuticals by different RO/NF membranes
NF90,NF,Indomethacin,42.4,5.0,7.0,25.0,24.0,0.02,33.55,357.793,175,0.524,0.8539999999999999,0.40615816997435206,0.34,4.5,,-27.29,4.27,37.0,-0.03786248662937068,-0.9968476908167399,27.20397348238883,1.454273330286334,98.159,240.0,Role of membrane and compound properties in affecting the rejection of pharmaceuticals by different RO/NF membranes
NF90,NF,Metoprolol,42.4,5.0,7.0,25.0,24.0,0.02,33.55,267.368999999999,200,0.43899999999999995,1.0070000000000001,0.4057420132561651,0.34,,9.56,-42.7,1.88,37.0,-0.03738764971430611,0.9972533362368368,-42.58271745731293,-0.728501937152191,98.2008,240.0,Role of membrane and compound properties in affecting the rejection of pharmaceuticals by different RO/NF membranes
NF90,NF,Sulfamethoxazole,42.4,5.0,7.0,25.0,0.5,0.02,33.55,253.283,200,0.54,0.588,0.3153427582941809,0.34,1.6,5.7,-42.7,0.89,37.0,0.0052593388281936505,-1.8590971335596065,79.3834476029952,-0.16891321364232847,98.2845,240.0,Role of membrane and compound properties in affecting the rejection of pharmaceuticals by different RO/NF membranes
NF90,NF,Norfloxacin,42.4,5.0,7.0,25.0,24.0,0.02,33.55,319.336,200,0.516,0.744,0.3854363846657497,0.34,6.34,8.75,-42.7,-1.03,37.0,-0.0178586942170759,0.8359071041684609,-35.693233347993285,-3.1378030081271744,98.4519,240.0,Role of membrane and compound properties in affecting the rejection of pharmaceuticals by different RO/NF membranes
NF90,NF,Sulfamethoxazole,42.4,5.0,7.0,25.0,24.0,0.02,33.55,253.283,200,0.54,0.588,0.3153427582941809,0.34,1.6,5.7,-42.7,0.89,37.0,0.0052593388281936505,-1.8590971335596065,79.3834476029952,-0.16891321364232847,98.6192,240.0,Role of membrane and compound properties in affecting the rejection of pharmaceuticals by different RO/NF membranes
NF90,NF,Sulpiride,42.4,5.0,7.0,25.0,24.0,0.02,33.55,341.433,175,0.5519999999999999,0.714,0.40194252744592934,0.34,,9.12,-27.29,0.57,37.0,-0.03319097496876911,0.992471335013991,-27.084542732531812,-1.5844763200003373,98.6192,240.0,Role of membrane and compound properties in affecting the rejection of pharmaceuticals by different RO/NF membranes
NF90,NF,Sulpiride,42.4,5.0,7.0,25.0,0.5,0.02,33.55,341.433,200,0.5519999999999999,0.714,0.40194252744592934,0.34,,9.12,-42.7,0.57,37.0,-0.03319097496876911,0.992471335013991,-42.37852600509742,-1.5844763200003373,98.9121,240.0,Role of membrane and compound properties in affecting the rejection of pharmaceuticals by different RO/NF membranes
NF90,NF,Sulfadiazine,42.4,5.0,7.0,25.0,0.5,0.02,33.55,250.283,200,0.453,0.612,0.3093115947296739,0.34,6.36,,-42.7,-0.09,37.0,0.008146870398233393,-0.8136122105055866,34.74124138858855,-0.09,98.954,240.0,Role of membrane and compound properties in affecting the rejection of pharmaceuticals by different RO/NF membranes
NF90,NF,Sulfamethazine,42.4,5.0,7.0,25.0,24.0,0.02,33.55,278.337,200,0.49000000000000005,0.704,0.33697261889209035,0.34,2.65,7.65,-42.7,0.89,37.0,7.928232156166432e-05,-0.9995563875055626,42.681057746487525,0.89,99.0377,240.0,Role of membrane and compound properties in affecting the rejection of pharmaceuticals by different RO/NF membranes
NF90,NF,Metoprolol,42.4,5.0,7.0,25.0,0.5,0.02,33.55,267.368999999999,200,0.43899999999999995,1.0070000000000001,0.4057420132561651,0.34,,9.56,-42.7,1.88,37.0,-0.03738764971430611,0.9972533362368368,-42.58271745731293,-0.728501937152191,99.2887,240.0,Role of membrane and compound properties in affecting the rejection of pharmaceuticals by different RO/NF membranes
NF90,NF,Sulfadiazine,42.4,5.0,7.0,25.0,24.0,0.02,33.55,250.283,200,0.453,0.612,0.3093115947296739,0.34,6.36,,-42.7,-0.09,37.0,0.008146870398233393,-0.8136122105055866,34.74124138858855,-0.09,99.5397,240.0,Role of membrane and compound properties in affecting the rejection of pharmaceuticals by different RO/NF membranes
NF90,NF,Norfloxacin,42.4,5.0,7.0,25.0,0.5,0.02,33.55,319.336,200,0.516,0.744,0.3854363846657497,0.34,6.34,8.75,-42.7,-1.03,37.0,-0.0178586942170759,0.8359071041684609,-35.693233347993285,-3.1378030081271744,99.5816,240.0,Role of membrane and compound properties in affecting the rejection of pharmaceuticals by different RO/NF membranes
NF90,NF,Naproxen,42.4,5.0,7.0,25.0,0.5,0.02,33.55,230.262999999999,200,0.392,0.73,0.33244899602012684,0.34,4.84,2.74,-42.7,3.18,37.0,0.0004932323624918739,-0.9931284718841809,42.40658574945453,1.09862278971032,99.9582,240.0,Role of membrane and compound properties in affecting the rejection of pharmaceuticals by different RO/NF membranes
NF90,NF,Naproxen,42.4,5.0,7.0,25.0,24.0,0.02,33.55,230.262999999999,200,0.392,0.73,0.33244899602012684,0.34,4.84,2.74,-42.7,3.18,37.0,0.0004932323624918739,-0.9931284718841809,42.40658574945453,1.09862278971032,99.9582,240.0,Role of membrane and compound properties in affecting the rejection of pharmaceuticals by different RO/NF membranes
NF90,NF,glucose,34.646616,5.92793,7.0,25.0,12.0,10.0,395.0,180.156,330,0.0,0.0,0.2515616313767203,0.34,12.45,,-13.79,-3.24,26.8,0.06765869415871203,-3.5481213031263073e-06,4.8928592770111774e-05,-3.24,96.8689,240.0,Role of membrane and compound properties in affecting the rejection of pharmaceuticals by different RO/NF membranes
NF90,NF,glucose,50.88,6.0,7.0,25.0,12.0,10.0,382.0,180.156,330,0.0,0.0,0.2515616313767203,0.34,12.45,,-13.79,-3.24,26.8,0.06765869415871203,-3.5481213031263073e-06,4.8928592770111774e-05,-3.24,96.0861,240.0,Role of membrane and compound properties in affecting the rejection of pharmaceuticals by different RO/NF membranes
NF90,NF,glucose,42.496236,7.18919,7.0,25.0,12.0,10.0,457.0,180.156,330,0.0,0.0,0.2515616313767203,0.34,12.45,,-13.79,-3.24,26.8,0.06765869415871203,-3.5481213031263073e-06,4.8928592770111774e-05,-3.24,98.0431,241.0,Role of membrane and compound properties in affecting the rejection of pharmaceuticals by different RO/NF membranes
BW30,RO,Perﬂuorohexanoate,9.895455645,2.5,3.5,20.0,1.5,100.0,24.7,134.149999999999,100,0.369,0.563,,,-0.16,,-33.0,2.6,43.7,,-0.9997812716901454,32.992781965774796,2.4800261145083007,96.52,241.0,Selection of High Flux Membrane for the Eﬀective Removal of ShortChain Perﬂuorocarboxylic Acids
BW30,RO,Perﬂuorohexanoate,9.895455645,2.5,7.1,20.0,1.5,100.0,24.7,134.149999999999,100,0.369,0.563,,,-0.16,,-42.7,2.6,43.7,,-0.9999999450459157,42.699997653460606,2.479999873676543,98.72,241.0,Selection of High Flux Membrane for the Eﬀective Removal of ShortChain Perﬂuorocarboxylic Acids
BW30,RO,Perﬂuorohexanoate,19.79091129,5.0,3.5,20.0,1.5,100.0,24.7,134.149999999999,100,0.369,0.563,,,-0.16,,-33.0,2.6,43.7,,-0.9997812716901454,32.992781965774796,2.4800261145083007,97.2,241.0,Selection of High Flux Membrane for the Eﬀective Removal of ShortChain Perﬂuorocarboxylic Acids
BW30,RO,Perﬂuorohexanoate,19.79091129,5.0,7.1,20.0,1.5,100.0,24.7,134.149999999999,100,0.369,0.563,,,-0.16,,-42.7,2.6,43.7,,-0.9999999450459157,42.699997653460606,2.479999873676543,98.92,241.0,Selection of High Flux Membrane for the Eﬀective Removal of ShortChain Perﬂuorocarboxylic Acids
BW30,RO,Perﬂuorohexanoate,39.58182258,10.0,3.5,20.0,1.5,100.0,24.7,134.149999999999,100,0.369,0.563,,,-0.16,,-33.0,2.6,43.7,,-0.9997812716901454,32.992781965774796,2.4800261145083007,98.92,241.0,Selection of High Flux Membrane for the Eﬀective Removal of ShortChain Perﬂuorocarboxylic Acids
BW30,RO,Perﬂuorohexanoate,39.58182258,10.0,7.1,20.0,1.5,100.0,24.7,134.149999999999,100,0.369,0.563,,,-0.16,,-42.7,2.6,43.7,,-0.9999999450459157,42.699997653460606,2.479999873676543,99.36,241.0,Selection of High Flux Membrane for the Eﬀective Removal of ShortChain Perﬂuorocarboxylic Acids
BW30,RO,Perﬂuorohexanoate,79.16364516,20.0,3.5,20.0,1.5,100.0,24.7,134.149999999999,100,0.369,0.563,,,-0.16,,-33.0,2.6,43.7,,-0.9997812716901454,32.992781965774796,2.4800261145083007,99.16,241.0,Selection of High Flux Membrane for the Eﬀective Removal of ShortChain Perﬂuorocarboxylic Acids
BW30,RO,Perﬂuorohexanoate,79.16364516,20.0,7.1,20.0,1.5,100.0,24.7,134.149999999999,100,0.369,0.563,,,-0.16,,-42.7,2.6,43.7,,-0.9999999450459157,42.699997653460606,2.479999873676543,99.64,241.0,Selection of High Flux Membrane for the Eﬀective Removal of ShortChain Perﬂuorocarboxylic Acids
NF270,NF,Perﬂuorohexanoate,38.0,2.5,3.5,20.0,1.5,100.0,24.7,134.149999999999,180,0.369,0.563,,0.42,-0.16,,-27.29,2.6,14.4,,-0.9997812716901454,27.284030904424068,2.4800261145083007,85.16,241.0,Selection of High Flux Membrane for the Eﬀective Removal of ShortChain Perﬂuorocarboxylic Acids
NF270,NF,Perﬂuorohexanoate,38.0,2.5,7.1,20.0,1.5,100.0,24.7,134.149999999999,96,0.369,0.563,,0.42,-0.16,,-16.26,2.6,14.4,,-0.9999999450459157,16.259999106446593,2.479999873676543,95.6,241.0,Selection of High Flux Membrane for the Eﬀective Removal of ShortChain Perﬂuorocarboxylic Acids
NF270,NF,Perﬂuorohexanoate,76.0,5.0,3.5,20.0,1.5,100.0,24.7,134.149999999999,180,0.369,0.563,,0.42,-0.16,,-27.29,2.6,14.4,,-0.9997812716901454,27.284030904424068,2.4800261145083007,83.52,241.0,Selection of High Flux Membrane for the Eﬀective Removal of ShortChain Perﬂuorocarboxylic Acids
NF270,NF,Perﬂuorohexanoate,76.0,5.0,7.1,20.0,1.5,100.0,24.7,134.149999999999,96,0.369,0.563,,0.42,-0.16,,-16.26,2.6,14.4,,-0.9999999450459157,16.259999106446593,2.479999873676543,94.88,241.0,Selection of High Flux Membrane for the Eﬀective Removal of ShortChain Perﬂuorocarboxylic Acids
NF270,NF,Perﬂuorohexanoate,152.0,10.0,3.5,20.0,1.5,100.0,24.7,134.149999999999,180,0.369,0.563,,0.42,-0.16,,-27.29,2.6,14.4,,-0.9997812716901454,27.284030904424068,2.4800261145083007,86.92,241.0,Selection of High Flux Membrane for the Eﬀective Removal of ShortChain Perﬂuorocarboxylic Acids
NF270,NF,Perﬂuorohexanoate,152.0,10.0,7.1,20.0,1.5,100.0,24.7,134.149999999999,96,0.369,0.563,,0.42,-0.16,,-16.26,2.6,14.4,,-0.9999999450459157,16.259999106446593,2.479999873676543,96.2,241.0,Selection of High Flux Membrane for the Eﬀective Removal of ShortChain Perﬂuorocarboxylic Acids
NF270,NF,Perﬂuorohexanoate,304.0,20.0,3.5,20.0,1.5,100.0,24.7,134.149999999999,180,0.369,0.563,,0.42,-0.16,,-27.29,2.6,14.4,,-0.9997812716901454,27.284030904424068,2.4800261145083007,82.28,241.0,Selection of High Flux Membrane for the Eﬀective Removal of ShortChain Perﬂuorocarboxylic Acids
NF270,NF,Perﬂuorohexanoate,304.0,20.0,7.1,20.0,1.5,100.0,24.7,134.149999999999,96,0.369,0.563,,0.42,-0.16,,-16.26,2.6,14.4,,-0.9999999450459157,16.259999106446593,2.479999873676543,94.72,241.0,Selection of High Flux Membrane for the Eﬀective Removal of ShortChain Perﬂuorocarboxylic Acids
NF90,NF,Perﬂuorohexanoate,21.2,2.5,3.5,20.0,1.5,100.0,24.7,134.149999999999,330,0.369,0.563,,0.34,-0.16,,-15.0,2.6,73.5,,-0.9997812716901454,14.996719075352182,2.4800261145083007,97.8,241.0,Selection of High Flux Membrane for the Eﬀective Removal of ShortChain Perﬂuorocarboxylic Acids
NF90,NF,Perﬂuorohexanoate,21.2,2.5,7.1,20.0,1.5,100.0,24.7,134.149999999999,96,0.369,0.563,,0.34,-0.16,,-16.26,2.6,73.5,,-0.9999999450459157,16.259999106446593,2.479999873676543,99.48,241.0,Selection of High Flux Membrane for the Eﬀective Removal of ShortChain Perﬂuorocarboxylic Acids
NF90,NF,Perﬂuorohexanoate,42.4,5.0,3.5,20.0,1.5,100.0,24.7,134.149999999999,330,0.369,0.563,,0.34,-0.16,,-15.0,2.6,73.5,,-0.9997812716901454,14.996719075352182,2.4800261145083007,98.0,241.0,Selection of High Flux Membrane for the Eﬀective Removal of ShortChain Perﬂuorocarboxylic Acids
NF90,NF,Perﬂuorohexanoate,42.4,5.0,7.1,20.0,1.5,100.0,24.7,134.149999999999,96,0.369,0.563,,0.34,-0.16,,-16.26,2.6,73.5,,-0.9999999450459157,16.259999106446593,2.479999873676543,99.4,241.0,Selection of High Flux Membrane for the Eﬀective Removal of ShortChain Perﬂuorocarboxylic Acids
NF90,NF,Perﬂuorohexanoate,84.8,10.0,3.5,20.0,1.5,100.0,24.7,134.149999999999,330,0.369,0.563,,0.34,-0.16,,-15.0,2.6,73.5,,-0.9997812716901454,14.996719075352182,2.4800261145083007,98.88,241.0,Selection of High Flux Membrane for the Eﬀective Removal of ShortChain Perﬂuorocarboxylic Acids
NF90,NF,Perﬂuorohexanoate,84.8,10.0,7.1,20.0,1.5,100.0,24.7,134.149999999999,96,0.369,0.563,,0.34,-0.16,,-16.26,2.6,73.5,,-0.9999999450459157,16.259999106446593,2.479999873676543,99.8,241.0,Selection of High Flux Membrane for the Eﬀective Removal of ShortChain Perﬂuorocarboxylic Acids
NF90,NF,Perﬂuorohexanoate,169.6,20.0,3.5,20.0,1.5,100.0,24.7,134.149999999999,330,0.369,0.563,,0.34,-0.16,,-15.0,2.6,73.5,,-0.9997812716901454,14.996719075352182,2.4800261145083007,98.76,241.0,Selection of High Flux Membrane for the Eﬀective Removal of ShortChain Perﬂuorocarboxylic Acids
NF90,NF,Perﬂuorohexanoate,169.6,20.0,7.1,20.0,1.5,100.0,24.7,134.149999999999,96,0.369,0.563,,0.34,-0.16,,-16.26,2.6,73.5,,-0.9999999450459157,16.259999106446593,2.479999873676543,99.8,241.0,Selection of High Flux Membrane for the Eﬀective Removal of ShortChain Perﬂuorocarboxylic Acids
SW30XLE,RO,Perﬂuorohexanoate,5.5,2.5,3.5,20.0,1.5,100.0,24.7,134.149999999999,100,0.369,0.563,,,-0.16,,-33.0,2.6,61.4,,-0.9997812716901454,32.992781965774796,2.4800261145083007,95.92,241.0,Selection of High Flux Membrane for the Eﬀective Removal of ShortChain Perﬂuorocarboxylic Acids
SW30XLE,RO,Perﬂuorohexanoate,5.5,2.5,7.1,20.0,1.5,100.0,24.7,134.149999999999,180,0.369,0.563,,,-0.16,,-27.29,2.6,61.4,,-0.9999999450459157,27.28999850030304,2.479999873676543,99.04,241.0,Selection of High Flux Membrane for the Eﬀective Removal of ShortChain Perﬂuorocarboxylic Acids
SW30XLE,RO,Perﬂuorohexanoate,11.0,5.0,3.5,20.0,1.5,100.0,24.7,134.149999999999,100,0.369,0.563,,,-0.16,,-33.0,2.6,61.4,,-0.9997812716901454,32.992781965774796,2.4800261145083007,96.24,241.0,Selection of High Flux Membrane for the Eﬀective Removal of ShortChain Perﬂuorocarboxylic Acids
SW30XLE,RO,Perﬂuorohexanoate,11.0,5.0,7.1,20.0,1.5,100.0,24.7,134.149999999999,180,0.369,0.563,,,-0.16,,-27.29,2.6,61.4,,-0.9999999450459157,27.28999850030304,2.479999873676543,99.16,241.0,Selection of High Flux Membrane for the Eﬀective Removal of ShortChain Perﬂuorocarboxylic Acids
SW30XLE,RO,Perﬂuorohexanoate,22.0,10.0,3.5,20.0,1.5,100.0,24.7,134.149999999999,100,0.369,0.563,,,-0.16,,-33.0,2.6,61.4,,-0.9997812716901454,32.992781965774796,2.4800261145083007,96.32,241.0,Selection of High Flux Membrane for the Eﬀective Removal of ShortChain Perﬂuorocarboxylic Acids
SW30XLE,RO,Perﬂuorohexanoate,22.0,10.0,7.1,20.0,1.5,100.0,24.7,134.149999999999,180,0.369,0.563,,,-0.16,,-27.29,2.6,61.4,,-0.9999999450459157,27.28999850030304,2.479999873676543,99.6,241.0,Selection of High Flux Membrane for the Eﬀective Removal of ShortChain Perﬂuorocarboxylic Acids
SW30XLE,RO,Perﬂuorohexanoate,44.0,20.0,3.5,20.0,1.5,100.0,24.7,134.149999999999,100,0.369,0.563,,,-0.16,,-33.0,2.6,61.4,,-0.9997812716901454,32.992781965774796,2.4800261145083007,95.2,241.0,Selection of High Flux Membrane for the Eﬀective Removal of ShortChain Perﬂuorocarboxylic Acids
SW30XLE,RO,Perﬂuorohexanoate,44.0,20.0,7.1,20.0,1.5,100.0,24.7,134.149999999999,180,0.369,0.563,,,-0.16,,-27.29,2.6,61.4,,-0.9999999450459157,27.28999850030304,2.479999873676543,99.16,241.0,Selection of High Flux Membrane for the Eﬀective Removal of ShortChain Perﬂuorocarboxylic Acids
XLE,RO,Perﬂuorohexanoate,21.5,2.5,3.5,20.0,1.5,100.0,24.7,134.149999999999,330,0.369,0.563,,0.3,-0.16,,-15.0,2.6,67.2,,-0.9997812716901454,14.996719075352182,2.4800261145083007,97.0,241.0,Selection of High Flux Membrane for the Eﬀective Removal of ShortChain Perﬂuorocarboxylic Acids
XLE,RO,Perﬂuorohexanoate,21.5,2.5,7.1,20.0,1.5,100.0,24.7,134.149999999999,100,0.369,0.563,,0.3,-0.16,,-42.7,2.6,67.2,,-0.9999999450459157,42.699997653460606,2.479999873676543,99.52,241.0,Selection of High Flux Membrane for the Eﬀective Removal of ShortChain Perﬂuorocarboxylic Acids
XLE,RO,Perﬂuorohexanoate,43.0,5.0,3.5,20.0,1.5,100.0,24.7,134.149999999999,330,0.369,0.563,,0.3,-0.16,,-15.0,2.6,67.2,,-0.9997812716901454,14.996719075352182,2.4800261145083007,98.0,241.0,Selection of High Flux Membrane for the Eﬀective Removal of ShortChain Perﬂuorocarboxylic Acids
XLE,RO,Perﬂuorohexanoate,43.0,5.0,7.1,20.0,1.5,100.0,24.7,134.149999999999,100,0.369,0.563,,0.3,-0.16,,-42.7,2.6,67.2,,-0.9999999450459157,42.699997653460606,2.479999873676543,99.56,241.0,Selection of High Flux Membrane for the Eﬀective Removal of ShortChain Perﬂuorocarboxylic Acids
XLE,RO,Perﬂuorohexanoate,86.0,10.0,3.5,20.0,1.5,100.0,24.7,134.149999999999,330,0.369,0.563,,0.3,-0.16,,-15.0,2.6,67.2,,-0.9997812716901454,14.996719075352182,2.4800261145083007,98.88,241.0,Selection of High Flux Membrane for the Eﬀective Removal of ShortChain Perﬂuorocarboxylic Acids
XLE,RO,Perﬂuorohexanoate,86.0,10.0,7.1,20.0,1.5,100.0,24.7,134.149999999999,100,0.369,0.563,,0.3,-0.16,,-42.7,2.6,67.2,,-0.9999999450459157,42.699997653460606,2.479999873676543,99.8,241.0,Selection of High Flux Membrane for the Eﬀective Removal of ShortChain Perﬂuorocarboxylic Acids
XLE,RO,Perﬂuorohexanoate,172.0,20.0,3.5,20.0,1.5,100.0,24.7,134.149999999999,330,0.369,0.563,,0.3,-0.16,,-15.0,2.6,67.2,,-0.9997812716901454,14.996719075352182,2.4800261145083007,97.8,241.0,Selection of High Flux Membrane for the Eﬀective Removal of ShortChain Perﬂuorocarboxylic Acids
XLE,RO,Perﬂuorohexanoate,172.0,20.0,7.1,20.0,1.5,100.0,24.7,134.149999999999,100,0.369,0.563,,0.3,-0.16,,-42.7,2.6,67.2,,-0.9999999450459157,42.699997653460606,2.479999873676543,99.68,242.0,Selection of High Flux Membrane for the Eﬀective Removal of ShortChain Perﬂuorocarboxylic Acids
XLE440,RO,Trichloroethylene,15.716666666666667,4.1,8.0,22.5,48.0,0.1,,131.389,100,0.313,0.385,0.21489123633228346,,,0.95,-19.4,2.42,39.8,,8.91250858700929e-08,-1.7290266658798023e-06,2.42,3.0,242.0,Solute transport model for trace organic neutral and charged compounds through nanofilltration and reverse osmosis membranes
XLE440,RO,Bromoform,15.716666666666667,4.1,8.0,22.5,48.0,0.1,,252.731,100,0.327,0.34199999999999997,0.21159673500728596,,15.0,,-19.4,2.4,39.8,,0.0,0.0,2.4,16.4,242.0,Solute transport model for trace organic neutral and charged compounds through nanofilltration and reverse osmosis membranes
XLE440,RO,Perchloroethylene,15.716666666666667,4.1,8.0,22.5,48.0,0.1,,165.834,100,0.318,0.386,0.23232970754636786,,,0.11,-19.4,3.4,39.8,,1.2882495350972661e-08,-2.499204098088696e-07,3.4,71.0,242.0,Solute transport model for trace organic neutral and charged compounds through nanofilltration and reverse osmosis membranes
XLE440,RO,Trichloroacetic acid,15.716666666666667,4.1,8.0,22.5,48.0,0.1,,163.387,100,0.317,0.385,0.23113091978683248,,0.51,,-19.4,1.33,39.8,,-0.9999999676406354,19.399999372228326,-2.225018328059951,82.1,242.0,Solute transport model for trace organic neutral and charged compounds through nanofilltration and reverse osmosis membranes
XLE440,RO,Carbontetrabromide,15.716666666666667,4.1,8.0,22.5,48.0,0.1,,331.626999999999,100,0.337,0.34199999999999997,0.22512193206089842,,,0.01,-19.4,3.42,39.8,,1.0232929818094669e-08,-1.9851883847103656e-07,3.42,83.0,242.0,Solute transport model for trace organic neutral and charged compounds through nanofilltration and reverse osmosis membranes
XLE440,RO,Ibuprofen,15.716666666666667,4.1,8.0,22.5,48.0,0.1,,206.284999999999,100,0.378,0.659,0.3727263864585965,,5.2,,-19.4,3.97,39.8,,-0.9984176147191982,19.369301725552443,0.7306146051163545,94.5,243.0,Solute transport model for trace organic neutral and charged compounds through nanofilltration and reverse osmosis membranes
BW30,RO,"2,6-Dichlorobenzamide",29.0,10.0,7.0,22.0,1.0,1.0,,190.029,330,0.429,0.48,0.26219796621061175,,14.73,,-42.7,0.77,79.4,,-1.862087101989175e-08,7.951111925493777e-07,0.77,95.2851,243.0,"The eﬀect of water matrix, feed concentration and recovery on the rejection of pesticides using NF/RO membranes in water treatment"
BW30,RO,"2,6-Dichlorobenzamide",29.0,10.0,7.0,22.0,1.0,5.0,,190.029,330,0.429,0.48,0.26219796621061175,,14.73,,-42.7,0.77,79.4,,-1.862087101989175e-08,7.951111925493777e-07,0.77,98.337,243.0,"The eﬀect of water matrix, feed concentration and recovery on the rejection of pesticides using NF/RO membranes in water treatment"
BW30,RO,"2,6-Dichlorobenzamide",29.0,10.0,7.0,22.0,1.0,10.0,,190.029,330,0.429,0.48,0.26219796621061175,,14.73,,-42.7,0.77,79.4,,-1.862087101989175e-08,7.951111925493777e-07,0.77,98.337,244.0,"The eﬀect of water matrix, feed concentration and recovery on the rejection of pesticides using NF/RO membranes in water treatment"
BW30,RO,MCPA,29.0,10.0,7.0,22.0,1.0,1.0,,200.620999999999,330,0.418,0.637,0.2666825610504536,,3.07,,-42.7,3.25,79.4,,-0.9998825240467272,42.694983776795254,-0.45267379215369985,96.3816,244.0,"The eﬀect of water matrix, feed concentration and recovery on the rejection of pesticides using NF/RO membranes in water treatment"
BW30,RO,MCPA,29.0,10.0,7.0,22.0,1.0,10.0,,200.620999999999,330,0.418,0.637,0.2666825610504536,,3.07,,-42.7,3.25,79.4,,-0.9998825240467272,42.694983776795254,-0.45267379215369985,98.575,244.0,"The eﬀect of water matrix, feed concentration and recovery on the rejection of pesticides using NF/RO membranes in water treatment"
BW30,RO,MCPA,29.0,10.0,7.0,22.0,1.0,5.0,,200.620999999999,330,0.418,0.637,0.2666825610504536,,3.07,,-42.7,3.25,79.4,,-0.9998825240467272,42.694983776795254,-0.45267379215369985,99.05,245.0,"The eﬀect of water matrix, feed concentration and recovery on the rejection of pesticides using NF/RO membranes in water treatment"
BW30,RO,Mecoprop,29.0,10.0,7.0,22.0,1.0,1.0,,214.647999999999,330,0.41,0.564,0.31493819502272563,,3.19,,-42.7,3.13,79.4,,-0.9998451423227231,42.69338757718028,0.001188348285212193,96.7105,245.0,"The eﬀect of water matrix, feed concentration and recovery on the rejection of pesticides using NF/RO membranes in water treatment"
BW30,RO,Mecoprop,29.0,10.0,7.0,22.0,1.0,5.0,,214.647999999999,330,0.41,0.564,0.31493819502272563,,3.19,,-42.7,3.13,79.4,,-0.9998451423227231,42.69338757718028,0.001188348285212193,99.05,245.0,"The eﬀect of water matrix, feed concentration and recovery on the rejection of pesticides using NF/RO membranes in water treatment"
BW30,RO,Mecoprop,29.0,10.0,7.0,22.0,1.0,10.0,,214.647999999999,330,0.41,0.564,0.31493819502272563,,3.19,,-42.7,3.13,79.4,,-0.9998451423227231,42.69338757718028,0.001188348285212193,99.05,246.0,"The eﬀect of water matrix, feed concentration and recovery on the rejection of pesticides using NF/RO membranes in water treatment"
NF270,NF,"2,6-Dichlorobenzamide",152.0,10.0,7.0,22.0,1.0,5.0,,190.029,330,0.429,0.48,0.26219796621061175,0.42,14.73,,-33.0,0.77,17.5,0.14116486319766,-1.862087101989175e-08,6.144887436564277e-07,0.77,26.603,246.0,"The eﬀect of water matrix, feed concentration and recovery on the rejection of pesticides using NF/RO membranes in water treatment"
NF270,NF,"2,6-Dichlorobenzamide",152.0,10.0,7.0,22.0,1.0,1.0,,190.029,330,0.429,0.48,0.26219796621061175,0.42,14.73,,-33.0,0.77,17.5,0.14116486319766,-1.862087101989175e-08,6.144887436564277e-07,0.77,30.3728,246.0,"The eﬀect of water matrix, feed concentration and recovery on the rejection of pesticides using NF/RO membranes in water treatment"
NF270,NF,"2,6-Dichlorobenzamide",152.0,10.0,7.0,22.0,1.0,10.0,,190.029,100,0.429,0.48,0.26219796621061175,0.42,14.73,,-33.0,0.77,17.5,0.14116486319766,-1.862087101989175e-08,6.144887436564277e-07,0.77,31.354,246.0,"The eﬀect of water matrix, feed concentration and recovery on the rejection of pesticides using NF/RO membranes in water treatment"
NF270,NF,"2,6-Dichlorobenzamide",152.0,10.0,7.0,22.0,1.0,0.001,,190.029,330,0.429,0.48,0.26219796621061175,0.42,14.73,,-33.0,0.77,17.5,0.14116486319766,-1.862087101989175e-08,6.144887436564277e-07,0.77,31.591,247.0,"The eﬀect of water matrix, feed concentration and recovery on the rejection of pesticides using NF/RO membranes in water treatment"
NF270,NF,MCPA,152.0,10.0,7.0,22.0,1.0,10.0,,200.620999999999,100,0.418,0.637,0.2666825610504536,0.42,3.07,,-33.0,3.25,17.5,0.13325531227918294,-0.9998825240467272,32.996123293542,-0.45267379215369985,37.292,247.0,"The eﬀect of water matrix, feed concentration and recovery on the rejection of pesticides using NF/RO membranes in water treatment"
NF270,NF,MCPA,152.0,10.0,7.0,22.0,1.0,5.0,,200.620999999999,100,0.418,0.637,0.2666825610504536,0.42,3.07,,-33.0,3.25,17.5,0.13325531227918294,-0.9998825240467272,32.996123293542,-0.45267379215369985,44.656,247.0,"The eﬀect of water matrix, feed concentration and recovery on the rejection of pesticides using NF/RO membranes in water treatment"
NF270,NF,MCPA,152.0,10.0,7.0,22.0,1.0,1.0,,200.620999999999,100,0.418,0.637,0.2666825610504536,0.42,3.07,,-33.0,3.25,17.5,0.13325531227918294,-0.9998825240467272,32.996123293542,-0.45267379215369985,66.6667,247.0,"The eﬀect of water matrix, feed concentration and recovery on the rejection of pesticides using NF/RO membranes in water treatment"
NF270,NF,MCPA,152.0,10.0,7.0,22.0,1.0,0.001,,200.620999999999,100,0.418,0.637,0.2666825610504536,0.42,3.07,,-33.0,3.25,17.5,0.13325531227918294,-0.9998825240467272,32.996123293542,-0.45267379215369985,92.637,248.0,"The eﬀect of water matrix, feed concentration and recovery on the rejection of pesticides using NF/RO membranes in water treatment"
NF270,NF,Mecoprop,152.0,10.0,7.0,22.0,1.0,10.0,,214.647999999999,100,0.41,0.564,0.31493819502272563,0.42,3.19,,-33.0,3.13,17.5,0.06257359900840609,-0.9998451423227231,32.994889696649864,0.001188348285212193,53.682,248.0,"The eﬀect of water matrix, feed concentration and recovery on the rejection of pesticides using NF/RO membranes in water treatment"
NF270,NF,Mecoprop,152.0,10.0,7.0,22.0,1.0,5.0,,214.647999999999,100,0.41,0.564,0.31493819502272563,0.42,3.19,,-33.0,3.13,17.5,0.06257359900840609,-0.9998451423227231,32.994889696649864,0.001188348285212193,61.52,248.0,"The eﬀect of water matrix, feed concentration and recovery on the rejection of pesticides using NF/RO membranes in water treatment"
NF270,NF,Mecoprop,152.0,10.0,7.0,22.0,1.0,1.0,,214.647999999999,100,0.41,0.564,0.31493819502272563,0.42,3.19,,-33.0,3.13,17.5,0.06257359900840609,-0.9998451423227231,32.994889696649864,0.001188348285212193,79.2763,248.0,"The eﬀect of water matrix, feed concentration and recovery on the rejection of pesticides using NF/RO membranes in water treatment"
NF270,NF,Mecoprop,152.0,10.0,7.0,22.0,1.0,0.001,,214.647999999999,100,0.41,0.564,0.31493819502272563,0.42,3.19,,-33.0,3.13,17.5,0.06257359900840609,-0.9998451423227231,32.994889696649864,0.001188348285212193,90.024,249.0,"The eﬀect of water matrix, feed concentration and recovery on the rejection of pesticides using NF/RO membranes in water treatment"
XLE,RO,"2,6-Dichlorobenzamide",57.0,10.0,7.0,22.0,1.0,1.0,,190.029,96,0.429,0.48,0.26219796621061175,0.3,14.73,,-16.26,0.77,75.8,0.015877708429044998,-1.862087101989175e-08,3.0277536278343986e-07,0.77,92.1053,249.0,"The eﬀect of water matrix, feed concentration and recovery on the rejection of pesticides using NF/RO membranes in water treatment"
XLE,RO,"2,6-Dichlorobenzamide",57.0,10.0,7.0,22.0,1.0,5.0,,190.029,96,0.429,0.48,0.26219796621061175,0.3,14.73,,-16.26,0.77,75.8,0.015877708429044998,-1.862087101989175e-08,3.0277536278343986e-07,0.77,92.399,249.0,"The eﬀect of water matrix, feed concentration and recovery on the rejection of pesticides using NF/RO membranes in water treatment"
XLE,RO,"2,6-Dichlorobenzamide",57.0,10.0,7.0,22.0,1.0,10.0,,190.029,96,0.429,0.48,0.26219796621061175,0.3,14.73,,-16.26,0.77,75.8,0.015877708429044998,-1.862087101989175e-08,3.0277536278343986e-07,0.77,93.349,249.0,"The eﬀect of water matrix, feed concentration and recovery on the rejection of pesticides using NF/RO membranes in water treatment"
XLE,RO,"2,6-Dichlorobenzamide",57.0,10.0,7.0,22.0,1.0,0.001,,190.029,96,0.429,0.48,0.26219796621061175,0.3,14.73,,-16.26,0.77,75.8,0.015877708429044998,-1.862087101989175e-08,3.0277536278343986e-07,0.77,94.062,250.0,"The eﬀect of water matrix, feed concentration and recovery on the rejection of pesticides using NF/RO membranes in water treatment"
XLE,RO,MCPA,57.0,10.0,7.0,22.0,1.0,5.0,,200.620999999999,96,0.418,0.637,0.2666825610504536,0.3,3.07,,-16.26,3.25,75.8,0.012333908201741649,-0.9998825240467272,16.258089840999787,-0.45267379215369985,92.399,250.0,"The eﬀect of water matrix, feed concentration and recovery on the rejection of pesticides using NF/RO membranes in water treatment"
XLE,RO,MCPA,57.0,10.0,7.0,22.0,1.0,1.0,,200.620999999999,96,0.418,0.637,0.2666825610504536,0.3,3.07,,-16.26,3.25,75.8,0.012333908201741649,-0.9998825240467272,16.258089840999787,-0.45267379215369985,92.8728,250.0,"The eﬀect of water matrix, feed concentration and recovery on the rejection of pesticides using NF/RO membranes in water treatment"
XLE,RO,MCPA,57.0,10.0,7.0,22.0,1.0,10.0,,200.620999999999,96,0.418,0.637,0.2666825610504536,0.3,3.07,,-16.26,3.25,75.8,0.012333908201741649,-0.9998825240467272,16.258089840999787,-0.45267379215369985,93.587,250.0,"The eﬀect of water matrix, feed concentration and recovery on the rejection of pesticides using NF/RO membranes in water treatment"
XLE,RO,MCPA,57.0,10.0,7.0,22.0,1.0,0.001,,200.620999999999,96,0.418,0.637,0.2666825610504536,0.3,3.07,,-16.26,3.25,75.8,0.012333908201741649,-0.9998825240467272,16.258089840999787,-0.45267379215369985,94.537,251.0,"The eﬀect of water matrix, feed concentration and recovery on the rejection of pesticides using NF/RO membranes in water treatment"
XLE,RO,Mecoprop,57.0,10.0,7.0,22.0,1.0,5.0,,214.647999999999,96,0.41,0.564,0.31493819502272563,0.3,3.19,,-42.7,3.13,75.8,-0.0024794407837442794,-0.9998451423227231,42.69338757718028,0.001188348285212193,92.874,251.0,"The eﬀect of water matrix, feed concentration and recovery on the rejection of pesticides using NF/RO membranes in water treatment"
XLE,RO,Mecoprop,57.0,10.0,7.0,22.0,1.0,1.0,,214.647999999999,96,0.41,0.564,0.31493819502272563,0.3,3.19,,-42.7,3.13,75.8,-0.0024794407837442794,-0.9998451423227231,42.69338757718028,0.001188348285212193,93.2018,251.0,"The eﬀect of water matrix, feed concentration and recovery on the rejection of pesticides using NF/RO membranes in water treatment"
XLE,RO,Mecoprop,57.0,10.0,7.0,22.0,1.0,10.0,,214.647999999999,96,0.41,0.564,0.31493819502272563,0.3,3.19,,-42.7,3.13,75.8,-0.0024794407837442794,-0.9998451423227231,42.69338757718028,0.001188348285212193,93.349,251.0,"The eﬀect of water matrix, feed concentration and recovery on the rejection of pesticides using NF/RO membranes in water treatment"
XLE,RO,Mecoprop,57.0,10.0,7.0,22.0,1.0,0.001,,214.647999999999,96,0.41,0.564,0.31493819502272563,0.3,3.19,,-16.26,3.13,75.8,-0.0024794407837442794,-0.9998451423227231,16.25748201416748,0.001188348285212193,95.012,252.0,"The eﬀect of water matrix, feed concentration and recovery on the rejection of pesticides using NF/RO membranes in water treatment"
TS80,NF,Acetaminophen,45.0,10.0,8.1,21.0,0.5,0.001,800.0,151.165,200,0.34900000000000003,0.567,0.2518576668186564,0.42,9.5,,-32.7,0.49,56.6,0.16027122566704052,-0.038286503882254685,1.2519686769497282,0.49,28.9,252.0,The influence of natural organic matter and cations on the rejection of endocrine disrupting and pharmaceutically active compounds by nanofilltration
TS80,NF,Oxybenzone,45.0,10.0,8.1,21.0,0.5,0.001,800.0,228.246999999999,200,0.399,0.6990000000000001,0.3371015768798998,0.42,7.1,,-32.7,3.79,56.6,0.038957758252829745,-0.9090909090909091,29.72727272727273,3.79,84.0,252.0,The influence of natural organic matter and cations on the rejection of endocrine disrupting and pharmaceutically active compounds by nanofilltration
TS80,NF,Estrone,45.0,10.0,8.1,21.0,0.5,0.001,800.0,270.372,200,0.40599999999999997,0.682,0.3667832440887863,0.42,10.25,,-32.7,3.13,56.6,0.016054552776154744,-0.00702969143963923,0.22987091007620283,3.13,92.0,252.0,The influence of natural organic matter and cations on the rejection of endocrine disrupting and pharmaceutically active compounds by nanofilltration
TS80,NF,Carbamazepine,45.0,10.0,8.1,21.0,0.5,0.001,800.0,236.274,200,0.44800000000000006,0.576,0.33345165595786874,0.42,13.9,,-32.7,2.45,56.6,0.04246380870994964,0.0,0.0,2.45,93.4,252.0,The influence of natural organic matter and cations on the rejection of endocrine disrupting and pharmaceutically active compounds by nanofilltration
TS80,NF,Gemfibrozil,45.0,10.0,8.1,21.0,0.5,0.001,800.0,250.337999999999,200,0.499,0.743,0.3884540064460517,0.42,4.5,,-32.7,4.39,56.6,0.005641438261370434,-0.9997488744367387,32.691788194081354,2.34343272183694,95.2,253.0,The influence of natural organic matter and cations on the rejection of endocrine disrupting and pharmaceutically active compounds by nanofilltration
NF270,NF,Acetaminophen,76.0,5.0,7.0,21.0,24.0,0.00112,800.0,151.165,200,0.34900000000000003,0.567,0.2518576668186564,0.42,9.5,,-42.7,0.49,29.8,0.16027122566704052,-0.003152309183260209,0.13460360212521094,0.49,1.3,253.0,The rejection of endocrine disrupting and pharmaceutically active compounds by NF and RO membranes as a function of compound and water matrix properties
NF270,NF,Bisphenol A,76.0,5.0,7.0,21.0,24.0,0.00207,800.0,228.291,200,0.453,0.562,0.33815520201831595,0.42,9.6,,-42.7,3.32,29.8,0.03797375825772487,-0.002505592667285735,0.10698880689310089,3.32,4.6,253.0,The rejection of endocrine disrupting and pharmaceutically active compounds by NF and RO membranes as a function of compound and water matrix properties
NF270,NF,Carbamazepine,76.0,5.0,7.0,21.0,24.0,0.00113,800.0,236.274,200,0.44800000000000006,0.576,0.33345165595786874,0.42,13.9,,-42.7,2.45,29.8,0.04246380870994964,0.0,0.0,2.45,5.8,253.0,The rejection of endocrine disrupting and pharmaceutically active compounds by NF and RO membranes as a function of compound and water matrix properties
NF270,NF,Estriol,76.0,5.0,7.0,21.0,24.0,0.00094,800.0,288.387,200,0.41500000000000004,0.731,0.3750996998534068,0.42,10.54,,-42.7,2.45,29.8,0.0114287809141392,-0.00028831999791696373,0.012311263911054353,2.45,8.6,253.0,The rejection of endocrine disrupting and pharmaceutically active compounds by NF and RO membranes as a function of compound and water matrix properties
NF270,NF,Sulfamethoxazole,76.0,5.0,7.0,21.0,24.0,0.00119,800.0,253.283,200,0.54,0.588,0.3153427582941809,0.42,1.6,5.7,-42.7,0.89,29.8,0.06209262041649797,-1.8590971335596065,79.3834476029952,-0.16891321364232847,9.7,253.0,The rejection of endocrine disrupting and pharmaceutically active compounds by NF and RO membranes as a function of compound and water matrix properties
NF270,NF,Gemfibrozil,76.0,5.0,7.0,21.0,24.0,0.00137,800.0,250.337999999999,200,0.499,0.743,0.3884540064460517,0.42,4.5,,-42.7,4.39,29.8,0.005641438261370434,-0.9968476908167399,42.56539639787479,2.3493716807259686,10.7,253.0,The rejection of endocrine disrupting and pharmaceutically active compounds by NF and RO membranes as a function of compound and water matrix properties
NF270,NF,"N,N-Diethyl-meta-toluamide",76.0,5.0,7.0,21.0,24.0,0.001,800.0,191.274,200,0.40599999999999997,0.591,0.3392200412958573,0.42,,-1.37,-42.7,2.02,29.8,0.0369920732893594,4.265795169818896e-09,-1.8214945375126687e-07,2.02,11.5,253.0,The rejection of endocrine disrupting and pharmaceutically active compounds by NF and RO membranes as a function of compound and water matrix properties
NF270,NF,Atraton,76.0,5.0,7.0,21.0,24.0,0.001,800.0,211.268999999999,200,0.523,0.63,0.3286020088903357,0.42,,4.31,-42.7,2.69,29.8,0.04735596813425325,0.002037577744872605,-0.08700456970606024,2.68151256394567,11.6,253.0,The rejection of endocrine disrupting and pharmaceutically active compounds by NF and RO membranes as a function of compound and water matrix properties
NF270,NF,Caffeine,76.0,5.0,7.0,21.0,24.0,0.001,800.0,194.193999999999,200,0.44400000000000006,0.503,0.3016073766829081,0.42,10.4,,-42.7,-0.07,29.8,0.07946039260715879,-0.0003979487443048762,0.016992411381818215,-0.07,11.7,253.0,The rejection of endocrine disrupting and pharmaceutically active compounds by NF and RO membranes as a function of compound and water matrix properties
NF270,NF,Sulfamerazine,76.0,5.0,7.0,21.0,24.0,0.00121,800.0,264.31,200,0.49000000000000005,0.638,0.3443206915204314,0.42,7.35,,-42.7,0.14,29.8,0.03246801435343369,-0.30876384758523717,13.184216291889628,0.14,12.8,253.0,The rejection of endocrine disrupting and pharmaceutically active compounds by NF and RO membranes as a function of compound and water matrix properties
NF270,NF,Sulfachloropyridazine,76.0,5.0,7.0,21.0,24.0,0.00072,800.0,284.728,200,0.525,0.591,0.32406315703944344,0.42,5.9,,-42.7,1.02,29.8,0.05217617821563769,-0.9264124438824264,39.55781135377961,-0.7228665882044951,13.3,253.0,The rejection of endocrine disrupting and pharmaceutically active compounds by NF and RO membranes as a function of compound and water matrix properties
NF270,NF,Alachlor,76.0,5.0,7.0,21.0,24.0,0.001,800.0,269.771999999999,200,0.47400000000000003,0.577,0.3859257161677264,0.42,,1.2,-42.7,3.52,29.8,0.0065819547544350284,1.5848906805786609e-06,-6.767483206070883e-05,3.52,13.4,253.0,The rejection of endocrine disrupting and pharmaceutically active compounds by NF and RO membranes as a function of compound and water matrix properties
NF270,NF,Carbadox,76.0,5.0,7.0,21.0,24.0,0.00127,800.0,262.224999999999,200,0.40700000000000003,0.784,0.3285719633609897,0.42,,10.51,-42.7,-0.8,29.8,0.04738710818403743,0.9996910659265044,-42.68680851506174,-0.18994896696006347,14.1,253.0,The rejection of endocrine disrupting and pharmaceutically active compounds by NF and RO membranes as a function of compound and water matrix properties
NF270,NF,Sulfamethizole,76.0,5.0,7.0,21.0,24.0,0.00135,800.0,270.339,200,0.49800000000000005,0.5469999999999999,0.3186985927046285,0.42,2.1,5.3,-42.7,0.54,29.8,0.05817446213164818,-0.999986908536696,42.69944099451693,-0.46574386724674,14.5,253.0,The rejection of endocrine disrupting and pharmaceutically active compounds by NF and RO membranes as a function of compound and water matrix properties
NF270,NF,17β-Estradiol,76.0,5.0,7.0,21.0,24.0,0.00101,800.0,272.388,200,0.40199999999999997,0.73,0.3807542916588625,0.42,10.46,,-42.7,4.01,29.8,0.008731437773229187,-0.000346616665681558,0.014800531624602528,4.01,14.9,253.0,The rejection of endocrine disrupting and pharmaceutically active compounds by NF and RO membranes as a function of compound and water matrix properties
NF270,NF,17α-Estradiol,76.0,5.0,7.0,21.0,24.0,0.00105,800.0,272.388,200,0.40199999999999997,0.688,0.3807542916588625,0.42,10.27,,-42.7,4.01,29.8,0.008731437773229187,-0.0005367435480184703,0.022918949500388686,4.01,15.9,253.0,The rejection of endocrine disrupting and pharmaceutically active compounds by NF and RO membranes as a function of compound and water matrix properties
NF270,NF,Equilin,76.0,5.0,7.0,21.0,24.0,0.00098,800.0,268.356,200,0.41500000000000004,0.693,0.3680056014621419,0.42,10.11,,-42.7,2.9,29.8,0.015325495914476309,-0.0007756450244149625,0.0331200425425189,2.9,19.0,253.0,The rejection of endocrine disrupting and pharmaceutically active compounds by NF and RO membranes as a function of compound and water matrix properties
NF270,NF,Estrone,76.0,5.0,7.0,21.0,24.0,0.00109,800.0,270.372,200,0.40599999999999997,0.682,0.3667832440887863,0.42,10.25,,-42.7,3.13,29.8,0.016054552776154744,-0.0005620252751523289,0.02399847924900445,3.13,19.3,253.0,The rejection of endocrine disrupting and pharmaceutically active compounds by NF and RO membranes as a function of compound and water matrix properties
NF270,NF,Metolachlor,76.0,5.0,7.0,21.0,24.0,0.001,800.0,283.798999999999,200,0.515,0.579,0.40060765576996565,0.42,,1.45,-42.7,3.13,29.8,0.0021318765007717977,2.818374988004493e-06,-0.00012034461198779186,3.13,21.7,253.0,The rejection of endocrine disrupting and pharmaceutically active compounds by NF and RO membranes as a function of compound and water matrix properties
NF270,NF,17α-Ethynilestradiol,76.0,5.0,7.0,21.0,24.0,0.0011,800.0,296.41,200,0.44400000000000006,0.72,0.3945213448379869,0.42,10.33,,-42.7,3.67,29.8,0.0036800559459454485,-0.00046751646740626133,0.01996295315824736,3.67,27.9,253.0,The rejection of endocrine disrupting and pharmaceutically active compounds by NF and RO membranes as a function of compound and water matrix properties
NF270,NF,Diethylstilbesterol,76.0,5.0,7.0,21.0,24.0,0.00106,800.0,268.355999999999,200,0.45199999999999996,0.75,0.3915928166047295,0.42,10.18,,-42.7,5.07,29.8,0.004574648914129994,-0.000660257220388086,0.02819298331057127,5.07,41.8,253.0,The rejection of endocrine disrupting and pharmaceutically active compounds by NF and RO membranes as a function of compound and water matrix properties
NF270,NF,Oxybenzone,76.0,5.0,7.0,21.0,24.0,0.001,800.0,228.246999999999,200,0.399,0.6990000000000001,0.3371015768798998,0.42,7.1,,-42.7,3.79,29.8,0.038957758252829745,-0.4426883662377074,18.902793238350107,3.79,68.8,254.0,The rejection of endocrine disrupting and pharmaceutically active compounds by NF and RO membranes as a function of compound and water matrix properties
TS80,NF,Acetaminophen,67.5,15.0,7.0,21.0,24.0,0.00112,800.0,151.165,200,0.34900000000000003,0.567,0.2518576668186564,0.42,9.5,,-32.7,0.49,56.6,0.16027122566704052,-0.003152309183260209,0.10308051029260884,0.49,0.0,254.0,The rejection of endocrine disrupting and pharmaceutically active compounds by NF and RO membranes as a function of compound and water matrix properties
TS80,NF,Carbadox,67.5,15.0,7.0,21.0,24.0,0.00127,800.0,262.224999999999,200,0.40700000000000003,0.784,0.3285719633609897,0.42,,10.51,-32.7,-0.8,56.6,0.04738710818403743,0.9996910659265044,-32.689897855796694,-0.18994896696006347,1.7,254.0,The rejection of endocrine disrupting and pharmaceutically active compounds by NF and RO membranes as a function of compound and water matrix properties
TS80,NF,Caffeine,67.5,15.0,7.0,21.0,24.0,0.001,800.0,194.193999999999,200,0.44400000000000006,0.503,0.3016073766829081,0.42,10.4,,-32.7,-0.07,56.6,0.07946039260715879,-0.0003979487443048762,0.013012923938769454,-0.07,5.4,254.0,The rejection of endocrine disrupting and pharmaceutically active compounds by NF and RO membranes as a function of compound and water matrix properties
TS80,NF,Carbamazepine,67.5,15.0,7.0,21.0,24.0,0.00113,800.0,236.274,200,0.44800000000000006,0.576,0.33345165595786874,0.42,13.9,,-32.7,2.45,56.6,0.04246380870994964,0.0,0.0,2.45,8.9,254.0,The rejection of endocrine disrupting and pharmaceutically active compounds by NF and RO membranes as a function of compound and water matrix properties
TS80,NF,Sulfamerazine,67.5,15.0,7.0,21.0,24.0,0.00121,800.0,264.31,200,0.49000000000000005,0.638,0.3443206915204314,0.42,7.35,,-32.7,0.14,56.6,0.03246801435343369,-0.30876384758523717,10.096577816037257,0.14,15.0,254.0,The rejection of endocrine disrupting and pharmaceutically active compounds by NF and RO membranes as a function of compound and water matrix properties
TS80,NF,"N,N-Diethyl-meta-toluamide",67.5,15.0,7.0,21.0,24.0,0.001,800.0,191.274,200,0.40599999999999997,0.591,0.3392200412958573,0.42,,-1.37,-32.7,2.02,56.6,0.0369920732893594,4.265795169818896e-09,-1.394915020530779e-07,2.02,18.1,254.0,The rejection of endocrine disrupting and pharmaceutically active compounds by NF and RO membranes as a function of compound and water matrix properties
TS80,NF,Sulfachloropyridazine,67.5,15.0,7.0,21.0,24.0,0.00072,800.0,284.728,200,0.525,0.591,0.32406315703944344,0.42,5.9,,-32.7,1.02,56.6,0.05217617821563769,-0.9264124438824264,30.293686914955344,-0.7228665882044951,18.1,254.0,The rejection of endocrine disrupting and pharmaceutically active compounds by NF and RO membranes as a function of compound and water matrix properties
TS80,NF,Sulfamethoxazole,67.5,15.0,7.0,21.0,24.0,0.00119,800.0,253.283,200,0.54,0.588,0.3153427582941809,0.42,1.6,5.7,-32.7,0.89,56.6,0.06209262041649797,-1.8590971335596065,60.79247626739914,-0.16891321364232847,21.5,254.0,The rejection of endocrine disrupting and pharmaceutically active compounds by NF and RO membranes as a function of compound and water matrix properties
TS80,NF,Atraton,67.5,15.0,7.0,21.0,24.0,0.001,800.0,211.268999999999,200,0.523,0.63,0.3286020088903357,0.42,,4.31,-32.7,2.69,56.6,0.04735596813425325,0.002037577744872605,-0.06662879225733419,2.68151256394567,21.7,254.0,The rejection of endocrine disrupting and pharmaceutically active compounds by NF and RO membranes as a function of compound and water matrix properties
TS80,NF,Sulfamethizole,67.5,15.0,7.0,21.0,24.0,0.00135,800.0,270.339,200,0.49800000000000005,0.5469999999999999,0.3186985927046285,0.42,2.1,5.3,-32.7,0.54,56.6,0.05817446213164818,-0.999986908536696,32.69957190914996,-0.46574386724674,22.4,254.0,The rejection of endocrine disrupting and pharmaceutically active compounds by NF and RO membranes as a function of compound and water matrix properties
TS80,NF,Estriol,67.5,15.0,7.0,21.0,24.0,0.00094,800.0,288.387,200,0.41500000000000004,0.731,0.3750996998534068,0.42,10.54,,-32.7,2.45,56.6,0.0114287809141392,-0.00028831999791696373,0.009428063931884716,2.45,23.7,254.0,The rejection of endocrine disrupting and pharmaceutically active compounds by NF and RO membranes as a function of compound and water matrix properties
TS80,NF,Bisphenol A,67.5,15.0,7.0,21.0,24.0,0.00207,800.0,228.291,200,0.453,0.562,0.33815520201831595,0.42,9.6,,-32.7,3.32,56.6,0.03797375825772487,-0.002505592667285735,0.08193288022024355,3.32,25.6,254.0,The rejection of endocrine disrupting and pharmaceutically active compounds by NF and RO membranes as a function of compound and water matrix properties
TS80,NF,Gemfibrozil,67.5,15.0,7.0,21.0,24.0,0.00137,800.0,250.337999999999,200,0.499,0.743,0.3884540064460517,0.42,4.5,,-32.7,4.39,56.6,0.005641438261370434,-0.9968476908167399,32.596919489707396,2.3493716807259686,27.1,254.0,The rejection of endocrine disrupting and pharmaceutically active compounds by NF and RO membranes as a function of compound and water matrix properties
TS80,NF,17β-Estradiol,67.5,15.0,7.0,21.0,24.0,0.00101,800.0,272.388,200,0.40199999999999997,0.73,0.3807542916588625,0.42,10.46,,-32.7,4.01,56.6,0.008731437773229187,-0.000346616665681558,0.011334364967786947,4.01,37.2,254.0,The rejection of endocrine disrupting and pharmaceutically active compounds by NF and RO membranes as a function of compound and water matrix properties
TS80,NF,Estrone,67.5,15.0,7.0,21.0,24.0,0.00109,800.0,270.372,200,0.40599999999999997,0.682,0.3667832440887863,0.42,10.25,,-32.7,3.13,56.6,0.016054552776154744,-0.0005620252751523289,0.018378226497481158,3.13,39.0,254.0,The rejection of endocrine disrupting and pharmaceutically active compounds by NF and RO membranes as a function of compound and water matrix properties
TS80,NF,Equilin,67.5,15.0,7.0,21.0,24.0,0.00098,800.0,268.356,200,0.41500000000000004,0.693,0.3680056014621419,0.42,10.11,,-32.7,2.9,56.6,0.015325495914476309,-0.0007756450244149625,0.025363592298369275,2.9,41.8,254.0,The rejection of endocrine disrupting and pharmaceutically active compounds by NF and RO membranes as a function of compound and water matrix properties
TS80,NF,Alachlor,67.5,15.0,7.0,21.0,24.0,0.001,800.0,269.771999999999,200,0.47400000000000003,0.577,0.3859257161677264,0.42,,1.2,-32.7,3.52,56.6,0.0065819547544350284,1.5848906805786609e-06,-5.182592525492221e-05,3.52,41.8,254.0,The rejection of endocrine disrupting and pharmaceutically active compounds by NF and RO membranes as a function of compound and water matrix properties
TS80,NF,17α-Estradiol,67.5,15.0,7.0,21.0,24.0,0.00105,800.0,272.388,200,0.40199999999999997,0.688,0.3807542916588625,0.42,10.27,,-32.7,4.01,56.6,0.008731437773229187,-0.0005367435480184703,0.01755151402020398,4.01,46.5,254.0,The rejection of endocrine disrupting and pharmaceutically active compounds by NF and RO membranes as a function of compound and water matrix properties
TS80,NF,Metolachlor,67.5,15.0,7.0,21.0,24.0,0.001,800.0,283.798999999999,200,0.515,0.579,0.40060765576996565,0.42,,1.45,-32.7,3.13,56.6,0.0021318765007717977,2.818374988004493e-06,-9.216086210774692e-05,3.13,50.5,254.0,The rejection of endocrine disrupting and pharmaceutically active compounds by NF and RO membranes as a function of compound and water matrix properties
TS80,NF,17α-Ethynilestradiol,67.5,15.0,7.0,21.0,24.0,0.0011,800.0,296.41,200,0.44400000000000006,0.72,0.3945213448379869,0.42,10.33,,-32.7,3.67,56.6,0.0036800559459454485,-0.00046751646740626133,0.015287788484184746,3.67,55.3,254.0,The rejection of endocrine disrupting and pharmaceutically active compounds by NF and RO membranes as a function of compound and water matrix properties
TS80,NF,Diethylstilbesterol,67.5,15.0,7.0,21.0,24.0,0.00106,800.0,268.355999999999,200,0.45199999999999996,0.75,0.3915928166047295,0.42,10.18,,-32.7,5.07,56.6,0.004574648914129994,-0.000660257220388086,0.021590411106690414,5.07,75.4,254.0,The rejection of endocrine disrupting and pharmaceutically active compounds by NF and RO membranes as a function of compound and water matrix properties
TS80,NF,Oxybenzone,67.5,15.0,7.0,21.0,24.0,0.001,800.0,228.246999999999,200,0.399,0.6990000000000001,0.3371015768798998,0.42,7.1,,-32.7,3.79,56.6,0.038957758252829745,-0.4426883662377074,14.475909575973034,3.79,94.6,255.0,The rejection of endocrine disrupting and pharmaceutically active compounds by NF and RO membranes as a function of compound and water matrix properties
X20,RO,Carbamazepine,37.5,15.0,7.0,21.0,24.0,0.00113,800.0,236.274,330,0.44800000000000006,0.576,0.33345165595786874,,13.9,,-20.0,2.45,55.0,,0.0,0.0,2.45,91.5,255.0,The rejection of endocrine disrupting and pharmaceutically active compounds by NF and RO membranes as a function of compound and water matrix properties
X20,RO,Acetaminophen,37.5,15.0,7.0,21.0,24.0,0.00112,800.0,151.165,330,0.34900000000000003,0.567,0.2518576668186564,,9.5,,-20.0,0.49,55.0,,-0.003152309183260209,0.06304618366520418,0.49,92.2,255.0,The rejection of endocrine disrupting and pharmaceutically active compounds by NF and RO membranes as a function of compound and water matrix properties
X20,RO,Sulfamethizole,37.5,15.0,7.0,21.0,24.0,0.00135,800.0,270.339,330,0.49800000000000005,0.5469999999999999,0.3186985927046285,,2.1,5.3,-20.0,0.54,55.0,,-0.999986908536696,19.99973817073392,-0.46574386724674,94.4,255.0,The rejection of endocrine disrupting and pharmaceutically active compounds by NF and RO membranes as a function of compound and water matrix properties
X20,RO,Caffeine,37.5,15.0,7.0,21.0,24.0,0.001,800.0,194.193999999999,330,0.44400000000000006,0.503,0.3016073766829081,,10.4,,-20.0,-0.07,55.0,,-0.0003979487443048762,0.007958974886097524,-0.07,94.7,255.0,The rejection of endocrine disrupting and pharmaceutically active compounds by NF and RO membranes as a function of compound and water matrix properties
X20,RO,Sulfamerazine,37.5,15.0,7.0,21.0,24.0,0.00121,800.0,264.31,330,0.49000000000000005,0.638,0.3443206915204314,,7.35,,-20.0,0.14,55.0,,-0.30876384758523717,6.175276951704744,0.14,94.8,255.0,The rejection of endocrine disrupting and pharmaceutically active compounds by NF and RO membranes as a function of compound and water matrix properties
X20,RO,Estriol,37.5,15.0,7.0,21.0,24.0,0.00094,800.0,288.387,330,0.41500000000000004,0.731,0.3750996998534068,,10.54,,-20.0,2.45,55.0,,-0.00028831999791696373,0.0057663999583392744,2.45,95.2,255.0,The rejection of endocrine disrupting and pharmaceutically active compounds by NF and RO membranes as a function of compound and water matrix properties
X20,RO,Carbadox,37.5,15.0,7.0,21.0,24.0,0.00127,800.0,262.224999999999,330,0.40700000000000003,0.784,0.3285719633609897,,,10.51,-20.0,-0.8,55.0,,0.9996910659265044,-19.993821318530088,-0.18994896696006347,95.3,255.0,The rejection of endocrine disrupting and pharmaceutically active compounds by NF and RO membranes as a function of compound and water matrix properties
X20,RO,Sulfamethoxazole,37.5,15.0,7.0,21.0,24.0,0.00119,800.0,253.283,330,0.54,0.588,0.3153427582941809,,1.6,5.7,-20.0,0.89,55.0,,-1.8590971335596065,37.18194267119213,-0.16891321364232847,95.6,255.0,The rejection of endocrine disrupting and pharmaceutically active compounds by NF and RO membranes as a function of compound and water matrix properties
X20,RO,17β-Estradiol,37.5,15.0,7.0,21.0,24.0,0.00101,800.0,272.388,330,0.40199999999999997,0.73,0.3807542916588625,,10.46,,-20.0,4.01,55.0,,-0.000346616665681558,0.00693233331363116,4.01,95.6,255.0,The rejection of endocrine disrupting and pharmaceutically active compounds by NF and RO membranes as a function of compound and water matrix properties
X20,RO,"N,N-Diethyl-meta-toluamide",37.5,15.0,7.0,21.0,24.0,0.001,800.0,191.274,330,0.40599999999999997,0.591,0.3392200412958573,,,-1.37,-20.0,2.02,55.0,,4.265795169818896e-09,-8.531590339637792e-08,2.02,96.1,255.0,The rejection of endocrine disrupting and pharmaceutically active compounds by NF and RO membranes as a function of compound and water matrix properties
X20,RO,Bisphenol A,37.5,15.0,7.0,21.0,24.0,0.00207,800.0,228.291,330,0.453,0.562,0.33815520201831595,,9.6,,-20.0,3.32,55.0,,-0.002505592667285735,0.0501118533457147,3.32,96.1,255.0,The rejection of endocrine disrupting and pharmaceutically active compounds by NF and RO membranes as a function of compound and water matrix properties
X20,RO,Sulfachloropyridazine,37.5,15.0,7.0,21.0,24.0,0.00072,800.0,284.728,330,0.525,0.591,0.32406315703944344,,5.9,,-20.0,1.02,55.0,,-0.9264124438824264,18.52824887764853,-0.7228665882044951,96.3,255.0,The rejection of endocrine disrupting and pharmaceutically active compounds by NF and RO membranes as a function of compound and water matrix properties
X20,RO,17α-Estradiol,37.5,15.0,7.0,21.0,24.0,0.00105,800.0,272.388,330,0.40199999999999997,0.688,0.3807542916588625,,10.27,,-20.0,4.01,55.0,,-0.0005367435480184703,0.010734870960369406,4.01,96.6,255.0,The rejection of endocrine disrupting and pharmaceutically active compounds by NF and RO membranes as a function of compound and water matrix properties
X20,RO,Atraton,37.5,15.0,7.0,21.0,24.0,0.001,800.0,211.268999999999,330,0.523,0.63,0.3286020088903357,,,4.31,-20.0,2.69,55.0,,0.002037577744872605,-0.0407515548974521,2.68151256394567,96.9,255.0,The rejection of endocrine disrupting and pharmaceutically active compounds by NF and RO membranes as a function of compound and water matrix properties
X20,RO,Gemfibrozil,37.5,15.0,7.0,21.0,24.0,0.00137,800.0,250.337999999999,330,0.499,0.743,0.3884540064460517,,4.5,,-20.0,4.39,55.0,,-0.9968476908167399,19.936953816334796,2.3493716807259686,96.9,255.0,The rejection of endocrine disrupting and pharmaceutically active compounds by NF and RO membranes as a function of compound and water matrix properties
X20,RO,Estrone,37.5,15.0,7.0,21.0,24.0,0.00109,800.0,270.372,330,0.40599999999999997,0.682,0.3667832440887863,,10.25,,-20.0,3.13,55.0,,-0.0005620252751523289,0.011240505503046578,3.13,96.9,255.0,The rejection of endocrine disrupting and pharmaceutically active compounds by NF and RO membranes as a function of compound and water matrix properties
X20,RO,17α-Ethynilestradiol,37.5,15.0,7.0,21.0,24.0,0.0011,800.0,296.41,330,0.44400000000000006,0.72,0.3945213448379869,,10.33,,-20.0,3.67,55.0,,-0.00046751646740626133,0.009350329348125228,3.67,97.1,255.0,The rejection of endocrine disrupting and pharmaceutically active compounds by NF and RO membranes as a function of compound and water matrix properties
X20,RO,Metolachlor,37.5,15.0,7.0,21.0,24.0,0.001,800.0,283.798999999999,330,0.515,0.579,0.40060765576996565,,,1.45,-20.0,3.13,55.0,,2.818374988004493e-06,-5.636749976008986e-05,3.13,97.2,255.0,The rejection of endocrine disrupting and pharmaceutically active compounds by NF and RO membranes as a function of compound and water matrix properties
X20,RO,Equilin,37.5,15.0,7.0,21.0,24.0,0.00098,800.0,268.356,330,0.41500000000000004,0.693,0.3680056014621419,,10.11,,-20.0,2.9,55.0,,-0.0007756450244149625,0.01551290048829925,2.9,97.3,255.0,The rejection of endocrine disrupting and pharmaceutically active compounds by NF and RO membranes as a function of compound and water matrix properties
X20,RO,Alachlor,37.5,15.0,7.0,21.0,24.0,0.001,800.0,269.771999999999,330,0.47400000000000003,0.577,0.3859257161677264,,,1.2,-20.0,3.52,55.0,,1.5848906805786609e-06,-3.169781361157322e-05,3.52,97.3,255.0,The rejection of endocrine disrupting and pharmaceutically active compounds by NF and RO membranes as a function of compound and water matrix properties
X20,RO,Diethylstilbesterol,37.5,15.0,7.0,21.0,24.0,0.00106,800.0,268.355999999999,330,0.45199999999999996,0.75,0.3915928166047295,,10.18,,-20.0,5.07,55.0,,-0.000660257220388086,0.013205144407761719,5.07,98.4,255.0,The rejection of endocrine disrupting and pharmaceutically active compounds by NF and RO membranes as a function of compound and water matrix properties
X20,RO,Oxybenzone,37.5,15.0,7.0,21.0,24.0,0.001,800.0,228.246999999999,330,0.399,0.6990000000000001,0.3371015768798998,,7.1,,-20.0,3.79,55.0,,-0.4426883662377074,8.853767324754148,3.79,100.0,256.0,The rejection of endocrine disrupting and pharmaceutically active compounds by NF and RO membranes as a function of compound and water matrix properties
NF200,NF,"1,5-naphthalenedisulfonic acid",27.5,5.5,3.0,25.0,0.5,1.6,11.0,288.302,200,0.475,0.658,0.3143911993845841,0.31,-0.6,,0.675676,0.6,30.3,-0.00020065173813914373,-0.9997488744367387,-0.6755063204839179,-5.388498166232333,50.625,256.0,The role of membrane surface charge and solute physico-chemical properties in the rejection of organic acids by NF membranes
NF200,NF,"1,5-naphthalenedisulfonic acid",27.5,5.5,5.0,25.0,0.5,1.6,11.0,288.302,200,0.475,0.658,0.3143911993845841,0.31,-0.6,,-11.5878,0.6,30.3,-0.00020065173813914373,-0.999997488119878,11.587770892835522,-5.389987362793239,86.25,256.0,The role of membrane surface charge and solute physico-chemical properties in the rejection of organic acids by NF membranes
NF200,NF,"1,5-naphthalenedisulfonic acid",27.5,5.5,7.0,25.0,0.5,1.6,11.0,288.302,200,0.475,0.658,0.3143911993845841,0.31,-0.6,,-27.29,0.6,30.3,-0.00020065173813914373,-0.9999999748811363,27.28999931450621,-5.390002258499167,87.5,256.0,The role of membrane surface charge and solute physico-chemical properties in the rejection of organic acids by NF membranes
NF200,NF,"1,5-naphthalenedisulfonic acid",27.5,5.5,9.0,25.0,0.5,1.6,11.0,288.302,200,0.475,0.658,0.3143911993845841,0.31,-0.6,,-24.5946,0.6,30.3,-0.00020065173813914373,-0.9999999997488114,24.594599993822115,-5.3900024074566,88.125,257.0,The role of membrane surface charge and solute physico-chemical properties in the rejection of organic acids by NF membranes
NF200,NF,"2,4-Dihydroxybenzoic acid",27.5,5.5,3.0,25.0,0.5,1.6,11.0,154.120999999999,200,0.359,0.505,0.2277471565708836,0.31,3.11,,0.675676,1.63,30.3,0.07040093914854047,-0.4370152718964043,-0.2952807308538749,0.366484449996789,4.34783,257.0,The role of membrane surface charge and solute physico-chemical properties in the rejection of organic acids by NF membranes
NF200,NF,"2,4-Dihydroxybenzoic acid",27.5,5.5,3.5,25.0,0.5,1.6,11.0,154.120999999999,200,0.359,0.505,0.2277471565708836,0.31,3.11,,-2.3901929999999996,1.63,30.3,0.07040093914854047,-0.7105400123698379,1.6983277637862997,-0.42434091727024326,19.5652,257.0,The role of membrane surface charge and solute physico-chemical properties in the rejection of organic acids by NF membranes
NF200,NF,"2,4-Dihydroxybenzoic acid",27.5,5.5,4.0,25.0,0.5,1.6,11.0,154.120999999999,200,0.359,0.505,0.2277471565708836,0.31,3.11,,-5.456061999999999,1.63,30.3,0.07040093914854047,-0.8858769425858496,4.833399523118835,-0.9312818689134059,37.6812,257.0,The role of membrane surface charge and solute physico-chemical properties in the rejection of organic acids by NF membranes
NF200,NF,"2,4-Dihydroxybenzoic acid",27.5,5.5,4.5,25.0,0.5,1.6,11.0,154.120999999999,200,0.359,0.505,0.2277471565708836,0.31,3.11,,-8.521931,1.63,30.3,0.07040093914854047,-0.9608565972483071,8.188353622644863,-1.1480659624961667,62.3188,257.0,The role of membrane surface charge and solute physico-chemical properties in the rejection of organic acids by NF membranes
NF200,NF,"2,4-Dihydroxybenzoic acid",27.5,5.5,5.0,25.0,0.5,1.6,11.0,154.120999999999,200,0.359,0.505,0.2277471565708836,0.31,3.11,,-11.5878,1.63,30.3,0.07040093914854047,-0.9872813524037093,11.440418855383703,-1.2244662422827113,70.2899,257.0,The role of membrane surface charge and solute physico-chemical properties in the rejection of organic acids by NF membranes
NF200,NF,"2,4-Dihydroxybenzoic acid",27.5,5.5,5.5,25.0,0.5,1.6,11.0,154.120999999999,200,0.359,0.505,0.2277471565708836,0.31,3.11,,-13.817549999999999,1.63,30.3,0.07040093914854047,-0.9959427257570411,13.761488410284203,-1.249508341770055,76.8116,257.0,The role of membrane surface charge and solute physico-chemical properties in the rejection of organic acids by NF membranes
NF200,NF,"2,4-Dihydroxybenzoic acid",27.5,5.5,6.0,25.0,0.5,1.6,11.0,154.120999999999,200,0.359,0.505,0.2277471565708836,0.31,3.11,,-16.0473,1.63,30.3,0.07040093914854047,-0.998713407900003,16.026653670593717,-1.2575190457359757,81.8841,257.0,The role of membrane surface charge and solute physico-chemical properties in the rejection of organic acids by NF membranes
NF200,NF,"2,4-Dihydroxybenzoic acid",27.5,5.5,6.5,25.0,0.5,1.6,11.0,154.120999999999,200,0.359,0.505,0.2277471565708836,0.31,3.11,,-18.27705,1.63,30.3,0.07040093914854047,-0.9995927856133058,18.26960732229367,-1.2600615367804253,83.3333,257.0,The role of membrane surface charge and solute physico-chemical properties in the rejection of organic acids by NF membranes
NF200,NF,"2,4-Dihydroxybenzoic acid",27.5,5.5,7.0,25.0,0.5,1.6,11.0,154.120999999999,200,0.359,0.505,0.2277471565708836,0.31,3.11,,-27.29,1.63,30.3,0.07040093914854047,-0.999871191638562,27.286484819816355,-1.2608664751080938,86.9565,257.0,The role of membrane surface charge and solute physico-chemical properties in the rejection of organic acids by NF membranes
NF200,NF,"2,4-Dihydroxybenzoic acid",27.5,5.5,7.5,25.0,0.5,1.6,11.0,154.120999999999,200,0.359,0.505,0.2277471565708836,0.31,3.11,,-21.52875,1.63,30.3,0.07040093914854047,-0.9999592636317388,21.527872996911796,-1.2611211122799615,86.2319,257.0,The role of membrane surface charge and solute physico-chemical properties in the rejection of organic acids by NF membranes
NF200,NF,"2,4-Dihydroxybenzoic acid",27.5,5.5,8.0,25.0,0.5,1.6,11.0,154.120999999999,200,0.359,0.505,0.2277471565708836,0.31,3.11,,-22.5507,1.63,30.3,0.07040093914854047,-0.9999871176704396,22.55040949445078,-1.2612016449599204,87.6812,257.0,The role of membrane surface charge and solute physico-chemical properties in the rejection of organic acids by NF membranes
NF200,NF,"2,4-Dihydroxybenzoic acid",27.5,5.5,8.5,25.0,0.5,1.6,11.0,154.120999999999,200,0.359,0.505,0.2277471565708836,0.31,3.11,,-23.57265,1.63,30.3,0.07040093914854047,-0.9999959262138178,23.572553970064153,-1.2612271125631076,89.8551,257.0,The role of membrane surface charge and solute physico-chemical properties in the rejection of organic acids by NF membranes
NF200,NF,"2,4-Dihydroxybenzoic acid",27.5,5.5,9.0,25.0,0.5,1.6,11.0,154.120999999999,200,0.359,0.505,0.2277471565708836,0.31,3.11,,-24.5946,1.63,30.3,0.07040093914854047,-0.9999987117521079,24.594568316058393,-1.2612351662197434,90.5797,258.0,The role of membrane surface charge and solute physico-chemical properties in the rejection of organic acids by NF membranes
NF200,NF,2-Naphthalenesulfonic acid,27.5,5.5,3.0,25.0,0.5,1.6,11.0,208.238,200,0.389,0.599,0.28817519255166163,0.31,0.27,,0.675676,0.63,30.3,0.0049565267446102625,-0.9981413737872997,-0.6744201708751075,-2.6888299766398878,17.5,258.0,The role of membrane surface charge and solute physico-chemical properties in the rejection of organic acids by NF membranes
NF200,NF,2-Naphthalenesulfonic acid,27.5,5.5,5.0,25.0,0.5,1.6,11.0,208.238,200,0.389,0.599,0.28817519255166163,0.31,0.27,,-11.5878,0.63,30.3,0.0049565267446102625,-0.9999813794753638,11.587584229084621,-2.6949480138188937,89.375,258.0,The role of membrane surface charge and solute physico-chemical properties in the rejection of organic acids by NF membranes
NF200,NF,2-Naphthalenesulfonic acid,27.5,5.5,7.0,25.0,0.5,1.6,11.0,208.238,200,0.389,0.599,0.28817519255166163,0.31,0.27,,-27.29,0.63,30.3,0.0049565267446102625,-0.9999998137913211,27.289994918365153,-2.695009308102454,87.5,258.0,The role of membrane surface charge and solute physico-chemical properties in the rejection of organic acids by NF membranes
NF200,NF,2-Naphthalenesulfonic acid,27.5,5.5,9.0,25.0,0.5,1.6,11.0,208.238,200,0.389,0.599,0.28817519255166163,0.31,0.27,,-24.5946,0.63,30.3,0.0049565267446102625,-0.9999999981379128,24.59459995420271,-2.6950099210567013,85.625,259.0,The role of membrane surface charge and solute physico-chemical properties in the rejection of organic acids by NF membranes
NF200,NF,Acetic acid,27.5,5.5,3.0,25.0,0.5,12.5,11.0,60.052,200,0.275,0.327,0.1645091332997442,0.31,4.76,,0.675676,2.14,30.3,0.22026630898222274,-0.017081171546793474,-0.011541337666051229,2.0960716805656823,9.52381,259.0,The role of membrane surface charge and solute physico-chemical properties in the rejection of organic acids by NF membranes
NF200,NF,Acetic acid,27.5,5.5,3.5,25.0,0.5,12.5,11.0,60.052,200,0.275,0.327,0.1645091332997442,0.31,4.76,,-2.3901929999999996,2.14,30.3,0.22026630898222274,-0.05209144932737488,0.12450861754214614,2.0060343747745417,9.52381,259.0,The role of membrane surface charge and solute physico-chemical properties in the rejection of organic acids by NF membranes
NF200,NF,Acetic acid,27.5,5.5,4.0,25.0,0.5,12.5,11.0,60.052,200,0.275,0.327,0.1645091332997442,0.31,4.76,,-5.456061999999999,2.14,30.3,0.22026630898222274,-0.14805165414742627,0.8077790042309148,1.7592497488623278,11.5646,259.0,The role of membrane surface charge and solute physico-chemical properties in the rejection of organic acids by NF membranes
NF200,NF,Acetic acid,27.5,5.5,4.5,25.0,0.5,12.5,11.0,60.052,200,0.275,0.327,0.1645091332997442,0.31,4.76,,-8.521931,2.14,30.3,0.22026630898222274,-0.3546475495606177,3.022281946674665,1.2279389741494984,16.3265,259.0,The role of membrane surface charge and solute physico-chemical properties in the rejection of organic acids by NF membranes
NF200,NF,Acetic acid,27.5,5.5,5.0,25.0,0.5,12.5,11.0,60.052,200,0.275,0.327,0.1645091332997442,0.31,4.76,,-11.5878,2.14,30.3,0.22026630898222274,-0.634743335052317,7.355278817919238,0.507605646685477,19.0476,259.0,The role of membrane surface charge and solute physico-chemical properties in the rejection of organic acids by NF membranes
NF200,NF,Acetic acid,27.5,5.5,5.5,25.0,0.5,12.5,11.0,60.052,200,0.275,0.327,0.1645091332997442,0.31,4.76,,-13.817549999999999,2.14,30.3,0.22026630898222274,-0.8460451004320948,11.69027047747549,-0.03580739856203197,37.415,259.0,The role of membrane surface charge and solute physico-chemical properties in the rejection of organic acids by NF membranes
NF200,NF,Acetic acid,27.5,5.5,6.0,25.0,0.5,12.5,11.0,60.052,200,0.275,0.327,0.1645091332997442,0.31,4.76,,-16.0473,2.14,30.3,0.22026630898222274,-0.9455871395661248,15.174120504759475,-0.29180356839406496,49.6599,259.0,The role of membrane surface charge and solute physico-chemical properties in the rejection of organic acids by NF membranes
NF200,NF,Acetic acid,27.5,5.5,6.5,25.0,0.5,12.5,11.0,60.052,200,0.275,0.327,0.1645091332997442,0.31,4.76,,-18.27705,2.14,30.3,0.22026630898222274,-0.9821282046277382,17.9504063023914,-0.38577765993101654,64.6259,259.0,The role of membrane surface charge and solute physico-chemical properties in the rejection of organic acids by NF membranes
NF200,NF,Acetic acid,27.5,5.5,7.0,25.0,0.5,12.5,11.0,60.052,200,0.275,0.327,0.1645091332997442,0.31,4.76,,-27.29,2.14,30.3,0.22026630898222274,-0.9942785242829096,27.133860927680605,-0.41702511398176867,77.551,259.0,The role of membrane surface charge and solute physico-chemical properties in the rejection of organic acids by NF membranes
NF200,NF,Acetic acid,27.5,5.5,7.5,25.0,0.5,12.5,11.0,60.052,200,0.275,0.327,0.1645091332997442,0.31,4.76,,-21.52875,2.14,30.3,0.22026630898222274,-0.9981836044379537,21.489645274043596,-0.42706796192094254,78.9116,259.0,The role of membrane surface charge and solute physico-chemical properties in the rejection of organic acids by NF membranes
NF200,NF,Acetic acid,27.5,5.5,8.0,25.0,0.5,12.5,11.0,60.052,200,0.275,0.327,0.1645091332997442,0.31,4.76,,-22.5507,2.14,30.3,0.22026630898222274,-0.9994248910033477,22.53773088954919,-0.43026022731121616,82.9932,259.0,The role of membrane surface charge and solute physico-chemical properties in the rejection of organic acids by NF membranes
NF200,NF,Acetic acid,27.5,5.5,8.5,25.0,0.5,12.5,11.0,60.052,200,0.275,0.327,0.1645091332997442,0.31,4.76,,-23.57265,2.14,30.3,0.22026630898222274,-0.9998180630212267,23.568361263277318,-0.43127136322462256,84.3537,259.0,The role of membrane surface charge and solute physico-chemical properties in the rejection of organic acids by NF membranes
NF200,NF,Acetic acid,27.5,5.5,9.0,25.0,0.5,12.5,11.0,60.052,200,0.275,0.327,0.1645091332997442,0.31,4.76,,-24.5946,2.14,30.3,0.22026630898222274,-0.9999424593173869,24.593184809927404,-0.4315912780629696,84.3537,260.0,The role of membrane surface charge and solute physico-chemical properties in the rejection of organic acids by NF membranes
NF200,NF,Glutaric acid,27.5,5.5,3.0,25.0,0.5,11.0,11.0,132.115,200,0.323,0.519,0.21877388639174086,0.31,5.41,,0.675676,-0.29,30.3,0.08659941523482831,-0.0038753744936250076,-0.002618497536354571,-0.29,19.5652,260.0,The role of membrane surface charge and solute physico-chemical properties in the rejection of organic acids by NF membranes
NF200,NF,Glutaric acid,27.5,5.5,3.5,25.0,0.5,11.0,11.0,132.115,200,0.323,0.519,0.21877388639174086,0.31,5.41,,-2.3901929999999996,-0.29,30.3,0.08659941523482831,-0.012153171040153388,0.02904842434797734,-0.29,22.4638,260.0,The role of membrane surface charge and solute physico-chemical properties in the rejection of organic acids by NF membranes
NF200,NF,Glutaric acid,27.5,5.5,4.0,25.0,0.5,11.0,11.0,132.115,200,0.323,0.519,0.21877388639174086,0.31,5.41,,-5.456061999999999,-0.29,30.3,0.08659941523482831,-0.03744763253644467,0.20431660487205935,-0.29,26.087,260.0,The role of membrane surface charge and solute physico-chemical properties in the rejection of organic acids by NF membranes
NF200,NF,Glutaric acid,27.5,5.5,4.5,25.0,0.5,11.0,11.0,132.115,200,0.323,0.519,0.21877388639174086,0.31,5.41,,-8.521931,-0.29,30.3,0.08659941523482831,-0.1095493612770752,0.9335720978973068,-0.29,49.2754,260.0,The role of membrane surface charge and solute physico-chemical properties in the rejection of organic acids by NF membranes
NF200,NF,Glutaric acid,27.5,5.5,5.0,25.0,0.5,11.0,11.0,132.115,200,0.323,0.519,0.21877388639174086,0.31,5.41,,-11.5878,-0.29,30.3,0.08659941523482831,-0.280080994052848,3.245522542885592,-0.29,61.5942,260.0,The role of membrane surface charge and solute physico-chemical properties in the rejection of organic acids by NF membranes
NF200,NF,Glutaric acid,27.5,5.5,5.5,25.0,0.5,11.0,11.0,132.115,200,0.323,0.519,0.21877388639174086,0.31,5.41,,-13.817549999999999,-0.29,30.3,0.08659941523482831,-0.5516235473109605,7.622085946146562,-0.29,82.6087,260.0,The role of membrane surface charge and solute physico-chemical properties in the rejection of organic acids by NF membranes
NF200,NF,Glutaric acid,27.5,5.5,6.0,25.0,0.5,11.0,11.0,132.115,200,0.323,0.519,0.21877388639174086,0.31,5.41,,-16.0473,-0.29,30.3,0.08659941523482831,-0.7955199003127421,12.765946496288667,-0.29,89.1304,260.0,The role of membrane surface charge and solute physico-chemical properties in the rejection of organic acids by NF membranes
NF200,NF,Glutaric acid,27.5,5.5,6.5,25.0,0.5,11.0,11.0,132.115,200,0.323,0.519,0.21877388639174086,0.31,5.41,,-18.27705,-0.29,30.3,0.08659941523482831,-0.9248272212397115,16.903113363959267,-0.29,89.8551,260.0,The role of membrane surface charge and solute physico-chemical properties in the rejection of organic acids by NF membranes
NF200,NF,Glutaric acid,27.5,5.5,7.0,25.0,0.5,11.0,11.0,132.115,200,0.323,0.519,0.21877388639174086,0.31,5.41,,-27.29,-0.29,30.3,0.08659941523482831,-0.9749401787606178,26.606117478377257,-0.29,92.7536,260.0,The role of membrane surface charge and solute physico-chemical properties in the rejection of organic acids by NF membranes
NF200,NF,Glutaric acid,27.5,5.5,7.5,25.0,0.5,11.0,11.0,132.115,200,0.323,0.519,0.21877388639174086,0.31,5.41,,-21.52875,-0.29,30.3,0.08659941523482831,-0.9919372314813265,21.35516867225361,-0.29,94.9275,260.0,The role of membrane surface charge and solute physico-chemical properties in the rejection of organic acids by NF membranes
NF200,NF,Glutaric acid,27.5,5.5,8.0,25.0,0.5,11.0,11.0,132.115,200,0.323,0.519,0.21877388639174086,0.31,5.41,,-22.5507,-0.29,30.3,0.08659941523482831,-0.9974361942128143,22.49288438483491,-0.29,93.4783,260.0,The role of membrane surface charge and solute physico-chemical properties in the rejection of organic acids by NF membranes
NF200,NF,Glutaric acid,27.5,5.5,8.5,25.0,0.5,11.0,11.0,132.115,200,0.323,0.519,0.21877388639174086,0.31,5.41,,-23.57265,-0.29,30.3,0.08659941523482831,-0.9991878296406883,23.55350499237957,-0.29,92.7536,260.0,The role of membrane surface charge and solute physico-chemical properties in the rejection of organic acids by NF membranes
NF200,NF,Glutaric acid,27.5,5.5,9.0,25.0,0.5,11.0,11.0,132.115,200,0.323,0.519,0.21877388639174086,0.31,5.41,,-24.5946,-0.29,30.3,0.08659941523482831,-0.9997430264740899,24.58827983891965,-0.29,94.2029,261.0,The role of membrane surface charge and solute physico-chemical properties in the rejection of organic acids by NF membranes
NF200,NF,Ibuprofen,27.5,5.5,3.0,25.0,0.5,1.6,11.0,206.284999999999,200,0.378,0.659,0.3727263864585965,0.31,5.2,,0.675676,3.97,30.3,-0.04094276335227059,-0.006270012341433834,-0.004236496858810647,3.9496568228513342,95.21,261.0,The role of membrane surface charge and solute physico-chemical properties in the rejection of organic acids by NF membranes
NF200,NF,Ibuprofen,27.5,5.5,5.0,25.0,0.5,1.6,11.0,206.284999999999,200,0.378,0.659,0.3727263864585965,0.31,5.2,,-11.5878,3.97,30.3,-0.04094276335227059,-0.38686317984685686,4.482893155429408,2.7148148789255773,69.6,261.0,The role of membrane surface charge and solute physico-chemical properties in the rejection of organic acids by NF membranes
NF200,NF,Ibuprofen,27.5,5.5,7.0,25.0,0.5,1.6,11.0,206.284999999999,200,0.378,0.659,0.3727263864585965,0.31,5.2,,-27.29,3.97,30.3,-0.04094276335227059,-0.9843983377581704,26.86423063742047,0.7761004222382355,75.55,261.0,The role of membrane surface charge and solute physico-chemical properties in the rejection of organic acids by NF membranes
NF200,NF,Ibuprofen,27.5,5.5,9.0,25.0,0.5,1.6,11.0,206.284999999999,200,0.378,0.659,0.3727263864585965,0.31,5.2,,-24.5946,3.97,30.3,-0.04094276335227059,-0.9998415357956377,24.590702636279392,0.7259946654533485,77.13,262.0,The role of membrane surface charge and solute physico-chemical properties in the rejection of organic acids by NF membranes
NF90,NF,"1,5-naphthalenedisulfonic acid",57.06250000000001,5.5,3.0,25.0,0.5,1.6,11.0,288.302,180,0.475,0.658,0.3143911993845841,0.34,-0.6,,-17.9054,0.6,63.2,0.005673102672665458,-0.9997488744367387,17.90090349633958,-5.388498166232333,75.0,262.0,The role of membrane surface charge and solute physico-chemical properties in the rejection of organic acids by NF membranes
NF90,NF,"1,5-naphthalenedisulfonic acid",57.06250000000001,5.5,5.0,25.0,0.5,1.6,11.0,288.302,180,0.475,0.658,0.3143911993845841,0.34,-0.6,,-20.8784,0.6,63.2,0.005673102672665458,-0.999997488119878,20.87834755596206,-5.389987362793239,88.75,262.0,The role of membrane surface charge and solute physico-chemical properties in the rejection of organic acids by NF membranes
NF90,NF,"1,5-naphthalenedisulfonic acid",57.06250000000001,5.5,7.0,25.0,0.5,1.6,11.0,288.302,180,0.475,0.658,0.3143911993845841,0.34,-0.6,,-20.5,0.6,63.2,0.005673102672665458,-0.9999999748811363,20.499999485063295,-5.390002258499167,95.0,262.0,The role of membrane surface charge and solute physico-chemical properties in the rejection of organic acids by NF membranes
NF90,NF,"1,5-naphthalenedisulfonic acid",57.06250000000001,5.5,9.0,25.0,0.5,1.6,11.0,288.302,180,0.475,0.658,0.3143911993845841,0.34,-0.6,,-31.6554,0.6,63.2,0.005673102672665458,-0.9999999997488114,31.655399992048523,-5.3900024074566,94.375,263.0,The role of membrane surface charge and solute physico-chemical properties in the rejection of organic acids by NF membranes
NF90,NF,"2,4-Dihydroxybenzoic acid",57.06250000000001,5.5,3.0,25.0,0.5,1.6,,154.120999999999,180,0.359,0.505,0.2277471565708836,0.34,3.11,,-17.9054,1.63,63.2,0.10900260257717756,-0.4370152718964043,7.824933249413878,0.366484449996789,29.7101,263.0,The role of membrane surface charge and solute physico-chemical properties in the rejection of organic acids by NF membranes
NF90,NF,"2,4-Dihydroxybenzoic acid",57.06250000000001,5.5,3.5,25.0,0.5,1.6,,154.120999999999,180,0.359,0.505,0.2277471565708836,0.34,3.11,,-18.64865,1.63,63.2,0.10900260257717756,-0.7105400123698379,13.250612001680777,-0.42434091727024326,30.4348,263.0,The role of membrane surface charge and solute physico-chemical properties in the rejection of organic acids by NF membranes
NF90,NF,"2,4-Dihydroxybenzoic acid",57.06250000000001,5.5,4.0,25.0,0.5,1.6,,154.120999999999,180,0.359,0.505,0.2277471565708836,0.34,3.11,,-19.3919,1.63,63.2,0.10900260257717756,-0.8858769425858496,17.178837082930535,-0.9312818689134059,65.2174,263.0,The role of membrane surface charge and solute physico-chemical properties in the rejection of organic acids by NF membranes
NF90,NF,"2,4-Dihydroxybenzoic acid",57.06250000000001,5.5,4.5,25.0,0.5,1.6,,154.120999999999,180,0.359,0.505,0.2277471565708836,0.34,3.11,,-20.13515,1.63,63.2,0.10900260257717756,-0.9608565972483071,19.34699171408425,-1.1480659624961667,77.5362,263.0,The role of membrane surface charge and solute physico-chemical properties in the rejection of organic acids by NF membranes
NF90,NF,"2,4-Dihydroxybenzoic acid",57.06250000000001,5.5,5.0,25.0,0.5,1.6,,154.120999999999,180,0.359,0.505,0.2277471565708836,0.34,3.11,,-20.8784,1.63,63.2,0.10900260257717756,-0.9872813524037093,20.612854988025603,-1.2244662422827113,92.7536,263.0,The role of membrane surface charge and solute physico-chemical properties in the rejection of organic acids by NF membranes
NF90,NF,"2,4-Dihydroxybenzoic acid",57.06250000000001,5.5,5.5,25.0,0.5,1.6,,154.120999999999,180,0.359,0.505,0.2277471565708836,0.34,3.11,,-22.179074999999997,1.63,63.2,0.10900260257717756,-0.9959427257570411,22.089088410269845,-1.249508341770055,94.2029,263.0,The role of membrane surface charge and solute physico-chemical properties in the rejection of organic acids by NF membranes
NF90,NF,"2,4-Dihydroxybenzoic acid",57.06250000000001,5.5,6.0,25.0,0.5,1.6,,154.120999999999,180,0.359,0.505,0.2277471565708836,0.34,3.11,,-23.47975,1.63,63.2,0.10900260257717756,-0.998713407900003,23.449541139140095,-1.2575190457359757,94.9275,263.0,The role of membrane surface charge and solute physico-chemical properties in the rejection of organic acids by NF membranes
NF90,NF,"2,4-Dihydroxybenzoic acid",57.06250000000001,5.5,6.5,25.0,0.5,1.6,,154.120999999999,180,0.359,0.505,0.2277471565708836,0.34,3.11,,-24.780425,1.63,63.2,0.10900260257717756,-0.9995927856133058,24.770334054431604,-1.2600615367804253,92.029,263.0,The role of membrane surface charge and solute physico-chemical properties in the rejection of organic acids by NF membranes
NF90,NF,"2,4-Dihydroxybenzoic acid",57.06250000000001,5.5,7.0,25.0,0.5,1.6,,154.120999999999,180,0.359,0.505,0.2277471565708836,0.34,3.11,,-20.5,1.63,63.2,0.10900260257717756,-0.999871191638562,20.49735942859052,-1.2608664751080938,96.3768,263.0,The role of membrane surface charge and solute physico-chemical properties in the rejection of organic acids by NF membranes
NF90,NF,"2,4-Dihydroxybenzoic acid",57.06250000000001,5.5,7.5,25.0,0.5,1.6,,154.120999999999,180,0.359,0.505,0.2277471565708836,0.34,3.11,,-27.474674999999998,1.63,63.2,0.10900260257717756,-0.9999592636317388,27.47355578152134,-1.2611211122799615,94.2029,263.0,The role of membrane surface charge and solute physico-chemical properties in the rejection of organic acids by NF membranes
NF90,NF,"2,4-Dihydroxybenzoic acid",57.06250000000001,5.5,8.0,25.0,0.5,1.6,,154.120999999999,180,0.359,0.505,0.2277471565708836,0.34,3.11,,-28.86825,1.63,63.2,0.10900260257717756,-0.9999871176704396,28.867878109689666,-1.2612016449599204,93.4783,263.0,The role of membrane surface charge and solute physico-chemical properties in the rejection of organic acids by NF membranes
NF90,NF,"2,4-Dihydroxybenzoic acid",57.06250000000001,5.5,8.5,25.0,0.5,1.6,,154.120999999999,180,0.359,0.505,0.2277471565708836,0.34,3.11,,-30.261825,1.63,63.2,0.10900260257717756,-0.9999959262138178,30.261701719795468,-1.2612271125631076,93.4783,263.0,The role of membrane surface charge and solute physico-chemical properties in the rejection of organic acids by NF membranes
NF90,NF,"2,4-Dihydroxybenzoic acid",57.06250000000001,5.5,9.0,25.0,0.5,1.6,,154.120999999999,180,0.359,0.505,0.2277471565708836,0.34,3.11,,-31.6554,1.63,63.2,0.10900260257717756,-0.9999987117521079,31.655359219997674,-1.2612351662197434,93.4783,264.0,The role of membrane surface charge and solute physico-chemical properties in the rejection of organic acids by NF membranes
NF90,NF,2-Naphthalenesulfonic acid,57.06250000000001,5.5,3.0,25.0,0.5,1.6,11.0,208.238,180,0.389,0.599,0.28817519255166163,0.34,0.27,,-17.9054,0.63,63.2,0.023233656289423456,-0.9981413737872997,17.872120554211115,-2.6888299766398878,70.0,264.0,The role of membrane surface charge and solute physico-chemical properties in the rejection of organic acids by NF membranes
NF90,NF,2-Naphthalenesulfonic acid,57.06250000000001,5.5,5.0,25.0,0.5,1.6,11.0,208.238,180,0.389,0.599,0.28817519255166163,0.34,0.27,,-20.8784,0.63,63.2,0.023233656289423456,-0.9999813794753638,20.878011233238436,-2.6949480138188937,91.875,264.0,The role of membrane surface charge and solute physico-chemical properties in the rejection of organic acids by NF membranes
NF90,NF,2-Naphthalenesulfonic acid,57.06250000000001,5.5,7.0,25.0,0.5,1.6,11.0,208.238,180,0.389,0.599,0.28817519255166163,0.34,0.27,,-20.5,0.63,63.2,0.023233656289423456,-0.9999998137913211,20.499996182722082,-2.695009308102454,93.125,264.0,The role of membrane surface charge and solute physico-chemical properties in the rejection of organic acids by NF membranes
NF90,NF,2-Naphthalenesulfonic acid,57.06250000000001,5.5,9.0,25.0,0.5,1.6,11.0,208.238,180,0.389,0.599,0.28817519255166163,0.34,0.27,,-31.6554,0.63,63.2,0.023233656289423456,-0.9999999981379128,31.65539994105489,-2.6950099210567013,93.75,265.0,The role of membrane surface charge and solute physico-chemical properties in the rejection of organic acids by NF membranes
NF90,NF,Acetic acid,57.06250000000001,5.5,3.0,25.0,0.5,12.5,,60.052,180,0.275,0.327,0.1645091332997442,0.34,4.76,,-17.9054,2.14,63.2,0.2664104177786068,-0.017081171546793474,0.3058452090139559,2.0960716805656823,16.3265,265.0,The role of membrane surface charge and solute physico-chemical properties in the rejection of organic acids by NF membranes
NF90,NF,Acetic acid,57.06250000000001,5.5,3.5,25.0,0.5,12.5,,60.052,180,0.275,0.327,0.1645091332997442,0.34,4.76,,-18.64865,2.14,63.2,0.2664104177786068,-0.05209144932737488,0.9714352064989495,2.0060343747745417,19.0476,265.0,The role of membrane surface charge and solute physico-chemical properties in the rejection of organic acids by NF membranes
NF90,NF,Acetic acid,57.06250000000001,5.5,4.0,25.0,0.5,12.5,11.0,60.052,180,0.275,0.327,0.1645091332997442,0.34,4.76,,-19.3919,2.14,63.2,0.2664104177786068,-0.14805165414742627,2.8710028720614753,1.7592497488623278,29.932,265.0,The role of membrane surface charge and solute physico-chemical properties in the rejection of organic acids by NF membranes
NF90,NF,Acetic acid,57.06250000000001,5.5,4.5,25.0,0.5,12.5,11.0,60.052,180,0.275,0.327,0.1645091332997442,0.34,4.76,,-20.13515,2.14,63.2,0.2664104177786068,-0.3546475495606177,7.140881607535472,1.2279389741494984,40.8163,265.0,The role of membrane surface charge and solute physico-chemical properties in the rejection of organic acids by NF membranes
NF90,NF,Acetic acid,57.06250000000001,5.5,5.0,25.0,0.5,12.5,11.0,60.052,180,0.275,0.327,0.1645091332997442,0.34,4.76,,-20.8784,2.14,63.2,0.2664104177786068,-0.634743335052317,13.252425246556294,0.507605646685477,56.4626,265.0,The role of membrane surface charge and solute physico-chemical properties in the rejection of organic acids by NF membranes
NF90,NF,Acetic acid,57.06250000000001,5.5,5.5,25.0,0.5,12.5,11.0,60.052,180,0.275,0.327,0.1645091332997442,0.34,4.76,,-22.179074999999997,2.14,63.2,0.2664104177786068,-0.8460451004320948,18.764497735865962,-0.03580739856203197,58.5034,265.0,The role of membrane surface charge and solute physico-chemical properties in the rejection of organic acids by NF membranes
NF90,NF,Acetic acid,57.06250000000001,5.5,6.0,25.0,0.5,12.5,11.0,60.052,180,0.275,0.327,0.1645091332997442,0.34,4.76,,-23.47975,2.14,63.2,0.2664104177786068,-0.9455871395661248,22.20214964022772,-0.29180356839406496,68.0272,265.0,The role of membrane surface charge and solute physico-chemical properties in the rejection of organic acids by NF membranes
NF90,NF,Acetic acid,57.06250000000001,5.5,6.5,25.0,0.5,12.5,11.0,60.052,180,0.275,0.327,0.1645091332997442,0.34,4.76,,-24.780425,2.14,63.2,0.2664104177786068,-0.9821282046277382,24.337554315162322,-0.38577765993101654,73.4694,265.0,The role of membrane surface charge and solute physico-chemical properties in the rejection of organic acids by NF membranes
NF90,NF,Acetic acid,57.06250000000001,5.5,7.0,25.0,0.5,12.5,11.0,60.052,180,0.275,0.327,0.1645091332997442,0.34,4.76,,-20.5,2.14,63.2,0.2664104177786068,-0.9942785242829096,20.382709747799648,-0.41702511398176867,79.5918,265.0,The role of membrane surface charge and solute physico-chemical properties in the rejection of organic acids by NF membranes
NF90,NF,Acetic acid,57.06250000000001,5.5,7.5,25.0,0.5,12.5,11.0,60.052,180,0.275,0.327,0.1645091332997442,0.34,4.76,,-27.474674999999998,2.14,63.2,0.2664104177786068,-0.9981836044379537,27.424770122261336,-0.42706796192094254,80.9524,265.0,The role of membrane surface charge and solute physico-chemical properties in the rejection of organic acids by NF membranes
NF90,NF,Acetic acid,57.06250000000001,5.5,8.0,25.0,0.5,12.5,11.0,60.052,180,0.275,0.327,0.1645091332997442,0.34,4.76,,-28.86825,2.14,63.2,0.2664104177786068,-0.9994248910033477,28.851647609707392,-0.43026022731121616,82.3129,265.0,The role of membrane surface charge and solute physico-chemical properties in the rejection of organic acids by NF membranes
NF90,NF,Acetic acid,57.06250000000001,5.5,8.5,25.0,0.5,12.5,11.0,60.052,180,0.275,0.327,0.1645091332997442,0.34,4.76,,-30.261825,2.14,63.2,0.2664104177786068,-0.9998180630212267,30.256319254987336,-0.43127136322462256,80.9524,265.0,The role of membrane surface charge and solute physico-chemical properties in the rejection of organic acids by NF membranes
NF90,NF,Acetic acid,57.06250000000001,5.5,9.0,25.0,0.5,12.5,11.0,60.052,180,0.275,0.327,0.1645091332997442,0.34,4.76,,-31.6554,2.14,63.2,0.2664104177786068,-0.9999424593173869,31.65357852667561,-0.4315912780629696,82.9932,266.0,The role of membrane surface charge and solute physico-chemical properties in the rejection of organic acids by NF membranes
NF90,NF,Glutaric acid,57.06250000000001,5.5,3.0,25.0,0.5,1.6,11.0,132.115,180,0.323,0.519,0.21877388639174086,0.34,5.41,,-17.9054,-0.29,63.2,0.12712604343047193,-0.0038753744936250076,0.06939013045815322,-0.29,62.3188,266.0,The role of membrane surface charge and solute physico-chemical properties in the rejection of organic acids by NF membranes
NF90,NF,Glutaric acid,57.06250000000001,5.5,3.5,25.0,0.5,11.0,11.0,132.115,180,0.323,0.519,0.21877388639174086,0.34,5.41,,-18.64865,-0.29,63.2,0.12712604343047193,-0.012153171040153388,0.22664023311795647,-0.29,62.3188,266.0,The role of membrane surface charge and solute physico-chemical properties in the rejection of organic acids by NF membranes
NF90,NF,Glutaric acid,57.06250000000001,5.5,4.0,25.0,0.5,11.0,11.0,132.115,180,0.323,0.519,0.21877388639174086,0.34,5.41,,-19.3919,-0.29,63.2,0.12712604343047193,-0.03744763253644467,0.7261807453834813,-0.29,67.3913,266.0,The role of membrane surface charge and solute physico-chemical properties in the rejection of organic acids by NF membranes
NF90,NF,Glutaric acid,57.06250000000001,5.5,4.5,25.0,0.5,11.0,11.0,132.115,180,0.323,0.519,0.21877388639174086,0.34,5.41,,-20.13515,-0.29,63.2,0.12712604343047193,-0.1095493612770752,2.2057928217181004,-0.29,71.7391,266.0,The role of membrane surface charge and solute physico-chemical properties in the rejection of organic acids by NF membranes
NF90,NF,Glutaric acid,57.06250000000001,5.5,5.0,25.0,0.5,11.0,11.0,132.115,180,0.323,0.519,0.21877388639174086,0.34,5.41,,-20.8784,-0.29,63.2,0.12712604343047193,-0.280080994052848,5.847643026232981,-0.29,81.8841,266.0,The role of membrane surface charge and solute physico-chemical properties in the rejection of organic acids by NF membranes
NF90,NF,Glutaric acid,57.06250000000001,5.5,5.5,25.0,0.5,11.0,11.0,132.115,180,0.323,0.519,0.21877388639174086,0.34,5.41,,-22.179074999999997,-0.29,63.2,0.12712604343047193,-0.5516235473109605,12.23450002757584,-0.29,87.6812,266.0,The role of membrane surface charge and solute physico-chemical properties in the rejection of organic acids by NF membranes
NF90,NF,Glutaric acid,57.06250000000001,5.5,6.0,25.0,0.5,11.0,11.0,132.115,180,0.323,0.519,0.21877388639174086,0.34,5.41,,-23.47975,-0.29,63.2,0.12712604343047193,-0.7955199003127421,18.678608379368107,-0.29,89.8551,266.0,The role of membrane surface charge and solute physico-chemical properties in the rejection of organic acids by NF membranes
NF90,NF,Glutaric acid,57.06250000000001,5.5,6.5,25.0,0.5,11.0,11.0,132.115,180,0.323,0.519,0.21877388639174086,0.34,5.41,,-24.780425,-0.29,63.2,0.12712604343047193,-0.9248272212397115,22.917611593889077,-0.29,91.3043,266.0,The role of membrane surface charge and solute physico-chemical properties in the rejection of organic acids by NF membranes
NF90,NF,Glutaric acid,57.06250000000001,5.5,7.0,25.0,0.5,11.0,11.0,132.115,180,0.323,0.519,0.21877388639174086,0.34,5.41,,-20.5,-0.29,63.2,0.12712604343047193,-0.9749401787606178,19.986273664592666,-0.29,92.029,266.0,The role of membrane surface charge and solute physico-chemical properties in the rejection of organic acids by NF membranes
NF90,NF,Glutaric acid,57.06250000000001,5.5,7.5,25.0,0.5,11.0,11.0,132.115,180,0.323,0.519,0.21877388639174086,0.34,5.41,,-27.474674999999998,-0.29,63.2,0.12712604343047193,-0.9919372314813265,27.253153055349213,-0.29,91.3043,266.0,The role of membrane surface charge and solute physico-chemical properties in the rejection of organic acids by NF membranes
NF90,NF,Glutaric acid,57.06250000000001,5.5,8.0,25.0,0.5,11.0,11.0,132.115,180,0.323,0.519,0.21877388639174086,0.34,5.41,,-28.86825,-0.29,63.2,0.12712604343047193,-0.9974361942128143,28.794237413584074,-0.29,92.029,266.0,The role of membrane surface charge and solute physico-chemical properties in the rejection of organic acids by NF membranes
NF90,NF,Glutaric acid,57.06250000000001,5.5,8.5,25.0,0.5,11.0,11.0,132.115,180,0.323,0.519,0.21877388639174086,0.34,5.41,,-30.261825,-0.29,63.2,0.12712604343047193,-0.9991878296406883,30.237247242716325,-0.29,92.029,266.0,The role of membrane surface charge and solute physico-chemical properties in the rejection of organic acids by NF membranes
NF90,NF,Glutaric acid,57.06250000000001,5.5,9.0,25.0,0.5,11.0,11.0,132.115,180,0.323,0.519,0.21877388639174086,0.34,5.41,,-31.6554,-0.29,63.2,0.12712604343047193,-0.9997430264740899,31.647265400247903,-0.29,92.029,267.0,The role of membrane surface charge and solute physico-chemical properties in the rejection of organic acids by NF membranes
NF90,NF,Ibuprofen,57.06250000000001,5.5,3.0,25.0,0.5,1.6,11.0,206.284999999999,180,0.378,0.659,0.3727263864585965,0.34,5.2,,-17.9054,3.97,63.2,-0.009264847496863387,-0.006270012341433834,0.11226707897830937,3.9496568228513342,89.87,267.0,The role of membrane surface charge and solute physico-chemical properties in the rejection of organic acids by NF membranes
NF90,NF,Ibuprofen,57.06250000000001,5.5,5.0,25.0,0.5,1.6,11.0,206.284999999999,180,0.378,0.659,0.3727263864585965,0.34,5.2,,-20.8784,3.97,63.2,-0.009264847496863387,-0.38686317984685686,8.077084214114617,2.7148148789255773,84.65,267.0,The role of membrane surface charge and solute physico-chemical properties in the rejection of organic acids by NF membranes
NF90,NF,Ibuprofen,57.06250000000001,5.5,7.0,25.0,0.5,1.6,11.0,206.284999999999,180,0.378,0.659,0.3727263864585965,0.34,5.2,,-20.5,3.97,63.2,-0.009264847496863387,-0.9843983377581704,20.180165924042495,0.7761004222382355,83.8,267.0,The role of membrane surface charge and solute physico-chemical properties in the rejection of organic acids by NF membranes
NF90,NF,Ibuprofen,57.06250000000001,5.5,9.0,25.0,0.5,1.6,11.0,206.284999999999,180,0.378,0.659,0.3727263864585965,0.34,5.2,,-31.6554,3.97,63.2,-0.009264847496863387,-0.9998415357956377,31.65038375222523,0.7259946654533485,88.29,,The role of membrane surface charge and solute physico-chemical properties in the rejection of organic acids by NF membranes
